
     Program PHONON v.7.5 starts on  6Jun2026 at 14:55:21 

     This program is part of the open-source Quantum ESPRESSO suite
     for quantum simulation of materials; please cite
         "P. Giannozzi et al., J. Phys.:Condens. Matter 21 395502 (2009);
         "P. Giannozzi et al., J. Phys.:Condens. Matter 29 465901 (2017);
         "P. Giannozzi et al., J. Chem. Phys. 152 154105 (2020);
          URL http://www.quantum-espresso.org", 
     in publications or presentations arising from this work. More details at
     http://www.quantum-espresso.org/quote

     Parallel version (MPI), running on  2048 processors

     MPI processes distributed on    16 nodes
     484838 MiB available memory on the printing compute node when the environment starts
 
     Reading input from ph.in
     Run is not recoverable starting from scratch

     Reading xml data from directory:

     ./nbn.save/
 
     K-points division:     npool     =     128
     R & G space division:  proc/nbgrp/npool/nimage =      16
     Subspace diagonalization in iterative solution of the eigenvalue problem:
     a serial algorithm will be used


     IMPORTANT: XC functional enforced from input :
     Exchange-correlation= PBE
                           (   1   4   3   4   0   0   0)
     Any further DFT definition will be discarded
     Please, verify this is what you really want

 
     Parallelization info
     --------------------
     sticks:   dense  smooth     PW     G-vecs:    dense   smooth      PW
     Min         139     139     39                 4933     4933     739
     Max         140     140     41                 4936     4936     741
     Sum        2225    2225    633                78949    78949   11837
 
     Using Slab Decomposition
 
     Reading collected, re-writing distributed wavefunctions in ./


     Dynamical matrices for ( 4, 4, 4)  uniform grid of q-points
     (  10 q-points):
       N         xq(1)         xq(2)         xq(3) 
       1   0.000000000   0.000000000   0.000000000
       2   0.000000000   0.000000000   0.250000000
       3   0.000000000   0.000000000  -0.500000000
       4   0.000000000   0.250000000   0.250000000
       5   0.000000000   0.250000000  -0.500000000
       6   0.000000000  -0.500000000  -0.500000000
       7   0.250000000   0.250000000   0.250000000
       8   0.250000000   0.250000000  -0.500000000
       9   0.250000000  -0.500000000  -0.500000000
      10  -0.500000000  -0.500000000  -0.500000000

     Number and degeneracy of irreps per q-point
       N         xq(1)         xq(2)         xq(3)   N irreps
       1   0.000000000   0.000000000   0.000000000      10
        1   1   2   2   3   3   3   3   3   3
       2   0.000000000   0.000000000   0.250000000      24
     No degeneracy
       3   0.000000000   0.000000000  -0.500000000      18
        1   1   1   1   1   1   1   1   1   1   1   1   2   2   2   2   2   2
       4   0.000000000   0.250000000   0.250000000      24
     No degeneracy
       5   0.000000000   0.250000000  -0.500000000      24
     No degeneracy
       6   0.000000000  -0.500000000  -0.500000000      18
        1   1   1   1   1   1   1   1   1   1   1   1   2   2   2   2   2   2
       7   0.250000000   0.250000000   0.250000000      16
        1   1   1   1   1   1   1   1   2   2   2   2   2   2   2   2
       8   0.250000000   0.250000000  -0.500000000      24
     No degeneracy
       9   0.250000000  -0.500000000  -0.500000000      24
     No degeneracy
      10  -0.500000000  -0.500000000  -0.500000000      10
        1   1   2   2   3   3   3   3   3   3

     Saving dvscf to file. Distribute only q points, not irreducible representations.

     Calculation of q =    0.0000000   0.0000000   0.0000000

     --                                                                         

     bravais-lattice index     =            0
     lattice parameter (alat)  =       8.3571  a.u.
     unit-cell volume          =     583.6692 (a.u.)^3
     number of atoms/cell      =            8
     number of atomic types    =            2
     kinetic-energy cut-off    =     100.0000  Ry
     charge density cut-off    =     400.0000  Ry
     convergence threshold     =      1.0E-15
     beta                      =       0.1000
     number of iterations used =            4
     Exchange-correlation= PBE
                           (   1   4   3   4   0   0   0)


     celldm(1)=    8.35710  celldm(2)=    0.00000  celldm(3)=    0.00000
     celldm(4)=    0.00000  celldm(5)=    0.00000  celldm(6)=    0.00000

     crystal axes: (cart. coord. in units of alat)
               a(1) = (  1.0000  0.0000  0.0000 )  
               a(2) = (  0.0000  1.0000  0.0000 )  
               a(3) = (  0.0000  0.0000  1.0000 )  

     reciprocal axes: (cart. coord. in units 2 pi/alat)
               b(1) = (  1.0000  0.0000  0.0000 )  
               b(2) = (  0.0000  1.0000  0.0000 )  
               b(3) = (  0.0000  0.0000  1.0000 )  


     Atoms inside the unit cell: 

     Cartesian axes

     site n.  atom      mass           positions (alat units)
        1  Nb     92.9100   tau(    1) = (    0.23271    0.76729    0.23271  )
        2  Nb     92.9100   tau(    2) = (    0.76729    0.23271    0.23271  )
        3  Nb     92.9100   tau(    3) = (    0.76729    0.76729    0.76729  )
        4  Nb     92.9100   tau(    4) = (    0.23271    0.23271    0.76729  )
        5  N      14.0100   tau(    5) = (    0.73489    0.26511    0.73489  )
        6  N      14.0100   tau(    6) = (    0.26511    0.73489    0.73489  )
        7  N      14.0100   tau(    7) = (    0.26511    0.26511    0.26511  )
        8  N      14.0100   tau(    8) = (    0.73489    0.73489    0.26511  )

     Computing dynamical matrix for 
                    q = (   0.0000000   0.0000000   0.0000000 )
 
     25 Sym.Ops. (with q -> -q+G )


     G cutoff =  707.6385  (   4935 G-vectors)     FFT grid: ( 54, 54, 54)

     number of k points=   220  Marzari-Vanderbilt smearing, width (Ry)=  0.0050

     PseudoPot. # 1 for Nb read from file:
     /pscratch/sd/m/mhussien/NbN/2025/All_data/bulk-press-epi/pristine/June_06/pseudo/Nb_pbe.upf
     MD5 check sum: 712dd6877a67fb2d3f70e8edbadf3134
     Pseudo is Norm-conserving + core correction, Zval = 13.0
     Generated using ONCVPSP code by D. R. Hamann
     Using radial grid of 1680 points,  6 beta functions with: 
                l(1) =   0
                l(2) =   0
                l(3) =   1
                l(4) =   1
                l(5) =   2
                l(6) =   2

     PseudoPot. # 2 for N  read from file:
     /pscratch/sd/m/mhussien/NbN/2025/All_data/bulk-press-epi/pristine/June_06/pseudo/N_pbe.upf
     MD5 check sum: d34365f73bb0e2ee98afc20ec3e87676
     Pseudo is Norm-conserving + core correction, Zval =  5.0
     Generated using ONCVPSP code by D. R. Hamann
     Using radial grid of 1058 points,  4 beta functions with: 
                l(1) =   0
                l(2) =   0
                l(3) =   1
                l(4) =   1

     Mode symmetry, T_d (-43m)  point group:


     Atomic displacements:
     There are   10 irreducible representations

     Representation     1      1 modes -  To be done

     Representation     2      1 modes -  To be done

     Representation     3      2 modes -  To be done

     Representation     4      2 modes -  To be done

     Representation     5      3 modes -  To be done

     Representation     6      3 modes -  To be done

     Representation     7      3 modes -  To be done

     Representation     8      3 modes -  To be done

     Representation     9      3 modes -  To be done

     Representation    10      3 modes -  To be done



     Alpha used in Ewald sum =   2.8000
     PHONON       :      0.76s CPU      1.12s WALL



     Representation #   1 mode #   1

     Self-consistent Calculation
 
     Pert. #  1: Fermi energy shift (Ry) =     4.6168E-02    -1.6941E-21

      iter #   1 total cpu time :     1.7 secs   av.it.:   6.9
      thresh= 1.000E-02 alpha_mix =  0.100 |ddv_scf|^2 =  3.840E-06
 
     Pert. #  1: Fermi energy shift (Ry) =     2.0090E-02     5.1699E-25

      iter #   2 total cpu time :     2.4 secs   av.it.:  10.5
      thresh= 1.960E-04 alpha_mix =  0.100 |ddv_scf|^2 =  1.902E-06
 
     Pert. #  1: Fermi energy shift (Ry) =    -3.5412E-02     4.9631E-24

      iter #   3 total cpu time :     3.1 secs   av.it.:  12.2
      thresh= 1.379E-04 alpha_mix =  0.100 |ddv_scf|^2 =  2.827E-08
 
     Pert. #  1: Fermi energy shift (Ry) =    -2.7904E-02    -2.5849E-25

      iter #   4 total cpu time :     3.8 secs   av.it.:  13.2
      thresh= 1.681E-05 alpha_mix =  0.100 |ddv_scf|^2 =  4.443E-09
 
     Pert. #  1: Fermi energy shift (Ry) =    -2.7212E-02    -4.1359E-24

      iter #   5 total cpu time :     4.5 secs   av.it.:  12.1
      thresh= 6.666E-06 alpha_mix =  0.100 |ddv_scf|^2 =  2.177E-09
 
     Pert. #  1: Fermi energy shift (Ry) =    -2.6933E-02    -1.6544E-24

      iter #   6 total cpu time :     5.3 secs   av.it.:  13.7
      thresh= 4.666E-06 alpha_mix =  0.100 |ddv_scf|^2 =  1.235E-10
 
     Pert. #  1: Fermi energy shift (Ry) =    -2.5852E-02    -2.5849E-25

      iter #   7 total cpu time :     6.1 secs   av.it.:  13.5
      thresh= 1.111E-06 alpha_mix =  0.100 |ddv_scf|^2 =  7.640E-12
 
     Pert. #  1: Fermi energy shift (Ry) =    -2.5613E-02     1.6156E-26

      iter #   8 total cpu time :     6.9 secs   av.it.:  13.2
      thresh= 2.764E-07 alpha_mix =  0.100 |ddv_scf|^2 =  2.949E-12
 
     Pert. #  1: Fermi energy shift (Ry) =    -2.5499E-02     5.1699E-26

      iter #   9 total cpu time :     7.7 secs   av.it.:  14.3
      thresh= 1.717E-07 alpha_mix =  0.100 |ddv_scf|^2 =  7.218E-14
 
     Pert. #  1: Fermi energy shift (Ry) =    -2.5495E-02    -1.6156E-26

      iter #  10 total cpu time :     8.4 secs   av.it.:  12.4
      thresh= 2.687E-08 alpha_mix =  0.100 |ddv_scf|^2 =  2.961E-14
 
     Pert. #  1: Fermi energy shift (Ry) =    -2.5497E-02    -1.2925E-26

      iter #  11 total cpu time :     9.1 secs   av.it.:  12.7
      thresh= 1.721E-08 alpha_mix =  0.100 |ddv_scf|^2 =  1.260E-14
 
     Pert. #  1: Fermi energy shift (Ry) =    -2.5510E-02    -9.6935E-27

      iter #  12 total cpu time :     9.9 secs   av.it.:  13.7
      thresh= 1.122E-08 alpha_mix =  0.100 |ddv_scf|^2 =  2.142E-15
 
     Pert. #  1: Fermi energy shift (Ry) =    -2.5513E-02    -9.6935E-27

      iter #  13 total cpu time :    10.7 secs   av.it.:  13.0
      thresh= 4.628E-09 alpha_mix =  0.100 |ddv_scf|^2 =  1.194E-15
 
     Pert. #  1: Fermi energy shift (Ry) =    -2.5514E-02    -9.6935E-27

      iter #  14 total cpu time :    11.5 secs   av.it.:  12.5
      thresh= 3.455E-09 alpha_mix =  0.100 |ddv_scf|^2 =  8.306E-16

     End of self-consistent calculation

     Convergence has been achieved 


     Representation #   2 mode #   2

     Self-consistent Calculation
 
     Pert. #  1: Fermi energy shift (Ry) =    -2.2589E-01    -1.6941E-21

      iter #   1 total cpu time :    12.2 secs   av.it.:   8.3
      thresh= 1.000E-02 alpha_mix =  0.100 |ddv_scf|^2 =  2.063E-05
 
     Pert. #  1: Fermi energy shift (Ry) =    -1.6352E-01     5.2940E-23

      iter #   2 total cpu time :    12.9 secs   av.it.:  10.6
      thresh= 4.542E-04 alpha_mix =  0.100 |ddv_scf|^2 =  9.979E-06
 
     Pert. #  1: Fermi energy shift (Ry) =    -3.3430E-02    -3.9705E-23

      iter #   3 total cpu time :    13.6 secs   av.it.:  12.3
      thresh= 3.159E-04 alpha_mix =  0.100 |ddv_scf|^2 =  6.973E-08
 
     Pert. #  1: Fermi energy shift (Ry) =    -4.6102E-02     2.4815E-24

      iter #   4 total cpu time :    14.4 secs   av.it.:  13.1
      thresh= 2.641E-05 alpha_mix =  0.100 |ddv_scf|^2 =  6.017E-09
 
     Pert. #  1: Fermi energy shift (Ry) =    -4.7048E-02    -2.0680E-24

      iter #   5 total cpu time :    15.1 secs   av.it.:  11.9
      thresh= 7.757E-06 alpha_mix =  0.100 |ddv_scf|^2 =  4.038E-09
 
     Pert. #  1: Fermi energy shift (Ry) =    -4.6581E-02     4.1359E-25

      iter #   6 total cpu time :    15.9 secs   av.it.:  13.7
      thresh= 6.354E-06 alpha_mix =  0.100 |ddv_scf|^2 =  7.428E-11
 
     Pert. #  1: Fermi energy shift (Ry) =    -4.6804E-02     2.0680E-25

      iter #   7 total cpu time :    16.7 secs   av.it.:  12.9
      thresh= 8.619E-07 alpha_mix =  0.100 |ddv_scf|^2 =  2.711E-11
 
     Pert. #  1: Fermi energy shift (Ry) =    -4.7143E-02     3.1019E-25

      iter #   8 total cpu time :    17.5 secs   av.it.:  14.1
      thresh= 5.206E-07 alpha_mix =  0.100 |ddv_scf|^2 =  1.372E-12
 
     Pert. #  1: Fermi energy shift (Ry) =    -4.7209E-02     5.1699E-26

      iter #   9 total cpu time :    18.3 secs   av.it.:  14.0
      thresh= 1.171E-07 alpha_mix =  0.100 |ddv_scf|^2 =  1.289E-13
 
     Pert. #  1: Fermi energy shift (Ry) =    -4.7221E-02     5.1699E-26

      iter #  10 total cpu time :    19.0 secs   av.it.:  12.9
      thresh= 3.591E-08 alpha_mix =  0.100 |ddv_scf|^2 =  6.174E-14
 
     Pert. #  1: Fermi energy shift (Ry) =    -4.7227E-02     6.4623E-26

      iter #  11 total cpu time :    19.8 secs   av.it.:  12.7
      thresh= 2.485E-08 alpha_mix =  0.100 |ddv_scf|^2 =  1.834E-14
 
     Pert. #  1: Fermi energy shift (Ry) =    -4.7224E-02     5.1699E-26

      iter #  12 total cpu time :    20.5 secs   av.it.:  13.2
      thresh= 1.354E-08 alpha_mix =  0.100 |ddv_scf|^2 =  5.854E-15
 
     Pert. #  1: Fermi energy shift (Ry) =    -4.7219E-02     6.4623E-26

      iter #  13 total cpu time :    21.3 secs   av.it.:  13.0
      thresh= 7.651E-09 alpha_mix =  0.100 |ddv_scf|^2 =  1.598E-15
 
     Pert. #  1: Fermi energy shift (Ry) =    -4.7216E-02     5.1699E-26

      iter #  14 total cpu time :    22.0 secs   av.it.:  12.7
      thresh= 3.997E-09 alpha_mix =  0.100 |ddv_scf|^2 =  8.874E-16

     End of self-consistent calculation

     Convergence has been achieved 


     Representation #   3 modes #   3   4

     Self-consistent Calculation
 
     Pert. #  1: Fermi energy shift (Ry) =    -3.5647E-18     4.3832E-38
     Pert. #  2: Fermi energy shift (Ry) =     2.7466E-18     1.5673E-38

      iter #   1 total cpu time :    23.3 secs   av.it.:   8.2
      thresh= 1.000E-02 alpha_mix =  0.100 |ddv_scf|^2 =  4.860E-06
 
     Pert. #  1: Fermi energy shift (Ry) =    -7.0986E-18    -2.7827E-39
     Pert. #  2: Fermi energy shift (Ry) =    -1.0264E-17    -7.3468E-40

      iter #   2 total cpu time :    24.5 secs   av.it.:  11.2
      thresh= 2.205E-04 alpha_mix =  0.100 |ddv_scf|^2 =  2.439E-06
 
     Pert. #  1: Fermi energy shift (Ry) =    -1.0968E-18    -1.2885E-39
     Pert. #  2: Fermi energy shift (Ry) =    -6.3200E-18     1.7143E-39

      iter #   3 total cpu time :    25.9 secs   av.it.:  13.1
      thresh= 1.562E-04 alpha_mix =  0.100 |ddv_scf|^2 =  2.929E-09
 
     Pert. #  1: Fermi energy shift (Ry) =    -2.1785E-18    -1.1977E-40
     Pert. #  2: Fermi energy shift (Ry) =     2.5750E-18     1.6837E-40

      iter #   4 total cpu time :    27.3 secs   av.it.:  12.6
      thresh= 5.412E-06 alpha_mix =  0.100 |ddv_scf|^2 =  1.889E-09
 
     Pert. #  1: Fermi energy shift (Ry) =    -1.6137E-18     1.6819E-40
     Pert. #  2: Fermi energy shift (Ry) =     4.5175E-19     0.0000E+00

      iter #   5 total cpu time :    28.8 secs   av.it.:  14.9
      thresh= 4.346E-06 alpha_mix =  0.100 |ddv_scf|^2 =  4.236E-11
 
     Pert. #  1: Fermi energy shift (Ry) =    -1.6733E-18    -2.6753E-42
     Pert. #  2: Fermi energy shift (Ry) =    -3.7405E-18    -9.5662E-43

      iter #   6 total cpu time :    30.3 secs   av.it.:  14.9
      thresh= 6.508E-07 alpha_mix =  0.100 |ddv_scf|^2 =  3.205E-12
 
     Pert. #  1: Fermi energy shift (Ry) =    -1.6935E-18     6.8328E-42
     Pert. #  2: Fermi energy shift (Ry) =    -4.1019E-18    -2.8699E-42

      iter #   7 total cpu time :    31.8 secs   av.it.:  15.2
      thresh= 1.790E-07 alpha_mix =  0.100 |ddv_scf|^2 =  4.684E-13
 
     Pert. #  1: Fermi energy shift (Ry) =    -2.8506E-18    -4.0602E-43
     Pert. #  2: Fermi energy shift (Ry) =    -6.6859E-19     3.5873E-43

      iter #   8 total cpu time :    33.4 secs   av.it.:  15.3
      thresh= 6.844E-08 alpha_mix =  0.100 |ddv_scf|^2 =  1.735E-14
 
     Pert. #  1: Fermi energy shift (Ry) =    -1.1159E-18     8.1204E-43
     Pert. #  2: Fermi energy shift (Ry) =     4.8789E-19    -7.1746E-43

      iter #   9 total cpu time :    34.8 secs   av.it.:  13.0
      thresh= 1.317E-08 alpha_mix =  0.100 |ddv_scf|^2 =  1.240E-14
 
     Pert. #  1: Fermi energy shift (Ry) =    -5.3773E-19     1.9816E-43
     Pert. #  2: Fermi energy shift (Ry) =    -3.8489E-18     8.9683E-44

      iter #  10 total cpu time :    36.3 secs   av.it.:  14.7
      thresh= 1.114E-08 alpha_mix =  0.100 |ddv_scf|^2 =  9.851E-16

     End of self-consistent calculation

     Convergence has been achieved 


     Representation #   4 modes #   5   6

     Self-consistent Calculation
 
     Pert. #  1: Fermi energy shift (Ry) =     8.4947E-19     2.4417E-37
     Pert. #  2: Fermi energy shift (Ry) =     2.8912E-19     7.8366E-38

      iter #   1 total cpu time :    37.5 secs   av.it.:   6.9
      thresh= 1.000E-02 alpha_mix =  0.100 |ddv_scf|^2 =  9.201E-07
 
     Pert. #  1: Fermi energy shift (Ry) =     1.1255E-19    -6.3461E-42
     Pert. #  2: Fermi energy shift (Ry) =     1.9516E-18    -1.5918E-39

      iter #   2 total cpu time :    38.8 secs   av.it.:  11.2
      thresh= 9.592E-05 alpha_mix =  0.100 |ddv_scf|^2 =  4.698E-07
 
     Pert. #  1: Fermi energy shift (Ry) =    -7.7022E-20    -4.8590E-39
     Pert. #  2: Fermi energy shift (Ry) =    -2.8912E-19    -2.2041E-39

      iter #   3 total cpu time :    40.2 secs   av.it.:  13.2
      thresh= 6.855E-05 alpha_mix =  0.100 |ddv_scf|^2 =  3.087E-09
 
     Pert. #  1: Fermi energy shift (Ry) =    -9.3074E-19     1.8665E-40
     Pert. #  2: Fermi energy shift (Ry) =    -3.6140E-19    -4.5918E-41

      iter #   4 total cpu time :    41.7 secs   av.it.:  14.3
      thresh= 5.556E-06 alpha_mix =  0.100 |ddv_scf|^2 =  5.819E-10
 
     Pert. #  1: Fermi energy shift (Ry) =    -8.6710E-20     8.4592E-42
     Pert. #  2: Fermi energy shift (Ry) =    -7.2280E-19     2.3437E-41

      iter #   5 total cpu time :    43.3 secs   av.it.:  14.9
      thresh= 2.412E-06 alpha_mix =  0.100 |ddv_scf|^2 =  5.169E-11
 
     Pert. #  1: Fermi energy shift (Ry) =    -4.6700E-19     1.9536E-41
     Pert. #  2: Fermi energy shift (Ry) =    -7.2280E-19    -1.9132E-42

      iter #   6 total cpu time :    44.8 secs   av.it.:  14.9
      thresh= 7.189E-07 alpha_mix =  0.100 |ddv_scf|^2 =  2.451E-12
 
     Pert. #  1: Fermi energy shift (Ry) =    -6.4716E-19     2.9595E-43
     Pert. #  2: Fermi energy shift (Ry) =    -1.0119E-18    -1.7937E-42

      iter #   7 total cpu time :    46.2 secs   av.it.:  13.4
      thresh= 1.566E-07 alpha_mix =  0.100 |ddv_scf|^2 =  1.490E-12
 
     Pert. #  1: Fermi energy shift (Ry) =    -6.4377E-19     4.8583E-42
     Pert. #  2: Fermi energy shift (Ry) =    -7.2280E-19     5.7397E-42

      iter #   8 total cpu time :    47.7 secs   av.it.:  15.3
      thresh= 1.221E-07 alpha_mix =  0.100 |ddv_scf|^2 =  1.526E-14
 
     Pert. #  1: Fermi energy shift (Ry) =    -6.5484E-20     2.0140E-42
     Pert. #  2: Fermi energy shift (Ry) =    -7.2280E-19    -2.6307E-42

      iter #   9 total cpu time :    49.1 secs   av.it.:  13.1
      thresh= 1.235E-08 alpha_mix =  0.100 |ddv_scf|^2 =  9.297E-15
 
     Pert. #  1: Fermi energy shift (Ry) =    -6.7974E-19     1.5105E-42
     Pert. #  2: Fermi energy shift (Ry) =    -1.0119E-18    -5.3810E-43

      iter #  10 total cpu time :    50.7 secs   av.it.:  15.2
      thresh= 9.642E-09 alpha_mix =  0.100 |ddv_scf|^2 =  5.326E-16

     End of self-consistent calculation

     Convergence has been achieved 


     Representation #   5 modes #   7   8   9

     Self-consistent Calculation
 
     Pert. #  1: Fermi energy shift (Ry) =    -7.2280E-20    -7.8366E-38
     Pert. #  2: Fermi energy shift (Ry) =    -1.8070E-20     2.7428E-37
     Pert. #  3: Fermi energy shift (Ry) =     2.0781E-19     1.4106E-37

      iter #   1 total cpu time :    52.3 secs   av.it.:   6.8
      thresh= 1.000E-02 alpha_mix =  0.100 |ddv_scf|^2 =  6.306E-08
 
     Pert. #  1: Fermi energy shift (Ry) =     9.0350E-20     2.6020E-40
     Pert. #  2: Fermi energy shift (Ry) =     3.6140E-20     4.2091E-41
     Pert. #  3: Fermi energy shift (Ry) =     1.6263E-19    -3.6734E-40

      iter #   2 total cpu time :    54.3 secs   av.it.:  12.6
      thresh= 2.511E-05 alpha_mix =  0.100 |ddv_scf|^2 =  4.123E-08
 
     Pert. #  1: Fermi energy shift (Ry) =    -5.4210E-20    -2.1428E-40
     Pert. #  2: Fermi energy shift (Ry) =     1.8070E-20     6.1224E-41
     Pert. #  3: Fermi energy shift (Ry) =     1.3553E-19    -3.6734E-40

      iter #   3 total cpu time :    56.5 secs   av.it.:  14.9
      thresh= 2.031E-05 alpha_mix =  0.100 |ddv_scf|^2 =  4.536E-10
 
     Pert. #  1: Fermi energy shift (Ry) =    -3.6140E-20     8.8009E-41
     Pert. #  2: Fermi energy shift (Ry) =     3.6140E-20    -1.0714E-40
     Pert. #  3: Fermi energy shift (Ry) =     2.1684E-19    -3.8265E-41

      iter #   4 total cpu time :    58.7 secs   av.it.:  14.9
      thresh= 2.130E-06 alpha_mix =  0.100 |ddv_scf|^2 =  7.731E-11
 
     Pert. #  1: Fermi energy shift (Ry) =     9.0350E-20     4.7831E-42
     Pert. #  2: Fermi energy shift (Ry) =     1.8070E-20    -7.6530E-42
     Pert. #  3: Fermi energy shift (Ry) =     2.4395E-19    -2.2959E-41

      iter #   5 total cpu time :    61.0 secs   av.it.:  15.6
      thresh= 8.792E-07 alpha_mix =  0.100 |ddv_scf|^2 =  7.531E-12
 
     Pert. #  1: Fermi energy shift (Ry) =    -1.8070E-20     2.9894E-42
     Pert. #  2: Fermi energy shift (Ry) =     5.4210E-20    -2.0328E-42
     Pert. #  3: Fermi energy shift (Ry) =     7.2280E-20    -2.9894E-42

      iter #   6 total cpu time :    63.4 secs   av.it.:  15.8
      thresh= 2.744E-07 alpha_mix =  0.100 |ddv_scf|^2 =  9.804E-14
 
     Pert. #  1: Fermi energy shift (Ry) =    -3.6140E-20     1.4349E-42
     Pert. #  2: Fermi energy shift (Ry) =    -3.6140E-20    -1.4349E-42
     Pert. #  3: Fermi energy shift (Ry) =     1.3553E-19     2.3915E-43

      iter #   7 total cpu time :    65.6 secs   av.it.:  15.3
      thresh= 3.131E-08 alpha_mix =  0.100 |ddv_scf|^2 =  2.148E-14
 
     Pert. #  1: Fermi energy shift (Ry) =     0.0000E+00    -1.4349E-42
     Pert. #  2: Fermi energy shift (Ry) =    -3.6140E-20    -9.5662E-43
     Pert. #  3: Fermi energy shift (Ry) =     2.0781E-19     7.1746E-43

      iter #   8 total cpu time :    68.1 secs   av.it.:  16.5
      thresh= 1.466E-08 alpha_mix =  0.100 |ddv_scf|^2 =  4.299E-16

     End of self-consistent calculation

     Convergence has been achieved 


     Representation #   6 modes #  10  11  12

     Self-consistent Calculation
 
     Pert. #  1: Fermi energy shift (Ry) =     5.4210E-20     1.2539E-37
     Pert. #  2: Fermi energy shift (Ry) =    -2.0781E-19     6.2693E-38
     Pert. #  3: Fermi energy shift (Ry) =     1.8070E-20     1.5673E-38

      iter #   1 total cpu time :    69.9 secs   av.it.:   7.8
      thresh= 1.000E-02 alpha_mix =  0.100 |ddv_scf|^2 =  2.652E-07
 
     Pert. #  1: Fermi energy shift (Ry) =     0.0000E+00    -3.0612E-41
     Pert. #  2: Fermi energy shift (Ry) =    -2.3943E-19    -4.9744E-41
     Pert. #  3: Fermi energy shift (Ry) =     0.0000E+00     0.0000E+00

      iter #   2 total cpu time :    71.8 secs   av.it.:  12.3
      thresh= 5.150E-05 alpha_mix =  0.100 |ddv_scf|^2 =  1.690E-07
 
     Pert. #  1: Fermi energy shift (Ry) =     2.7105E-20     1.2245E-40
     Pert. #  2: Fermi energy shift (Ry) =    -7.0021E-20     1.9898E-40
     Pert. #  3: Fermi energy shift (Ry) =    -1.4682E-20     1.9132E-40

      iter #   3 total cpu time :    74.0 secs   av.it.:  14.9
      thresh= 4.111E-05 alpha_mix =  0.100 |ddv_scf|^2 =  7.874E-10
 
     Pert. #  1: Fermi energy shift (Ry) =     1.8070E-20     1.9132E-42
     Pert. #  2: Fermi energy shift (Ry) =    -1.8070E-20     1.6263E-41
     Pert. #  3: Fermi energy shift (Ry) =     2.3717E-20     4.7831E-42

      iter #   4 total cpu time :    76.2 secs   av.it.:  14.6
      thresh= 2.806E-06 alpha_mix =  0.100 |ddv_scf|^2 =  2.981E-10
 
     Pert. #  1: Fermi energy shift (Ry) =     4.5175E-20     1.0523E-41
     Pert. #  2: Fermi energy shift (Ry) =    -3.1623E-20    -5.7397E-42
     Pert. #  3: Fermi energy shift (Ry) =    -3.0493E-20     7.1746E-43

      iter #   5 total cpu time :    78.5 secs   av.it.:  16.0
      thresh= 1.727E-06 alpha_mix =  0.100 |ddv_scf|^2 =  5.436E-12
 
     Pert. #  1: Fermi energy shift (Ry) =    -2.2588E-20    -9.5662E-43
     Pert. #  2: Fermi energy shift (Ry) =    -5.1951E-20     4.7831E-42
     Pert. #  3: Fermi energy shift (Ry) =    -2.1458E-20     5.2614E-42

      iter #   6 total cpu time :    80.8 secs   av.it.:  15.6
      thresh= 2.332E-07 alpha_mix =  0.100 |ddv_scf|^2 =  7.400E-13
 
     Pert. #  1: Fermi energy shift (Ry) =    -4.5175E-21    -2.5111E-42
     Pert. #  2: Fermi energy shift (Ry) =    -6.5504E-20    -2.2122E-42
     Pert. #  3: Fermi energy shift (Ry) =     3.3881E-21    -8.9683E-44

      iter #   7 total cpu time :    83.1 secs   av.it.:  16.0
      thresh= 8.602E-08 alpha_mix =  0.100 |ddv_scf|^2 =  1.573E-13
 
     Pert. #  1: Fermi energy shift (Ry) =     2.7105E-20    -3.5275E-42
     Pert. #  2: Fermi energy shift (Ry) =     2.2588E-20     1.1659E-42
     Pert. #  3: Fermi energy shift (Ry) =    -2.7105E-20     7.4736E-44

      iter #   8 total cpu time :    85.4 secs   av.it.:  15.7
      thresh= 3.966E-08 alpha_mix =  0.100 |ddv_scf|^2 =  1.728E-15
 
     Pert. #  1: Fermi energy shift (Ry) =     2.2588E-20    -5.2016E-42
     Pert. #  2: Fermi energy shift (Ry) =    -6.0986E-20    -2.6905E-43
     Pert. #  3: Fermi energy shift (Ry) =     3.3881E-21    -1.4798E-42

      iter #   9 total cpu time :    87.5 secs   av.it.:  13.6
      thresh= 4.157E-09 alpha_mix =  0.100 |ddv_scf|^2 =  1.298E-15
 
     Pert. #  1: Fermi energy shift (Ry) =    -1.3553E-20    -1.6442E-42
     Pert. #  2: Fermi energy shift (Ry) =    -2.9364E-20    -3.7368E-43
     Pert. #  3: Fermi energy shift (Ry) =     9.0350E-21    -3.8115E-43

      iter #  10 total cpu time :    89.8 secs   av.it.:  15.4
      thresh= 3.603E-09 alpha_mix =  0.100 |ddv_scf|^2 =  6.649E-17

     End of self-consistent calculation

     Convergence has been achieved 


     Representation #   7 modes #  13  14  15

     Self-consistent Calculation
 
     Pert. #  1: Fermi energy shift (Ry) =    -1.0842E-19     3.4285E-37
     Pert. #  2: Fermi energy shift (Ry) =     2.1684E-19     2.6449E-37
     Pert. #  3: Fermi energy shift (Ry) =     7.2280E-20    -1.1265E-37

      iter #   1 total cpu time :    91.4 secs   av.it.:   6.8
      thresh= 1.000E-02 alpha_mix =  0.100 |ddv_scf|^2 =  6.415E-08
 
     Pert. #  1: Fermi energy shift (Ry) =    -1.0842E-19    -3.0000E-39
     Pert. #  2: Fermi energy shift (Ry) =    -1.0842E-19    -7.9591E-40
     Pert. #  3: Fermi energy shift (Ry) =    -1.4456E-19    -3.0306E-39

      iter #   2 total cpu time :    93.4 secs   av.it.:  12.7
      thresh= 2.533E-05 alpha_mix =  0.100 |ddv_scf|^2 =  4.183E-08
 
     Pert. #  1: Fermi energy shift (Ry) =    -2.5298E-19    -7.9591E-40
     Pert. #  2: Fermi energy shift (Ry) =     1.9877E-19    -1.2245E-39
     Pert. #  3: Fermi energy shift (Ry) =    -2.5298E-19    -5.5101E-40

      iter #   3 total cpu time :    95.7 secs   av.it.:  15.0
      thresh= 2.045E-05 alpha_mix =  0.100 |ddv_scf|^2 =  5.574E-10
 
     Pert. #  1: Fermi energy shift (Ry) =    -2.5298E-19     3.6352E-41
     Pert. #  2: Fermi energy shift (Ry) =     5.4210E-20     1.3297E-40
     Pert. #  3: Fermi energy shift (Ry) =    -2.7105E-19     2.4202E-40

      iter #   4 total cpu time :    98.0 secs   av.it.:  14.9
      thresh= 2.361E-06 alpha_mix =  0.100 |ddv_scf|^2 =  1.610E-10
 
     Pert. #  1: Fermi energy shift (Ry) =    -7.2280E-20     1.8750E-40
     Pert. #  2: Fermi energy shift (Ry) =    -1.4456E-19     1.1479E-41
     Pert. #  3: Fermi energy shift (Ry) =    -1.9877E-19     1.0714E-40

      iter #   5 total cpu time :   100.2 secs   av.it.:  14.9
      thresh= 1.269E-06 alpha_mix =  0.100 |ddv_scf|^2 =  7.800E-11
 
     Pert. #  1: Fermi energy shift (Ry) =    -1.8070E-19    -1.8176E-41
     Pert. #  2: Fermi energy shift (Ry) =     3.6140E-20     4.7831E-42
     Pert. #  3: Fermi energy shift (Ry) =    -1.8070E-19     3.8743E-41

      iter #   6 total cpu time :   102.5 secs   av.it.:  15.4
      thresh= 8.832E-07 alpha_mix =  0.100 |ddv_scf|^2 =  8.946E-12
 
     Pert. #  1: Fermi energy shift (Ry) =    -1.8070E-19     9.3749E-41
     Pert. #  2: Fermi energy shift (Ry) =     0.0000E+00     1.8654E-41
     Pert. #  3: Fermi energy shift (Ry) =    -9.0350E-20     3.7308E-41

      iter #   7 total cpu time :   104.7 secs   av.it.:  14.2
      thresh= 2.991E-07 alpha_mix =  0.100 |ddv_scf|^2 =  2.830E-12
 
     Pert. #  1: Fermi energy shift (Ry) =    -1.4456E-19     5.6441E-41
     Pert. #  2: Fermi energy shift (Ry) =    -9.0350E-20     1.4349E-41
     Pert. #  3: Fermi energy shift (Ry) =    -3.6140E-20    -1.9132E-41

      iter #   8 total cpu time :   106.7 secs   av.it.:  13.4
      thresh= 1.682E-07 alpha_mix =  0.100 |ddv_scf|^2 =  1.879E-12
 
     Pert. #  1: Fermi energy shift (Ry) =    -1.4456E-19    -9.0879E-42
     Pert. #  2: Fermi energy shift (Ry) =     1.9877E-19     4.3048E-42
     Pert. #  3: Fermi energy shift (Ry) =    -1.2649E-19    -3.1090E-42

      iter #   9 total cpu time :   109.0 secs   av.it.:  15.8
      thresh= 1.371E-07 alpha_mix =  0.100 |ddv_scf|^2 =  1.436E-13
 
     Pert. #  1: Fermi energy shift (Ry) =    -2.5298E-19    -4.7831E-43
     Pert. #  2: Fermi energy shift (Ry) =    -1.8070E-20     2.3915E-42
     Pert. #  3: Fermi energy shift (Ry) =    -1.0842E-19     1.9850E-41

      iter #  10 total cpu time :   111.2 secs   av.it.:  14.7
      thresh= 3.790E-08 alpha_mix =  0.100 |ddv_scf|^2 =  6.341E-14
 
     Pert. #  1: Fermi energy shift (Ry) =    -2.5298E-19    -3.9700E-41
     Pert. #  2: Fermi energy shift (Ry) =    -3.6140E-20     1.1958E-41
     Pert. #  3: Fermi energy shift (Ry) =    -1.8070E-20     2.6307E-42

      iter #  11 total cpu time :   113.3 secs   av.it.:  13.6
      thresh= 2.518E-08 alpha_mix =  0.100 |ddv_scf|^2 =  3.891E-14
 
     Pert. #  1: Fermi energy shift (Ry) =    -2.1684E-19    -4.7831E-43
     Pert. #  2: Fermi energy shift (Ry) =    -7.2280E-20     2.3915E-42
     Pert. #  3: Fermi energy shift (Ry) =    -1.9877E-19     1.9850E-41

      iter #  12 total cpu time :   115.5 secs   av.it.:  15.4
      thresh= 1.972E-08 alpha_mix =  0.100 |ddv_scf|^2 =  1.700E-15
 
     Pert. #  1: Fermi energy shift (Ry) =    -7.2280E-20    -4.7831E-43
     Pert. #  2: Fermi energy shift (Ry) =    -3.6140E-20     2.3915E-42
     Pert. #  3: Fermi energy shift (Ry) =    -2.7105E-19     1.9850E-41

      iter #  13 total cpu time :   117.8 secs   av.it.:  15.1
      thresh= 4.123E-09 alpha_mix =  0.100 |ddv_scf|^2 =  5.319E-16

     End of self-consistent calculation

     Convergence has been achieved 


     Representation #   8 modes #  16  17  18

     Self-consistent Calculation
 
     Pert. #  1: Fermi energy shift (Ry) =     1.2649E-19    -3.7616E-37
     Pert. #  2: Fermi energy shift (Ry) =    -8.1315E-20     4.7020E-37
     Pert. #  3: Fermi energy shift (Ry) =    -4.0658E-20     8.7770E-37

      iter #   1 total cpu time :   119.4 secs   av.it.:   6.3
      thresh= 1.000E-02 alpha_mix =  0.100 |ddv_scf|^2 =  3.826E-08
 
     Pert. #  1: Fermi energy shift (Ry) =    -7.2280E-20    -2.9387E-39
     Pert. #  2: Fermi energy shift (Ry) =    -8.1315E-20    -2.4489E-39
     Pert. #  3: Fermi energy shift (Ry) =     2.7105E-20    -1.4694E-39

      iter #   2 total cpu time :   121.4 secs   av.it.:  12.9
      thresh= 1.956E-05 alpha_mix =  0.100 |ddv_scf|^2 =  2.217E-08
 
     Pert. #  1: Fermi energy shift (Ry) =    -7.2280E-20    -3.4285E-39
     Pert. #  2: Fermi energy shift (Ry) =    -4.5175E-21    -1.9592E-39
     Pert. #  3: Fermi energy shift (Ry) =     1.3553E-20     1.4694E-39

      iter #   3 total cpu time :   123.5 secs   av.it.:  13.9
      thresh= 1.489E-05 alpha_mix =  0.100 |ddv_scf|^2 =  7.297E-09
 
     Pert. #  1: Fermi energy shift (Ry) =    -9.0350E-21    -3.9183E-39
     Pert. #  2: Fermi energy shift (Ry) =    -1.8070E-20     1.2245E-39
     Pert. #  3: Fermi energy shift (Ry) =    -9.0350E-21     5.1428E-39

      iter #   4 total cpu time :   125.8 secs   av.it.:  15.3
      thresh= 8.542E-06 alpha_mix =  0.100 |ddv_scf|^2 =  1.367E-10
 
     Pert. #  1: Fermi energy shift (Ry) =    -5.4210E-20     3.8265E-41
     Pert. #  2: Fermi energy shift (Ry) =     0.0000E+00     3.8265E-42
     Pert. #  3: Fermi energy shift (Ry) =    -4.5175E-21     2.8699E-41

      iter #   5 total cpu time :   128.0 secs   av.it.:  14.8
      thresh= 1.169E-06 alpha_mix =  0.100 |ddv_scf|^2 =  4.303E-11
 
     Pert. #  1: Fermi energy shift (Ry) =    -3.6140E-20     1.3775E-40
     Pert. #  2: Fermi energy shift (Ry) =     1.8070E-20    -4.5918E-41
     Pert. #  3: Fermi energy shift (Ry) =     2.9364E-20    -6.1224E-41

      iter #   6 total cpu time :   130.3 secs   av.it.:  15.1
      thresh= 6.559E-07 alpha_mix =  0.100 |ddv_scf|^2 =  8.316E-12
 
     Pert. #  1: Fermi energy shift (Ry) =     9.0350E-21     7.6530E-41
     Pert. #  2: Fermi energy shift (Ry) =    -1.3553E-20     8.4183E-41
     Pert. #  3: Fermi energy shift (Ry) =    -9.0350E-21     9.9488E-41

      iter #   7 total cpu time :   132.5 secs   av.it.:  15.4
      thresh= 2.884E-07 alpha_mix =  0.100 |ddv_scf|^2 =  1.908E-12
 
     Pert. #  1: Fermi energy shift (Ry) =    -4.5175E-20     0.0000E+00
     Pert. #  2: Fermi energy shift (Ry) =     9.0350E-21     8.4183E-41
     Pert. #  3: Fermi energy shift (Ry) =    -1.1294E-20     1.0714E-40

      iter #   8 total cpu time :   134.6 secs   av.it.:  13.2
      thresh= 1.381E-07 alpha_mix =  0.100 |ddv_scf|^2 =  1.341E-12
 
     Pert. #  1: Fermi energy shift (Ry) =    -7.2280E-20     8.4183E-41
     Pert. #  2: Fermi energy shift (Ry) =     1.3553E-20     1.1479E-40
     Pert. #  3: Fermi energy shift (Ry) =    -5.4210E-20     1.0714E-40

      iter #   9 total cpu time :   136.9 secs   av.it.:  15.9
      thresh= 1.158E-07 alpha_mix =  0.100 |ddv_scf|^2 =  2.838E-14
 
     Pert. #  1: Fermi energy shift (Ry) =    -4.5175E-20     3.0612E-41
     Pert. #  2: Fermi energy shift (Ry) =     1.8070E-20     6.8877E-41
     Pert. #  3: Fermi energy shift (Ry) =    -6.0986E-20     1.0714E-40

      iter #  10 total cpu time :   139.0 secs   av.it.:  13.8
      thresh= 1.685E-08 alpha_mix =  0.100 |ddv_scf|^2 =  1.796E-14
 
     Pert. #  1: Fermi energy shift (Ry) =    -9.0350E-21     3.0612E-41
     Pert. #  2: Fermi energy shift (Ry) =    -2.7105E-20     6.8877E-41
     Pert. #  3: Fermi energy shift (Ry) =     4.5175E-21     1.0714E-40

      iter #  11 total cpu time :   141.2 secs   av.it.:  14.9
      thresh= 1.340E-08 alpha_mix =  0.100 |ddv_scf|^2 =  7.308E-15
 
     Pert. #  1: Fermi energy shift (Ry) =    -4.5175E-20     3.0612E-41
     Pert. #  2: Fermi energy shift (Ry) =    -2.7105E-20     6.8877E-41
     Pert. #  3: Fermi energy shift (Ry) =     8.8091E-20     1.0714E-40

      iter #  12 total cpu time :   143.4 secs   av.it.:  14.7
      thresh= 8.549E-09 alpha_mix =  0.100 |ddv_scf|^2 =  2.876E-15
 
     Pert. #  1: Fermi energy shift (Ry) =    -7.2280E-20     3.0612E-41
     Pert. #  2: Fermi energy shift (Ry) =    -1.8070E-20     6.8877E-41
     Pert. #  3: Fermi energy shift (Ry) =    -2.2588E-21     1.0714E-40

      iter #  13 total cpu time :   145.7 secs   av.it.:  15.4
      thresh= 5.363E-09 alpha_mix =  0.100 |ddv_scf|^2 =  6.258E-16

     End of self-consistent calculation

     Convergence has been achieved 


     Representation #   9 modes #  19  20  21

     Self-consistent Calculation
 
     Pert. #  1: Fermi energy shift (Ry) =    -2.5298E-19     0.0000E+00
     Pert. #  2: Fermi energy shift (Ry) =    -3.7947E-19    -2.7585E-36
     Pert. #  3: Fermi energy shift (Ry) =    -8.1315E-20     2.0062E-36

      iter #   1 total cpu time :   147.5 secs   av.it.:   7.6
      thresh= 1.000E-02 alpha_mix =  0.100 |ddv_scf|^2 =  1.767E-07
 
     Pert. #  1: Fermi energy shift (Ry) =    -1.0842E-19     3.9183E-39
     Pert. #  2: Fermi energy shift (Ry) =    -3.6140E-20    -1.9592E-39
     Pert. #  3: Fermi energy shift (Ry) =     0.0000E+00    -3.6734E-39

      iter #   2 total cpu time :   149.4 secs   av.it.:  12.8
      thresh= 4.204E-05 alpha_mix =  0.100 |ddv_scf|^2 =  1.050E-07
 
     Pert. #  1: Fermi energy shift (Ry) =    -9.9385E-20    -8.5713E-40
     Pert. #  2: Fermi energy shift (Ry) =    -2.8799E-20     6.1224E-41
     Pert. #  3: Fermi energy shift (Ry) =    -1.1802E-19     7.6530E-40

      iter #   3 total cpu time :   151.5 secs   av.it.:  14.2
      thresh= 3.241E-05 alpha_mix =  0.100 |ddv_scf|^2 =  1.835E-08
 
     Pert. #  1: Fermi energy shift (Ry) =    -1.0390E-19     6.1224E-41
     Pert. #  2: Fermi energy shift (Ry) =    -7.2280E-20     3.6734E-40
     Pert. #  3: Fermi energy shift (Ry) =    -4.6304E-20    -1.5459E-39

      iter #   4 total cpu time :   153.8 secs   av.it.:  15.1
      thresh= 1.355E-05 alpha_mix =  0.100 |ddv_scf|^2 =  7.777E-10
 
     Pert. #  1: Fermi energy shift (Ry) =    -6.3245E-20     4.8979E-40
     Pert. #  2: Fermi energy shift (Ry) =    -4.1787E-20    -5.2040E-40
     Pert. #  3: Fermi energy shift (Ry) =    -1.4117E-20    -4.7448E-40

      iter #   5 total cpu time :   156.0 secs   av.it.:  14.9
      thresh= 2.789E-06 alpha_mix =  0.100 |ddv_scf|^2 =  2.221E-10
 
     Pert. #  1: Fermi energy shift (Ry) =    -1.6941E-20     6.1224E-41
     Pert. #  2: Fermi energy shift (Ry) =    -1.1858E-20    -2.7551E-40
     Pert. #  3: Fermi energy shift (Ry) =    -2.7387E-20     2.4489E-40

      iter #   6 total cpu time :   158.2 secs   av.it.:  14.8
      thresh= 1.490E-06 alpha_mix =  0.100 |ddv_scf|^2 =  7.461E-11
 
     Pert. #  1: Fermi energy shift (Ry) =    -1.4287E-19     1.5306E-41
     Pert. #  2: Fermi energy shift (Ry) =    -1.4400E-20    -4.5918E-41
     Pert. #  3: Fermi energy shift (Ry) =    -6.7127E-20     7.8443E-41

      iter #   7 total cpu time :   160.6 secs   av.it.:  15.8
      thresh= 8.638E-07 alpha_mix =  0.100 |ddv_scf|^2 =  7.949E-12
 
     Pert. #  1: Fermi energy shift (Ry) =    -6.7763E-20     1.5306E-41
     Pert. #  2: Fermi energy shift (Ry) =    -4.7999E-20    -1.5306E-41
     Pert. #  3: Fermi energy shift (Ry) =    -8.2797E-20     1.3010E-40

      iter #   8 total cpu time :   162.7 secs   av.it.:  13.8
      thresh= 2.819E-07 alpha_mix =  0.100 |ddv_scf|^2 =  4.227E-12
 
     Pert. #  1: Fermi energy shift (Ry) =    -9.6562E-20    -7.6530E-42
     Pert. #  2: Fermi energy shift (Ry) =    -3.3034E-20    -3.8265E-42
     Pert. #  3: Fermi energy shift (Ry) =    -1.8141E-20    -4.2091E-41

      iter #   9 total cpu time :   165.0 secs   av.it.:  15.6
      thresh= 2.056E-07 alpha_mix =  0.100 |ddv_scf|^2 =  3.638E-13
 
     Pert. #  1: Fermi energy shift (Ry) =    -6.0139E-20     2.6785E-41
     Pert. #  2: Fermi energy shift (Ry) =    -5.3645E-21     1.7219E-41
     Pert. #  3: Fermi energy shift (Ry) =    -4.2281E-20     1.9132E-41

      iter #  10 total cpu time :   167.2 secs   av.it.:  13.0
      thresh= 6.032E-08 alpha_mix =  0.100 |ddv_scf|^2 =  2.349E-13
 
     Pert. #  1: Fermi energy shift (Ry) =    -5.5904E-20     2.8699E-41
     Pert. #  2: Fermi energy shift (Ry) =     4.0658E-20    -2.1524E-41
     Pert. #  3: Fermi energy shift (Ry) =    -1.4258E-19     1.9850E-41

      iter #  11 total cpu time :   169.7 secs   av.it.:  15.4
      thresh= 4.847E-08 alpha_mix =  0.100 |ddv_scf|^2 =  2.263E-14
 
     Pert. #  1: Fermi energy shift (Ry) =    -2.4846E-20     3.8265E-41
     Pert. #  2: Fermi energy shift (Ry) =     5.0822E-20     2.1524E-41
     Pert. #  3: Fermi energy shift (Ry) =    -3.9528E-20     1.9132E-42

      iter #  12 total cpu time :   172.1 secs   av.it.:  14.2
      thresh= 1.504E-08 alpha_mix =  0.100 |ddv_scf|^2 =  1.471E-14
 
     Pert. #  1: Fermi energy shift (Ry) =    -6.7198E-20     4.1135E-41
     Pert. #  2: Fermi energy shift (Ry) =     2.5411E-21     1.4349E-42
     Pert. #  3: Fermi energy shift (Ry) =    -5.5481E-20     1.6023E-41

      iter #  13 total cpu time :   174.5 secs   av.it.:  15.0
      thresh= 1.213E-08 alpha_mix =  0.100 |ddv_scf|^2 =  7.195E-15
 
     Pert. #  1: Fermi energy shift (Ry) =    -2.3152E-20     1.7219E-41
     Pert. #  2: Fermi energy shift (Ry) =     3.1058E-21     7.6530E-42
     Pert. #  3: Fermi energy shift (Ry) =    -8.8938E-20    -2.3915E-43

      iter #  14 total cpu time :   176.9 secs   av.it.:  15.3
      thresh= 8.482E-09 alpha_mix =  0.100 |ddv_scf|^2 =  1.509E-15
 
     Pert. #  1: Fermi energy shift (Ry) =    -3.6705E-20     1.1479E-41
     Pert. #  2: Fermi energy shift (Ry) =    -4.1505E-20     2.8699E-42
     Pert. #  3: Fermi energy shift (Ry) =     3.4870E-20    -1.0523E-41

      iter #  15 total cpu time :   179.0 secs   av.it.:  13.8
      thresh= 3.885E-09 alpha_mix =  0.100 |ddv_scf|^2 =  9.124E-16

     End of self-consistent calculation

     Convergence has been achieved 


     Representation #  10 modes #  22  23  24

     Self-consistent Calculation
 
     Pert. #  1: Fermi energy shift (Ry) =     3.9754E-19    -1.5046E-36
     Pert. #  2: Fermi energy shift (Ry) =    -7.4539E-20     1.1285E-36
     Pert. #  3: Fermi energy shift (Ry) =    -1.3553E-20     1.0971E-36

      iter #   1 total cpu time :   180.8 secs   av.it.:   7.8
      thresh= 1.000E-02 alpha_mix =  0.100 |ddv_scf|^2 =  2.947E-07
 
     Pert. #  1: Fermi energy shift (Ry) =    -2.1684E-19    -3.9183E-39
     Pert. #  2: Fermi energy shift (Ry) =    -1.6263E-19     1.7143E-39
     Pert. #  3: Fermi energy shift (Ry) =     1.7392E-19     3.9795E-39

      iter #   2 total cpu time :   182.9 secs   av.it.:  12.8
      thresh= 5.429E-05 alpha_mix =  0.100 |ddv_scf|^2 =  1.581E-07
 
     Pert. #  1: Fermi energy shift (Ry) =     1.0842E-19     6.3673E-39
     Pert. #  2: Fermi energy shift (Ry) =    -3.6140E-20     1.4694E-39
     Pert. #  3: Fermi energy shift (Ry) =    -8.1315E-20    -2.5408E-39

      iter #   3 total cpu time :   185.0 secs   av.it.:  13.9
      thresh= 3.977E-05 alpha_mix =  0.100 |ddv_scf|^2 =  4.188E-08
 
     Pert. #  1: Fermi energy shift (Ry) =    -1.8070E-20     0.0000E+00
     Pert. #  2: Fermi energy shift (Ry) =    -6.7763E-21    -4.9744E-40
     Pert. #  3: Fermi energy shift (Ry) =    -5.3081E-20    -1.9324E-40

      iter #   4 total cpu time :   187.3 secs   av.it.:  14.9
      thresh= 2.046E-05 alpha_mix =  0.100 |ddv_scf|^2 =  7.628E-10
 
     Pert. #  1: Fermi energy shift (Ry) =    -1.8070E-20    -6.1224E-40
     Pert. #  2: Fermi energy shift (Ry) =    -6.5504E-20     1.5306E-41
     Pert. #  3: Fermi energy shift (Ry) =     8.4703E-21     2.3342E-40

      iter #   5 total cpu time :   189.5 secs   av.it.:  14.8
      thresh= 2.762E-06 alpha_mix =  0.100 |ddv_scf|^2 =  2.548E-10
 
     Pert. #  1: Fermi energy shift (Ry) =     7.2280E-20     6.1224E-41
     Pert. #  2: Fermi energy shift (Ry) =    -3.2752E-20     9.1835E-41
     Pert. #  3: Fermi energy shift (Ry) =    -5.8728E-20     2.7742E-41

      iter #   6 total cpu time :   191.7 secs   av.it.:  15.3
      thresh= 1.596E-06 alpha_mix =  0.100 |ddv_scf|^2 =  7.382E-11
 
     Pert. #  1: Fermi energy shift (Ry) =     1.6263E-19     7.6530E-42
     Pert. #  2: Fermi energy shift (Ry) =    -4.6304E-20     2.5350E-41
     Pert. #  3: Fermi energy shift (Ry) =    -1.2480E-19     1.5306E-41

      iter #   7 total cpu time :   194.1 secs   av.it.:  15.9
      thresh= 8.592E-07 alpha_mix =  0.100 |ddv_scf|^2 =  5.724E-12
 
     Pert. #  1: Fermi energy shift (Ry) =     7.2280E-20    -6.1224E-41
     Pert. #  2: Fermi energy shift (Ry) =    -1.9199E-20    -1.8176E-41
     Pert. #  3: Fermi energy shift (Ry) =    -8.1315E-20    -9.5662E-42

      iter #   8 total cpu time :   196.2 secs   av.it.:  13.3
      thresh= 2.392E-07 alpha_mix =  0.100 |ddv_scf|^2 =  3.827E-12
 
     Pert. #  1: Fermi energy shift (Ry) =    -1.8070E-20    -4.7831E-42
     Pert. #  2: Fermi energy shift (Ry) =    -1.3665E-19     1.6621E-41
     Pert. #  3: Fermi energy shift (Ry) =    -1.5190E-19     3.3183E-42

      iter #   9 total cpu time :   198.6 secs   av.it.:  15.6
      thresh= 1.956E-07 alpha_mix =  0.100 |ddv_scf|^2 =  2.047E-13
 
     Pert. #  1: Fermi energy shift (Ry) =     1.0842E-19    -1.5306E-41
     Pert. #  2: Fermi energy shift (Ry) =    -1.3327E-19    -1.5784E-41
     Pert. #  3: Fermi energy shift (Ry) =    -5.8163E-20     2.7025E-41

      iter #  10 total cpu time :   200.6 secs   av.it.:  13.4
      thresh= 4.525E-08 alpha_mix =  0.100 |ddv_scf|^2 =  1.401E-13
 
     Pert. #  1: Fermi energy shift (Ry) =    -1.8070E-20    -4.5918E-41
     Pert. #  2: Fermi energy shift (Ry) =    -1.2536E-19     6.2180E-42
     Pert. #  3: Fermi energy shift (Ry) =    -9.3174E-20     6.6963E-42

      iter #  11 total cpu time :   203.0 secs   av.it.:  16.1
      thresh= 3.743E-08 alpha_mix =  0.100 |ddv_scf|^2 =  1.797E-14
 
     Pert. #  1: Fermi energy shift (Ry) =     0.0000E+00    -2.2959E-41
     Pert. #  2: Fermi energy shift (Ry) =    -4.0658E-20    -7.6530E-42
     Pert. #  3: Fermi energy shift (Ry) =    -6.2116E-20     1.3632E-41

      iter #  12 total cpu time :   205.1 secs   av.it.:  14.0
      thresh= 1.340E-08 alpha_mix =  0.100 |ddv_scf|^2 =  1.143E-14
 
     Pert. #  1: Fermi energy shift (Ry) =     9.0350E-20    -7.6530E-42
     Pert. #  2: Fermi energy shift (Ry) =    -2.5976E-20    -5.7397E-42
     Pert. #  3: Fermi energy shift (Ry) =    -1.5247E-19    -5.9789E-42

      iter #  13 total cpu time :   207.4 secs   av.it.:  15.3
      thresh= 1.069E-08 alpha_mix =  0.100 |ddv_scf|^2 =  3.145E-15
 
     Pert. #  1: Fermi energy shift (Ry) =     3.6140E-20    -2.2959E-41
     Pert. #  2: Fermi energy shift (Ry) =    -4.1787E-20    -1.1958E-41
     Pert. #  3: Fermi energy shift (Ry) =    -2.4282E-20     3.9221E-41

      iter #  14 total cpu time :   209.5 secs   av.it.:  14.7
      thresh= 5.608E-09 alpha_mix =  0.100 |ddv_scf|^2 =  1.447E-15
 
     Pert. #  1: Fermi energy shift (Ry) =     1.4456E-19    -2.2959E-41
     Pert. #  2: Fermi energy shift (Ry) =    -1.5811E-20     7.1746E-42
     Pert. #  3: Fermi energy shift (Ry) =    -5.7034E-20     4.9266E-41

      iter #  15 total cpu time :   211.6 secs   av.it.:  13.6
      thresh= 3.804E-09 alpha_mix =  0.100 |ddv_scf|^2 =  1.033E-15
 
     Pert. #  1: Fermi energy shift (Ry) =     3.6140E-20    -2.2959E-41
     Pert. #  2: Fermi energy shift (Ry) =    -6.0986E-20    -1.9132E-42
     Pert. #  3: Fermi energy shift (Ry) =     8.3574E-20    -2.3676E-41

      iter #  16 total cpu time :   214.0 secs   av.it.:  16.0
      thresh= 3.214E-09 alpha_mix =  0.100 |ddv_scf|^2 =  7.031E-17

     End of self-consistent calculation

     Convergence has been achieved 
 
     Number of q in the star =    1
     List of q in the star:
          1   0.000000000   0.000000000   0.000000000

     Diagonalizing the dynamical matrix

     q = (    0.000000000   0.000000000   0.000000000 ) 

 **************************************************************************
     freq (    1) =      -0.628616 [THz] =     -20.968382 [cm-1]
     freq (    2) =      -0.628616 [THz] =     -20.968382 [cm-1]
     freq (    3) =      -0.628616 [THz] =     -20.968382 [cm-1]
     freq (    4) =       3.068968 [THz] =     102.369747 [cm-1]
     freq (    5) =       3.068968 [THz] =     102.369747 [cm-1]
     freq (    6) =       3.068968 [THz] =     102.369747 [cm-1]
     freq (    7) =       3.228337 [THz] =     107.685717 [cm-1]
     freq (    8) =       3.228337 [THz] =     107.685717 [cm-1]
     freq (    9) =       3.228337 [THz] =     107.685717 [cm-1]
     freq (   10) =       4.379564 [THz] =     146.086522 [cm-1]
     freq (   11) =       4.379564 [THz] =     146.086522 [cm-1]
     freq (   12) =       7.073403 [THz] =     235.943340 [cm-1]
     freq (   13) =      12.105198 [THz] =     403.785932 [cm-1]
     freq (   14) =      12.105198 [THz] =     403.785932 [cm-1]
     freq (   15) =      12.105198 [THz] =     403.785932 [cm-1]
     freq (   16) =      13.635824 [THz] =     454.842144 [cm-1]
     freq (   17) =      13.635824 [THz] =     454.842144 [cm-1]
     freq (   18) =      13.635824 [THz] =     454.842144 [cm-1]
     freq (   19) =      14.446567 [THz] =     481.885612 [cm-1]
     freq (   20) =      14.446567 [THz] =     481.885612 [cm-1]
     freq (   21) =      14.663736 [THz] =     489.129575 [cm-1]
     freq (   22) =      14.663736 [THz] =     489.129575 [cm-1]
     freq (   23) =      14.663736 [THz] =     489.129575 [cm-1]
     freq (   24) =      16.703401 [THz] =     557.165468 [cm-1]
 **************************************************************************

     Mode symmetry, T_d (-43m)  point group:

     freq (   1-   3) =        -21.0  [cm-1]   --> T_2  G_15 P_4   I+R
     freq (   4-   6) =        102.4  [cm-1]   --> T_2  G_15 P_4   I+R
     freq (   7-   9) =        107.7  [cm-1]   --> T_1  G_25 P_5      
     freq (  10-  11) =        146.1  [cm-1]   --> E    G_12 P_3   R  
     freq (  12-  12) =        235.9  [cm-1]   --> A_1  G_1  P_1   R  
     freq (  13-  15) =        403.8  [cm-1]   --> T_2  G_15 P_4   I+R
     freq (  16-  18) =        454.8  [cm-1]   --> T_1  G_25 P_5      
     freq (  19-  20) =        481.9  [cm-1]   --> E    G_12 P_3   R  
     freq (  21-  23) =        489.1  [cm-1]   --> T_2  G_15 P_4   I+R
     freq (  24-  24) =        557.2  [cm-1]   --> A_1  G_1  P_1   R  

     Calculation of q =    0.0000000   0.0000000   0.2500000
 
     Parallelization info
     --------------------
     sticks:   dense  smooth     PW     G-vecs:    dense   smooth      PW
     Min         139     139     40                 4933     4933     762
     Max         140     140     41                 4936     4936     765
     Sum        2225    2225    641                78949    78949   12197
 
     Using Slab Decomposition
 

     Title: 
     --                                                                         


     bravais-lattice index     =            0
     lattice parameter (alat)  =       8.3571  a.u.
     unit-cell volume          =     583.6692 (a.u.)^3
     number of atoms/cell      =            8
     number of atomic types    =            2
     number of electrons       =        72.00
     number of Kohn-Sham states=           43
     kinetic-energy cutoff     =     100.0000  Ry
     charge density cutoff     =     400.0000  Ry
     Exchange-correlation= PBE
                           (   1   4   3   4   0   0   0)

     celldm(1)=   8.357100  celldm(2)=   0.000000  celldm(3)=   0.000000
     celldm(4)=   0.000000  celldm(5)=   0.000000  celldm(6)=   0.000000

     crystal axes: (cart. coord. in units of alat)
               a(1) = (   1.000000   0.000000   0.000000 )  
               a(2) = (   0.000000   1.000000   0.000000 )  
               a(3) = (   0.000000   0.000000   1.000000 )  

     reciprocal axes: (cart. coord. in units 2 pi/alat)
               b(1) = (  1.000000  0.000000  0.000000 )  
               b(2) = (  0.000000  1.000000  0.000000 )  
               b(3) = (  0.000000  0.000000  1.000000 )  


     PseudoPot. # 1 for Nb read from file:
     /pscratch/sd/m/mhussien/NbN/2025/All_data/bulk-press-epi/pristine/June_06/pseudo/Nb_pbe.upf
     MD5 check sum: 712dd6877a67fb2d3f70e8edbadf3134
     Pseudo is Norm-conserving + core correction, Zval = 13.0
     Generated using ONCVPSP code by D. R. Hamann
     Using radial grid of 1680 points,  6 beta functions with: 
                l(1) =   0
                l(2) =   0
                l(3) =   1
                l(4) =   1
                l(5) =   2
                l(6) =   2

     PseudoPot. # 2 for N  read from file:
     /pscratch/sd/m/mhussien/NbN/2025/All_data/bulk-press-epi/pristine/June_06/pseudo/N_pbe.upf
     MD5 check sum: d34365f73bb0e2ee98afc20ec3e87676
     Pseudo is Norm-conserving + core correction, Zval =  5.0
     Generated using ONCVPSP code by D. R. Hamann
     Using radial grid of 1058 points,  4 beta functions with: 
                l(1) =   0
                l(2) =   0
                l(3) =   1
                l(4) =   1

     atomic species   valence    mass     pseudopotential
     Nb               13.00    92.91000     Nb( 1.00)
     N                 5.00    14.01000     N ( 1.00)

     24 Sym. Ops. (no inversion) found



   Cartesian axes

     site n.     atom                  positions (alat units)
         1        Nb     tau(   1) = (   0.2327065   0.7672935   0.2327065  )
         2        Nb     tau(   2) = (   0.7672935   0.2327065   0.2327065  )
         3        Nb     tau(   3) = (   0.7672935   0.7672935   0.7672935  )
         4        Nb     tau(   4) = (   0.2327065   0.2327065   0.7672935  )
         5        N      tau(   5) = (   0.7348907   0.2651093   0.7348907  )
         6        N      tau(   6) = (   0.2651093   0.7348907   0.7348907  )
         7        N      tau(   7) = (   0.2651093   0.2651093   0.2651093  )
         8        N      tau(   8) = (   0.7348907   0.7348907   0.2651093  )

     number of k points=  3276  Marzari-Vanderbilt smearing, width (Ry)=  0.0050

     Number of k-points >= 100: set verbosity='high' to print them.

     Dense  grid:    78949 G-vectors     FFT dimensions: (  54,  54,  54)

     Estimated max dynamical RAM per process >      10.92 MB

     Estimated total dynamical RAM >      21.84 GB

     The potential is recalculated from file :
     ./_ph0/nbn.q_2/nbn.save/charge-density

     Starting wfcs are   56 atomic wfcs

     Band Structure Calculation
     Davidson diagonalization with overlap

     ethr =  1.39E-11,  avg # of iterations = 26.7

     total cpu time spent up to now is       22.8 secs

     End of band structure calculation

     Number of k-points >= 100: set verbosity='high' to print the bands.

     the Fermi energy is    19.9997 ev

     Writing config to output data dir ./_ph0/nbn.q_2/nbn.save/ :
     XML data file

     --                                                                         

     bravais-lattice index     =            0
     lattice parameter (alat)  =       8.3571  a.u.
     unit-cell volume          =     583.6692 (a.u.)^3
     number of atoms/cell      =            8
     number of atomic types    =            2
     kinetic-energy cut-off    =     100.0000  Ry
     charge density cut-off    =     400.0000  Ry
     convergence threshold     =      1.0E-15
     beta                      =       0.1000
     number of iterations used =            4
     Exchange-correlation= PBE
                           (   1   4   3   4   0   0   0)


     celldm(1)=    8.35710  celldm(2)=    0.00000  celldm(3)=    0.00000
     celldm(4)=    0.00000  celldm(5)=    0.00000  celldm(6)=    0.00000

     crystal axes: (cart. coord. in units of alat)
               a(1) = (  1.0000  0.0000  0.0000 )  
               a(2) = (  0.0000  1.0000  0.0000 )  
               a(3) = (  0.0000  0.0000  1.0000 )  

     reciprocal axes: (cart. coord. in units 2 pi/alat)
               b(1) = (  1.0000  0.0000  0.0000 )  
               b(2) = (  0.0000  1.0000  0.0000 )  
               b(3) = (  0.0000  0.0000  1.0000 )  


     Atoms inside the unit cell: 

     Cartesian axes

     site n.  atom      mass           positions (alat units)
        1  Nb     92.9100   tau(    1) = (    0.23271    0.76729    0.23271  )
        2  Nb     92.9100   tau(    2) = (    0.76729    0.23271    0.23271  )
        3  Nb     92.9100   tau(    3) = (    0.76729    0.76729    0.76729  )
        4  Nb     92.9100   tau(    4) = (    0.23271    0.23271    0.76729  )
        5  N      14.0100   tau(    5) = (    0.73489    0.26511    0.73489  )
        6  N      14.0100   tau(    6) = (    0.26511    0.73489    0.73489  )
        7  N      14.0100   tau(    7) = (    0.26511    0.26511    0.26511  )
        8  N      14.0100   tau(    8) = (    0.73489    0.73489    0.26511  )

     Computing dynamical matrix for 
                    q = (   0.0000000   0.0000000   0.2500000 )
 
      4 Sym.Ops. (no q -> -q+G )


     G cutoff =  707.6385  (   4935 G-vectors)     FFT grid: ( 54, 54, 54)

     number of k points=  3276  Marzari-Vanderbilt smearing, width (Ry)=  0.0050

     PseudoPot. # 1 for Nb read from file:
     /pscratch/sd/m/mhussien/NbN/2025/All_data/bulk-press-epi/pristine/June_06/pseudo/Nb_pbe.upf
     MD5 check sum: 712dd6877a67fb2d3f70e8edbadf3134
     Pseudo is Norm-conserving + core correction, Zval = 13.0
     Generated using ONCVPSP code by D. R. Hamann
     Using radial grid of 1680 points,  6 beta functions with: 
                l(1) =   0
                l(2) =   0
                l(3) =   1
                l(4) =   1
                l(5) =   2
                l(6) =   2

     PseudoPot. # 2 for N  read from file:
     /pscratch/sd/m/mhussien/NbN/2025/All_data/bulk-press-epi/pristine/June_06/pseudo/N_pbe.upf
     MD5 check sum: d34365f73bb0e2ee98afc20ec3e87676
     Pseudo is Norm-conserving + core correction, Zval =  5.0
     Generated using ONCVPSP code by D. R. Hamann
     Using radial grid of 1058 points,  4 beta functions with: 
                l(1) =   0
                l(2) =   0
                l(3) =   1
                l(4) =   1

     Mode symmetry, C_2v (mm2)  point group:


     Atomic displacements:
     There are   24 irreducible representations

     Representation     1      1 modes -  To be done

     Representation     2      1 modes -  To be done

     Representation     3      1 modes -  To be done

     Representation     4      1 modes -  To be done

     Representation     5      1 modes -  To be done

     Representation     6      1 modes -  To be done

     Representation     7      1 modes -  To be done

     Representation     8      1 modes -  To be done

     Representation     9      1 modes -  To be done

     Representation    10      1 modes -  To be done

     Representation    11      1 modes -  To be done

     Representation    12      1 modes -  To be done

     Representation    13      1 modes -  To be done

     Representation    14      1 modes -  To be done

     Representation    15      1 modes -  To be done

     Representation    16      1 modes -  To be done

     Representation    17      1 modes -  To be done

     Representation    18      1 modes -  To be done

     Representation    19      1 modes -  To be done

     Representation    20      1 modes -  To be done

     Representation    21      1 modes -  To be done

     Representation    22      1 modes -  To be done

     Representation    23      1 modes -  To be done

     Representation    24      1 modes -  To be done


     Message from routine init_vloc:
     Interpolation table for Vloc re-allocated

     Alpha used in Ewald sum =   2.8000
     PHONON       :   3m44.64s CPU   3m58.21s WALL



     Representation #   1 mode #   1

     Self-consistent Calculation

      iter #   1 total cpu time :   241.2 secs   av.it.:   9.3
      thresh= 1.000E-02 alpha_mix =  0.100 |ddv_scf|^2 =  4.228E-02

      iter #   2 total cpu time :   244.5 secs   av.it.:  10.4
      thresh= 1.000E-02 alpha_mix =  0.100 |ddv_scf|^2 =  9.511E-01

      iter #   3 total cpu time :   247.6 secs   av.it.:  10.1
      thresh= 1.000E-02 alpha_mix =  0.100 |ddv_scf|^2 =  7.943E-06

      iter #   4 total cpu time :   251.1 secs   av.it.:  10.8
      thresh= 2.818E-04 alpha_mix =  0.100 |ddv_scf|^2 =  2.684E-06

      iter #   5 total cpu time :   256.2 secs   av.it.:  11.8
      thresh= 1.638E-04 alpha_mix =  0.100 |ddv_scf|^2 =  4.210E-07

      iter #   6 total cpu time :   259.9 secs   av.it.:  12.7
      thresh= 6.489E-05 alpha_mix =  0.100 |ddv_scf|^2 =  5.596E-08

      iter #   7 total cpu time :   263.0 secs   av.it.:  10.1
      thresh= 2.366E-05 alpha_mix =  0.100 |ddv_scf|^2 =  1.088E-07

      iter #   8 total cpu time :   266.2 secs   av.it.:  10.8
      thresh= 3.298E-05 alpha_mix =  0.100 |ddv_scf|^2 =  3.539E-08

      iter #   9 total cpu time :   269.4 secs   av.it.:  10.6
      thresh= 1.881E-05 alpha_mix =  0.100 |ddv_scf|^2 =  3.911E-08

      iter #  10 total cpu time :   272.9 secs   av.it.:  12.1
      thresh= 1.978E-05 alpha_mix =  0.100 |ddv_scf|^2 =  4.622E-09

      iter #  11 total cpu time :   276.5 secs   av.it.:  12.4
      thresh= 6.799E-06 alpha_mix =  0.100 |ddv_scf|^2 =  2.552E-09

      iter #  12 total cpu time :   280.1 secs   av.it.:  12.2
      thresh= 5.052E-06 alpha_mix =  0.100 |ddv_scf|^2 =  6.804E-10

      iter #  13 total cpu time :   283.7 secs   av.it.:  12.4
      thresh= 2.609E-06 alpha_mix =  0.100 |ddv_scf|^2 =  7.420E-10

      iter #  14 total cpu time :   287.3 secs   av.it.:  12.1
      thresh= 2.724E-06 alpha_mix =  0.100 |ddv_scf|^2 =  1.931E-10

      iter #  15 total cpu time :   290.7 secs   av.it.:  12.0
      thresh= 1.390E-06 alpha_mix =  0.100 |ddv_scf|^2 =  2.883E-10

      iter #  16 total cpu time :   294.3 secs   av.it.:  11.8
      thresh= 1.698E-06 alpha_mix =  0.100 |ddv_scf|^2 =  8.484E-11

      iter #  17 total cpu time :   297.9 secs   av.it.:  12.7
      thresh= 9.211E-07 alpha_mix =  0.100 |ddv_scf|^2 =  6.645E-12

      iter #  18 total cpu time :   301.5 secs   av.it.:  12.4
      thresh= 2.578E-07 alpha_mix =  0.100 |ddv_scf|^2 =  1.014E-12

      iter #  19 total cpu time :   305.2 secs   av.it.:  12.8
      thresh= 1.007E-07 alpha_mix =  0.100 |ddv_scf|^2 =  6.553E-13

      iter #  20 total cpu time :   309.1 secs   av.it.:  13.2
      thresh= 8.095E-08 alpha_mix =  0.100 |ddv_scf|^2 =  3.735E-13

      iter #  21 total cpu time :   312.6 secs   av.it.:  12.3
      thresh= 6.111E-08 alpha_mix =  0.100 |ddv_scf|^2 =  8.300E-14

      iter #  22 total cpu time :   316.1 secs   av.it.:  11.8
      thresh= 2.881E-08 alpha_mix =  0.100 |ddv_scf|^2 =  4.304E-14

      iter #  23 total cpu time :   320.0 secs   av.it.:  13.9
      thresh= 2.075E-08 alpha_mix =  0.100 |ddv_scf|^2 =  5.389E-14

      iter #  24 total cpu time :   323.6 secs   av.it.:  12.3
      thresh= 2.321E-08 alpha_mix =  0.100 |ddv_scf|^2 =  3.369E-15

      iter #  25 total cpu time :   327.2 secs   av.it.:  12.3
      thresh= 5.804E-09 alpha_mix =  0.100 |ddv_scf|^2 =  1.907E-15

      iter #  26 total cpu time :   331.2 secs   av.it.:  13.9
      thresh= 4.367E-09 alpha_mix =  0.100 |ddv_scf|^2 =  1.203E-15

      iter #  27 total cpu time :   334.8 secs   av.it.:  12.4
      thresh= 3.468E-09 alpha_mix =  0.100 |ddv_scf|^2 =  6.880E-15

      iter #  28 total cpu time :   338.1 secs   av.it.:  11.1
      thresh= 8.294E-09 alpha_mix =  0.100 |ddv_scf|^2 =  4.577E-16

     End of self-consistent calculation

     Convergence has been achieved 


     Representation #   2 mode #   2

     Self-consistent Calculation

      iter #   1 total cpu time :   341.3 secs   av.it.:   9.2
      thresh= 1.000E-02 alpha_mix =  0.100 |ddv_scf|^2 =  3.733E-02

      iter #   2 total cpu time :   344.5 secs   av.it.:  10.3
      thresh= 1.000E-02 alpha_mix =  0.100 |ddv_scf|^2 =  8.408E-01

      iter #   3 total cpu time :   347.6 secs   av.it.:  10.0
      thresh= 1.000E-02 alpha_mix =  0.100 |ddv_scf|^2 =  5.886E-06

      iter #   4 total cpu time :   350.9 secs   av.it.:  11.0
      thresh= 2.426E-04 alpha_mix =  0.100 |ddv_scf|^2 =  2.179E-06

      iter #   5 total cpu time :   354.5 secs   av.it.:  12.2
      thresh= 1.476E-04 alpha_mix =  0.100 |ddv_scf|^2 =  3.139E-07

      iter #   6 total cpu time :   358.1 secs   av.it.:  12.7
      thresh= 5.602E-05 alpha_mix =  0.100 |ddv_scf|^2 =  6.294E-08

      iter #   7 total cpu time :   361.2 secs   av.it.:   9.9
      thresh= 2.509E-05 alpha_mix =  0.100 |ddv_scf|^2 =  1.055E-07

      iter #   8 total cpu time :   364.5 secs   av.it.:  11.0
      thresh= 3.248E-05 alpha_mix =  0.100 |ddv_scf|^2 =  3.294E-08

      iter #   9 total cpu time :   367.7 secs   av.it.:  10.6
      thresh= 1.815E-05 alpha_mix =  0.100 |ddv_scf|^2 =  7.686E-08

      iter #  10 total cpu time :   371.1 secs   av.it.:  11.5
      thresh= 2.772E-05 alpha_mix =  0.100 |ddv_scf|^2 =  4.360E-09

      iter #  11 total cpu time :   374.8 secs   av.it.:  12.5
      thresh= 6.603E-06 alpha_mix =  0.100 |ddv_scf|^2 =  2.248E-09

      iter #  12 total cpu time :   378.3 secs   av.it.:  12.2
      thresh= 4.741E-06 alpha_mix =  0.100 |ddv_scf|^2 =  6.518E-10

      iter #  13 total cpu time :   382.0 secs   av.it.:  12.6
      thresh= 2.553E-06 alpha_mix =  0.100 |ddv_scf|^2 =  9.365E-10

      iter #  14 total cpu time :   386.2 secs   av.it.:  12.3
      thresh= 3.060E-06 alpha_mix =  0.100 |ddv_scf|^2 =  1.845E-10

      iter #  15 total cpu time :   389.7 secs   av.it.:  12.2
      thresh= 1.358E-06 alpha_mix =  0.100 |ddv_scf|^2 =  5.865E-10

      iter #  16 total cpu time :   393.0 secs   av.it.:  11.0
      thresh= 2.422E-06 alpha_mix =  0.100 |ddv_scf|^2 =  5.976E-11

      iter #  17 total cpu time :   396.7 secs   av.it.:  12.9
      thresh= 7.730E-07 alpha_mix =  0.100 |ddv_scf|^2 =  1.032E-11

      iter #  18 total cpu time :   400.4 secs   av.it.:  12.8
      thresh= 3.212E-07 alpha_mix =  0.100 |ddv_scf|^2 =  1.883E-12

      iter #  19 total cpu time :   404.0 secs   av.it.:  12.6
      thresh= 1.372E-07 alpha_mix =  0.100 |ddv_scf|^2 =  6.279E-13

      iter #  20 total cpu time :   407.8 secs   av.it.:  12.9
      thresh= 7.924E-08 alpha_mix =  0.100 |ddv_scf|^2 =  1.961E-13

      iter #  21 total cpu time :   411.6 secs   av.it.:  13.3
      thresh= 4.428E-08 alpha_mix =  0.100 |ddv_scf|^2 =  3.021E-13

      iter #  22 total cpu time :   415.2 secs   av.it.:  12.4
      thresh= 5.496E-08 alpha_mix =  0.100 |ddv_scf|^2 =  3.033E-13

      iter #  23 total cpu time :   418.8 secs   av.it.:  12.4
      thresh= 5.507E-08 alpha_mix =  0.100 |ddv_scf|^2 =  1.522E-14

      iter #  24 total cpu time :   422.1 secs   av.it.:  11.2
      thresh= 1.234E-08 alpha_mix =  0.100 |ddv_scf|^2 =  5.038E-15

      iter #  25 total cpu time :   425.8 secs   av.it.:  12.8
      thresh= 7.098E-09 alpha_mix =  0.100 |ddv_scf|^2 =  4.174E-15

      iter #  26 total cpu time :   429.3 secs   av.it.:  12.0
      thresh= 6.460E-09 alpha_mix =  0.100 |ddv_scf|^2 =  1.856E-15

      iter #  27 total cpu time :   433.0 secs   av.it.:  13.0
      thresh= 4.308E-09 alpha_mix =  0.100 |ddv_scf|^2 =  2.292E-15

      iter #  28 total cpu time :   436.7 secs   av.it.:  12.6
      thresh= 4.787E-09 alpha_mix =  0.100 |ddv_scf|^2 =  2.371E-15

      iter #  29 total cpu time :   440.3 secs   av.it.:  12.2
      thresh= 4.869E-09 alpha_mix =  0.100 |ddv_scf|^2 =  6.710E-16

     End of self-consistent calculation

     Convergence has been achieved 


     Representation #   3 mode #   3

     Self-consistent Calculation

      iter #   1 total cpu time :   443.1 secs   av.it.:   7.7
      thresh= 1.000E-02 alpha_mix =  0.100 |ddv_scf|^2 =  5.566E-03

      iter #   2 total cpu time :   446.0 secs   av.it.:   9.3
      thresh= 7.460E-03 alpha_mix =  0.100 |ddv_scf|^2 =  1.253E-01

      iter #   3 total cpu time :   448.8 secs   av.it.:   8.5
      thresh= 1.000E-02 alpha_mix =  0.100 |ddv_scf|^2 =  1.074E-06

      iter #   4 total cpu time :   452.1 secs   av.it.:  11.0
      thresh= 1.037E-04 alpha_mix =  0.100 |ddv_scf|^2 =  4.271E-07

      iter #   5 total cpu time :   455.7 secs   av.it.:  12.1
      thresh= 6.535E-05 alpha_mix =  0.100 |ddv_scf|^2 =  6.973E-08

      iter #   6 total cpu time :   459.4 secs   av.it.:  12.8
      thresh= 2.641E-05 alpha_mix =  0.100 |ddv_scf|^2 =  4.670E-08

      iter #   7 total cpu time :   462.3 secs   av.it.:   9.2
      thresh= 2.161E-05 alpha_mix =  0.100 |ddv_scf|^2 =  2.161E-08

      iter #   8 total cpu time :   465.7 secs   av.it.:  11.8
      thresh= 1.470E-05 alpha_mix =  0.100 |ddv_scf|^2 =  1.267E-08

      iter #   9 total cpu time :   468.7 secs   av.it.:   9.9
      thresh= 1.126E-05 alpha_mix =  0.100 |ddv_scf|^2 =  2.087E-08

      iter #  10 total cpu time :   472.3 secs   av.it.:  12.1
      thresh= 1.445E-05 alpha_mix =  0.100 |ddv_scf|^2 =  9.429E-10

      iter #  11 total cpu time :   475.8 secs   av.it.:  12.0
      thresh= 3.071E-06 alpha_mix =  0.100 |ddv_scf|^2 =  4.174E-10

      iter #  12 total cpu time :   479.4 secs   av.it.:  12.4
      thresh= 2.043E-06 alpha_mix =  0.100 |ddv_scf|^2 =  1.076E-10

      iter #  13 total cpu time :   483.0 secs   av.it.:  12.2
      thresh= 1.037E-06 alpha_mix =  0.100 |ddv_scf|^2 =  2.105E-10

      iter #  14 total cpu time :   486.6 secs   av.it.:  12.4
      thresh= 1.451E-06 alpha_mix =  0.100 |ddv_scf|^2 =  3.806E-11

      iter #  15 total cpu time :   489.7 secs   av.it.:  10.2
      thresh= 6.169E-07 alpha_mix =  0.100 |ddv_scf|^2 =  1.141E-10

      iter #  16 total cpu time :   492.6 secs   av.it.:   9.6
      thresh= 1.068E-06 alpha_mix =  0.100 |ddv_scf|^2 =  9.307E-12

      iter #  17 total cpu time :   496.3 secs   av.it.:  12.8
      thresh= 3.051E-07 alpha_mix =  0.100 |ddv_scf|^2 =  4.243E-12

      iter #  18 total cpu time :   500.1 secs   av.it.:  13.1
      thresh= 2.060E-07 alpha_mix =  0.100 |ddv_scf|^2 =  7.655E-13

      iter #  19 total cpu time :   503.7 secs   av.it.:  12.3
      thresh= 8.749E-08 alpha_mix =  0.100 |ddv_scf|^2 =  2.252E-13

      iter #  20 total cpu time :   507.4 secs   av.it.:  12.9
      thresh= 4.746E-08 alpha_mix =  0.100 |ddv_scf|^2 =  1.075E-13

      iter #  21 total cpu time :   511.3 secs   av.it.:  13.7
      thresh= 3.279E-08 alpha_mix =  0.100 |ddv_scf|^2 =  2.167E-13

      iter #  22 total cpu time :   514.7 secs   av.it.:  11.9
      thresh= 4.655E-08 alpha_mix =  0.100 |ddv_scf|^2 =  3.939E-13

      iter #  23 total cpu time :   518.2 secs   av.it.:  11.9
      thresh= 6.276E-08 alpha_mix =  0.100 |ddv_scf|^2 =  2.628E-14

      iter #  24 total cpu time :   521.8 secs   av.it.:  12.1
      thresh= 1.621E-08 alpha_mix =  0.100 |ddv_scf|^2 =  7.043E-15

      iter #  25 total cpu time :   525.4 secs   av.it.:  12.2
      thresh= 8.392E-09 alpha_mix =  0.100 |ddv_scf|^2 =  2.403E-15

      iter #  26 total cpu time :   529.2 secs   av.it.:  13.1
      thresh= 4.902E-09 alpha_mix =  0.100 |ddv_scf|^2 =  3.304E-16

     End of self-consistent calculation

     Convergence has been achieved 


     Representation #   4 mode #   4

     Self-consistent Calculation

      iter #   1 total cpu time :   532.0 secs   av.it.:   7.8
      thresh= 1.000E-02 alpha_mix =  0.100 |ddv_scf|^2 =  8.818E-03

      iter #   2 total cpu time :   535.0 secs   av.it.:   9.3
      thresh= 9.391E-03 alpha_mix =  0.100 |ddv_scf|^2 =  1.988E-01

      iter #   3 total cpu time :   537.9 secs   av.it.:   9.0
      thresh= 1.000E-02 alpha_mix =  0.100 |ddv_scf|^2 =  8.810E-07

      iter #   4 total cpu time :   541.2 secs   av.it.:  11.0
      thresh= 9.386E-05 alpha_mix =  0.100 |ddv_scf|^2 =  3.228E-07

      iter #   5 total cpu time :   544.7 secs   av.it.:  12.0
      thresh= 5.682E-05 alpha_mix =  0.100 |ddv_scf|^2 =  8.512E-08

      iter #   6 total cpu time :   548.4 secs   av.it.:  13.0
      thresh= 2.918E-05 alpha_mix =  0.100 |ddv_scf|^2 =  5.490E-08

      iter #   7 total cpu time :   551.2 secs   av.it.:   8.5
      thresh= 2.343E-05 alpha_mix =  0.100 |ddv_scf|^2 =  1.198E-08

      iter #   8 total cpu time :   554.7 secs   av.it.:  11.9
      thresh= 1.094E-05 alpha_mix =  0.100 |ddv_scf|^2 =  7.091E-09

      iter #   9 total cpu time :   558.2 secs   av.it.:  12.2
      thresh= 8.421E-06 alpha_mix =  0.100 |ddv_scf|^2 =  1.189E-07

      iter #  10 total cpu time :   561.2 secs   av.it.:   9.7
      thresh= 3.449E-05 alpha_mix =  0.100 |ddv_scf|^2 =  7.434E-10

      iter #  11 total cpu time :   564.5 secs   av.it.:  11.5
      thresh= 2.726E-06 alpha_mix =  0.100 |ddv_scf|^2 =  3.180E-10

      iter #  12 total cpu time :   568.1 secs   av.it.:  12.0
      thresh= 1.783E-06 alpha_mix =  0.100 |ddv_scf|^2 =  8.400E-11

      iter #  13 total cpu time :   571.3 secs   av.it.:  10.8
      thresh= 9.165E-07 alpha_mix =  0.100 |ddv_scf|^2 =  1.904E-10

      iter #  14 total cpu time :   574.9 secs   av.it.:  12.4
      thresh= 1.380E-06 alpha_mix =  0.100 |ddv_scf|^2 =  2.987E-11

      iter #  15 total cpu time :   578.5 secs   av.it.:  12.5
      thresh= 5.465E-07 alpha_mix =  0.100 |ddv_scf|^2 =  2.138E-11

      iter #  16 total cpu time :   582.2 secs   av.it.:  12.5
      thresh= 4.624E-07 alpha_mix =  0.100 |ddv_scf|^2 =  1.807E-11

      iter #  17 total cpu time :   585.6 secs   av.it.:  11.7
      thresh= 4.251E-07 alpha_mix =  0.100 |ddv_scf|^2 =  6.783E-13

      iter #  18 total cpu time :   589.2 secs   av.it.:  12.3
      thresh= 8.236E-08 alpha_mix =  0.100 |ddv_scf|^2 =  2.715E-13

      iter #  19 total cpu time :   593.0 secs   av.it.:  13.4
      thresh= 5.211E-08 alpha_mix =  0.100 |ddv_scf|^2 =  7.615E-13

      iter #  20 total cpu time :   596.3 secs   av.it.:  11.0
      thresh= 8.727E-08 alpha_mix =  0.100 |ddv_scf|^2 =  3.336E-14

      iter #  21 total cpu time :   600.0 secs   av.it.:  12.9
      thresh= 1.827E-08 alpha_mix =  0.100 |ddv_scf|^2 =  1.827E-14

      iter #  22 total cpu time :   603.8 secs   av.it.:  13.2
      thresh= 1.352E-08 alpha_mix =  0.100 |ddv_scf|^2 =  1.268E-14

      iter #  23 total cpu time :   607.2 secs   av.it.:  11.8
      thresh= 1.126E-08 alpha_mix =  0.100 |ddv_scf|^2 =  2.776E-14

      iter #  24 total cpu time :   610.6 secs   av.it.:  11.7
      thresh= 1.666E-08 alpha_mix =  0.100 |ddv_scf|^2 =  1.707E-15

      iter #  25 total cpu time :   614.4 secs   av.it.:  13.0
      thresh= 4.132E-09 alpha_mix =  0.100 |ddv_scf|^2 =  1.651E-15

      iter #  26 total cpu time :   618.2 secs   av.it.:  13.2
      thresh= 4.064E-09 alpha_mix =  0.100 |ddv_scf|^2 =  4.236E-15

      iter #  27 total cpu time :   621.8 secs   av.it.:  12.1
      thresh= 6.509E-09 alpha_mix =  0.100 |ddv_scf|^2 =  3.597E-16

     End of self-consistent calculation

     Convergence has been achieved 


     Representation #   5 mode #   5

     Self-consistent Calculation

      iter #   1 total cpu time :   624.5 secs   av.it.:   7.6
      thresh= 1.000E-02 alpha_mix =  0.100 |ddv_scf|^2 =  3.777E-03

      iter #   2 total cpu time :   627.5 secs   av.it.:   9.3
      thresh= 6.145E-03 alpha_mix =  0.100 |ddv_scf|^2 =  8.521E-02

      iter #   3 total cpu time :   630.2 secs   av.it.:   8.2
      thresh= 1.000E-02 alpha_mix =  0.100 |ddv_scf|^2 =  8.605E-07

      iter #   4 total cpu time :   633.6 secs   av.it.:  11.2
      thresh= 9.276E-05 alpha_mix =  0.100 |ddv_scf|^2 =  4.222E-07

      iter #   5 total cpu time :   637.2 secs   av.it.:  12.4
      thresh= 6.498E-05 alpha_mix =  0.100 |ddv_scf|^2 =  4.741E-08

      iter #   6 total cpu time :   640.8 secs   av.it.:  12.8
      thresh= 2.177E-05 alpha_mix =  0.100 |ddv_scf|^2 =  1.293E-08

      iter #   7 total cpu time :   644.3 secs   av.it.:  11.8
      thresh= 1.137E-05 alpha_mix =  0.100 |ddv_scf|^2 =  5.278E-08

      iter #   8 total cpu time :   647.4 secs   av.it.:  10.1
      thresh= 2.297E-05 alpha_mix =  0.100 |ddv_scf|^2 =  9.212E-09

      iter #   9 total cpu time :   650.9 secs   av.it.:  11.7
      thresh= 9.598E-06 alpha_mix =  0.100 |ddv_scf|^2 =  7.193E-08

      iter #  10 total cpu time :   653.9 secs   av.it.:   9.9
      thresh= 2.682E-05 alpha_mix =  0.100 |ddv_scf|^2 =  9.820E-10

      iter #  11 total cpu time :   657.4 secs   av.it.:  12.0
      thresh= 3.134E-06 alpha_mix =  0.100 |ddv_scf|^2 =  3.095E-10

      iter #  12 total cpu time :   661.0 secs   av.it.:  12.2
      thresh= 1.759E-06 alpha_mix =  0.100 |ddv_scf|^2 =  7.850E-11

      iter #  13 total cpu time :   664.8 secs   av.it.:  13.3
      thresh= 8.860E-07 alpha_mix =  0.100 |ddv_scf|^2 =  3.224E-11

      iter #  14 total cpu time :   668.4 secs   av.it.:  12.2
      thresh= 5.678E-07 alpha_mix =  0.100 |ddv_scf|^2 =  1.079E-10

      iter #  15 total cpu time :   671.8 secs   av.it.:  11.7
      thresh= 1.039E-06 alpha_mix =  0.100 |ddv_scf|^2 =  7.052E-12

      iter #  16 total cpu time :   675.4 secs   av.it.:  12.1
      thresh= 2.656E-07 alpha_mix =  0.100 |ddv_scf|^2 =  1.743E-11

      iter #  17 total cpu time :   678.8 secs   av.it.:  11.5
      thresh= 4.175E-07 alpha_mix =  0.100 |ddv_scf|^2 =  1.831E-12

      iter #  18 total cpu time :   682.4 secs   av.it.:  12.5
      thresh= 1.353E-07 alpha_mix =  0.100 |ddv_scf|^2 =  1.099E-12

      iter #  19 total cpu time :   686.2 secs   av.it.:  13.5
      thresh= 1.048E-07 alpha_mix =  0.100 |ddv_scf|^2 =  3.915E-13

      iter #  20 total cpu time :   690.8 secs   av.it.:  13.1
      thresh= 6.257E-08 alpha_mix =  0.100 |ddv_scf|^2 =  4.781E-13

      iter #  21 total cpu time :   694.0 secs   av.it.:  10.5
      thresh= 6.914E-08 alpha_mix =  0.100 |ddv_scf|^2 =  4.153E-13

      iter #  22 total cpu time :   698.2 secs   av.it.:  11.8
      thresh= 6.444E-08 alpha_mix =  0.100 |ddv_scf|^2 =  3.457E-13

      iter #  23 total cpu time :   701.5 secs   av.it.:  11.2
      thresh= 5.880E-08 alpha_mix =  0.100 |ddv_scf|^2 =  1.020E-13

      iter #  24 total cpu time :   704.9 secs   av.it.:  11.5
      thresh= 3.194E-08 alpha_mix =  0.100 |ddv_scf|^2 =  6.504E-14

      iter #  25 total cpu time :   708.6 secs   av.it.:  12.7
      thresh= 2.550E-08 alpha_mix =  0.100 |ddv_scf|^2 =  3.719E-14

      iter #  26 total cpu time :   712.1 secs   av.it.:  12.1
      thresh= 1.928E-08 alpha_mix =  0.100 |ddv_scf|^2 =  2.080E-14

      iter #  27 total cpu time :   715.3 secs   av.it.:  10.6
      thresh= 1.442E-08 alpha_mix =  0.100 |ddv_scf|^2 =  4.598E-14

      iter #  28 total cpu time :   718.4 secs   av.it.:  10.5
      thresh= 2.144E-08 alpha_mix =  0.100 |ddv_scf|^2 =  1.424E-14

      iter #  29 total cpu time :   722.1 secs   av.it.:  12.6
      thresh= 1.194E-08 alpha_mix =  0.100 |ddv_scf|^2 =  8.830E-15

      iter #  30 total cpu time :   725.8 secs   av.it.:  12.9
      thresh= 9.397E-09 alpha_mix =  0.100 |ddv_scf|^2 =  2.050E-15

      iter #  31 total cpu time :   729.3 secs   av.it.:  12.1
      thresh= 4.527E-09 alpha_mix =  0.100 |ddv_scf|^2 =  1.007E-15

      iter #  32 total cpu time :   732.9 secs   av.it.:  12.2
      thresh= 3.173E-09 alpha_mix =  0.100 |ddv_scf|^2 =  8.009E-16

     End of self-consistent calculation

     Convergence has been achieved 


     Representation #   6 mode #   6

     Self-consistent Calculation

      iter #   1 total cpu time :   736.0 secs   av.it.:   9.1
      thresh= 1.000E-02 alpha_mix =  0.100 |ddv_scf|^2 =  2.236E-02

      iter #   2 total cpu time :   739.1 secs   av.it.:  10.0
      thresh= 1.000E-02 alpha_mix =  0.100 |ddv_scf|^2 =  5.024E-01

      iter #   3 total cpu time :   742.2 secs   av.it.:   9.7
      thresh= 1.000E-02 alpha_mix =  0.100 |ddv_scf|^2 =  7.540E-06

      iter #   4 total cpu time :   745.4 secs   av.it.:  10.8
      thresh= 2.746E-04 alpha_mix =  0.100 |ddv_scf|^2 =  2.949E-06

      iter #   5 total cpu time :   749.0 secs   av.it.:  12.1
      thresh= 1.717E-04 alpha_mix =  0.100 |ddv_scf|^2 =  2.365E-07

      iter #   6 total cpu time :   752.6 secs   av.it.:  12.7
      thresh= 4.863E-05 alpha_mix =  0.100 |ddv_scf|^2 =  5.131E-08

      iter #   7 total cpu time :   755.6 secs   av.it.:   9.7
      thresh= 2.265E-05 alpha_mix =  0.100 |ddv_scf|^2 =  6.388E-08

      iter #   8 total cpu time :   758.9 secs   av.it.:  11.4
      thresh= 2.527E-05 alpha_mix =  0.100 |ddv_scf|^2 =  3.848E-08

      iter #   9 total cpu time :   762.0 secs   av.it.:  10.1
      thresh= 1.962E-05 alpha_mix =  0.100 |ddv_scf|^2 =  2.387E-08

      iter #  10 total cpu time :   765.7 secs   av.it.:  12.7
      thresh= 1.545E-05 alpha_mix =  0.100 |ddv_scf|^2 =  3.631E-09

      iter #  11 total cpu time :   769.3 secs   av.it.:  12.5
      thresh= 6.026E-06 alpha_mix =  0.100 |ddv_scf|^2 =  1.390E-09

      iter #  12 total cpu time :   772.9 secs   av.it.:  12.6
      thresh= 3.729E-06 alpha_mix =  0.100 |ddv_scf|^2 =  3.902E-10

      iter #  13 total cpu time :   776.8 secs   av.it.:  12.6
      thresh= 1.975E-06 alpha_mix =  0.100 |ddv_scf|^2 =  1.297E-09

      iter #  14 total cpu time :   780.3 secs   av.it.:  12.0
      thresh= 3.601E-06 alpha_mix =  0.100 |ddv_scf|^2 =  2.226E-10

      iter #  15 total cpu time :   783.9 secs   av.it.:  12.3
      thresh= 1.492E-06 alpha_mix =  0.100 |ddv_scf|^2 =  4.448E-10

      iter #  16 total cpu time :   787.4 secs   av.it.:  11.9
      thresh= 2.109E-06 alpha_mix =  0.100 |ddv_scf|^2 =  4.888E-11

      iter #  17 total cpu time :   791.2 secs   av.it.:  12.6
      thresh= 6.991E-07 alpha_mix =  0.100 |ddv_scf|^2 =  6.677E-12

      iter #  18 total cpu time :   795.0 secs   av.it.:  13.0
      thresh= 2.584E-07 alpha_mix =  0.100 |ddv_scf|^2 =  3.164E-12

      iter #  19 total cpu time :   798.9 secs   av.it.:  12.8
      thresh= 1.779E-07 alpha_mix =  0.100 |ddv_scf|^2 =  1.375E-12

      iter #  20 total cpu time :   802.3 secs   av.it.:  11.7
      thresh= 1.172E-07 alpha_mix =  0.100 |ddv_scf|^2 =  8.507E-13

      iter #  21 total cpu time :   806.1 secs   av.it.:  13.2
      thresh= 9.223E-08 alpha_mix =  0.100 |ddv_scf|^2 =  6.526E-14

      iter #  22 total cpu time :   809.8 secs   av.it.:  12.5
      thresh= 2.555E-08 alpha_mix =  0.100 |ddv_scf|^2 =  3.409E-14

      iter #  23 total cpu time :   813.5 secs   av.it.:  12.9
      thresh= 1.846E-08 alpha_mix =  0.100 |ddv_scf|^2 =  4.805E-14

      iter #  24 total cpu time :   817.2 secs   av.it.:  13.0
      thresh= 2.192E-08 alpha_mix =  0.100 |ddv_scf|^2 =  1.717E-14

      iter #  25 total cpu time :   820.8 secs   av.it.:  12.0
      thresh= 1.310E-08 alpha_mix =  0.100 |ddv_scf|^2 =  5.266E-15

      iter #  26 total cpu time :   824.7 secs   av.it.:  13.7
      thresh= 7.257E-09 alpha_mix =  0.100 |ddv_scf|^2 =  3.538E-15

      iter #  27 total cpu time :   828.4 secs   av.it.:  13.0
      thresh= 5.948E-09 alpha_mix =  0.100 |ddv_scf|^2 =  2.589E-15

      iter #  28 total cpu time :   831.8 secs   av.it.:  11.2
      thresh= 5.088E-09 alpha_mix =  0.100 |ddv_scf|^2 =  4.130E-16

     End of self-consistent calculation

     Convergence has been achieved 


     Representation #   7 mode #   7

     Self-consistent Calculation

      iter #   1 total cpu time :   834.5 secs   av.it.:   7.2
      thresh= 1.000E-02 alpha_mix =  0.100 |ddv_scf|^2 =  5.247E-04

      iter #   2 total cpu time :   837.5 secs   av.it.:   9.4
      thresh= 2.291E-03 alpha_mix =  0.100 |ddv_scf|^2 =  1.174E-02

      iter #   3 total cpu time :   839.8 secs   av.it.:   6.8
      thresh= 1.000E-02 alpha_mix =  0.100 |ddv_scf|^2 =  1.015E-06

      iter #   4 total cpu time :   843.2 secs   av.it.:  11.2
      thresh= 1.007E-04 alpha_mix =  0.100 |ddv_scf|^2 =  4.865E-07

      iter #   5 total cpu time :   846.8 secs   av.it.:  12.7
      thresh= 6.975E-05 alpha_mix =  0.100 |ddv_scf|^2 =  2.426E-08

      iter #   6 total cpu time :   850.3 secs   av.it.:  11.7
      thresh= 1.558E-05 alpha_mix =  0.100 |ddv_scf|^2 =  6.300E-08

      iter #   7 total cpu time :   853.2 secs   av.it.:   9.2
      thresh= 2.510E-05 alpha_mix =  0.100 |ddv_scf|^2 =  1.840E-08

      iter #   8 total cpu time :   856.5 secs   av.it.:  11.1
      thresh= 1.356E-05 alpha_mix =  0.100 |ddv_scf|^2 =  1.965E-08

      iter #   9 total cpu time :   860.0 secs   av.it.:  12.0
      thresh= 1.402E-05 alpha_mix =  0.100 |ddv_scf|^2 =  1.782E-09

      iter #  10 total cpu time :   863.6 secs   av.it.:  12.4
      thresh= 4.222E-06 alpha_mix =  0.100 |ddv_scf|^2 =  1.006E-09

      iter #  11 total cpu time :   867.2 secs   av.it.:  12.5
      thresh= 3.172E-06 alpha_mix =  0.100 |ddv_scf|^2 =  1.790E-10

      iter #  12 total cpu time :   871.0 secs   av.it.:  13.0
      thresh= 1.338E-06 alpha_mix =  0.100 |ddv_scf|^2 =  1.585E-10

      iter #  13 total cpu time :   874.5 secs   av.it.:  12.1
      thresh= 1.259E-06 alpha_mix =  0.100 |ddv_scf|^2 =  2.451E-10

      iter #  14 total cpu time :   878.0 secs   av.it.:  12.1
      thresh= 1.566E-06 alpha_mix =  0.100 |ddv_scf|^2 =  4.423E-11

      iter #  15 total cpu time :   881.3 secs   av.it.:  10.9
      thresh= 6.650E-07 alpha_mix =  0.100 |ddv_scf|^2 =  1.578E-11

      iter #  16 total cpu time :   884.6 secs   av.it.:  11.5
      thresh= 3.972E-07 alpha_mix =  0.100 |ddv_scf|^2 =  4.404E-12

      iter #  17 total cpu time :   888.6 secs   av.it.:  13.9
      thresh= 2.099E-07 alpha_mix =  0.100 |ddv_scf|^2 =  4.048E-12

      iter #  18 total cpu time :   892.2 secs   av.it.:  12.2
      thresh= 2.012E-07 alpha_mix =  0.100 |ddv_scf|^2 =  4.551E-13

      iter #  19 total cpu time :   895.7 secs   av.it.:  12.4
      thresh= 6.746E-08 alpha_mix =  0.100 |ddv_scf|^2 =  1.048E-13

      iter #  20 total cpu time :   899.4 secs   av.it.:  12.6
      thresh= 3.237E-08 alpha_mix =  0.100 |ddv_scf|^2 =  4.827E-14

      iter #  21 total cpu time :   903.1 secs   av.it.:  13.1
      thresh= 2.197E-08 alpha_mix =  0.100 |ddv_scf|^2 =  2.105E-13

      iter #  22 total cpu time :   906.5 secs   av.it.:  11.6
      thresh= 4.588E-08 alpha_mix =  0.100 |ddv_scf|^2 =  1.539E-14

      iter #  23 total cpu time :   910.1 secs   av.it.:  12.3
      thresh= 1.240E-08 alpha_mix =  0.100 |ddv_scf|^2 =  1.131E-14

      iter #  24 total cpu time :   913.2 secs   av.it.:  10.4
      thresh= 1.063E-08 alpha_mix =  0.100 |ddv_scf|^2 =  7.795E-15

      iter #  25 total cpu time :   917.1 secs   av.it.:  13.5
      thresh= 8.829E-09 alpha_mix =  0.100 |ddv_scf|^2 =  3.971E-15

      iter #  26 total cpu time :   920.6 secs   av.it.:  12.2
      thresh= 6.302E-09 alpha_mix =  0.100 |ddv_scf|^2 =  1.086E-15

      iter #  27 total cpu time :   924.4 secs   av.it.:  13.1
      thresh= 3.295E-09 alpha_mix =  0.100 |ddv_scf|^2 =  8.676E-16

     End of self-consistent calculation

     Convergence has been achieved 


     Representation #   8 mode #   8

     Self-consistent Calculation

      iter #   1 total cpu time :   927.5 secs   av.it.:   9.0
      thresh= 1.000E-02 alpha_mix =  0.100 |ddv_scf|^2 =  1.741E-02

      iter #   2 total cpu time :   930.6 secs   av.it.:   9.8
      thresh= 1.000E-02 alpha_mix =  0.100 |ddv_scf|^2 =  3.921E-01

      iter #   3 total cpu time :   933.6 secs   av.it.:   9.5
      thresh= 1.000E-02 alpha_mix =  0.100 |ddv_scf|^2 =  5.196E-06

      iter #   4 total cpu time :   936.9 secs   av.it.:  11.0
      thresh= 2.279E-04 alpha_mix =  0.100 |ddv_scf|^2 =  2.325E-06

      iter #   5 total cpu time :   940.5 secs   av.it.:  12.5
      thresh= 1.525E-04 alpha_mix =  0.100 |ddv_scf|^2 =  1.493E-07

      iter #   6 total cpu time :   944.2 secs   av.it.:  12.7
      thresh= 3.864E-05 alpha_mix =  0.100 |ddv_scf|^2 =  8.799E-08

      iter #   7 total cpu time :   947.0 secs   av.it.:   9.0
      thresh= 2.966E-05 alpha_mix =  0.100 |ddv_scf|^2 =  5.318E-08

      iter #   8 total cpu time :   950.4 secs   av.it.:  11.6
      thresh= 2.306E-05 alpha_mix =  0.100 |ddv_scf|^2 =  3.048E-08

      iter #   9 total cpu time :   953.4 secs   av.it.:   9.6
      thresh= 1.746E-05 alpha_mix =  0.100 |ddv_scf|^2 =  5.081E-08

      iter #  10 total cpu time :   956.9 secs   av.it.:  11.8
      thresh= 2.254E-05 alpha_mix =  0.100 |ddv_scf|^2 =  2.714E-09

      iter #  11 total cpu time :   960.5 secs   av.it.:  12.7
      thresh= 5.210E-06 alpha_mix =  0.100 |ddv_scf|^2 =  1.115E-09

      iter #  12 total cpu time :   964.2 secs   av.it.:  12.8
      thresh= 3.339E-06 alpha_mix =  0.100 |ddv_scf|^2 =  3.997E-10

      iter #  13 total cpu time :   967.9 secs   av.it.:  12.7
      thresh= 1.999E-06 alpha_mix =  0.100 |ddv_scf|^2 =  1.358E-09

      iter #  14 total cpu time :   971.5 secs   av.it.:  12.4
      thresh= 3.685E-06 alpha_mix =  0.100 |ddv_scf|^2 =  1.965E-10

      iter #  15 total cpu time :   974.8 secs   av.it.:  10.9
      thresh= 1.402E-06 alpha_mix =  0.100 |ddv_scf|^2 =  5.570E-10

      iter #  16 total cpu time :   977.9 secs   av.it.:  10.2
      thresh= 2.360E-06 alpha_mix =  0.100 |ddv_scf|^2 =  2.863E-11

      iter #  17 total cpu time :   981.5 secs   av.it.:  12.7
      thresh= 5.351E-07 alpha_mix =  0.100 |ddv_scf|^2 =  8.223E-12

      iter #  18 total cpu time :   985.3 secs   av.it.:  13.1
      thresh= 2.868E-07 alpha_mix =  0.100 |ddv_scf|^2 =  5.612E-12

      iter #  19 total cpu time :   988.9 secs   av.it.:  12.8
      thresh= 2.369E-07 alpha_mix =  0.100 |ddv_scf|^2 =  8.111E-13

      iter #  20 total cpu time :   992.5 secs   av.it.:  12.6
      thresh= 9.006E-08 alpha_mix =  0.100 |ddv_scf|^2 =  3.829E-13

      iter #  21 total cpu time :   996.2 secs   av.it.:  12.6
      thresh= 6.188E-08 alpha_mix =  0.100 |ddv_scf|^2 =  1.300E-13

      iter #  22 total cpu time :   999.8 secs   av.it.:  12.3
      thresh= 3.606E-08 alpha_mix =  0.100 |ddv_scf|^2 =  1.604E-13

      iter #  23 total cpu time :  1003.1 secs   av.it.:  11.5
      thresh= 4.005E-08 alpha_mix =  0.100 |ddv_scf|^2 =  7.800E-14

      iter #  24 total cpu time :  1007.1 secs   av.it.:  14.0
      thresh= 2.793E-08 alpha_mix =  0.100 |ddv_scf|^2 =  2.788E-14

      iter #  25 total cpu time :  1010.6 secs   av.it.:  12.1
      thresh= 1.670E-08 alpha_mix =  0.100 |ddv_scf|^2 =  1.090E-14

      iter #  26 total cpu time :  1014.3 secs   av.it.:  12.8
      thresh= 1.044E-08 alpha_mix =  0.100 |ddv_scf|^2 =  1.094E-15

      iter #  27 total cpu time :  1017.7 secs   av.it.:  11.6
      thresh= 3.308E-09 alpha_mix =  0.100 |ddv_scf|^2 =  5.314E-16

     End of self-consistent calculation

     Convergence has been achieved 


     Representation #   9 mode #   9

     Self-consistent Calculation

      iter #   1 total cpu time :  1020.6 secs   av.it.:   8.2
      thresh= 1.000E-02 alpha_mix =  0.100 |ddv_scf|^2 =  9.425E-06

      iter #   2 total cpu time :  1023.8 secs   av.it.:  10.7
      thresh= 3.070E-04 alpha_mix =  0.100 |ddv_scf|^2 =  5.051E-06

      iter #   3 total cpu time :  1027.6 secs   av.it.:  12.7
      thresh= 2.247E-04 alpha_mix =  0.100 |ddv_scf|^2 =  5.659E-08

      iter #   4 total cpu time :  1031.3 secs   av.it.:  13.0
      thresh= 2.379E-05 alpha_mix =  0.100 |ddv_scf|^2 =  4.526E-09

      iter #   5 total cpu time :  1035.0 secs   av.it.:  12.8
      thresh= 6.727E-06 alpha_mix =  0.100 |ddv_scf|^2 =  2.072E-09

      iter #   6 total cpu time :  1039.0 secs   av.it.:  14.2
      thresh= 4.552E-06 alpha_mix =  0.100 |ddv_scf|^2 =  4.660E-11

      iter #   7 total cpu time :  1042.6 secs   av.it.:  12.2
      thresh= 6.826E-07 alpha_mix =  0.100 |ddv_scf|^2 =  2.858E-11

      iter #   8 total cpu time :  1046.7 secs   av.it.:  14.6
      thresh= 5.346E-07 alpha_mix =  0.100 |ddv_scf|^2 =  9.767E-13

      iter #   9 total cpu time :  1050.7 secs   av.it.:  14.2
      thresh= 9.883E-08 alpha_mix =  0.100 |ddv_scf|^2 =  1.034E-13

      iter #  10 total cpu time :  1054.7 secs   av.it.:  13.9
      thresh= 3.216E-08 alpha_mix =  0.100 |ddv_scf|^2 =  3.832E-14

      iter #  11 total cpu time :  1058.4 secs   av.it.:  13.1
      thresh= 1.958E-08 alpha_mix =  0.100 |ddv_scf|^2 =  8.577E-15

      iter #  12 total cpu time :  1062.3 secs   av.it.:  13.5
      thresh= 9.261E-09 alpha_mix =  0.100 |ddv_scf|^2 =  3.293E-15

      iter #  13 total cpu time :  1065.8 secs   av.it.:  12.3
      thresh= 5.739E-09 alpha_mix =  0.100 |ddv_scf|^2 =  2.399E-15

      iter #  14 total cpu time :  1069.8 secs   av.it.:  13.9
      thresh= 4.898E-09 alpha_mix =  0.100 |ddv_scf|^2 =  9.173E-16

     End of self-consistent calculation

     Convergence has been achieved 


     Representation #  10 mode #  10

     Self-consistent Calculation

      iter #   1 total cpu time :  1072.3 secs   av.it.:   6.9
      thresh= 1.000E-02 alpha_mix =  0.100 |ddv_scf|^2 =  1.870E-06

      iter #   2 total cpu time :  1075.5 secs   av.it.:  10.6
      thresh= 1.367E-04 alpha_mix =  0.100 |ddv_scf|^2 =  1.028E-06

      iter #   3 total cpu time :  1079.2 secs   av.it.:  12.8
      thresh= 1.014E-04 alpha_mix =  0.100 |ddv_scf|^2 =  1.993E-08

      iter #   4 total cpu time :  1083.0 secs   av.it.:  13.4
      thresh= 1.412E-05 alpha_mix =  0.100 |ddv_scf|^2 =  1.463E-09

      iter #   5 total cpu time :  1086.8 secs   av.it.:  13.0
      thresh= 3.825E-06 alpha_mix =  0.100 |ddv_scf|^2 =  6.807E-10

      iter #   6 total cpu time :  1090.8 secs   av.it.:  13.8
      thresh= 2.609E-06 alpha_mix =  0.100 |ddv_scf|^2 =  2.947E-11

      iter #   7 total cpu time :  1094.4 secs   av.it.:  12.3
      thresh= 5.429E-07 alpha_mix =  0.100 |ddv_scf|^2 =  1.470E-11

      iter #   8 total cpu time :  1098.4 secs   av.it.:  14.3
      thresh= 3.834E-07 alpha_mix =  0.100 |ddv_scf|^2 =  1.971E-13

      iter #   9 total cpu time :  1102.3 secs   av.it.:  13.8
      thresh= 4.440E-08 alpha_mix =  0.100 |ddv_scf|^2 =  2.967E-14

      iter #  10 total cpu time :  1106.4 secs   av.it.:  14.1
      thresh= 1.723E-08 alpha_mix =  0.100 |ddv_scf|^2 =  7.951E-15

      iter #  11 total cpu time :  1110.2 secs   av.it.:  13.4
      thresh= 8.917E-09 alpha_mix =  0.100 |ddv_scf|^2 =  1.397E-15

      iter #  12 total cpu time :  1114.0 secs   av.it.:  13.1
      thresh= 3.738E-09 alpha_mix =  0.100 |ddv_scf|^2 =  6.689E-16

     End of self-consistent calculation

     Convergence has been achieved 


     Representation #  11 mode #  11

     Self-consistent Calculation

      iter #   1 total cpu time :  1116.9 secs   av.it.:   8.2
      thresh= 1.000E-02 alpha_mix =  0.100 |ddv_scf|^2 =  9.425E-06

      iter #   2 total cpu time :  1120.1 secs   av.it.:  10.7
      thresh= 3.070E-04 alpha_mix =  0.100 |ddv_scf|^2 =  5.051E-06

      iter #   3 total cpu time :  1123.7 secs   av.it.:  12.7
      thresh= 2.247E-04 alpha_mix =  0.100 |ddv_scf|^2 =  5.659E-08

      iter #   4 total cpu time :  1127.4 secs   av.it.:  13.0
      thresh= 2.379E-05 alpha_mix =  0.100 |ddv_scf|^2 =  4.526E-09

      iter #   5 total cpu time :  1131.1 secs   av.it.:  12.8
      thresh= 6.728E-06 alpha_mix =  0.100 |ddv_scf|^2 =  2.072E-09

      iter #   6 total cpu time :  1135.2 secs   av.it.:  14.2
      thresh= 4.552E-06 alpha_mix =  0.100 |ddv_scf|^2 =  4.660E-11

      iter #   7 total cpu time :  1138.7 secs   av.it.:  12.2
      thresh= 6.826E-07 alpha_mix =  0.100 |ddv_scf|^2 =  2.858E-11

      iter #   8 total cpu time :  1142.8 secs   av.it.:  14.6
      thresh= 5.346E-07 alpha_mix =  0.100 |ddv_scf|^2 =  9.767E-13

      iter #   9 total cpu time :  1146.9 secs   av.it.:  14.2
      thresh= 9.883E-08 alpha_mix =  0.100 |ddv_scf|^2 =  1.037E-13

      iter #  10 total cpu time :  1150.8 secs   av.it.:  13.9
      thresh= 3.221E-08 alpha_mix =  0.100 |ddv_scf|^2 =  3.848E-14

      iter #  11 total cpu time :  1154.5 secs   av.it.:  13.1
      thresh= 1.962E-08 alpha_mix =  0.100 |ddv_scf|^2 =  8.618E-15

      iter #  12 total cpu time :  1158.4 secs   av.it.:  13.5
      thresh= 9.283E-09 alpha_mix =  0.100 |ddv_scf|^2 =  3.303E-15

      iter #  13 total cpu time :  1161.9 secs   av.it.:  12.3
      thresh= 5.747E-09 alpha_mix =  0.100 |ddv_scf|^2 =  2.407E-15

      iter #  14 total cpu time :  1165.9 secs   av.it.:  13.9
      thresh= 4.906E-09 alpha_mix =  0.100 |ddv_scf|^2 =  9.209E-16

     End of self-consistent calculation

     Convergence has been achieved 


     Representation #  12 mode #  12

     Self-consistent Calculation

      iter #   1 total cpu time :  1168.4 secs   av.it.:   6.9
      thresh= 1.000E-02 alpha_mix =  0.100 |ddv_scf|^2 =  1.870E-06

      iter #   2 total cpu time :  1171.6 secs   av.it.:  10.6
      thresh= 1.367E-04 alpha_mix =  0.100 |ddv_scf|^2 =  1.028E-06

      iter #   3 total cpu time :  1175.3 secs   av.it.:  12.8
      thresh= 1.014E-04 alpha_mix =  0.100 |ddv_scf|^2 =  1.993E-08

      iter #   4 total cpu time :  1179.1 secs   av.it.:  13.4
      thresh= 1.412E-05 alpha_mix =  0.100 |ddv_scf|^2 =  1.463E-09

      iter #   5 total cpu time :  1182.8 secs   av.it.:  13.0
      thresh= 3.825E-06 alpha_mix =  0.100 |ddv_scf|^2 =  6.807E-10

      iter #   6 total cpu time :  1186.8 secs   av.it.:  13.8
      thresh= 2.609E-06 alpha_mix =  0.100 |ddv_scf|^2 =  2.947E-11

      iter #   7 total cpu time :  1190.3 secs   av.it.:  12.3
      thresh= 5.429E-07 alpha_mix =  0.100 |ddv_scf|^2 =  1.469E-11

      iter #   8 total cpu time :  1194.3 secs   av.it.:  14.3
      thresh= 3.833E-07 alpha_mix =  0.100 |ddv_scf|^2 =  1.971E-13

      iter #   9 total cpu time :  1198.3 secs   av.it.:  13.8
      thresh= 4.440E-08 alpha_mix =  0.100 |ddv_scf|^2 =  2.968E-14

      iter #  10 total cpu time :  1202.3 secs   av.it.:  14.1
      thresh= 1.723E-08 alpha_mix =  0.100 |ddv_scf|^2 =  7.955E-15

      iter #  11 total cpu time :  1206.2 secs   av.it.:  13.4
      thresh= 8.919E-09 alpha_mix =  0.100 |ddv_scf|^2 =  1.398E-15

      iter #  12 total cpu time :  1210.0 secs   av.it.:  13.1
      thresh= 3.739E-09 alpha_mix =  0.100 |ddv_scf|^2 =  6.692E-16

     End of self-consistent calculation

     Convergence has been achieved 


     Representation #  13 mode #  13

     Self-consistent Calculation

      iter #   1 total cpu time :  1212.5 secs   av.it.:   6.8
      thresh= 1.000E-02 alpha_mix =  0.100 |ddv_scf|^2 =  1.736E-06

      iter #   2 total cpu time :  1215.9 secs   av.it.:  11.2
      thresh= 1.318E-04 alpha_mix =  0.100 |ddv_scf|^2 =  4.665E-07

      iter #   3 total cpu time :  1219.4 secs   av.it.:  12.0
      thresh= 6.830E-05 alpha_mix =  0.100 |ddv_scf|^2 =  1.390E-07

      iter #   4 total cpu time :  1223.2 secs   av.it.:  13.5
      thresh= 3.728E-05 alpha_mix =  0.100 |ddv_scf|^2 =  4.930E-09

      iter #   5 total cpu time :  1226.9 secs   av.it.:  13.1
      thresh= 7.021E-06 alpha_mix =  0.100 |ddv_scf|^2 =  9.320E-10

      iter #   6 total cpu time :  1230.6 secs   av.it.:  12.8
      thresh= 3.053E-06 alpha_mix =  0.100 |ddv_scf|^2 =  4.287E-10

      iter #   7 total cpu time :  1234.6 secs   av.it.:  14.0
      thresh= 2.070E-06 alpha_mix =  0.100 |ddv_scf|^2 =  2.908E-11

      iter #   8 total cpu time :  1238.0 secs   av.it.:  11.0
      thresh= 5.392E-07 alpha_mix =  0.100 |ddv_scf|^2 =  2.211E-11

      iter #   9 total cpu time :  1242.1 secs   av.it.:  14.5
      thresh= 4.702E-07 alpha_mix =  0.100 |ddv_scf|^2 =  3.967E-13

      iter #  10 total cpu time :  1245.6 secs   av.it.:  12.0
      thresh= 6.299E-08 alpha_mix =  0.100 |ddv_scf|^2 =  2.626E-13

      iter #  11 total cpu time :  1249.5 secs   av.it.:  13.8
      thresh= 5.125E-08 alpha_mix =  0.100 |ddv_scf|^2 =  6.768E-14

      iter #  12 total cpu time :  1253.3 secs   av.it.:  13.2
      thresh= 2.602E-08 alpha_mix =  0.100 |ddv_scf|^2 =  2.786E-14

      iter #  13 total cpu time :  1257.2 secs   av.it.:  13.5
      thresh= 1.669E-08 alpha_mix =  0.100 |ddv_scf|^2 =  8.472E-15

      iter #  14 total cpu time :  1261.0 secs   av.it.:  13.7
      thresh= 9.204E-09 alpha_mix =  0.100 |ddv_scf|^2 =  4.441E-15

      iter #  15 total cpu time :  1264.6 secs   av.it.:  12.0
      thresh= 6.664E-09 alpha_mix =  0.100 |ddv_scf|^2 =  3.335E-15

      iter #  16 total cpu time :  1268.5 secs   av.it.:  13.5
      thresh= 5.775E-09 alpha_mix =  0.100 |ddv_scf|^2 =  5.669E-17

     End of self-consistent calculation

     Convergence has been achieved 


     Representation #  14 mode #  14

     Self-consistent Calculation

      iter #   1 total cpu time :  1271.3 secs   av.it.:   7.7
      thresh= 1.000E-02 alpha_mix =  0.100 |ddv_scf|^2 =  2.052E-06

      iter #   2 total cpu time :  1274.6 secs   av.it.:  11.2
      thresh= 1.433E-04 alpha_mix =  0.100 |ddv_scf|^2 =  1.174E-06

      iter #   3 total cpu time :  1278.2 secs   av.it.:  12.5
      thresh= 1.083E-04 alpha_mix =  0.100 |ddv_scf|^2 =  2.456E-07

      iter #   4 total cpu time :  1282.0 secs   av.it.:  13.1
      thresh= 4.956E-05 alpha_mix =  0.100 |ddv_scf|^2 =  8.229E-09

      iter #   5 total cpu time :  1285.8 secs   av.it.:  13.3
      thresh= 9.071E-06 alpha_mix =  0.100 |ddv_scf|^2 =  2.273E-09

      iter #   6 total cpu time :  1289.4 secs   av.it.:  12.4
      thresh= 4.768E-06 alpha_mix =  0.100 |ddv_scf|^2 =  1.201E-09

      iter #   7 total cpu time :  1293.4 secs   av.it.:  14.3
      thresh= 3.465E-06 alpha_mix =  0.100 |ddv_scf|^2 =  5.635E-11

      iter #   8 total cpu time :  1296.9 secs   av.it.:  11.8
      thresh= 7.506E-07 alpha_mix =  0.100 |ddv_scf|^2 =  3.611E-11

      iter #   9 total cpu time :  1300.9 secs   av.it.:  14.0
      thresh= 6.009E-07 alpha_mix =  0.100 |ddv_scf|^2 =  1.492E-12

      iter #  10 total cpu time :  1304.3 secs   av.it.:  11.6
      thresh= 1.222E-07 alpha_mix =  0.100 |ddv_scf|^2 =  1.144E-12

      iter #  11 total cpu time :  1308.4 secs   av.it.:  14.3
      thresh= 1.070E-07 alpha_mix =  0.100 |ddv_scf|^2 =  1.300E-13

      iter #  12 total cpu time :  1312.2 secs   av.it.:  13.7
      thresh= 3.605E-08 alpha_mix =  0.100 |ddv_scf|^2 =  2.844E-14

      iter #  13 total cpu time :  1315.7 secs   av.it.:  11.7
      thresh= 1.686E-08 alpha_mix =  0.100 |ddv_scf|^2 =  1.930E-14

      iter #  14 total cpu time :  1319.6 secs   av.it.:  13.7
      thresh= 1.389E-08 alpha_mix =  0.100 |ddv_scf|^2 =  3.947E-15

      iter #  15 total cpu time :  1323.3 secs   av.it.:  12.9
      thresh= 6.283E-09 alpha_mix =  0.100 |ddv_scf|^2 =  2.099E-15

      iter #  16 total cpu time :  1327.4 secs   av.it.:  13.8
      thresh= 4.581E-09 alpha_mix =  0.100 |ddv_scf|^2 =  7.849E-16

     End of self-consistent calculation

     Convergence has been achieved 


     Representation #  15 mode #  15

     Self-consistent Calculation

      iter #   1 total cpu time :  1330.2 secs   av.it.:   8.0
      thresh= 1.000E-02 alpha_mix =  0.100 |ddv_scf|^2 =  3.861E-06

      iter #   2 total cpu time :  1333.5 secs   av.it.:  11.3
      thresh= 1.965E-04 alpha_mix =  0.100 |ddv_scf|^2 =  1.982E-06

      iter #   3 total cpu time :  1337.2 secs   av.it.:  12.9
      thresh= 1.408E-04 alpha_mix =  0.100 |ddv_scf|^2 =  2.123E-07

      iter #   4 total cpu time :  1340.9 secs   av.it.:  13.0
      thresh= 4.608E-05 alpha_mix =  0.100 |ddv_scf|^2 =  1.981E-08

      iter #   5 total cpu time :  1344.8 secs   av.it.:  13.6
      thresh= 1.408E-05 alpha_mix =  0.100 |ddv_scf|^2 =  2.428E-09

      iter #   6 total cpu time :  1348.2 secs   av.it.:  11.8
      thresh= 4.927E-06 alpha_mix =  0.100 |ddv_scf|^2 =  1.601E-09

      iter #   7 total cpu time :  1352.3 secs   av.it.:  14.3
      thresh= 4.001E-06 alpha_mix =  0.100 |ddv_scf|^2 =  4.578E-11

      iter #   8 total cpu time :  1356.2 secs   av.it.:  13.9
      thresh= 6.766E-07 alpha_mix =  0.100 |ddv_scf|^2 =  4.895E-12

      iter #   9 total cpu time :  1360.1 secs   av.it.:  13.5
      thresh= 2.213E-07 alpha_mix =  0.100 |ddv_scf|^2 =  2.025E-12

      iter #  10 total cpu time :  1363.8 secs   av.it.:  13.2
      thresh= 1.423E-07 alpha_mix =  0.100 |ddv_scf|^2 =  9.507E-13

      iter #  11 total cpu time :  1367.9 secs   av.it.:  14.2
      thresh= 9.751E-08 alpha_mix =  0.100 |ddv_scf|^2 =  8.084E-14

      iter #  12 total cpu time :  1371.6 secs   av.it.:  13.3
      thresh= 2.843E-08 alpha_mix =  0.100 |ddv_scf|^2 =  4.015E-14

      iter #  13 total cpu time :  1375.4 secs   av.it.:  12.6
      thresh= 2.004E-08 alpha_mix =  0.100 |ddv_scf|^2 =  2.458E-14

      iter #  14 total cpu time :  1379.5 secs   av.it.:  13.8
      thresh= 1.568E-08 alpha_mix =  0.100 |ddv_scf|^2 =  3.381E-15

      iter #  15 total cpu time :  1383.6 secs   av.it.:  14.1
      thresh= 5.815E-09 alpha_mix =  0.100 |ddv_scf|^2 =  7.129E-16

     End of self-consistent calculation

     Convergence has been achieved 


     Representation #  16 mode #  16

     Self-consistent Calculation

      iter #   1 total cpu time :  1386.1 secs   av.it.:   6.6
      thresh= 1.000E-02 alpha_mix =  0.100 |ddv_scf|^2 =  4.647E-07

      iter #   2 total cpu time :  1389.4 secs   av.it.:  11.2
      thresh= 6.817E-05 alpha_mix =  0.100 |ddv_scf|^2 =  2.831E-07

      iter #   3 total cpu time :  1393.1 secs   av.it.:  12.8
      thresh= 5.320E-05 alpha_mix =  0.100 |ddv_scf|^2 =  5.588E-08

      iter #   4 total cpu time :  1397.0 secs   av.it.:  13.5
      thresh= 2.364E-05 alpha_mix =  0.100 |ddv_scf|^2 =  2.570E-09

      iter #   5 total cpu time :  1400.9 secs   av.it.:  13.5
      thresh= 5.069E-06 alpha_mix =  0.100 |ddv_scf|^2 =  4.665E-10

      iter #   6 total cpu time :  1404.7 secs   av.it.:  12.8
      thresh= 2.160E-06 alpha_mix =  0.100 |ddv_scf|^2 =  1.617E-10

      iter #   7 total cpu time :  1408.6 secs   av.it.:  13.7
      thresh= 1.272E-06 alpha_mix =  0.100 |ddv_scf|^2 =  2.624E-11

      iter #   8 total cpu time :  1411.9 secs   av.it.:  11.3
      thresh= 5.123E-07 alpha_mix =  0.100 |ddv_scf|^2 =  1.927E-11

      iter #   9 total cpu time :  1416.0 secs   av.it.:  14.2
      thresh= 4.390E-07 alpha_mix =  0.100 |ddv_scf|^2 =  5.703E-13

      iter #  10 total cpu time :  1419.6 secs   av.it.:  12.4
      thresh= 7.552E-08 alpha_mix =  0.100 |ddv_scf|^2 =  3.632E-13

      iter #  11 total cpu time :  1423.4 secs   av.it.:  13.4
      thresh= 6.027E-08 alpha_mix =  0.100 |ddv_scf|^2 =  1.385E-13

      iter #  12 total cpu time :  1427.2 secs   av.it.:  13.1
      thresh= 3.721E-08 alpha_mix =  0.100 |ddv_scf|^2 =  5.175E-14

      iter #  13 total cpu time :  1431.0 secs   av.it.:  13.3
      thresh= 2.275E-08 alpha_mix =  0.100 |ddv_scf|^2 =  1.954E-14

      iter #  14 total cpu time :  1434.8 secs   av.it.:  13.3
      thresh= 1.398E-08 alpha_mix =  0.100 |ddv_scf|^2 =  9.384E-15

      iter #  15 total cpu time :  1438.3 secs   av.it.:  11.9
      thresh= 9.687E-09 alpha_mix =  0.100 |ddv_scf|^2 =  6.639E-15

      iter #  16 total cpu time :  1442.2 secs   av.it.:  13.4
      thresh= 8.148E-09 alpha_mix =  0.100 |ddv_scf|^2 =  3.685E-16

     End of self-consistent calculation

     Convergence has been achieved 


     Representation #  17 mode #  17

     Self-consistent Calculation

      iter #   1 total cpu time :  1444.7 secs   av.it.:   6.6
      thresh= 1.000E-02 alpha_mix =  0.100 |ddv_scf|^2 =  4.451E-07

      iter #   2 total cpu time :  1448.0 secs   av.it.:  11.1
      thresh= 6.672E-05 alpha_mix =  0.100 |ddv_scf|^2 =  2.850E-07

      iter #   3 total cpu time :  1451.8 secs   av.it.:  13.1
      thresh= 5.339E-05 alpha_mix =  0.100 |ddv_scf|^2 =  3.000E-08

      iter #   4 total cpu time :  1455.7 secs   av.it.:  13.4
      thresh= 1.732E-05 alpha_mix =  0.100 |ddv_scf|^2 =  2.297E-09

      iter #   5 total cpu time :  1459.5 secs   av.it.:  13.3
      thresh= 4.792E-06 alpha_mix =  0.100 |ddv_scf|^2 =  4.866E-10

      iter #   6 total cpu time :  1463.4 secs   av.it.:  13.4
      thresh= 2.206E-06 alpha_mix =  0.100 |ddv_scf|^2 =  8.829E-11

      iter #   7 total cpu time :  1467.2 secs   av.it.:  13.5
      thresh= 9.396E-07 alpha_mix =  0.100 |ddv_scf|^2 =  2.523E-11

      iter #   8 total cpu time :  1470.6 secs   av.it.:  11.6
      thresh= 5.023E-07 alpha_mix =  0.100 |ddv_scf|^2 =  1.800E-11

      iter #   9 total cpu time :  1474.7 secs   av.it.:  14.1
      thresh= 4.242E-07 alpha_mix =  0.100 |ddv_scf|^2 =  5.502E-13

      iter #  10 total cpu time :  1478.4 secs   av.it.:  13.0
      thresh= 7.417E-08 alpha_mix =  0.100 |ddv_scf|^2 =  2.435E-13

      iter #  11 total cpu time :  1482.3 secs   av.it.:  13.3
      thresh= 4.935E-08 alpha_mix =  0.100 |ddv_scf|^2 =  9.051E-14

      iter #  12 total cpu time :  1486.1 secs   av.it.:  13.0
      thresh= 3.009E-08 alpha_mix =  0.100 |ddv_scf|^2 =  4.063E-14

      iter #  13 total cpu time :  1490.0 secs   av.it.:  13.8
      thresh= 2.016E-08 alpha_mix =  0.100 |ddv_scf|^2 =  5.940E-15

      iter #  14 total cpu time :  1493.8 secs   av.it.:  13.2
      thresh= 7.707E-09 alpha_mix =  0.100 |ddv_scf|^2 =  3.161E-15

      iter #  15 total cpu time :  1497.4 secs   av.it.:  12.5
      thresh= 5.623E-09 alpha_mix =  0.100 |ddv_scf|^2 =  2.101E-15

      iter #  16 total cpu time :  1501.3 secs   av.it.:  13.5
      thresh= 4.584E-09 alpha_mix =  0.100 |ddv_scf|^2 =  7.302E-17

     End of self-consistent calculation

     Convergence has been achieved 


     Representation #  18 mode #  18

     Self-consistent Calculation

      iter #   1 total cpu time :  1504.1 secs   av.it.:   7.8
      thresh= 1.000E-02 alpha_mix =  0.100 |ddv_scf|^2 =  2.140E-06

      iter #   2 total cpu time :  1507.5 secs   av.it.:  11.2
      thresh= 1.463E-04 alpha_mix =  0.100 |ddv_scf|^2 =  1.218E-06

      iter #   3 total cpu time :  1511.1 secs   av.it.:  12.8
      thresh= 1.104E-04 alpha_mix =  0.100 |ddv_scf|^2 =  1.847E-07

      iter #   4 total cpu time :  1514.9 secs   av.it.:  13.1
      thresh= 4.297E-05 alpha_mix =  0.100 |ddv_scf|^2 =  1.252E-08

      iter #   5 total cpu time :  1518.7 secs   av.it.:  13.4
      thresh= 1.119E-05 alpha_mix =  0.100 |ddv_scf|^2 =  2.426E-09

      iter #   6 total cpu time :  1522.2 secs   av.it.:  12.1
      thresh= 4.925E-06 alpha_mix =  0.100 |ddv_scf|^2 =  1.435E-09

      iter #   7 total cpu time :  1526.3 secs   av.it.:  14.4
      thresh= 3.788E-06 alpha_mix =  0.100 |ddv_scf|^2 =  3.904E-11

      iter #   8 total cpu time :  1529.9 secs   av.it.:  12.2
      thresh= 6.248E-07 alpha_mix =  0.100 |ddv_scf|^2 =  2.154E-11

      iter #   9 total cpu time :  1533.9 secs   av.it.:  14.1
      thresh= 4.641E-07 alpha_mix =  0.100 |ddv_scf|^2 =  1.662E-12

      iter #  10 total cpu time :  1537.4 secs   av.it.:  12.1
      thresh= 1.289E-07 alpha_mix =  0.100 |ddv_scf|^2 =  1.180E-12

      iter #  11 total cpu time :  1541.3 secs   av.it.:  13.5
      thresh= 1.086E-07 alpha_mix =  0.100 |ddv_scf|^2 =  4.012E-13

      iter #  12 total cpu time :  1545.4 secs   av.it.:  14.6
      thresh= 6.334E-08 alpha_mix =  0.100 |ddv_scf|^2 =  5.846E-14

      iter #  13 total cpu time :  1548.7 secs   av.it.:  11.2
      thresh= 2.418E-08 alpha_mix =  0.100 |ddv_scf|^2 =  4.174E-14

      iter #  14 total cpu time :  1552.7 secs   av.it.:  13.8
      thresh= 2.043E-08 alpha_mix =  0.100 |ddv_scf|^2 =  5.124E-15

      iter #  15 total cpu time :  1556.7 secs   av.it.:  13.9
      thresh= 7.158E-09 alpha_mix =  0.100 |ddv_scf|^2 =  9.929E-16

     End of self-consistent calculation

     Convergence has been achieved 


     Representation #  19 mode #  19

     Self-consistent Calculation

      iter #   1 total cpu time :  1559.5 secs   av.it.:   7.7
      thresh= 1.000E-02 alpha_mix =  0.100 |ddv_scf|^2 =  1.837E-06

      iter #   2 total cpu time :  1562.8 secs   av.it.:  11.0
      thresh= 1.355E-04 alpha_mix =  0.100 |ddv_scf|^2 =  1.117E-06

      iter #   3 total cpu time :  1566.4 secs   av.it.:  12.8
      thresh= 1.057E-04 alpha_mix =  0.100 |ddv_scf|^2 =  1.187E-07

      iter #   4 total cpu time :  1570.2 secs   av.it.:  13.1
      thresh= 3.445E-05 alpha_mix =  0.100 |ddv_scf|^2 =  7.462E-09

      iter #   5 total cpu time :  1574.0 secs   av.it.:  13.2
      thresh= 8.639E-06 alpha_mix =  0.100 |ddv_scf|^2 =  2.450E-09

      iter #   6 total cpu time :  1577.7 secs   av.it.:  12.8
      thresh= 4.949E-06 alpha_mix =  0.100 |ddv_scf|^2 =  1.119E-09

      iter #   7 total cpu time :  1581.7 secs   av.it.:  14.3
      thresh= 3.345E-06 alpha_mix =  0.100 |ddv_scf|^2 =  4.901E-11

      iter #   8 total cpu time :  1586.3 secs   av.it.:  11.7
      thresh= 7.000E-07 alpha_mix =  0.100 |ddv_scf|^2 =  3.302E-11

      iter #   9 total cpu time :  1591.2 secs   av.it.:  14.0
      thresh= 5.746E-07 alpha_mix =  0.100 |ddv_scf|^2 =  2.190E-12

      iter #  10 total cpu time :  1595.1 secs   av.it.:  12.0
      thresh= 1.480E-07 alpha_mix =  0.100 |ddv_scf|^2 =  1.374E-12

      iter #  11 total cpu time :  1599.1 secs   av.it.:  13.9
      thresh= 1.172E-07 alpha_mix =  0.100 |ddv_scf|^2 =  2.907E-13

      iter #  12 total cpu time :  1602.9 secs   av.it.:  13.2
      thresh= 5.392E-08 alpha_mix =  0.100 |ddv_scf|^2 =  1.371E-13

      iter #  13 total cpu time :  1606.7 secs   av.it.:  13.3
      thresh= 3.703E-08 alpha_mix =  0.100 |ddv_scf|^2 =  6.875E-14

      iter #  14 total cpu time :  1610.5 secs   av.it.:  13.2
      thresh= 2.622E-08 alpha_mix =  0.100 |ddv_scf|^2 =  2.070E-14

      iter #  15 total cpu time :  1613.9 secs   av.it.:  11.5
      thresh= 1.439E-08 alpha_mix =  0.100 |ddv_scf|^2 =  1.451E-14

      iter #  16 total cpu time :  1617.9 secs   av.it.:  13.9
      thresh= 1.205E-08 alpha_mix =  0.100 |ddv_scf|^2 =  1.415E-15

      iter #  17 total cpu time :  1621.5 secs   av.it.:  12.4
      thresh= 3.762E-09 alpha_mix =  0.100 |ddv_scf|^2 =  9.564E-16

     End of self-consistent calculation

     Convergence has been achieved 


     Representation #  20 mode #  20

     Self-consistent Calculation

      iter #   1 total cpu time :  1624.0 secs   av.it.:   6.7
      thresh= 1.000E-02 alpha_mix =  0.100 |ddv_scf|^2 =  7.815E-07

      iter #   2 total cpu time :  1627.4 secs   av.it.:  11.3
      thresh= 8.840E-05 alpha_mix =  0.100 |ddv_scf|^2 =  3.181E-07

      iter #   3 total cpu time :  1630.9 secs   av.it.:  12.1
      thresh= 5.640E-05 alpha_mix =  0.100 |ddv_scf|^2 =  1.171E-07

      iter #   4 total cpu time :  1634.8 secs   av.it.:  13.6
      thresh= 3.421E-05 alpha_mix =  0.100 |ddv_scf|^2 =  2.301E-09

      iter #   5 total cpu time :  1638.6 secs   av.it.:  13.0
      thresh= 4.796E-06 alpha_mix =  0.100 |ddv_scf|^2 =  8.930E-10

      iter #   6 total cpu time :  1642.4 secs   av.it.:  13.3
      thresh= 2.988E-06 alpha_mix =  0.100 |ddv_scf|^2 =  2.104E-10

      iter #   7 total cpu time :  1646.3 secs   av.it.:  13.8
      thresh= 1.451E-06 alpha_mix =  0.100 |ddv_scf|^2 =  2.615E-11

      iter #   8 total cpu time :  1649.6 secs   av.it.:  11.3
      thresh= 5.113E-07 alpha_mix =  0.100 |ddv_scf|^2 =  1.942E-11

      iter #   9 total cpu time :  1653.7 secs   av.it.:  14.3
      thresh= 4.407E-07 alpha_mix =  0.100 |ddv_scf|^2 =  5.862E-13

      iter #  10 total cpu time :  1657.4 secs   av.it.:  12.7
      thresh= 7.656E-08 alpha_mix =  0.100 |ddv_scf|^2 =  3.289E-13

      iter #  11 total cpu time :  1661.2 secs   av.it.:  13.5
      thresh= 5.735E-08 alpha_mix =  0.100 |ddv_scf|^2 =  1.011E-13

      iter #  12 total cpu time :  1665.0 secs   av.it.:  13.1
      thresh= 3.179E-08 alpha_mix =  0.100 |ddv_scf|^2 =  4.663E-14

      iter #  13 total cpu time :  1668.9 secs   av.it.:  13.5
      thresh= 2.159E-08 alpha_mix =  0.100 |ddv_scf|^2 =  1.056E-14

      iter #  14 total cpu time :  1672.8 secs   av.it.:  13.6
      thresh= 1.028E-08 alpha_mix =  0.100 |ddv_scf|^2 =  5.127E-15

      iter #  15 total cpu time :  1676.4 secs   av.it.:  12.4
      thresh= 7.161E-09 alpha_mix =  0.100 |ddv_scf|^2 =  3.542E-15

      iter #  16 total cpu time :  1680.3 secs   av.it.:  13.5
      thresh= 5.951E-09 alpha_mix =  0.100 |ddv_scf|^2 =  1.018E-16

     End of self-consistent calculation

     Convergence has been achieved 


     Representation #  21 mode #  21

     Self-consistent Calculation

      iter #   1 total cpu time :  1683.1 secs   av.it.:   8.0
      thresh= 1.000E-02 alpha_mix =  0.100 |ddv_scf|^2 =  4.165E-06

      iter #   2 total cpu time :  1686.4 secs   av.it.:  11.3
      thresh= 2.041E-04 alpha_mix =  0.100 |ddv_scf|^2 =  2.084E-06

      iter #   3 total cpu time :  1690.0 secs   av.it.:  12.8
      thresh= 1.444E-04 alpha_mix =  0.100 |ddv_scf|^2 =  2.355E-07

      iter #   4 total cpu time :  1693.7 secs   av.it.:  12.9
      thresh= 4.853E-05 alpha_mix =  0.100 |ddv_scf|^2 =  2.548E-08

      iter #   5 total cpu time :  1697.6 secs   av.it.:  13.6
      thresh= 1.596E-05 alpha_mix =  0.100 |ddv_scf|^2 =  2.347E-09

      iter #   6 total cpu time :  1701.0 secs   av.it.:  11.8
      thresh= 4.844E-06 alpha_mix =  0.100 |ddv_scf|^2 =  1.577E-09

      iter #   7 total cpu time :  1705.1 secs   av.it.:  14.3
      thresh= 3.972E-06 alpha_mix =  0.100 |ddv_scf|^2 =  4.016E-11

      iter #   8 total cpu time :  1709.0 secs   av.it.:  13.7
      thresh= 6.337E-07 alpha_mix =  0.100 |ddv_scf|^2 =  6.284E-12

      iter #   9 total cpu time :  1712.9 secs   av.it.:  13.6
      thresh= 2.507E-07 alpha_mix =  0.100 |ddv_scf|^2 =  2.130E-12

      iter #  10 total cpu time :  1716.6 secs   av.it.:  13.2
      thresh= 1.459E-07 alpha_mix =  0.100 |ddv_scf|^2 =  1.021E-12

      iter #  11 total cpu time :  1720.6 secs   av.it.:  14.0
      thresh= 1.010E-07 alpha_mix =  0.100 |ddv_scf|^2 =  1.305E-13

      iter #  12 total cpu time :  1724.4 secs   av.it.:  13.5
      thresh= 3.613E-08 alpha_mix =  0.100 |ddv_scf|^2 =  6.103E-14

      iter #  13 total cpu time :  1728.0 secs   av.it.:  12.6
      thresh= 2.470E-08 alpha_mix =  0.100 |ddv_scf|^2 =  3.910E-14

      iter #  14 total cpu time :  1732.0 secs   av.it.:  14.0
      thresh= 1.977E-08 alpha_mix =  0.100 |ddv_scf|^2 =  1.429E-15

      iter #  15 total cpu time :  1735.7 secs   av.it.:  13.1
      thresh= 3.780E-09 alpha_mix =  0.100 |ddv_scf|^2 =  7.965E-16

     End of self-consistent calculation

     Convergence has been achieved 


     Representation #  22 mode #  22

     Self-consistent Calculation

      iter #   1 total cpu time :  1738.3 secs   av.it.:   6.6
      thresh= 1.000E-02 alpha_mix =  0.100 |ddv_scf|^2 =  4.451E-07

      iter #   2 total cpu time :  1741.5 secs   av.it.:  11.1
      thresh= 6.672E-05 alpha_mix =  0.100 |ddv_scf|^2 =  2.850E-07

      iter #   3 total cpu time :  1745.3 secs   av.it.:  13.1
      thresh= 5.339E-05 alpha_mix =  0.100 |ddv_scf|^2 =  3.000E-08

      iter #   4 total cpu time :  1749.2 secs   av.it.:  13.4
      thresh= 1.732E-05 alpha_mix =  0.100 |ddv_scf|^2 =  2.297E-09

      iter #   5 total cpu time :  1753.0 secs   av.it.:  13.3
      thresh= 4.792E-06 alpha_mix =  0.100 |ddv_scf|^2 =  4.865E-10

      iter #   6 total cpu time :  1756.8 secs   av.it.:  13.4
      thresh= 2.206E-06 alpha_mix =  0.100 |ddv_scf|^2 =  8.829E-11

      iter #   7 total cpu time :  1760.7 secs   av.it.:  13.5
      thresh= 9.396E-07 alpha_mix =  0.100 |ddv_scf|^2 =  2.523E-11

      iter #   8 total cpu time :  1764.2 secs   av.it.:  11.6
      thresh= 5.023E-07 alpha_mix =  0.100 |ddv_scf|^2 =  1.800E-11

      iter #   9 total cpu time :  1768.3 secs   av.it.:  14.1
      thresh= 4.242E-07 alpha_mix =  0.100 |ddv_scf|^2 =  5.502E-13

      iter #  10 total cpu time :  1772.0 secs   av.it.:  13.0
      thresh= 7.418E-08 alpha_mix =  0.100 |ddv_scf|^2 =  2.437E-13

      iter #  11 total cpu time :  1775.8 secs   av.it.:  13.3
      thresh= 4.936E-08 alpha_mix =  0.100 |ddv_scf|^2 =  9.057E-14

      iter #  12 total cpu time :  1779.6 secs   av.it.:  13.0
      thresh= 3.009E-08 alpha_mix =  0.100 |ddv_scf|^2 =  4.066E-14

      iter #  13 total cpu time :  1783.5 secs   av.it.:  13.8
      thresh= 2.016E-08 alpha_mix =  0.100 |ddv_scf|^2 =  5.946E-15

      iter #  14 total cpu time :  1787.4 secs   av.it.:  13.2
      thresh= 7.711E-09 alpha_mix =  0.100 |ddv_scf|^2 =  3.164E-15

      iter #  15 total cpu time :  1791.0 secs   av.it.:  12.5
      thresh= 5.625E-09 alpha_mix =  0.100 |ddv_scf|^2 =  2.103E-15

      iter #  16 total cpu time :  1794.9 secs   av.it.:  13.5
      thresh= 4.585E-09 alpha_mix =  0.100 |ddv_scf|^2 =  7.306E-17

     End of self-consistent calculation

     Convergence has been achieved 


     Representation #  23 mode #  23

     Self-consistent Calculation

      iter #   1 total cpu time :  1797.7 secs   av.it.:   7.7
      thresh= 1.000E-02 alpha_mix =  0.100 |ddv_scf|^2 =  2.052E-06

      iter #   2 total cpu time :  1801.0 secs   av.it.:  11.2
      thresh= 1.433E-04 alpha_mix =  0.100 |ddv_scf|^2 =  1.174E-06

      iter #   3 total cpu time :  1804.6 secs   av.it.:  12.5
      thresh= 1.083E-04 alpha_mix =  0.100 |ddv_scf|^2 =  2.456E-07

      iter #   4 total cpu time :  1808.4 secs   av.it.:  13.1
      thresh= 4.956E-05 alpha_mix =  0.100 |ddv_scf|^2 =  8.229E-09

      iter #   5 total cpu time :  1812.2 secs   av.it.:  13.3
      thresh= 9.071E-06 alpha_mix =  0.100 |ddv_scf|^2 =  2.273E-09

      iter #   6 total cpu time :  1815.8 secs   av.it.:  12.4
      thresh= 4.768E-06 alpha_mix =  0.100 |ddv_scf|^2 =  1.201E-09

      iter #   7 total cpu time :  1819.9 secs   av.it.:  14.3
      thresh= 3.465E-06 alpha_mix =  0.100 |ddv_scf|^2 =  5.635E-11

      iter #   8 total cpu time :  1823.4 secs   av.it.:  11.8
      thresh= 7.506E-07 alpha_mix =  0.100 |ddv_scf|^2 =  3.611E-11

      iter #   9 total cpu time :  1827.4 secs   av.it.:  14.0
      thresh= 6.009E-07 alpha_mix =  0.100 |ddv_scf|^2 =  1.492E-12

      iter #  10 total cpu time :  1830.8 secs   av.it.:  11.6
      thresh= 1.222E-07 alpha_mix =  0.100 |ddv_scf|^2 =  1.144E-12

      iter #  11 total cpu time :  1834.8 secs   av.it.:  14.3
      thresh= 1.070E-07 alpha_mix =  0.100 |ddv_scf|^2 =  1.299E-13

      iter #  12 total cpu time :  1838.7 secs   av.it.:  13.7
      thresh= 3.604E-08 alpha_mix =  0.100 |ddv_scf|^2 =  2.844E-14

      iter #  13 total cpu time :  1842.2 secs   av.it.:  11.7
      thresh= 1.686E-08 alpha_mix =  0.100 |ddv_scf|^2 =  1.931E-14

      iter #  14 total cpu time :  1846.1 secs   av.it.:  13.7
      thresh= 1.390E-08 alpha_mix =  0.100 |ddv_scf|^2 =  3.947E-15

      iter #  15 total cpu time :  1849.8 secs   av.it.:  12.9
      thresh= 6.282E-09 alpha_mix =  0.100 |ddv_scf|^2 =  2.099E-15

      iter #  16 total cpu time :  1853.8 secs   av.it.:  13.8
      thresh= 4.581E-09 alpha_mix =  0.100 |ddv_scf|^2 =  7.841E-16

     End of self-consistent calculation

     Convergence has been achieved 


     Representation #  24 mode #  24

     Self-consistent Calculation

      iter #   1 total cpu time :  1856.4 secs   av.it.:   6.8
      thresh= 1.000E-02 alpha_mix =  0.100 |ddv_scf|^2 =  1.419E-06

      iter #   2 total cpu time :  1859.7 secs   av.it.:  11.2
      thresh= 1.191E-04 alpha_mix =  0.100 |ddv_scf|^2 =  4.315E-07

      iter #   3 total cpu time :  1863.2 secs   av.it.:  12.0
      thresh= 6.569E-05 alpha_mix =  0.100 |ddv_scf|^2 =  1.390E-07

      iter #   4 total cpu time :  1867.1 secs   av.it.:  13.5
      thresh= 3.728E-05 alpha_mix =  0.100 |ddv_scf|^2 =  5.035E-09

      iter #   5 total cpu time :  1870.8 secs   av.it.:  13.2
      thresh= 7.096E-06 alpha_mix =  0.100 |ddv_scf|^2 =  9.227E-10

      iter #   6 total cpu time :  1874.5 secs   av.it.:  12.6
      thresh= 3.038E-06 alpha_mix =  0.100 |ddv_scf|^2 =  4.515E-10

      iter #   7 total cpu time :  1878.5 secs   av.it.:  14.0
      thresh= 2.125E-06 alpha_mix =  0.100 |ddv_scf|^2 =  2.928E-11

      iter #   8 total cpu time :  1881.7 secs   av.it.:  11.0
      thresh= 5.411E-07 alpha_mix =  0.100 |ddv_scf|^2 =  2.242E-11

      iter #   9 total cpu time :  1886.0 secs   av.it.:  14.4
      thresh= 4.735E-07 alpha_mix =  0.100 |ddv_scf|^2 =  3.519E-13

      iter #  10 total cpu time :  1889.4 secs   av.it.:  11.9
      thresh= 5.932E-08 alpha_mix =  0.100 |ddv_scf|^2 =  2.399E-13

      iter #  11 total cpu time :  1893.4 secs   av.it.:  13.8
      thresh= 4.898E-08 alpha_mix =  0.100 |ddv_scf|^2 =  5.609E-14

      iter #  12 total cpu time :  1897.1 secs   av.it.:  13.2
      thresh= 2.368E-08 alpha_mix =  0.100 |ddv_scf|^2 =  2.274E-14

      iter #  13 total cpu time :  1901.0 secs   av.it.:  13.5
      thresh= 1.508E-08 alpha_mix =  0.100 |ddv_scf|^2 =  8.929E-15

      iter #  14 total cpu time :  1904.9 secs   av.it.:  13.8
      thresh= 9.449E-09 alpha_mix =  0.100 |ddv_scf|^2 =  4.559E-15

      iter #  15 total cpu time :  1908.4 secs   av.it.:  11.9
      thresh= 6.752E-09 alpha_mix =  0.100 |ddv_scf|^2 =  3.465E-15

      iter #  16 total cpu time :  1912.3 secs   av.it.:  13.5
      thresh= 5.886E-09 alpha_mix =  0.100 |ddv_scf|^2 =  5.024E-17

     End of self-consistent calculation

     Convergence has been achieved 
 
     Number of q in the star =    6
     List of q in the star:
          1   0.000000000   0.000000000   0.250000000
          2   0.250000000   0.000000000   0.000000000
          3   0.000000000   0.250000000   0.000000000
          4   0.000000000  -0.250000000   0.000000000
          5   0.000000000   0.000000000  -0.250000000
          6  -0.250000000   0.000000000   0.000000000

     Diagonalizing the dynamical matrix

     q = (    0.000000000   0.000000000   0.250000000 ) 

 **************************************************************************
     freq (    1) =       2.191224 [THz] =      73.091370 [cm-1]
     freq (    2) =       2.191224 [THz] =      73.091370 [cm-1]
     freq (    3) =       3.245974 [THz] =     108.274045 [cm-1]
     freq (    4) =       3.245974 [THz] =     108.274045 [cm-1]
     freq (    5) =       3.252621 [THz] =     108.495757 [cm-1]
     freq (    6) =       3.648037 [THz] =     121.685415 [cm-1]
     freq (    7) =       4.201833 [THz] =     140.158068 [cm-1]
     freq (    8) =       4.575557 [THz] =     152.624156 [cm-1]
     freq (    9) =       4.667278 [THz] =     155.683633 [cm-1]
     freq (   10) =       4.667278 [THz] =     155.683633 [cm-1]
     freq (   11) =       5.679743 [THz] =     189.455826 [cm-1]
     freq (   12) =       6.863773 [THz] =     228.950816 [cm-1]
     freq (   13) =      12.223731 [THz] =     407.739761 [cm-1]
     freq (   14) =      12.223731 [THz] =     407.739761 [cm-1]
     freq (   15) =      13.458457 [THz] =     448.925788 [cm-1]
     freq (   16) =      13.828275 [THz] =     461.261598 [cm-1]
     freq (   17) =      13.828275 [THz] =     461.261598 [cm-1]
     freq (   18) =      13.995190 [THz] =     466.829283 [cm-1]
     freq (   19) =      14.235256 [THz] =     474.837014 [cm-1]
     freq (   20) =      14.761390 [THz] =     492.386981 [cm-1]
     freq (   21) =      15.734371 [THz] =     524.842135 [cm-1]
     freq (   22) =      15.866317 [THz] =     529.243356 [cm-1]
     freq (   23) =      15.866317 [THz] =     529.243356 [cm-1]
     freq (   24) =      16.967218 [THz] =     565.965485 [cm-1]
 **************************************************************************

     Mode symmetry, C_2v (mm2)  point group:

     freq (   1-   1) =         73.1  [cm-1]   --> B_1  D_3  S_3      
     freq (   2-   2) =         73.1  [cm-1]   --> B_2  D_4  S_4      
     freq (   3-   3) =        108.3  [cm-1]   --> B_1  D_3  S_3      
     freq (   4-   4) =        108.3  [cm-1]   --> B_2  D_4  S_4      
     freq (   5-   5) =        108.5  [cm-1]   --> A_1  D_1  S_1      
     freq (   6-   6) =        121.7  [cm-1]   --> A_2  D_2  S_2      
     freq (   7-   7) =        140.2  [cm-1]   --> A_1  D_1  S_1      
     freq (   8-   8) =        152.6  [cm-1]   --> A_2  D_2  S_2      
     freq (   9-   9) =        155.7  [cm-1]   --> B_1  D_3  S_3      
     freq (  10-  10) =        155.7  [cm-1]   --> B_2  D_4  S_4      
     freq (  11-  11) =        189.5  [cm-1]   --> A_1  D_1  S_1      
     freq (  12-  12) =        229.0  [cm-1]   --> A_1  D_1  S_1      
     freq (  13-  13) =        407.7  [cm-1]   --> B_1  D_3  S_3      
     freq (  14-  14) =        407.7  [cm-1]   --> B_2  D_4  S_4      
     freq (  15-  15) =        448.9  [cm-1]   --> A_2  D_2  S_2      
     freq (  16-  16) =        461.3  [cm-1]   --> B_1  D_3  S_3      
     freq (  17-  17) =        461.3  [cm-1]   --> B_2  D_4  S_4      
     freq (  18-  18) =        466.8  [cm-1]   --> A_1  D_1  S_1      
     freq (  19-  19) =        474.8  [cm-1]   --> A_2  D_2  S_2      
     freq (  20-  20) =        492.4  [cm-1]   --> A_1  D_1  S_1      
     freq (  21-  21) =        524.8  [cm-1]   --> A_1  D_1  S_1      
     freq (  22-  22) =        529.2  [cm-1]   --> B_1  D_3  S_3      
     freq (  23-  23) =        529.2  [cm-1]   --> B_2  D_4  S_4      
     freq (  24-  24) =        566.0  [cm-1]   --> A_1  D_1  S_1      

     Calculation of q =    0.0000000   0.0000000  -0.5000000
 
     Parallelization info
     --------------------
     sticks:   dense  smooth     PW     G-vecs:    dense   smooth      PW
     Min         139     139     41                 4933     4933     805
     Max         140     140     42                 4936     4936     808
     Sum        2225    2225    665                78949    78949   12893
 
     Using Slab Decomposition
 

     Title: 
     --                                                                         


     bravais-lattice index     =            0
     lattice parameter (alat)  =       8.3571  a.u.
     unit-cell volume          =     583.6692 (a.u.)^3
     number of atoms/cell      =            8
     number of atomic types    =            2
     number of electrons       =        72.00
     number of Kohn-Sham states=           43
     kinetic-energy cutoff     =     100.0000  Ry
     charge density cutoff     =     400.0000  Ry
     Exchange-correlation= PBE
                           (   1   4   3   4   0   0   0)

     celldm(1)=   8.357100  celldm(2)=   0.000000  celldm(3)=   0.000000
     celldm(4)=   0.000000  celldm(5)=   0.000000  celldm(6)=   0.000000

     crystal axes: (cart. coord. in units of alat)
               a(1) = (   1.000000   0.000000   0.000000 )  
               a(2) = (   0.000000   1.000000   0.000000 )  
               a(3) = (   0.000000   0.000000   1.000000 )  

     reciprocal axes: (cart. coord. in units 2 pi/alat)
               b(1) = (  1.000000  0.000000  0.000000 )  
               b(2) = (  0.000000  1.000000  0.000000 )  
               b(3) = (  0.000000  0.000000  1.000000 )  


     PseudoPot. # 1 for Nb read from file:
     /pscratch/sd/m/mhussien/NbN/2025/All_data/bulk-press-epi/pristine/June_06/pseudo/Nb_pbe.upf
     MD5 check sum: 712dd6877a67fb2d3f70e8edbadf3134
     Pseudo is Norm-conserving + core correction, Zval = 13.0
     Generated using ONCVPSP code by D. R. Hamann
     Using radial grid of 1680 points,  6 beta functions with: 
                l(1) =   0
                l(2) =   0
                l(3) =   1
                l(4) =   1
                l(5) =   2
                l(6) =   2

     PseudoPot. # 2 for N  read from file:
     /pscratch/sd/m/mhussien/NbN/2025/All_data/bulk-press-epi/pristine/June_06/pseudo/N_pbe.upf
     MD5 check sum: d34365f73bb0e2ee98afc20ec3e87676
     Pseudo is Norm-conserving + core correction, Zval =  5.0
     Generated using ONCVPSP code by D. R. Hamann
     Using radial grid of 1058 points,  4 beta functions with: 
                l(1) =   0
                l(2) =   0
                l(3) =   1
                l(4) =   1

     atomic species   valence    mass     pseudopotential
     Nb               13.00    92.91000     Nb( 1.00)
     N                 5.00    14.01000     N ( 1.00)

     24 Sym. Ops. (no inversion) found



   Cartesian axes

     site n.     atom                  positions (alat units)
         1        Nb     tau(   1) = (   0.2327065   0.7672935   0.2327065  )
         2        Nb     tau(   2) = (   0.7672935   0.2327065   0.2327065  )
         3        Nb     tau(   3) = (   0.7672935   0.7672935   0.7672935  )
         4        Nb     tau(   4) = (   0.2327065   0.2327065   0.7672935  )
         5        N      tau(   5) = (   0.7348907   0.2651093   0.7348907  )
         6        N      tau(   6) = (   0.2651093   0.7348907   0.7348907  )
         7        N      tau(   7) = (   0.2651093   0.2651093   0.2651093  )
         8        N      tau(   8) = (   0.7348907   0.7348907   0.2651093  )

     number of k points=  1100  Marzari-Vanderbilt smearing, width (Ry)=  0.0050

     Number of k-points >= 100: set verbosity='high' to print them.

     Dense  grid:    78949 G-vectors     FFT dimensions: (  54,  54,  54)

     Estimated max dynamical RAM per process >      10.95 MB

     Estimated total dynamical RAM >      21.90 GB

     The potential is recalculated from file :
     ./_ph0/nbn.q_3/nbn.save/charge-density

     Starting wfcs are   56 atomic wfcs

     Band Structure Calculation
     Davidson diagonalization with overlap

     ethr =  1.39E-11,  avg # of iterations = 26.2

     total cpu time spent up to now is       31.7 secs

     End of band structure calculation

     Number of k-points >= 100: set verbosity='high' to print the bands.

     the Fermi energy is    19.9997 ev

     Writing config to output data dir ./_ph0/nbn.q_3/nbn.save/ :
     XML data file

     --                                                                         

     bravais-lattice index     =            0
     lattice parameter (alat)  =       8.3571  a.u.
     unit-cell volume          =     583.6692 (a.u.)^3
     number of atoms/cell      =            8
     number of atomic types    =            2
     kinetic-energy cut-off    =     100.0000  Ry
     charge density cut-off    =     400.0000  Ry
     convergence threshold     =      1.0E-15
     beta                      =       0.1000
     number of iterations used =            4
     Exchange-correlation= PBE
                           (   1   4   3   4   0   0   0)


     celldm(1)=    8.35710  celldm(2)=    0.00000  celldm(3)=    0.00000
     celldm(4)=    0.00000  celldm(5)=    0.00000  celldm(6)=    0.00000

     crystal axes: (cart. coord. in units of alat)
               a(1) = (  1.0000  0.0000  0.0000 )  
               a(2) = (  0.0000  1.0000  0.0000 )  
               a(3) = (  0.0000  0.0000  1.0000 )  

     reciprocal axes: (cart. coord. in units 2 pi/alat)
               b(1) = (  1.0000  0.0000  0.0000 )  
               b(2) = (  0.0000  1.0000  0.0000 )  
               b(3) = (  0.0000  0.0000  1.0000 )  


     Atoms inside the unit cell: 

     Cartesian axes

     site n.  atom      mass           positions (alat units)
        1  Nb     92.9100   tau(    1) = (    0.23271    0.76729    0.23271  )
        2  Nb     92.9100   tau(    2) = (    0.76729    0.23271    0.23271  )
        3  Nb     92.9100   tau(    3) = (    0.76729    0.76729    0.76729  )
        4  Nb     92.9100   tau(    4) = (    0.23271    0.23271    0.76729  )
        5  N      14.0100   tau(    5) = (    0.73489    0.26511    0.73489  )
        6  N      14.0100   tau(    6) = (    0.26511    0.73489    0.73489  )
        7  N      14.0100   tau(    7) = (    0.26511    0.26511    0.26511  )
        8  N      14.0100   tau(    8) = (    0.73489    0.73489    0.26511  )

     Computing dynamical matrix for 
                    q = (   0.0000000   0.0000000  -0.5000000 )
 
      9 Sym.Ops. (with q -> -q+G )


     G cutoff =  707.6385  (   4935 G-vectors)     FFT grid: ( 54, 54, 54)

     number of k points=  1100  Marzari-Vanderbilt smearing, width (Ry)=  0.0050

     PseudoPot. # 1 for Nb read from file:
     /pscratch/sd/m/mhussien/NbN/2025/All_data/bulk-press-epi/pristine/June_06/pseudo/Nb_pbe.upf
     MD5 check sum: 712dd6877a67fb2d3f70e8edbadf3134
     Pseudo is Norm-conserving + core correction, Zval = 13.0
     Generated using ONCVPSP code by D. R. Hamann
     Using radial grid of 1680 points,  6 beta functions with: 
                l(1) =   0
                l(2) =   0
                l(3) =   1
                l(4) =   1
                l(5) =   2
                l(6) =   2

     PseudoPot. # 2 for N  read from file:
     /pscratch/sd/m/mhussien/NbN/2025/All_data/bulk-press-epi/pristine/June_06/pseudo/N_pbe.upf
     MD5 check sum: d34365f73bb0e2ee98afc20ec3e87676
     Pseudo is Norm-conserving + core correction, Zval =  5.0
     Generated using ONCVPSP code by D. R. Hamann
     Using radial grid of 1058 points,  4 beta functions with: 
                l(1) =   0
                l(2) =   0
                l(3) =   1
                l(4) =   1

     Mode symmetry, D_2d (-42m) point group:


     Atomic displacements:
     There are   18 irreducible representations

     Representation     1      1 modes -  To be done

     Representation     2      1 modes -  To be done

     Representation     3      1 modes -  To be done

     Representation     4      1 modes -  To be done

     Representation     5      1 modes -  To be done

     Representation     6      1 modes -  To be done

     Representation     7      1 modes -  To be done

     Representation     8      1 modes -  To be done

     Representation     9      1 modes -  To be done

     Representation    10      1 modes -  To be done

     Representation    11      1 modes -  To be done

     Representation    12      1 modes -  To be done

     Representation    13      2 modes -  To be done

     Representation    14      2 modes -  To be done

     Representation    15      2 modes -  To be done

     Representation    16      2 modes -  To be done

     Representation    17      2 modes -  To be done

     Representation    18      2 modes -  To be done



     Alpha used in Ewald sum =   2.8000
     PHONON       :  30m45.76s CPU  32m 1.56s WALL



     Representation #   1 mode #   1

     Self-consistent Calculation

      iter #   1 total cpu time :  1922.8 secs   av.it.:   9.1
      thresh= 1.000E-02 alpha_mix =  0.100 |ddv_scf|^2 =  1.270E-03

      iter #   2 total cpu time :  1924.0 secs   av.it.:  10.4
      thresh= 3.563E-03 alpha_mix =  0.100 |ddv_scf|^2 =  4.774E-04

      iter #   3 total cpu time :  1925.2 secs   av.it.:   9.6
      thresh= 2.185E-03 alpha_mix =  0.100 |ddv_scf|^2 =  2.200E-06

      iter #   4 total cpu time :  1926.7 secs   av.it.:  12.6
      thresh= 1.483E-04 alpha_mix =  0.100 |ddv_scf|^2 =  1.685E-07

      iter #   5 total cpu time :  1928.1 secs   av.it.:  12.8
      thresh= 4.105E-05 alpha_mix =  0.100 |ddv_scf|^2 =  2.029E-08

      iter #   6 total cpu time :  1929.7 secs   av.it.:  13.4
      thresh= 1.425E-05 alpha_mix =  0.100 |ddv_scf|^2 =  4.184E-09

      iter #   7 total cpu time :  1931.2 secs   av.it.:  13.3
      thresh= 6.468E-06 alpha_mix =  0.100 |ddv_scf|^2 =  6.864E-10

      iter #   8 total cpu time :  1932.7 secs   av.it.:  12.9
      thresh= 2.620E-06 alpha_mix =  0.100 |ddv_scf|^2 =  4.022E-10

      iter #   9 total cpu time :  1934.3 secs   av.it.:  13.8
      thresh= 2.005E-06 alpha_mix =  0.100 |ddv_scf|^2 =  5.874E-11

      iter #  10 total cpu time :  1935.6 secs   av.it.:  11.3
      thresh= 7.664E-07 alpha_mix =  0.100 |ddv_scf|^2 =  1.115E-11

      iter #  11 total cpu time :  1937.0 secs   av.it.:  12.0
      thresh= 3.340E-07 alpha_mix =  0.100 |ddv_scf|^2 =  7.725E-12

      iter #  12 total cpu time :  1938.6 secs   av.it.:  13.3
      thresh= 2.779E-07 alpha_mix =  0.100 |ddv_scf|^2 =  1.537E-12

      iter #  13 total cpu time :  1940.1 secs   av.it.:  13.8
      thresh= 1.240E-07 alpha_mix =  0.100 |ddv_scf|^2 =  3.982E-13

      iter #  14 total cpu time :  1941.6 secs   av.it.:  12.9
      thresh= 6.311E-08 alpha_mix =  0.100 |ddv_scf|^2 =  1.284E-13

      iter #  15 total cpu time :  1943.1 secs   av.it.:  13.3
      thresh= 3.584E-08 alpha_mix =  0.100 |ddv_scf|^2 =  3.627E-14

      iter #  16 total cpu time :  1944.6 secs   av.it.:  12.7
      thresh= 1.904E-08 alpha_mix =  0.100 |ddv_scf|^2 =  2.010E-14

      iter #  17 total cpu time :  1946.2 secs   av.it.:  13.4
      thresh= 1.418E-08 alpha_mix =  0.100 |ddv_scf|^2 =  7.068E-15

      iter #  18 total cpu time :  1947.5 secs   av.it.:  11.3
      thresh= 8.407E-09 alpha_mix =  0.100 |ddv_scf|^2 =  4.842E-15

      iter #  19 total cpu time :  1949.1 secs   av.it.:  13.4
      thresh= 6.958E-09 alpha_mix =  0.100 |ddv_scf|^2 =  8.952E-16

     End of self-consistent calculation

     Convergence has been achieved 


     Representation #   2 mode #   2

     Self-consistent Calculation

      iter #   1 total cpu time :  1950.2 secs   av.it.:   7.0
      thresh= 1.000E-02 alpha_mix =  0.100 |ddv_scf|^2 =  3.954E-06

      iter #   2 total cpu time :  1951.5 secs   av.it.:  10.8
      thresh= 1.988E-04 alpha_mix =  0.100 |ddv_scf|^2 =  2.044E-06

      iter #   3 total cpu time :  1952.7 secs   av.it.:  10.0
      thresh= 1.430E-04 alpha_mix =  0.100 |ddv_scf|^2 =  6.166E-07

      iter #   4 total cpu time :  1954.2 secs   av.it.:  12.9
      thresh= 7.852E-05 alpha_mix =  0.100 |ddv_scf|^2 =  1.209E-08

      iter #   5 total cpu time :  1955.7 secs   av.it.:  12.4
      thresh= 1.100E-05 alpha_mix =  0.100 |ddv_scf|^2 =  5.223E-09

      iter #   6 total cpu time :  1957.2 secs   av.it.:  13.5
      thresh= 7.227E-06 alpha_mix =  0.100 |ddv_scf|^2 =  1.153E-09

      iter #   7 total cpu time :  1959.1 secs   av.it.:  13.8
      thresh= 3.396E-06 alpha_mix =  0.100 |ddv_scf|^2 =  6.259E-11

      iter #   8 total cpu time :  1960.9 secs   av.it.:  10.8
      thresh= 7.911E-07 alpha_mix =  0.100 |ddv_scf|^2 =  4.840E-11

      iter #   9 total cpu time :  1962.7 secs   av.it.:  14.1
      thresh= 6.957E-07 alpha_mix =  0.100 |ddv_scf|^2 =  1.274E-12

      iter #  10 total cpu time :  1964.1 secs   av.it.:  12.1
      thresh= 1.129E-07 alpha_mix =  0.100 |ddv_scf|^2 =  8.645E-13

      iter #  11 total cpu time :  1965.7 secs   av.it.:  14.0
      thresh= 9.298E-08 alpha_mix =  0.100 |ddv_scf|^2 =  9.499E-14

      iter #  12 total cpu time :  1967.2 secs   av.it.:  11.8
      thresh= 3.082E-08 alpha_mix =  0.100 |ddv_scf|^2 =  5.808E-14

      iter #  13 total cpu time :  1968.7 secs   av.it.:  13.4
      thresh= 2.410E-08 alpha_mix =  0.100 |ddv_scf|^2 =  6.172E-15

      iter #  14 total cpu time :  1970.2 secs   av.it.:  12.8
      thresh= 7.856E-09 alpha_mix =  0.100 |ddv_scf|^2 =  2.321E-15

      iter #  15 total cpu time :  1971.6 secs   av.it.:  12.0
      thresh= 4.818E-09 alpha_mix =  0.100 |ddv_scf|^2 =  1.620E-15

      iter #  16 total cpu time :  1973.3 secs   av.it.:  14.5
      thresh= 4.024E-09 alpha_mix =  0.100 |ddv_scf|^2 =  1.882E-16

     End of self-consistent calculation

     Convergence has been achieved 


     Representation #   3 mode #   3

     Self-consistent Calculation

      iter #   1 total cpu time :  1974.5 secs   av.it.:   7.6
      thresh= 1.000E-02 alpha_mix =  0.100 |ddv_scf|^2 =  3.311E-04

      iter #   2 total cpu time :  1975.8 secs   av.it.:  10.2
      thresh= 1.820E-03 alpha_mix =  0.100 |ddv_scf|^2 =  1.264E-04

      iter #   3 total cpu time :  1977.0 secs   av.it.:   9.6
      thresh= 1.124E-03 alpha_mix =  0.100 |ddv_scf|^2 =  2.325E-07

      iter #   4 total cpu time :  1978.6 secs   av.it.:  12.1
      thresh= 4.822E-05 alpha_mix =  0.100 |ddv_scf|^2 =  7.629E-08

      iter #   5 total cpu time :  1980.3 secs   av.it.:  13.2
      thresh= 2.762E-05 alpha_mix =  0.100 |ddv_scf|^2 =  4.748E-09

      iter #   6 total cpu time :  1981.9 secs   av.it.:  13.4
      thresh= 6.891E-06 alpha_mix =  0.100 |ddv_scf|^2 =  1.400E-09

      iter #   7 total cpu time :  1983.4 secs   av.it.:  12.9
      thresh= 3.741E-06 alpha_mix =  0.100 |ddv_scf|^2 =  1.995E-10

      iter #   8 total cpu time :  1985.0 secs   av.it.:  13.0
      thresh= 1.412E-06 alpha_mix =  0.100 |ddv_scf|^2 =  5.751E-11

      iter #   9 total cpu time :  1986.5 secs   av.it.:  12.2
      thresh= 7.584E-07 alpha_mix =  0.100 |ddv_scf|^2 =  3.324E-11

      iter #  10 total cpu time :  1988.1 secs   av.it.:  13.7
      thresh= 5.765E-07 alpha_mix =  0.100 |ddv_scf|^2 =  7.256E-12

      iter #  11 total cpu time :  1989.4 secs   av.it.:  11.4
      thresh= 2.694E-07 alpha_mix =  0.100 |ddv_scf|^2 =  4.511E-12

      iter #  12 total cpu time :  1990.9 secs   av.it.:  13.1
      thresh= 2.124E-07 alpha_mix =  0.100 |ddv_scf|^2 =  4.407E-13

      iter #  13 total cpu time :  1992.5 secs   av.it.:  13.3
      thresh= 6.639E-08 alpha_mix =  0.100 |ddv_scf|^2 =  1.905E-13

      iter #  14 total cpu time :  1993.9 secs   av.it.:  12.7
      thresh= 4.365E-08 alpha_mix =  0.100 |ddv_scf|^2 =  7.292E-14

      iter #  15 total cpu time :  1995.4 secs   av.it.:  12.6
      thresh= 2.700E-08 alpha_mix =  0.100 |ddv_scf|^2 =  2.848E-14

      iter #  16 total cpu time :  1996.9 secs   av.it.:  13.2
      thresh= 1.688E-08 alpha_mix =  0.100 |ddv_scf|^2 =  8.178E-15

      iter #  17 total cpu time :  1998.4 secs   av.it.:  12.9
      thresh= 9.043E-09 alpha_mix =  0.100 |ddv_scf|^2 =  3.761E-15

      iter #  18 total cpu time :  1999.8 secs   av.it.:  11.8
      thresh= 6.132E-09 alpha_mix =  0.100 |ddv_scf|^2 =  2.517E-15

      iter #  19 total cpu time :  2001.4 secs   av.it.:  14.2
      thresh= 5.017E-09 alpha_mix =  0.100 |ddv_scf|^2 =  6.649E-16

     End of self-consistent calculation

     Convergence has been achieved 


     Representation #   4 mode #   4

     Self-consistent Calculation

      iter #   1 total cpu time :  2002.8 secs   av.it.:   8.7
      thresh= 1.000E-02 alpha_mix =  0.100 |ddv_scf|^2 =  3.478E-04

      iter #   2 total cpu time :  2004.1 secs   av.it.:  10.4
      thresh= 1.865E-03 alpha_mix =  0.100 |ddv_scf|^2 =  1.223E-04

      iter #   3 total cpu time :  2005.3 secs   av.it.:   9.7
      thresh= 1.106E-03 alpha_mix =  0.100 |ddv_scf|^2 =  3.299E-06

      iter #   4 total cpu time :  2006.7 secs   av.it.:  12.8
      thresh= 1.816E-04 alpha_mix =  0.100 |ddv_scf|^2 =  5.328E-08

      iter #   5 total cpu time :  2008.2 secs   av.it.:  12.3
      thresh= 2.308E-05 alpha_mix =  0.100 |ddv_scf|^2 =  2.176E-08

      iter #   6 total cpu time :  2009.7 secs   av.it.:  13.4
      thresh= 1.475E-05 alpha_mix =  0.100 |ddv_scf|^2 =  5.213E-09

      iter #   7 total cpu time :  2011.3 secs   av.it.:  13.8
      thresh= 7.220E-06 alpha_mix =  0.100 |ddv_scf|^2 =  4.793E-10

      iter #   8 total cpu time :  2012.7 secs   av.it.:  11.9
      thresh= 2.189E-06 alpha_mix =  0.100 |ddv_scf|^2 =  3.363E-10

      iter #   9 total cpu time :  2014.3 secs   av.it.:  13.9
      thresh= 1.834E-06 alpha_mix =  0.100 |ddv_scf|^2 =  1.819E-11

      iter #  10 total cpu time :  2015.7 secs   av.it.:  11.5
      thresh= 4.265E-07 alpha_mix =  0.100 |ddv_scf|^2 =  7.177E-12

      iter #  11 total cpu time :  2017.3 secs   av.it.:  14.0
      thresh= 2.679E-07 alpha_mix =  0.100 |ddv_scf|^2 =  1.844E-12

      iter #  12 total cpu time :  2018.8 secs   av.it.:  13.1
      thresh= 1.358E-07 alpha_mix =  0.100 |ddv_scf|^2 =  9.633E-13

      iter #  13 total cpu time :  2020.4 secs   av.it.:  13.9
      thresh= 9.815E-08 alpha_mix =  0.100 |ddv_scf|^2 =  1.045E-13

      iter #  14 total cpu time :  2021.8 secs   av.it.:  12.3
      thresh= 3.232E-08 alpha_mix =  0.100 |ddv_scf|^2 =  3.730E-14

      iter #  15 total cpu time :  2023.4 secs   av.it.:  13.8
      thresh= 1.931E-08 alpha_mix =  0.100 |ddv_scf|^2 =  8.712E-15

      iter #  16 total cpu time :  2024.9 secs   av.it.:  13.0
      thresh= 9.334E-09 alpha_mix =  0.100 |ddv_scf|^2 =  1.428E-15

      iter #  17 total cpu time :  2026.4 secs   av.it.:  13.4
      thresh= 3.779E-09 alpha_mix =  0.100 |ddv_scf|^2 =  5.604E-16

     End of self-consistent calculation

     Convergence has been achieved 


     Representation #   5 mode #   5

     Self-consistent Calculation

      iter #   1 total cpu time :  2028.5 secs   av.it.:   6.9
      thresh= 1.000E-02 alpha_mix =  0.100 |ddv_scf|^2 =  1.699E-06

      iter #   2 total cpu time :  2031.8 secs   av.it.:  10.6
      thresh= 1.303E-04 alpha_mix =  0.100 |ddv_scf|^2 =  9.861E-07

      iter #   3 total cpu time :  2034.5 secs   av.it.:  12.9
      thresh= 9.930E-05 alpha_mix =  0.100 |ddv_scf|^2 =  7.652E-09

      iter #   4 total cpu time :  2036.3 secs   av.it.:  13.1
      thresh= 8.747E-06 alpha_mix =  0.100 |ddv_scf|^2 =  1.437E-09

      iter #   5 total cpu time :  2038.9 secs   av.it.:  14.0
      thresh= 3.790E-06 alpha_mix =  0.100 |ddv_scf|^2 =  1.024E-10

      iter #   6 total cpu time :  2040.5 secs   av.it.:  13.9
      thresh= 1.012E-06 alpha_mix =  0.100 |ddv_scf|^2 =  3.381E-12

      iter #   7 total cpu time :  2042.0 secs   av.it.:  13.2
      thresh= 1.839E-07 alpha_mix =  0.100 |ddv_scf|^2 =  1.419E-12

      iter #   8 total cpu time :  2043.6 secs   av.it.:  14.3
      thresh= 1.191E-07 alpha_mix =  0.100 |ddv_scf|^2 =  1.676E-14

      iter #   9 total cpu time :  2044.9 secs   av.it.:  10.8
      thresh= 1.295E-08 alpha_mix =  0.100 |ddv_scf|^2 =  1.317E-14

      iter #  10 total cpu time :  2046.5 secs   av.it.:  14.2
      thresh= 1.148E-08 alpha_mix =  0.100 |ddv_scf|^2 =  1.373E-16

     End of self-consistent calculation

     Convergence has been achieved 


     Representation #   6 mode #   6

     Self-consistent Calculation

      iter #   1 total cpu time :  2047.8 secs   av.it.:   8.1
      thresh= 1.000E-02 alpha_mix =  0.100 |ddv_scf|^2 =  6.795E-06

      iter #   2 total cpu time :  2049.0 secs   av.it.:  10.6
      thresh= 2.607E-04 alpha_mix =  0.100 |ddv_scf|^2 =  3.880E-06

      iter #   3 total cpu time :  2050.5 secs   av.it.:  12.7
      thresh= 1.970E-04 alpha_mix =  0.100 |ddv_scf|^2 =  1.496E-08

      iter #   4 total cpu time :  2052.0 secs   av.it.:  12.7
      thresh= 1.223E-05 alpha_mix =  0.100 |ddv_scf|^2 =  5.876E-09

      iter #   5 total cpu time :  2053.6 secs   av.it.:  14.1
      thresh= 7.666E-06 alpha_mix =  0.100 |ddv_scf|^2 =  1.908E-10

      iter #   6 total cpu time :  2055.2 secs   av.it.:  14.1
      thresh= 1.381E-06 alpha_mix =  0.100 |ddv_scf|^2 =  1.037E-11

      iter #   7 total cpu time :  2056.8 secs   av.it.:  14.1
      thresh= 3.220E-07 alpha_mix =  0.100 |ddv_scf|^2 =  3.310E-12

      iter #   8 total cpu time :  2058.4 secs   av.it.:  14.4
      thresh= 1.819E-07 alpha_mix =  0.100 |ddv_scf|^2 =  3.667E-14

      iter #   9 total cpu time :  2059.8 secs   av.it.:  11.9
      thresh= 1.915E-08 alpha_mix =  0.100 |ddv_scf|^2 =  2.760E-14

      iter #  10 total cpu time :  2061.4 secs   av.it.:  13.3
      thresh= 1.661E-08 alpha_mix =  0.100 |ddv_scf|^2 =  9.412E-15

      iter #  11 total cpu time :  2062.8 secs   av.it.:  12.0
      thresh= 9.702E-09 alpha_mix =  0.100 |ddv_scf|^2 =  6.389E-15

      iter #  12 total cpu time :  2064.4 secs   av.it.:  14.1
      thresh= 7.993E-09 alpha_mix =  0.100 |ddv_scf|^2 =  6.756E-16

     End of self-consistent calculation

     Convergence has been achieved 


     Representation #   7 mode #   7

     Self-consistent Calculation

      iter #   1 total cpu time :  2065.6 secs   av.it.:   6.9
      thresh= 1.000E-02 alpha_mix =  0.100 |ddv_scf|^2 =  1.547E-06

      iter #   2 total cpu time :  2066.8 secs   av.it.:  10.6
      thresh= 1.244E-04 alpha_mix =  0.100 |ddv_scf|^2 =  8.739E-07

      iter #   3 total cpu time :  2068.3 secs   av.it.:  12.9
      thresh= 9.349E-05 alpha_mix =  0.100 |ddv_scf|^2 =  1.135E-08

      iter #   4 total cpu time :  2069.9 secs   av.it.:  13.4
      thresh= 1.065E-05 alpha_mix =  0.100 |ddv_scf|^2 =  1.257E-09

      iter #   5 total cpu time :  2071.5 secs   av.it.:  13.9
      thresh= 3.545E-06 alpha_mix =  0.100 |ddv_scf|^2 =  1.051E-10

      iter #   6 total cpu time :  2073.1 secs   av.it.:  14.0
      thresh= 1.025E-06 alpha_mix =  0.100 |ddv_scf|^2 =  1.727E-12

      iter #   7 total cpu time :  2074.7 secs   av.it.:  13.9
      thresh= 1.314E-07 alpha_mix =  0.100 |ddv_scf|^2 =  3.853E-13

      iter #   8 total cpu time :  2076.3 secs   av.it.:  14.3
      thresh= 6.207E-08 alpha_mix =  0.100 |ddv_scf|^2 =  7.803E-15

      iter #   9 total cpu time :  2077.8 secs   av.it.:  12.1
      thresh= 8.833E-09 alpha_mix =  0.100 |ddv_scf|^2 =  5.596E-15

      iter #  10 total cpu time :  2079.4 secs   av.it.:  14.5
      thresh= 7.481E-09 alpha_mix =  0.100 |ddv_scf|^2 =  1.298E-16

     End of self-consistent calculation

     Convergence has been achieved 


     Representation #   8 mode #   8

     Self-consistent Calculation

      iter #   1 total cpu time :  2080.6 secs   av.it.:   8.2
      thresh= 1.000E-02 alpha_mix =  0.100 |ddv_scf|^2 =  9.206E-06

      iter #   2 total cpu time :  2081.9 secs   av.it.:  10.7
      thresh= 3.034E-04 alpha_mix =  0.100 |ddv_scf|^2 =  5.076E-06

      iter #   3 total cpu time :  2083.4 secs   av.it.:  12.8
      thresh= 2.253E-04 alpha_mix =  0.100 |ddv_scf|^2 =  1.374E-08

      iter #   4 total cpu time :  2084.8 secs   av.it.:  12.4
      thresh= 1.172E-05 alpha_mix =  0.100 |ddv_scf|^2 =  6.599E-09

      iter #   5 total cpu time :  2086.4 secs   av.it.:  14.2
      thresh= 8.123E-06 alpha_mix =  0.100 |ddv_scf|^2 =  1.711E-10

      iter #   6 total cpu time :  2088.0 secs   av.it.:  14.2
      thresh= 1.308E-06 alpha_mix =  0.100 |ddv_scf|^2 =  1.215E-11

      iter #   7 total cpu time :  2089.6 secs   av.it.:  14.4
      thresh= 3.486E-07 alpha_mix =  0.100 |ddv_scf|^2 =  2.854E-12

      iter #   8 total cpu time :  2091.3 secs   av.it.:  14.4
      thresh= 1.689E-07 alpha_mix =  0.100 |ddv_scf|^2 =  5.176E-14

      iter #   9 total cpu time :  2092.7 secs   av.it.:  12.6
      thresh= 2.275E-08 alpha_mix =  0.100 |ddv_scf|^2 =  3.622E-14

      iter #  10 total cpu time :  2094.3 secs   av.it.:  13.2
      thresh= 1.903E-08 alpha_mix =  0.100 |ddv_scf|^2 =  1.431E-14

      iter #  11 total cpu time :  2095.7 secs   av.it.:  12.0
      thresh= 1.196E-08 alpha_mix =  0.100 |ddv_scf|^2 =  9.844E-15

      iter #  12 total cpu time :  2097.3 secs   av.it.:  14.1
      thresh= 9.922E-09 alpha_mix =  0.100 |ddv_scf|^2 =  1.537E-15

      iter #  13 total cpu time :  2098.7 secs   av.it.:  11.2
      thresh= 3.921E-09 alpha_mix =  0.100 |ddv_scf|^2 =  1.195E-15

      iter #  14 total cpu time :  2100.3 secs   av.it.:  14.2
      thresh= 3.456E-09 alpha_mix =  0.100 |ddv_scf|^2 =  3.571E-17

     End of self-consistent calculation

     Convergence has been achieved 


     Representation #   9 mode #   9

     Self-consistent Calculation

      iter #   1 total cpu time :  2101.5 secs   av.it.:   7.3
      thresh= 1.000E-02 alpha_mix =  0.100 |ddv_scf|^2 =  3.898E-05

      iter #   2 total cpu time :  2102.7 secs   av.it.:  10.4
      thresh= 6.243E-04 alpha_mix =  0.100 |ddv_scf|^2 =  1.518E-05

      iter #   3 total cpu time :  2103.9 secs   av.it.:   9.8
      thresh= 3.896E-04 alpha_mix =  0.100 |ddv_scf|^2 =  7.403E-07

      iter #   4 total cpu time :  2105.5 secs   av.it.:  12.9
      thresh= 8.604E-05 alpha_mix =  0.100 |ddv_scf|^2 =  1.148E-08

      iter #   5 total cpu time :  2106.9 secs   av.it.:  12.0
      thresh= 1.072E-05 alpha_mix =  0.100 |ddv_scf|^2 =  6.262E-09

      iter #   6 total cpu time :  2108.5 secs   av.it.:  13.5
      thresh= 7.913E-06 alpha_mix =  0.100 |ddv_scf|^2 =  1.100E-09

      iter #   7 total cpu time :  2110.1 secs   av.it.:  13.8
      thresh= 3.317E-06 alpha_mix =  0.100 |ddv_scf|^2 =  9.016E-11

      iter #   8 total cpu time :  2111.4 secs   av.it.:  11.2
      thresh= 9.495E-07 alpha_mix =  0.100 |ddv_scf|^2 =  6.779E-11

      iter #   9 total cpu time :  2113.0 secs   av.it.:  13.7
      thresh= 8.233E-07 alpha_mix =  0.100 |ddv_scf|^2 =  5.083E-12

      iter #  10 total cpu time :  2114.3 secs   av.it.:  11.3
      thresh= 2.255E-07 alpha_mix =  0.100 |ddv_scf|^2 =  2.754E-12

      iter #  11 total cpu time :  2116.0 secs   av.it.:  14.2
      thresh= 1.659E-07 alpha_mix =  0.100 |ddv_scf|^2 =  8.234E-14

      iter #  12 total cpu time :  2117.4 secs   av.it.:  11.9
      thresh= 2.869E-08 alpha_mix =  0.100 |ddv_scf|^2 =  5.690E-14

      iter #  13 total cpu time :  2119.0 secs   av.it.:  14.2
      thresh= 2.385E-08 alpha_mix =  0.100 |ddv_scf|^2 =  6.958E-15

      iter #  14 total cpu time :  2120.5 secs   av.it.:  13.1
      thresh= 8.341E-09 alpha_mix =  0.100 |ddv_scf|^2 =  3.216E-15

      iter #  15 total cpu time :  2122.0 secs   av.it.:  11.9
      thresh= 5.671E-09 alpha_mix =  0.100 |ddv_scf|^2 =  2.084E-15

      iter #  16 total cpu time :  2123.5 secs   av.it.:  13.1
      thresh= 4.565E-09 alpha_mix =  0.100 |ddv_scf|^2 =  1.186E-15

      iter #  17 total cpu time :  2125.0 secs   av.it.:  12.3
      thresh= 3.444E-09 alpha_mix =  0.100 |ddv_scf|^2 =  8.796E-16

     End of self-consistent calculation

     Convergence has been achieved 


     Representation #  10 mode #  10

     Self-consistent Calculation

      iter #   1 total cpu time :  2126.3 secs   av.it.:   9.3
      thresh= 1.000E-02 alpha_mix =  0.100 |ddv_scf|^2 =  1.783E-03

      iter #   2 total cpu time :  2127.6 secs   av.it.:  10.4
      thresh= 4.222E-03 alpha_mix =  0.100 |ddv_scf|^2 =  7.002E-04

      iter #   3 total cpu time :  2128.8 secs   av.it.:   9.6
      thresh= 2.646E-03 alpha_mix =  0.100 |ddv_scf|^2 =  2.308E-06

      iter #   4 total cpu time :  2130.2 secs   av.it.:  12.2
      thresh= 1.519E-04 alpha_mix =  0.100 |ddv_scf|^2 =  3.506E-07

      iter #   5 total cpu time :  2131.7 secs   av.it.:  12.7
      thresh= 5.921E-05 alpha_mix =  0.100 |ddv_scf|^2 =  3.097E-08

      iter #   6 total cpu time :  2133.3 secs   av.it.:  13.4
      thresh= 1.760E-05 alpha_mix =  0.100 |ddv_scf|^2 =  5.024E-09

      iter #   7 total cpu time :  2134.8 secs   av.it.:  12.8
      thresh= 7.088E-06 alpha_mix =  0.100 |ddv_scf|^2 =  1.165E-09

      iter #   8 total cpu time :  2136.3 secs   av.it.:  13.5
      thresh= 3.413E-06 alpha_mix =  0.100 |ddv_scf|^2 =  3.070E-10

      iter #   9 total cpu time :  2137.9 secs   av.it.:  13.6
      thresh= 1.752E-06 alpha_mix =  0.100 |ddv_scf|^2 =  4.352E-11

      iter #  10 total cpu time :  2139.3 secs   av.it.:  12.5
      thresh= 6.597E-07 alpha_mix =  0.100 |ddv_scf|^2 =  1.931E-11

      iter #  11 total cpu time :  2140.8 secs   av.it.:  13.2
      thresh= 4.395E-07 alpha_mix =  0.100 |ddv_scf|^2 =  6.094E-12

      iter #  12 total cpu time :  2142.3 secs   av.it.:  12.4
      thresh= 2.469E-07 alpha_mix =  0.100 |ddv_scf|^2 =  2.875E-12

      iter #  13 total cpu time :  2143.9 secs   av.it.:  14.1
      thresh= 1.696E-07 alpha_mix =  0.100 |ddv_scf|^2 =  4.211E-13

      iter #  14 total cpu time :  2145.3 secs   av.it.:  12.3
      thresh= 6.489E-08 alpha_mix =  0.100 |ddv_scf|^2 =  1.611E-13

      iter #  15 total cpu time :  2146.8 secs   av.it.:  13.1
      thresh= 4.014E-08 alpha_mix =  0.100 |ddv_scf|^2 =  4.123E-14

      iter #  16 total cpu time :  2148.4 secs   av.it.:  13.6
      thresh= 2.030E-08 alpha_mix =  0.100 |ddv_scf|^2 =  1.582E-14

      iter #  17 total cpu time :  2149.8 secs   av.it.:  12.6
      thresh= 1.258E-08 alpha_mix =  0.100 |ddv_scf|^2 =  9.591E-15

      iter #  18 total cpu time :  2151.4 secs   av.it.:  12.9
      thresh= 9.794E-09 alpha_mix =  0.100 |ddv_scf|^2 =  3.906E-15

      iter #  19 total cpu time :  2153.0 secs   av.it.:  11.9
      thresh= 6.250E-09 alpha_mix =  0.100 |ddv_scf|^2 =  2.625E-15

      iter #  20 total cpu time :  2154.5 secs   av.it.:  11.7
      thresh= 5.123E-09 alpha_mix =  0.100 |ddv_scf|^2 =  1.798E-15

      iter #  21 total cpu time :  2156.0 secs   av.it.:  12.6
      thresh= 4.240E-09 alpha_mix =  0.100 |ddv_scf|^2 =  1.013E-15

      iter #  22 total cpu time :  2157.4 secs   av.it.:  12.1
      thresh= 3.183E-09 alpha_mix =  0.100 |ddv_scf|^2 =  4.100E-16

     End of self-consistent calculation

     Convergence has been achieved 


     Representation #  11 mode #  11

     Self-consistent Calculation

      iter #   1 total cpu time :  2158.7 secs   av.it.:   8.5
      thresh= 1.000E-02 alpha_mix =  0.100 |ddv_scf|^2 =  1.550E-04

      iter #   2 total cpu time :  2159.9 secs   av.it.:  10.5
      thresh= 1.245E-03 alpha_mix =  0.100 |ddv_scf|^2 =  5.724E-05

      iter #   3 total cpu time :  2161.2 secs   av.it.:   9.8
      thresh= 7.566E-04 alpha_mix =  0.100 |ddv_scf|^2 =  2.921E-06

      iter #   4 total cpu time :  2162.6 secs   av.it.:  12.8
      thresh= 1.709E-04 alpha_mix =  0.100 |ddv_scf|^2 =  4.698E-08

      iter #   5 total cpu time :  2164.1 secs   av.it.:  12.3
      thresh= 2.168E-05 alpha_mix =  0.100 |ddv_scf|^2 =  1.836E-08

      iter #   6 total cpu time :  2165.6 secs   av.it.:  13.3
      thresh= 1.355E-05 alpha_mix =  0.100 |ddv_scf|^2 =  5.282E-09

      iter #   7 total cpu time :  2167.2 secs   av.it.:  13.9
      thresh= 7.268E-06 alpha_mix =  0.100 |ddv_scf|^2 =  2.930E-10

      iter #   8 total cpu time :  2168.6 secs   av.it.:  11.9
      thresh= 1.712E-06 alpha_mix =  0.100 |ddv_scf|^2 =  2.085E-10

      iter #   9 total cpu time :  2170.2 secs   av.it.:  13.7
      thresh= 1.444E-06 alpha_mix =  0.100 |ddv_scf|^2 =  1.617E-11

      iter #  10 total cpu time :  2171.6 secs   av.it.:  11.6
      thresh= 4.021E-07 alpha_mix =  0.100 |ddv_scf|^2 =  5.791E-12

      iter #  11 total cpu time :  2173.2 secs   av.it.:  14.5
      thresh= 2.406E-07 alpha_mix =  0.100 |ddv_scf|^2 =  7.553E-13

      iter #  12 total cpu time :  2174.8 secs   av.it.:  13.1
      thresh= 8.691E-08 alpha_mix =  0.100 |ddv_scf|^2 =  2.491E-13

      iter #  13 total cpu time :  2176.3 secs   av.it.:  12.5
      thresh= 4.991E-08 alpha_mix =  0.100 |ddv_scf|^2 =  1.060E-13

      iter #  14 total cpu time :  2177.8 secs   av.it.:  13.5
      thresh= 3.256E-08 alpha_mix =  0.100 |ddv_scf|^2 =  3.137E-14

      iter #  15 total cpu time :  2179.3 secs   av.it.:  13.1
      thresh= 1.771E-08 alpha_mix =  0.100 |ddv_scf|^2 =  1.664E-14

      iter #  16 total cpu time :  2180.9 secs   av.it.:  13.5
      thresh= 1.290E-08 alpha_mix =  0.100 |ddv_scf|^2 =  4.050E-15

      iter #  17 total cpu time :  2182.5 secs   av.it.:  13.3
      thresh= 6.364E-09 alpha_mix =  0.100 |ddv_scf|^2 =  2.322E-15

      iter #  18 total cpu time :  2183.9 secs   av.it.:  12.5
      thresh= 4.819E-09 alpha_mix =  0.100 |ddv_scf|^2 =  1.180E-15

      iter #  19 total cpu time :  2185.5 secs   av.it.:  12.9
      thresh= 3.435E-09 alpha_mix =  0.100 |ddv_scf|^2 =  7.260E-16

     End of self-consistent calculation

     Convergence has been achieved 


     Representation #  12 mode #  12

     Self-consistent Calculation

      iter #   1 total cpu time :  2186.7 secs   av.it.:   7.6
      thresh= 1.000E-02 alpha_mix =  0.100 |ddv_scf|^2 =  2.366E-04

      iter #   2 total cpu time :  2188.0 secs   av.it.:  10.3
      thresh= 1.538E-03 alpha_mix =  0.100 |ddv_scf|^2 =  9.685E-05

      iter #   3 total cpu time :  2189.2 secs   av.it.:   9.6
      thresh= 9.841E-04 alpha_mix =  0.100 |ddv_scf|^2 =  2.986E-07

      iter #   4 total cpu time :  2190.6 secs   av.it.:  12.2
      thresh= 5.464E-05 alpha_mix =  0.100 |ddv_scf|^2 =  6.487E-08

      iter #   5 total cpu time :  2192.1 secs   av.it.:  13.1
      thresh= 2.547E-05 alpha_mix =  0.100 |ddv_scf|^2 =  5.222E-09

      iter #   6 total cpu time :  2193.6 secs   av.it.:  13.4
      thresh= 7.226E-06 alpha_mix =  0.100 |ddv_scf|^2 =  1.432E-09

      iter #   7 total cpu time :  2195.1 secs   av.it.:  12.9
      thresh= 3.784E-06 alpha_mix =  0.100 |ddv_scf|^2 =  2.104E-10

      iter #   8 total cpu time :  2196.6 secs   av.it.:  12.9
      thresh= 1.450E-06 alpha_mix =  0.100 |ddv_scf|^2 =  5.924E-11

      iter #   9 total cpu time :  2198.2 secs   av.it.:  13.6
      thresh= 7.697E-07 alpha_mix =  0.100 |ddv_scf|^2 =  2.232E-11

      iter #  10 total cpu time :  2199.6 secs   av.it.:  12.5
      thresh= 4.725E-07 alpha_mix =  0.100 |ddv_scf|^2 =  3.996E-12

      iter #  11 total cpu time :  2201.0 secs   av.it.:  11.6
      thresh= 1.999E-07 alpha_mix =  0.100 |ddv_scf|^2 =  2.738E-12

      iter #  12 total cpu time :  2202.5 secs   av.it.:  13.2
      thresh= 1.655E-07 alpha_mix =  0.100 |ddv_scf|^2 =  4.495E-13

      iter #  13 total cpu time :  2204.1 secs   av.it.:  13.3
      thresh= 6.704E-08 alpha_mix =  0.100 |ddv_scf|^2 =  1.273E-13

      iter #  14 total cpu time :  2205.5 secs   av.it.:  12.4
      thresh= 3.567E-08 alpha_mix =  0.100 |ddv_scf|^2 =  5.986E-14

      iter #  15 total cpu time :  2207.0 secs   av.it.:  13.0
      thresh= 2.447E-08 alpha_mix =  0.100 |ddv_scf|^2 =  2.297E-14

      iter #  16 total cpu time :  2208.5 secs   av.it.:  12.4
      thresh= 1.516E-08 alpha_mix =  0.100 |ddv_scf|^2 =  1.278E-14

      iter #  17 total cpu time :  2210.0 secs   av.it.:  13.3
      thresh= 1.130E-08 alpha_mix =  0.100 |ddv_scf|^2 =  5.936E-15

      iter #  18 total cpu time :  2211.5 secs   av.it.:  12.6
      thresh= 7.704E-09 alpha_mix =  0.100 |ddv_scf|^2 =  3.754E-15

      iter #  19 total cpu time :  2212.9 secs   av.it.:  12.0
      thresh= 6.127E-09 alpha_mix =  0.100 |ddv_scf|^2 =  2.409E-15

      iter #  20 total cpu time :  2214.5 secs   av.it.:  14.1
      thresh= 4.908E-09 alpha_mix =  0.100 |ddv_scf|^2 =  1.070E-15

      iter #  21 total cpu time :  2216.1 secs   av.it.:  13.2
      thresh= 3.271E-09 alpha_mix =  0.100 |ddv_scf|^2 =  1.885E-16

     End of self-consistent calculation

     Convergence has been achieved 


     Representation #  13 modes #  13  14

     Self-consistent Calculation

      iter #   1 total cpu time :  2218.1 secs   av.it.:   6.6
      thresh= 1.000E-02 alpha_mix =  0.100 |ddv_scf|^2 =  1.041E-07

      iter #   2 total cpu time :  2220.9 secs   av.it.:  12.0
      thresh= 3.227E-05 alpha_mix =  0.100 |ddv_scf|^2 =  6.980E-08

      iter #   3 total cpu time :  2224.1 secs   av.it.:  14.5
      thresh= 2.642E-05 alpha_mix =  0.100 |ddv_scf|^2 =  1.525E-09

      iter #   4 total cpu time :  2227.2 secs   av.it.:  13.9
      thresh= 3.905E-06 alpha_mix =  0.100 |ddv_scf|^2 =  4.411E-10

      iter #   5 total cpu time :  2230.5 secs   av.it.:  14.7
      thresh= 2.100E-06 alpha_mix =  0.100 |ddv_scf|^2 =  6.762E-11

      iter #   6 total cpu time :  2233.8 secs   av.it.:  14.7
      thresh= 8.223E-07 alpha_mix =  0.100 |ddv_scf|^2 =  1.062E-11

      iter #   7 total cpu time :  2237.1 secs   av.it.:  15.1
      thresh= 3.258E-07 alpha_mix =  0.100 |ddv_scf|^2 =  9.311E-13

      iter #   8 total cpu time :  2240.3 secs   av.it.:  14.2
      thresh= 9.649E-08 alpha_mix =  0.100 |ddv_scf|^2 =  3.128E-13

      iter #   9 total cpu time :  2243.6 secs   av.it.:  14.7
      thresh= 5.593E-08 alpha_mix =  0.100 |ddv_scf|^2 =  4.250E-14

      iter #  10 total cpu time :  2246.9 secs   av.it.:  15.2
      thresh= 2.062E-08 alpha_mix =  0.100 |ddv_scf|^2 =  5.662E-15

      iter #  11 total cpu time :  2250.0 secs   av.it.:  13.6
      thresh= 7.525E-09 alpha_mix =  0.100 |ddv_scf|^2 =  3.934E-15

      iter #  12 total cpu time :  2253.4 secs   av.it.:  15.1
      thresh= 6.272E-09 alpha_mix =  0.100 |ddv_scf|^2 =  9.464E-16

     End of self-consistent calculation

     Convergence has been achieved 


     Representation #  14 modes #  15  16

     Self-consistent Calculation

      iter #   1 total cpu time :  2255.5 secs   av.it.:   6.7
      thresh= 1.000E-02 alpha_mix =  0.100 |ddv_scf|^2 =  1.625E-07

      iter #   2 total cpu time :  2258.4 secs   av.it.:  12.5
      thresh= 4.031E-05 alpha_mix =  0.100 |ddv_scf|^2 =  7.370E-08

      iter #   3 total cpu time :  2261.4 secs   av.it.:  13.4
      thresh= 2.715E-05 alpha_mix =  0.100 |ddv_scf|^2 =  2.550E-08

      iter #   4 total cpu time :  2264.7 secs   av.it.:  14.7
      thresh= 1.597E-05 alpha_mix =  0.100 |ddv_scf|^2 =  6.122E-10

      iter #   5 total cpu time :  2267.8 secs   av.it.:  14.1
      thresh= 2.474E-06 alpha_mix =  0.100 |ddv_scf|^2 =  1.829E-10

      iter #   6 total cpu time :  2271.0 secs   av.it.:  14.4
      thresh= 1.352E-06 alpha_mix =  0.100 |ddv_scf|^2 =  4.708E-11

      iter #   7 total cpu time :  2274.3 secs   av.it.:  15.0
      thresh= 6.861E-07 alpha_mix =  0.100 |ddv_scf|^2 =  6.258E-12

      iter #   8 total cpu time :  2277.2 secs   av.it.:  12.4
      thresh= 2.502E-07 alpha_mix =  0.100 |ddv_scf|^2 =  4.629E-12

      iter #   9 total cpu time :  2280.6 secs   av.it.:  15.4
      thresh= 2.151E-07 alpha_mix =  0.100 |ddv_scf|^2 =  9.368E-14

      iter #  10 total cpu time :  2283.6 secs   av.it.:  13.1
      thresh= 3.061E-08 alpha_mix =  0.100 |ddv_scf|^2 =  6.487E-14

      iter #  11 total cpu time :  2286.9 secs   av.it.:  15.1
      thresh= 2.547E-08 alpha_mix =  0.100 |ddv_scf|^2 =  1.354E-14

      iter #  12 total cpu time :  2290.0 secs   av.it.:  13.6
      thresh= 1.164E-08 alpha_mix =  0.100 |ddv_scf|^2 =  6.930E-15

      iter #  13 total cpu time :  2293.2 secs   av.it.:  14.8
      thresh= 8.325E-09 alpha_mix =  0.100 |ddv_scf|^2 =  1.361E-15

      iter #  14 total cpu time :  2296.6 secs   av.it.:  14.7
      thresh= 3.689E-09 alpha_mix =  0.100 |ddv_scf|^2 =  6.804E-16

     End of self-consistent calculation

     Convergence has been achieved 


     Representation #  15 modes #  17  18

     Self-consistent Calculation

      iter #   1 total cpu time :  2298.9 secs   av.it.:   8.1
      thresh= 1.000E-02 alpha_mix =  0.100 |ddv_scf|^2 =  1.233E-06

      iter #   2 total cpu time :  2301.7 secs   av.it.:  12.4
      thresh= 1.110E-04 alpha_mix =  0.100 |ddv_scf|^2 =  5.750E-07

      iter #   3 total cpu time :  2304.8 secs   av.it.:  13.8
      thresh= 7.583E-05 alpha_mix =  0.100 |ddv_scf|^2 =  5.566E-08

      iter #   4 total cpu time :  2308.0 secs   av.it.:  14.4
      thresh= 2.359E-05 alpha_mix =  0.100 |ddv_scf|^2 =  3.485E-09

      iter #   5 total cpu time :  2311.2 secs   av.it.:  14.5
      thresh= 5.903E-06 alpha_mix =  0.100 |ddv_scf|^2 =  5.505E-10

      iter #   6 total cpu time :  2314.2 secs   av.it.:  13.0
      thresh= 2.346E-06 alpha_mix =  0.100 |ddv_scf|^2 =  3.663E-10

      iter #   7 total cpu time :  2317.6 secs   av.it.:  15.6
      thresh= 1.914E-06 alpha_mix =  0.100 |ddv_scf|^2 =  8.058E-12

      iter #   8 total cpu time :  2320.5 secs   av.it.:  12.6
      thresh= 2.839E-07 alpha_mix =  0.100 |ddv_scf|^2 =  5.645E-12

      iter #   9 total cpu time :  2323.8 secs   av.it.:  15.2
      thresh= 2.376E-07 alpha_mix =  0.100 |ddv_scf|^2 =  5.821E-13

      iter #  10 total cpu time :  2326.9 secs   av.it.:  13.9
      thresh= 7.629E-08 alpha_mix =  0.100 |ddv_scf|^2 =  3.141E-13

      iter #  11 total cpu time :  2330.2 secs   av.it.:  14.5
      thresh= 5.604E-08 alpha_mix =  0.100 |ddv_scf|^2 =  9.005E-14

      iter #  12 total cpu time :  2333.5 secs   av.it.:  14.9
      thresh= 3.001E-08 alpha_mix =  0.100 |ddv_scf|^2 =  1.975E-14

      iter #  13 total cpu time :  2336.7 secs   av.it.:  14.2
      thresh= 1.405E-08 alpha_mix =  0.100 |ddv_scf|^2 =  1.076E-14

      iter #  14 total cpu time :  2340.0 secs   av.it.:  14.9
      thresh= 1.038E-08 alpha_mix =  0.100 |ddv_scf|^2 =  2.044E-15

      iter #  15 total cpu time :  2342.9 secs   av.it.:  12.9
      thresh= 4.521E-09 alpha_mix =  0.100 |ddv_scf|^2 =  1.353E-15

      iter #  16 total cpu time :  2346.2 secs   av.it.:  14.8
      thresh= 3.679E-09 alpha_mix =  0.100 |ddv_scf|^2 =  1.361E-16

     End of self-consistent calculation

     Convergence has been achieved 


     Representation #  16 modes #  19  20

     Self-consistent Calculation

      iter #   1 total cpu time :  2348.3 secs   av.it.:   6.8
      thresh= 1.000E-02 alpha_mix =  0.100 |ddv_scf|^2 =  6.410E-07

      iter #   2 total cpu time :  2351.1 secs   av.it.:  12.2
      thresh= 8.006E-05 alpha_mix =  0.100 |ddv_scf|^2 =  1.407E-07

      iter #   3 total cpu time :  2354.1 secs   av.it.:  13.1
      thresh= 3.751E-05 alpha_mix =  0.100 |ddv_scf|^2 =  2.766E-08

      iter #   4 total cpu time :  2357.3 secs   av.it.:  14.9
      thresh= 1.663E-05 alpha_mix =  0.100 |ddv_scf|^2 =  2.669E-10

      iter #   5 total cpu time :  2360.4 secs   av.it.:  13.2
      thresh= 1.634E-06 alpha_mix =  0.100 |ddv_scf|^2 =  1.574E-10

      iter #   6 total cpu time :  2363.6 secs   av.it.:  14.7
      thresh= 1.254E-06 alpha_mix =  0.100 |ddv_scf|^2 =  3.184E-11

      iter #   7 total cpu time :  2367.0 secs   av.it.:  15.0
      thresh= 5.643E-07 alpha_mix =  0.100 |ddv_scf|^2 =  5.466E-12

      iter #   8 total cpu time :  2369.9 secs   av.it.:  12.7
      thresh= 2.338E-07 alpha_mix =  0.100 |ddv_scf|^2 =  3.721E-12

      iter #   9 total cpu time :  2373.2 secs   av.it.:  15.3
      thresh= 1.929E-07 alpha_mix =  0.100 |ddv_scf|^2 =  8.430E-14

      iter #  10 total cpu time :  2376.2 secs   av.it.:  13.4
      thresh= 2.904E-08 alpha_mix =  0.100 |ddv_scf|^2 =  5.218E-14

      iter #  11 total cpu time :  2379.4 secs   av.it.:  14.5
      thresh= 2.284E-08 alpha_mix =  0.100 |ddv_scf|^2 =  2.122E-14

      iter #  12 total cpu time :  2382.8 secs   av.it.:  15.0
      thresh= 1.457E-08 alpha_mix =  0.100 |ddv_scf|^2 =  6.500E-15

      iter #  13 total cpu time :  2386.1 secs   av.it.:  14.8
      thresh= 8.062E-09 alpha_mix =  0.100 |ddv_scf|^2 =  1.258E-15

      iter #  14 total cpu time :  2389.2 secs   av.it.:  14.0
      thresh= 3.546E-09 alpha_mix =  0.100 |ddv_scf|^2 =  7.436E-16

     End of self-consistent calculation

     Convergence has been achieved 


     Representation #  17 modes #  21  22

     Self-consistent Calculation

      iter #   1 total cpu time :  2391.6 secs   av.it.:   7.9
      thresh= 1.000E-02 alpha_mix =  0.100 |ddv_scf|^2 =  7.029E-07

      iter #   2 total cpu time :  2394.4 secs   av.it.:  12.4
      thresh= 8.384E-05 alpha_mix =  0.100 |ddv_scf|^2 =  3.819E-07

      iter #   3 total cpu time :  2397.5 secs   av.it.:  14.1
      thresh= 6.179E-05 alpha_mix =  0.100 |ddv_scf|^2 =  4.290E-08

      iter #   4 total cpu time :  2400.7 secs   av.it.:  14.5
      thresh= 2.071E-05 alpha_mix =  0.100 |ddv_scf|^2 =  2.161E-09

      iter #   5 total cpu time :  2403.9 secs   av.it.:  14.2
      thresh= 4.648E-06 alpha_mix =  0.100 |ddv_scf|^2 =  6.108E-10

      iter #   6 total cpu time :  2407.0 secs   av.it.:  13.8
      thresh= 2.471E-06 alpha_mix =  0.100 |ddv_scf|^2 =  3.042E-10

      iter #   7 total cpu time :  2410.4 secs   av.it.:  15.6
      thresh= 1.744E-06 alpha_mix =  0.100 |ddv_scf|^2 =  6.886E-12

      iter #   8 total cpu time :  2413.3 secs   av.it.:  12.5
      thresh= 2.624E-07 alpha_mix =  0.100 |ddv_scf|^2 =  4.939E-12

      iter #   9 total cpu time :  2416.6 secs   av.it.:  15.4
      thresh= 2.222E-07 alpha_mix =  0.100 |ddv_scf|^2 =  3.705E-13

      iter #  10 total cpu time :  2419.8 secs   av.it.:  14.4
      thresh= 6.087E-08 alpha_mix =  0.100 |ddv_scf|^2 =  1.664E-13

      iter #  11 total cpu time :  2423.1 secs   av.it.:  14.7
      thresh= 4.079E-08 alpha_mix =  0.100 |ddv_scf|^2 =  5.037E-14

      iter #  12 total cpu time :  2426.4 secs   av.it.:  15.2
      thresh= 2.244E-08 alpha_mix =  0.100 |ddv_scf|^2 =  7.213E-15

      iter #  13 total cpu time :  2429.5 secs   av.it.:  13.4
      thresh= 8.493E-09 alpha_mix =  0.100 |ddv_scf|^2 =  4.000E-15

      iter #  14 total cpu time :  2432.8 secs   av.it.:  15.1
      thresh= 6.325E-09 alpha_mix =  0.100 |ddv_scf|^2 =  1.022E-15

      iter #  15 total cpu time :  2435.8 secs   av.it.:  13.0
      thresh= 3.196E-09 alpha_mix =  0.100 |ddv_scf|^2 =  7.153E-16

     End of self-consistent calculation

     Convergence has been achieved 


     Representation #  18 modes #  23  24

     Self-consistent Calculation

      iter #   1 total cpu time :  2438.1 secs   av.it.:   7.7
      thresh= 1.000E-02 alpha_mix =  0.100 |ddv_scf|^2 =  4.446E-07

      iter #   2 total cpu time :  2440.9 secs   av.it.:  12.3
      thresh= 6.668E-05 alpha_mix =  0.100 |ddv_scf|^2 =  2.673E-07

      iter #   3 total cpu time :  2444.1 secs   av.it.:  14.2
      thresh= 5.170E-05 alpha_mix =  0.100 |ddv_scf|^2 =  2.650E-08

      iter #   4 total cpu time :  2447.3 secs   av.it.:  14.4
      thresh= 1.628E-05 alpha_mix =  0.100 |ddv_scf|^2 =  1.676E-09

      iter #   5 total cpu time :  2450.5 secs   av.it.:  14.2
      thresh= 4.094E-06 alpha_mix =  0.100 |ddv_scf|^2 =  5.628E-10

      iter #   6 total cpu time :  2453.6 secs   av.it.:  14.0
      thresh= 2.372E-06 alpha_mix =  0.100 |ddv_scf|^2 =  2.314E-10

      iter #   7 total cpu time :  2457.0 secs   av.it.:  15.5
      thresh= 1.521E-06 alpha_mix =  0.100 |ddv_scf|^2 =  6.536E-12

      iter #   8 total cpu time :  2460.0 secs   av.it.:  12.8
      thresh= 2.557E-07 alpha_mix =  0.100 |ddv_scf|^2 =  4.418E-12

      iter #   9 total cpu time :  2463.3 secs   av.it.:  15.2
      thresh= 2.102E-07 alpha_mix =  0.100 |ddv_scf|^2 =  5.706E-13

      iter #  10 total cpu time :  2466.5 secs   av.it.:  14.1
      thresh= 7.554E-08 alpha_mix =  0.100 |ddv_scf|^2 =  2.941E-13

      iter #  11 total cpu time :  2469.7 secs   av.it.:  14.5
      thresh= 5.423E-08 alpha_mix =  0.100 |ddv_scf|^2 =  9.479E-14

      iter #  12 total cpu time :  2473.0 secs   av.it.:  14.8
      thresh= 3.079E-08 alpha_mix =  0.100 |ddv_scf|^2 =  2.262E-14

      iter #  13 total cpu time :  2476.1 secs   av.it.:  14.1
      thresh= 1.504E-08 alpha_mix =  0.100 |ddv_scf|^2 =  1.238E-14

      iter #  14 total cpu time :  2479.4 secs   av.it.:  14.6
      thresh= 1.112E-08 alpha_mix =  0.100 |ddv_scf|^2 =  3.628E-15

      iter #  15 total cpu time :  2482.3 secs   av.it.:  12.9
      thresh= 6.023E-09 alpha_mix =  0.100 |ddv_scf|^2 =  2.478E-15

      iter #  16 total cpu time :  2485.7 secs   av.it.:  15.1
      thresh= 4.978E-09 alpha_mix =  0.100 |ddv_scf|^2 =  1.620E-16

     End of self-consistent calculation

     Convergence has been achieved 
 
     Number of q in the star =    3
     List of q in the star:
          1   0.000000000   0.000000000  -0.500000000
          2  -0.500000000   0.000000000   0.000000000
          3   0.000000000  -0.500000000   0.000000000

     Diagonalizing the dynamical matrix

     q = (    0.000000000   0.000000000  -0.500000000 ) 

 **************************************************************************
     freq (    1) =       3.227977 [THz] =     107.673732 [cm-1]
     freq (    2) =       3.227977 [THz] =     107.673732 [cm-1]
     freq (    3) =       3.489542 [THz] =     116.398579 [cm-1]
     freq (    4) =       3.489542 [THz] =     116.398579 [cm-1]
     freq (    5) =       3.640348 [THz] =     121.428933 [cm-1]
     freq (    6) =       4.168579 [THz] =     139.048812 [cm-1]
     freq (    7) =       4.496439 [THz] =     149.985069 [cm-1]
     freq (    8) =       5.385704 [THz] =     179.647732 [cm-1]
     freq (    9) =       5.792284 [THz] =     193.209796 [cm-1]
     freq (   10) =       5.792284 [THz] =     193.209796 [cm-1]
     freq (   11) =       6.120028 [THz] =     204.142153 [cm-1]
     freq (   12) =       6.778888 [THz] =     226.119373 [cm-1]
     freq (   13) =      12.194692 [THz] =     406.771137 [cm-1]
     freq (   14) =      12.194692 [THz] =     406.771137 [cm-1]
     freq (   15) =      13.144794 [THz] =     438.463133 [cm-1]
     freq (   16) =      13.533256 [THz] =     451.420834 [cm-1]
     freq (   17) =      13.533256 [THz] =     451.420834 [cm-1]
     freq (   18) =      14.122081 [THz] =     471.061910 [cm-1]
     freq (   19) =      14.459996 [THz] =     482.333532 [cm-1]
     freq (   20) =      14.498054 [THz] =     483.603033 [cm-1]
     freq (   21) =      16.874120 [THz] =     562.860047 [cm-1]
     freq (   22) =      17.047613 [THz] =     568.647156 [cm-1]
     freq (   23) =      17.047613 [THz] =     568.647156 [cm-1]
     freq (   24) =      17.660064 [THz] =     589.076334 [cm-1]
 **************************************************************************

     Mode symmetry, D_2d (-42m) point group:

     freq (   1-   2) =        107.7  [cm-1]   --> E    X_5  W_3      
     freq (   3-   4) =        116.4  [cm-1]   --> E    X_5  W_3      
     freq (   5-   5) =        121.4  [cm-1]   --> B_1  X_2  W_1'     
     freq (   6-   6) =        139.0  [cm-1]   --> B_2  X_3  W_2      
     freq (   7-   7) =        150.0  [cm-1]   --> A_2  X_4  W_2'     
     freq (   8-   8) =        179.6  [cm-1]   --> A_1  X_1  W_1      
     freq (   9-  10) =        193.2  [cm-1]   --> E    X_5  W_3      
     freq (  11-  11) =        204.1  [cm-1]   --> B_2  X_3  W_2      
     freq (  12-  12) =        226.1  [cm-1]   --> A_1  X_1  W_1      
     freq (  13-  14) =        406.8  [cm-1]   --> E    X_5  W_3      
     freq (  15-  15) =        438.5  [cm-1]   --> B_1  X_2  W_1'     
     freq (  16-  17) =        451.4  [cm-1]   --> E    X_5  W_3      
     freq (  18-  18) =        471.1  [cm-1]   --> A_2  X_4  W_2'     
     freq (  19-  19) =        482.3  [cm-1]   --> B_2  X_3  W_2      
     freq (  20-  20) =        483.6  [cm-1]   --> A_1  X_1  W_1      
     freq (  21-  21) =        562.9  [cm-1]   --> A_1  X_1  W_1      
     freq (  22-  23) =        568.6  [cm-1]   --> E    X_5  W_3      
     freq (  24-  24) =        589.1  [cm-1]   --> B_2  X_3  W_2      

     Calculation of q =    0.0000000   0.2500000   0.2500000
 
     Parallelization info
     --------------------
     sticks:   dense  smooth     PW     G-vecs:    dense   smooth      PW
     Min         139     139     41                 4933     4933     784
     Max         140     140     43                 4936     4936     786
     Sum        2225    2225    665                78949    78949   12557
 
     Using Slab Decomposition
 

     Title: 
     --                                                                         


     bravais-lattice index     =            0
     lattice parameter (alat)  =       8.3571  a.u.
     unit-cell volume          =     583.6692 (a.u.)^3
     number of atoms/cell      =            8
     number of atomic types    =            2
     number of electrons       =        72.00
     number of Kohn-Sham states=           43
     kinetic-energy cutoff     =     100.0000  Ry
     charge density cutoff     =     400.0000  Ry
     Exchange-correlation= PBE
                           (   1   4   3   4   0   0   0)

     celldm(1)=   8.357100  celldm(2)=   0.000000  celldm(3)=   0.000000
     celldm(4)=   0.000000  celldm(5)=   0.000000  celldm(6)=   0.000000

     crystal axes: (cart. coord. in units of alat)
               a(1) = (   1.000000   0.000000   0.000000 )  
               a(2) = (   0.000000   1.000000   0.000000 )  
               a(3) = (   0.000000   0.000000   1.000000 )  

     reciprocal axes: (cart. coord. in units 2 pi/alat)
               b(1) = (  1.000000  0.000000  0.000000 )  
               b(2) = (  0.000000  1.000000  0.000000 )  
               b(3) = (  0.000000  0.000000  1.000000 )  


     PseudoPot. # 1 for Nb read from file:
     /pscratch/sd/m/mhussien/NbN/2025/All_data/bulk-press-epi/pristine/June_06/pseudo/Nb_pbe.upf
     MD5 check sum: 712dd6877a67fb2d3f70e8edbadf3134
     Pseudo is Norm-conserving + core correction, Zval = 13.0
     Generated using ONCVPSP code by D. R. Hamann
     Using radial grid of 1680 points,  6 beta functions with: 
                l(1) =   0
                l(2) =   0
                l(3) =   1
                l(4) =   1
                l(5) =   2
                l(6) =   2

     PseudoPot. # 2 for N  read from file:
     /pscratch/sd/m/mhussien/NbN/2025/All_data/bulk-press-epi/pristine/June_06/pseudo/N_pbe.upf
     MD5 check sum: d34365f73bb0e2ee98afc20ec3e87676
     Pseudo is Norm-conserving + core correction, Zval =  5.0
     Generated using ONCVPSP code by D. R. Hamann
     Using radial grid of 1058 points,  4 beta functions with: 
                l(1) =   0
                l(2) =   0
                l(3) =   1
                l(4) =   1

     atomic species   valence    mass     pseudopotential
     Nb               13.00    92.91000     Nb( 1.00)
     N                 5.00    14.01000     N ( 1.00)

     24 Sym. Ops. (no inversion) found



   Cartesian axes

     site n.     atom                  positions (alat units)
         1        Nb     tau(   1) = (   0.2327065   0.7672935   0.2327065  )
         2        Nb     tau(   2) = (   0.7672935   0.2327065   0.2327065  )
         3        Nb     tau(   3) = (   0.7672935   0.7672935   0.7672935  )
         4        Nb     tau(   4) = (   0.2327065   0.2327065   0.7672935  )
         5        N      tau(   5) = (   0.7348907   0.2651093   0.7348907  )
         6        N      tau(   6) = (   0.2651093   0.7348907   0.7348907  )
         7        N      tau(   7) = (   0.2651093   0.2651093   0.2651093  )
         8        N      tau(   8) = (   0.7348907   0.7348907   0.2651093  )

     number of k points=  6156  Marzari-Vanderbilt smearing, width (Ry)=  0.0050

     Number of k-points >= 100: set verbosity='high' to print them.

     Dense  grid:    78949 G-vectors     FFT dimensions: (  54,  54,  54)

     Estimated max dynamical RAM per process >      10.93 MB

     Estimated total dynamical RAM >      21.87 GB

     The potential is recalculated from file :
     ./_ph0/nbn.q_4/nbn.save/charge-density

     Starting wfcs are   56 atomic wfcs

     Band Structure Calculation
     Davidson diagonalization with overlap

     ethr =  1.39E-11,  avg # of iterations = 26.7

     total cpu time spent up to now is       75.5 secs

     End of band structure calculation

     Number of k-points >= 100: set verbosity='high' to print the bands.

     the Fermi energy is    19.9997 ev

     Writing config to output data dir ./_ph0/nbn.q_4/nbn.save/ :
     XML data file

     --                                                                         

     bravais-lattice index     =            0
     lattice parameter (alat)  =       8.3571  a.u.
     unit-cell volume          =     583.6692 (a.u.)^3
     number of atoms/cell      =            8
     number of atomic types    =            2
     kinetic-energy cut-off    =     100.0000  Ry
     charge density cut-off    =     400.0000  Ry
     convergence threshold     =      1.0E-15
     beta                      =       0.1000
     number of iterations used =            4
     Exchange-correlation= PBE
                           (   1   4   3   4   0   0   0)


     celldm(1)=    8.35710  celldm(2)=    0.00000  celldm(3)=    0.00000
     celldm(4)=    0.00000  celldm(5)=    0.00000  celldm(6)=    0.00000

     crystal axes: (cart. coord. in units of alat)
               a(1) = (  1.0000  0.0000  0.0000 )  
               a(2) = (  0.0000  1.0000  0.0000 )  
               a(3) = (  0.0000  0.0000  1.0000 )  

     reciprocal axes: (cart. coord. in units 2 pi/alat)
               b(1) = (  1.0000  0.0000  0.0000 )  
               b(2) = (  0.0000  1.0000  0.0000 )  
               b(3) = (  0.0000  0.0000  1.0000 )  


     Atoms inside the unit cell: 

     Cartesian axes

     site n.  atom      mass           positions (alat units)
        1  Nb     92.9100   tau(    1) = (    0.23271    0.76729    0.23271  )
        2  Nb     92.9100   tau(    2) = (    0.76729    0.23271    0.23271  )
        3  Nb     92.9100   tau(    3) = (    0.76729    0.76729    0.76729  )
        4  Nb     92.9100   tau(    4) = (    0.23271    0.23271    0.76729  )
        5  N      14.0100   tau(    5) = (    0.73489    0.26511    0.73489  )
        6  N      14.0100   tau(    6) = (    0.26511    0.73489    0.73489  )
        7  N      14.0100   tau(    7) = (    0.26511    0.26511    0.26511  )
        8  N      14.0100   tau(    8) = (    0.73489    0.73489    0.26511  )

     Computing dynamical matrix for 
                    q = (   0.0000000   0.2500000   0.2500000 )
 
      2 Sym.Ops. (no q -> -q+G )


     G cutoff =  707.6385  (   4935 G-vectors)     FFT grid: ( 54, 54, 54)

     number of k points=  6156  Marzari-Vanderbilt smearing, width (Ry)=  0.0050

     PseudoPot. # 1 for Nb read from file:
     /pscratch/sd/m/mhussien/NbN/2025/All_data/bulk-press-epi/pristine/June_06/pseudo/Nb_pbe.upf
     MD5 check sum: 712dd6877a67fb2d3f70e8edbadf3134
     Pseudo is Norm-conserving + core correction, Zval = 13.0
     Generated using ONCVPSP code by D. R. Hamann
     Using radial grid of 1680 points,  6 beta functions with: 
                l(1) =   0
                l(2) =   0
                l(3) =   1
                l(4) =   1
                l(5) =   2
                l(6) =   2

     PseudoPot. # 2 for N  read from file:
     /pscratch/sd/m/mhussien/NbN/2025/All_data/bulk-press-epi/pristine/June_06/pseudo/N_pbe.upf
     MD5 check sum: d34365f73bb0e2ee98afc20ec3e87676
     Pseudo is Norm-conserving + core correction, Zval =  5.0
     Generated using ONCVPSP code by D. R. Hamann
     Using radial grid of 1058 points,  4 beta functions with: 
                l(1) =   0
                l(2) =   0
                l(3) =   1
                l(4) =   1

     Mode symmetry, C_s (m)     point group:


     Atomic displacements:
     There are   24 irreducible representations

     Representation     1      1 modes -  To be done

     Representation     2      1 modes -  To be done

     Representation     3      1 modes -  To be done

     Representation     4      1 modes -  To be done

     Representation     5      1 modes -  To be done

     Representation     6      1 modes -  To be done

     Representation     7      1 modes -  To be done

     Representation     8      1 modes -  To be done

     Representation     9      1 modes -  To be done

     Representation    10      1 modes -  To be done

     Representation    11      1 modes -  To be done

     Representation    12      1 modes -  To be done

     Representation    13      1 modes -  To be done

     Representation    14      1 modes -  To be done

     Representation    15      1 modes -  To be done

     Representation    16      1 modes -  To be done

     Representation    17      1 modes -  To be done

     Representation    18      1 modes -  To be done

     Representation    19      1 modes -  To be done

     Representation    20      1 modes -  To be done

     Representation    21      1 modes -  To be done

     Representation    22      1 modes -  To be done

     Representation    23      1 modes -  To be done

     Representation    24      1 modes -  To be done



     Alpha used in Ewald sum =   2.8000
     PHONON       :  40m26.19s CPU  42m11.35s WALL



     Representation #   1 mode #   1

     Self-consistent Calculation

      iter #   1 total cpu time :  2536.9 secs   av.it.:   9.0
      thresh= 1.000E-02 alpha_mix =  0.100 |ddv_scf|^2 =  3.455E-03

      iter #   2 total cpu time :  2542.7 secs   av.it.:  10.0
      thresh= 5.878E-03 alpha_mix =  0.100 |ddv_scf|^2 =  1.469E-02

      iter #   3 total cpu time :  2547.8 secs   av.it.:   8.5
      thresh= 1.000E-02 alpha_mix =  0.100 |ddv_scf|^2 =  2.925E-06

      iter #   4 total cpu time :  2554.3 secs   av.it.:  11.6
      thresh= 1.710E-04 alpha_mix =  0.100 |ddv_scf|^2 =  1.163E-06

      iter #   5 total cpu time :  2561.3 secs   av.it.:  12.7
      thresh= 1.079E-04 alpha_mix =  0.100 |ddv_scf|^2 =  1.115E-07

      iter #   6 total cpu time :  2568.5 secs   av.it.:  12.9
      thresh= 3.340E-05 alpha_mix =  0.100 |ddv_scf|^2 =  2.099E-08

      iter #   7 total cpu time :  2575.8 secs   av.it.:  13.5
      thresh= 1.449E-05 alpha_mix =  0.100 |ddv_scf|^2 =  1.096E-08

      iter #   8 total cpu time :  2581.8 secs   av.it.:  10.5
      thresh= 1.047E-05 alpha_mix =  0.100 |ddv_scf|^2 =  4.971E-09

      iter #   9 total cpu time :  2588.3 secs   av.it.:  11.5
      thresh= 7.050E-06 alpha_mix =  0.100 |ddv_scf|^2 =  3.884E-09

      iter #  10 total cpu time :  2594.7 secs   av.it.:  11.5
      thresh= 6.232E-06 alpha_mix =  0.100 |ddv_scf|^2 =  2.466E-09

      iter #  11 total cpu time :  2602.2 secs   av.it.:  13.7
      thresh= 4.966E-06 alpha_mix =  0.100 |ddv_scf|^2 =  2.458E-10

      iter #  12 total cpu time :  2609.0 secs   av.it.:  12.3
      thresh= 1.568E-06 alpha_mix =  0.100 |ddv_scf|^2 =  1.627E-10

      iter #  13 total cpu time :  2616.3 secs   av.it.:  13.4
      thresh= 1.276E-06 alpha_mix =  0.100 |ddv_scf|^2 =  6.595E-11

      iter #  14 total cpu time :  2623.3 secs   av.it.:  12.9
      thresh= 8.121E-07 alpha_mix =  0.100 |ddv_scf|^2 =  8.627E-11

      iter #  15 total cpu time :  2630.1 secs   av.it.:  12.1
      thresh= 9.288E-07 alpha_mix =  0.100 |ddv_scf|^2 =  3.873E-11

      iter #  16 total cpu time :  2636.0 secs   av.it.:  10.2
      thresh= 6.224E-07 alpha_mix =  0.100 |ddv_scf|^2 =  1.743E-11

      iter #  17 total cpu time :  2642.8 secs   av.it.:  12.4
      thresh= 4.175E-07 alpha_mix =  0.100 |ddv_scf|^2 =  6.429E-12

      iter #  18 total cpu time :  2650.0 secs   av.it.:  13.2
      thresh= 2.535E-07 alpha_mix =  0.100 |ddv_scf|^2 =  2.842E-12

      iter #  19 total cpu time :  2656.9 secs   av.it.:  12.3
      thresh= 1.686E-07 alpha_mix =  0.100 |ddv_scf|^2 =  1.344E-12

      iter #  20 total cpu time :  2663.8 secs   av.it.:  12.7
      thresh= 1.159E-07 alpha_mix =  0.100 |ddv_scf|^2 =  1.133E-12

      iter #  21 total cpu time :  2670.9 secs   av.it.:  13.0
      thresh= 1.064E-07 alpha_mix =  0.100 |ddv_scf|^2 =  6.851E-13

      iter #  22 total cpu time :  2678.0 secs   av.it.:  12.8
      thresh= 8.277E-08 alpha_mix =  0.100 |ddv_scf|^2 =  6.722E-13

      iter #  23 total cpu time :  2684.7 secs   av.it.:  12.2
      thresh= 8.199E-08 alpha_mix =  0.100 |ddv_scf|^2 =  7.583E-14

      iter #  24 total cpu time :  2691.7 secs   av.it.:  12.8
      thresh= 2.754E-08 alpha_mix =  0.100 |ddv_scf|^2 =  1.274E-14

      iter #  25 total cpu time :  2698.5 secs   av.it.:  12.4
      thresh= 1.129E-08 alpha_mix =  0.100 |ddv_scf|^2 =  7.367E-15

      iter #  26 total cpu time :  2705.5 secs   av.it.:  12.8
      thresh= 8.583E-09 alpha_mix =  0.100 |ddv_scf|^2 =  4.138E-15

      iter #  27 total cpu time :  2712.4 secs   av.it.:  12.4
      thresh= 6.433E-09 alpha_mix =  0.100 |ddv_scf|^2 =  1.901E-15

      iter #  28 total cpu time :  2719.4 secs   av.it.:  12.8
      thresh= 4.360E-09 alpha_mix =  0.100 |ddv_scf|^2 =  6.346E-16

     End of self-consistent calculation

     Convergence has been achieved 


     Representation #   2 mode #   2

     Self-consistent Calculation

      iter #   1 total cpu time :  2725.2 secs   av.it.:   9.1
      thresh= 1.000E-02 alpha_mix =  0.100 |ddv_scf|^2 =  1.685E-03

      iter #   2 total cpu time :  2731.1 secs   av.it.:  10.1
      thresh= 4.105E-03 alpha_mix =  0.100 |ddv_scf|^2 =  7.137E-03

      iter #   3 total cpu time :  2736.1 secs   av.it.:   8.3
      thresh= 8.448E-03 alpha_mix =  0.100 |ddv_scf|^2 =  4.694E-06

      iter #   4 total cpu time :  2742.7 secs   av.it.:  11.7
      thresh= 2.167E-04 alpha_mix =  0.100 |ddv_scf|^2 =  1.238E-06

      iter #   5 total cpu time :  2749.7 secs   av.it.:  12.8
      thresh= 1.113E-04 alpha_mix =  0.100 |ddv_scf|^2 =  1.185E-07

      iter #   6 total cpu time :  2756.8 secs   av.it.:  12.8
      thresh= 3.442E-05 alpha_mix =  0.100 |ddv_scf|^2 =  2.815E-08

      iter #   7 total cpu time :  2764.2 secs   av.it.:  13.6
      thresh= 1.678E-05 alpha_mix =  0.100 |ddv_scf|^2 =  4.692E-09

      iter #   8 total cpu time :  2771.3 secs   av.it.:  13.0
      thresh= 6.850E-06 alpha_mix =  0.100 |ddv_scf|^2 =  5.381E-09

      iter #   9 total cpu time :  2777.8 secs   av.it.:  11.6
      thresh= 7.336E-06 alpha_mix =  0.100 |ddv_scf|^2 =  4.225E-09

      iter #  10 total cpu time :  2785.0 secs   av.it.:  13.1
      thresh= 6.500E-06 alpha_mix =  0.100 |ddv_scf|^2 =  3.047E-10

      iter #  11 total cpu time :  2791.3 secs   av.it.:  11.3
      thresh= 1.746E-06 alpha_mix =  0.100 |ddv_scf|^2 =  2.738E-10

      iter #  12 total cpu time :  2798.1 secs   av.it.:  12.3
      thresh= 1.655E-06 alpha_mix =  0.100 |ddv_scf|^2 =  1.241E-10

      iter #  13 total cpu time :  2805.3 secs   av.it.:  13.4
      thresh= 1.114E-06 alpha_mix =  0.100 |ddv_scf|^2 =  4.161E-11

      iter #  14 total cpu time :  2812.9 secs   av.it.:  14.0
      thresh= 6.450E-07 alpha_mix =  0.100 |ddv_scf|^2 =  5.396E-12

      iter #  15 total cpu time :  2820.0 secs   av.it.:  12.9
      thresh= 2.323E-07 alpha_mix =  0.100 |ddv_scf|^2 =  4.324E-12

      iter #  16 total cpu time :  2826.4 secs   av.it.:  11.6
      thresh= 2.079E-07 alpha_mix =  0.100 |ddv_scf|^2 =  2.050E-12

      iter #  17 total cpu time :  2833.6 secs   av.it.:  13.1
      thresh= 1.432E-07 alpha_mix =  0.100 |ddv_scf|^2 =  7.116E-13

      iter #  18 total cpu time :  2840.1 secs   av.it.:  11.6
      thresh= 8.436E-08 alpha_mix =  0.100 |ddv_scf|^2 =  6.845E-13

      iter #  19 total cpu time :  2846.8 secs   av.it.:  12.1
      thresh= 8.273E-08 alpha_mix =  0.100 |ddv_scf|^2 =  2.953E-13

      iter #  20 total cpu time :  2854.2 secs   av.it.:  13.7
      thresh= 5.434E-08 alpha_mix =  0.100 |ddv_scf|^2 =  9.113E-14

      iter #  21 total cpu time :  2861.7 secs   av.it.:  13.7
      thresh= 3.019E-08 alpha_mix =  0.100 |ddv_scf|^2 =  4.282E-14

      iter #  22 total cpu time :  2868.5 secs   av.it.:  12.3
      thresh= 2.069E-08 alpha_mix =  0.100 |ddv_scf|^2 =  7.568E-14

      iter #  23 total cpu time :  2874.9 secs   av.it.:  11.3
      thresh= 2.751E-08 alpha_mix =  0.100 |ddv_scf|^2 =  1.602E-14

      iter #  24 total cpu time :  2881.3 secs   av.it.:  11.4
      thresh= 1.266E-08 alpha_mix =  0.100 |ddv_scf|^2 =  1.510E-14

      iter #  25 total cpu time :  2888.0 secs   av.it.:  12.1
      thresh= 1.229E-08 alpha_mix =  0.100 |ddv_scf|^2 =  9.506E-15

      iter #  26 total cpu time :  2895.1 secs   av.it.:  13.0
      thresh= 9.750E-09 alpha_mix =  0.100 |ddv_scf|^2 =  2.727E-15

      iter #  27 total cpu time :  2901.9 secs   av.it.:  12.4
      thresh= 5.222E-09 alpha_mix =  0.100 |ddv_scf|^2 =  1.754E-15

      iter #  28 total cpu time :  2909.1 secs   av.it.:  13.3
      thresh= 4.188E-09 alpha_mix =  0.100 |ddv_scf|^2 =  2.305E-15

      iter #  29 total cpu time :  2916.1 secs   av.it.:  11.0
      thresh= 4.801E-09 alpha_mix =  0.100 |ddv_scf|^2 =  6.742E-16

     End of self-consistent calculation

     Convergence has been achieved 


     Representation #   3 mode #   3

     Self-consistent Calculation

      iter #   1 total cpu time :  2922.7 secs   av.it.:   7.6
      thresh= 1.000E-02 alpha_mix =  0.100 |ddv_scf|^2 =  5.768E-04

      iter #   2 total cpu time :  2930.6 secs   av.it.:  10.0
      thresh= 2.402E-03 alpha_mix =  0.100 |ddv_scf|^2 =  2.481E-03

      iter #   3 total cpu time :  2935.7 secs   av.it.:   8.3
      thresh= 4.981E-03 alpha_mix =  0.100 |ddv_scf|^2 =  4.952E-07

      iter #   4 total cpu time :  2942.3 secs   av.it.:  11.8
      thresh= 7.037E-05 alpha_mix =  0.100 |ddv_scf|^2 =  1.988E-07

      iter #   5 total cpu time :  2949.3 secs   av.it.:  12.6
      thresh= 4.459E-05 alpha_mix =  0.100 |ddv_scf|^2 =  4.182E-08

      iter #   6 total cpu time :  2956.6 secs   av.it.:  13.4
      thresh= 2.045E-05 alpha_mix =  0.100 |ddv_scf|^2 =  5.938E-09

      iter #   7 total cpu time :  2963.5 secs   av.it.:  12.5
      thresh= 7.706E-06 alpha_mix =  0.100 |ddv_scf|^2 =  3.318E-09

      iter #   8 total cpu time :  2970.0 secs   av.it.:  11.7
      thresh= 5.761E-06 alpha_mix =  0.100 |ddv_scf|^2 =  2.718E-09

      iter #   9 total cpu time :  2977.0 secs   av.it.:  12.7
      thresh= 5.214E-06 alpha_mix =  0.100 |ddv_scf|^2 =  3.059E-10

      iter #  10 total cpu time :  2984.1 secs   av.it.:  13.1
      thresh= 1.749E-06 alpha_mix =  0.100 |ddv_scf|^2 =  1.719E-10

      iter #  11 total cpu time :  2990.8 secs   av.it.:  12.1
      thresh= 1.311E-06 alpha_mix =  0.100 |ddv_scf|^2 =  1.315E-10

      iter #  12 total cpu time :  2997.9 secs   av.it.:  12.9
      thresh= 1.147E-06 alpha_mix =  0.100 |ddv_scf|^2 =  3.771E-11

      iter #  13 total cpu time :  3004.9 secs   av.it.:  12.7
      thresh= 6.141E-07 alpha_mix =  0.100 |ddv_scf|^2 =  1.763E-11

      iter #  14 total cpu time :  3011.9 secs   av.it.:  12.9
      thresh= 4.198E-07 alpha_mix =  0.100 |ddv_scf|^2 =  1.622E-11

      iter #  15 total cpu time :  3018.9 secs   av.it.:  12.7
      thresh= 4.028E-07 alpha_mix =  0.100 |ddv_scf|^2 =  3.993E-12

      iter #  16 total cpu time :  3025.9 secs   av.it.:  12.9
      thresh= 1.998E-07 alpha_mix =  0.100 |ddv_scf|^2 =  1.913E-12

      iter #  17 total cpu time :  3033.0 secs   av.it.:  12.9
      thresh= 1.383E-07 alpha_mix =  0.100 |ddv_scf|^2 =  1.093E-12

      iter #  18 total cpu time :  3039.1 secs   av.it.:  10.8
      thresh= 1.045E-07 alpha_mix =  0.100 |ddv_scf|^2 =  3.670E-13

      iter #  19 total cpu time :  3046.3 secs   av.it.:  13.1
      thresh= 6.058E-08 alpha_mix =  0.100 |ddv_scf|^2 =  1.149E-13

      iter #  20 total cpu time :  3053.1 secs   av.it.:  12.3
      thresh= 3.390E-08 alpha_mix =  0.100 |ddv_scf|^2 =  8.258E-14

      iter #  21 total cpu time :  3059.9 secs   av.it.:  12.2
      thresh= 2.874E-08 alpha_mix =  0.100 |ddv_scf|^2 =  4.648E-14

      iter #  22 total cpu time :  3066.8 secs   av.it.:  12.7
      thresh= 2.156E-08 alpha_mix =  0.100 |ddv_scf|^2 =  2.089E-14

      iter #  23 total cpu time :  3074.1 secs   av.it.:  13.7
      thresh= 1.445E-08 alpha_mix =  0.100 |ddv_scf|^2 =  9.082E-15

      iter #  24 total cpu time :  3081.3 secs   av.it.:  13.2
      thresh= 9.530E-09 alpha_mix =  0.100 |ddv_scf|^2 =  6.106E-15

      iter #  25 total cpu time :  3087.9 secs   av.it.:  11.7
      thresh= 7.814E-09 alpha_mix =  0.100 |ddv_scf|^2 =  7.245E-16

     End of self-consistent calculation

     Convergence has been achieved 


     Representation #   4 mode #   4

     Self-consistent Calculation

      iter #   1 total cpu time :  3093.7 secs   av.it.:   9.0
      thresh= 1.000E-02 alpha_mix =  0.100 |ddv_scf|^2 =  3.489E-03

      iter #   2 total cpu time :  3099.5 secs   av.it.:  10.0
      thresh= 5.907E-03 alpha_mix =  0.100 |ddv_scf|^2 =  1.484E-02

      iter #   3 total cpu time :  3104.7 secs   av.it.:   8.5
      thresh= 1.000E-02 alpha_mix =  0.100 |ddv_scf|^2 =  2.886E-06

      iter #   4 total cpu time :  3111.1 secs   av.it.:  11.6
      thresh= 1.699E-04 alpha_mix =  0.100 |ddv_scf|^2 =  1.150E-06

      iter #   5 total cpu time :  3118.1 secs   av.it.:  12.7
      thresh= 1.072E-04 alpha_mix =  0.100 |ddv_scf|^2 =  1.118E-07

      iter #   6 total cpu time :  3125.2 secs   av.it.:  12.9
      thresh= 3.344E-05 alpha_mix =  0.100 |ddv_scf|^2 =  2.115E-08

      iter #   7 total cpu time :  3132.5 secs   av.it.:  13.4
      thresh= 1.454E-05 alpha_mix =  0.100 |ddv_scf|^2 =  1.380E-08

      iter #   8 total cpu time :  3138.5 secs   av.it.:  10.6
      thresh= 1.175E-05 alpha_mix =  0.100 |ddv_scf|^2 =  4.908E-09

      iter #   9 total cpu time :  3145.0 secs   av.it.:  11.6
      thresh= 7.006E-06 alpha_mix =  0.100 |ddv_scf|^2 =  4.219E-09

      iter #  10 total cpu time :  3151.4 secs   av.it.:  11.4
      thresh= 6.496E-06 alpha_mix =  0.100 |ddv_scf|^2 =  2.397E-09

      iter #  11 total cpu time :  3158.9 secs   av.it.:  13.7
      thresh= 4.896E-06 alpha_mix =  0.100 |ddv_scf|^2 =  2.581E-10

      iter #  12 total cpu time :  3165.6 secs   av.it.:  12.3
      thresh= 1.606E-06 alpha_mix =  0.100 |ddv_scf|^2 =  1.668E-10

      iter #  13 total cpu time :  3172.9 secs   av.it.:  13.3
      thresh= 1.291E-06 alpha_mix =  0.100 |ddv_scf|^2 =  7.586E-11

      iter #  14 total cpu time :  3179.9 secs   av.it.:  12.8
      thresh= 8.710E-07 alpha_mix =  0.100 |ddv_scf|^2 =  8.794E-11

      iter #  15 total cpu time :  3186.7 secs   av.it.:  12.3
      thresh= 9.378E-07 alpha_mix =  0.100 |ddv_scf|^2 =  3.990E-11

      iter #  16 total cpu time :  3192.8 secs   av.it.:  10.5
      thresh= 6.317E-07 alpha_mix =  0.100 |ddv_scf|^2 =  1.839E-11

      iter #  17 total cpu time :  3199.6 secs   av.it.:  12.4
      thresh= 4.288E-07 alpha_mix =  0.100 |ddv_scf|^2 =  6.394E-12

      iter #  18 total cpu time :  3206.8 secs   av.it.:  13.2
      thresh= 2.529E-07 alpha_mix =  0.100 |ddv_scf|^2 =  2.964E-12

      iter #  19 total cpu time :  3213.6 secs   av.it.:  12.3
      thresh= 1.722E-07 alpha_mix =  0.100 |ddv_scf|^2 =  1.441E-12

      iter #  20 total cpu time :  3220.5 secs   av.it.:  12.6
      thresh= 1.201E-07 alpha_mix =  0.100 |ddv_scf|^2 =  1.184E-12

      iter #  21 total cpu time :  3227.7 secs   av.it.:  13.2
      thresh= 1.088E-07 alpha_mix =  0.100 |ddv_scf|^2 =  6.025E-13

      iter #  22 total cpu time :  3234.7 secs   av.it.:  12.9
      thresh= 7.762E-08 alpha_mix =  0.100 |ddv_scf|^2 =  5.509E-13

      iter #  23 total cpu time :  3241.4 secs   av.it.:  12.0
      thresh= 7.422E-08 alpha_mix =  0.100 |ddv_scf|^2 =  6.851E-14

      iter #  24 total cpu time :  3248.5 secs   av.it.:  12.8
      thresh= 2.617E-08 alpha_mix =  0.100 |ddv_scf|^2 =  1.300E-14

      iter #  25 total cpu time :  3255.4 secs   av.it.:  12.5
      thresh= 1.140E-08 alpha_mix =  0.100 |ddv_scf|^2 =  7.831E-15

      iter #  26 total cpu time :  3262.3 secs   av.it.:  12.7
      thresh= 8.849E-09 alpha_mix =  0.100 |ddv_scf|^2 =  3.648E-15

      iter #  27 total cpu time :  3269.1 secs   av.it.:  12.4
      thresh= 6.040E-09 alpha_mix =  0.100 |ddv_scf|^2 =  1.726E-15

      iter #  28 total cpu time :  3276.2 secs   av.it.:  12.9
      thresh= 4.155E-09 alpha_mix =  0.100 |ddv_scf|^2 =  6.204E-16

     End of self-consistent calculation

     Convergence has been achieved 


     Representation #   5 mode #   5

     Self-consistent Calculation

      iter #   1 total cpu time :  3281.2 secs   av.it.:   7.5
      thresh= 1.000E-02 alpha_mix =  0.100 |ddv_scf|^2 =  3.452E-05

      iter #   2 total cpu time :  3287.5 secs   av.it.:  10.9
      thresh= 5.875E-04 alpha_mix =  0.100 |ddv_scf|^2 =  7.860E-05

      iter #   3 total cpu time :  3292.7 secs   av.it.:   8.5
      thresh= 8.866E-04 alpha_mix =  0.100 |ddv_scf|^2 =  3.058E-06

      iter #   4 total cpu time :  3298.7 secs   av.it.:  10.4
      thresh= 1.749E-04 alpha_mix =  0.100 |ddv_scf|^2 =  2.178E-07

      iter #   5 total cpu time :  3306.0 secs   av.it.:  13.4
      thresh= 4.667E-05 alpha_mix =  0.100 |ddv_scf|^2 =  8.457E-09

      iter #   6 total cpu time :  3312.8 secs   av.it.:  12.3
      thresh= 9.196E-06 alpha_mix =  0.100 |ddv_scf|^2 =  4.482E-09

      iter #   7 total cpu time :  3320.1 secs   av.it.:  13.6
      thresh= 6.695E-06 alpha_mix =  0.100 |ddv_scf|^2 =  2.130E-09

      iter #   8 total cpu time :  3326.3 secs   av.it.:  10.8
      thresh= 4.615E-06 alpha_mix =  0.100 |ddv_scf|^2 =  6.591E-10

      iter #   9 total cpu time :  3333.6 secs   av.it.:  13.3
      thresh= 2.567E-06 alpha_mix =  0.100 |ddv_scf|^2 =  1.280E-10

      iter #  10 total cpu time :  3340.4 secs   av.it.:  12.3
      thresh= 1.131E-06 alpha_mix =  0.100 |ddv_scf|^2 =  1.116E-10

      iter #  11 total cpu time :  3347.0 secs   av.it.:  11.7
      thresh= 1.056E-06 alpha_mix =  0.100 |ddv_scf|^2 =  6.737E-11

      iter #  12 total cpu time :  3354.1 secs   av.it.:  13.0
      thresh= 8.208E-07 alpha_mix =  0.100 |ddv_scf|^2 =  2.603E-11

      iter #  13 total cpu time :  3361.3 secs   av.it.:  13.2
      thresh= 5.102E-07 alpha_mix =  0.100 |ddv_scf|^2 =  1.434E-11

      iter #  14 total cpu time :  3368.1 secs   av.it.:  12.3
      thresh= 3.786E-07 alpha_mix =  0.100 |ddv_scf|^2 =  1.907E-11

      iter #  15 total cpu time :  3375.9 secs   av.it.:  11.7
      thresh= 4.367E-07 alpha_mix =  0.100 |ddv_scf|^2 =  2.824E-12

      iter #  16 total cpu time :  3382.9 secs   av.it.:  12.7
      thresh= 1.680E-07 alpha_mix =  0.100 |ddv_scf|^2 =  2.285E-12

      iter #  17 total cpu time :  3389.7 secs   av.it.:  12.3
      thresh= 1.512E-07 alpha_mix =  0.100 |ddv_scf|^2 =  1.420E-12

      iter #  18 total cpu time :  3396.4 secs   av.it.:  12.1
      thresh= 1.192E-07 alpha_mix =  0.100 |ddv_scf|^2 =  2.952E-13

      iter #  19 total cpu time :  3403.3 secs   av.it.:  12.6
      thresh= 5.434E-08 alpha_mix =  0.100 |ddv_scf|^2 =  5.859E-14

      iter #  20 total cpu time :  3410.5 secs   av.it.:  13.2
      thresh= 2.421E-08 alpha_mix =  0.100 |ddv_scf|^2 =  4.872E-14

      iter #  21 total cpu time :  3417.3 secs   av.it.:  12.2
      thresh= 2.207E-08 alpha_mix =  0.100 |ddv_scf|^2 =  2.965E-14

      iter #  22 total cpu time :  3424.4 secs   av.it.:  13.0
      thresh= 1.722E-08 alpha_mix =  0.100 |ddv_scf|^2 =  5.819E-15

      iter #  23 total cpu time :  3430.9 secs   av.it.:  11.7
      thresh= 7.629E-09 alpha_mix =  0.100 |ddv_scf|^2 =  3.840E-15

      iter #  24 total cpu time :  3438.2 secs   av.it.:  13.1
      thresh= 6.197E-09 alpha_mix =  0.100 |ddv_scf|^2 =  1.965E-15

      iter #  25 total cpu time :  3445.3 secs   av.it.:  13.1
      thresh= 4.433E-09 alpha_mix =  0.100 |ddv_scf|^2 =  6.340E-16

     End of self-consistent calculation

     Convergence has been achieved 


     Representation #   6 mode #   6

     Self-consistent Calculation

      iter #   1 total cpu time :  3451.2 secs   av.it.:   9.2
      thresh= 1.000E-02 alpha_mix =  0.100 |ddv_scf|^2 =  3.439E-03

      iter #   2 total cpu time :  3457.0 secs   av.it.:  10.0
      thresh= 5.864E-03 alpha_mix =  0.100 |ddv_scf|^2 =  1.450E-02

      iter #   3 total cpu time :  3462.2 secs   av.it.:   8.5
      thresh= 1.000E-02 alpha_mix =  0.100 |ddv_scf|^2 =  4.430E-06

      iter #   4 total cpu time :  3468.6 secs   av.it.:  11.6
      thresh= 2.105E-04 alpha_mix =  0.100 |ddv_scf|^2 =  1.429E-06

      iter #   5 total cpu time :  3475.6 secs   av.it.:  12.6
      thresh= 1.195E-04 alpha_mix =  0.100 |ddv_scf|^2 =  1.208E-07

      iter #   6 total cpu time :  3482.6 secs   av.it.:  12.8
      thresh= 3.476E-05 alpha_mix =  0.100 |ddv_scf|^2 =  2.403E-08

      iter #   7 total cpu time :  3489.9 secs   av.it.:  13.4
      thresh= 1.550E-05 alpha_mix =  0.100 |ddv_scf|^2 =  1.427E-08

      iter #   8 total cpu time :  3496.1 secs   av.it.:  10.9
      thresh= 1.195E-05 alpha_mix =  0.100 |ddv_scf|^2 =  5.953E-09

      iter #   9 total cpu time :  3502.8 secs   av.it.:  12.2
      thresh= 7.715E-06 alpha_mix =  0.100 |ddv_scf|^2 =  2.993E-09

      iter #  10 total cpu time :  3509.4 secs   av.it.:  11.9
      thresh= 5.471E-06 alpha_mix =  0.100 |ddv_scf|^2 =  3.512E-09

      iter #  11 total cpu time :  3516.5 secs   av.it.:  12.9
      thresh= 5.926E-06 alpha_mix =  0.100 |ddv_scf|^2 =  3.294E-10

      iter #  12 total cpu time :  3523.4 secs   av.it.:  12.7
      thresh= 1.815E-06 alpha_mix =  0.100 |ddv_scf|^2 =  1.971E-10

      iter #  13 total cpu time :  3530.5 secs   av.it.:  12.8
      thresh= 1.404E-06 alpha_mix =  0.100 |ddv_scf|^2 =  1.152E-10

      iter #  14 total cpu time :  3537.4 secs   av.it.:  12.6
      thresh= 1.073E-06 alpha_mix =  0.100 |ddv_scf|^2 =  1.229E-10

      iter #  15 total cpu time :  3544.3 secs   av.it.:  12.6
      thresh= 1.109E-06 alpha_mix =  0.100 |ddv_scf|^2 =  4.362E-11

      iter #  16 total cpu time :  3550.3 secs   av.it.:  10.5
      thresh= 6.604E-07 alpha_mix =  0.100 |ddv_scf|^2 =  2.699E-11

      iter #  17 total cpu time :  3557.1 secs   av.it.:  12.1
      thresh= 5.195E-07 alpha_mix =  0.100 |ddv_scf|^2 =  1.562E-11

      iter #  18 total cpu time :  3564.2 secs   av.it.:  13.2
      thresh= 3.952E-07 alpha_mix =  0.100 |ddv_scf|^2 =  5.225E-12

      iter #  19 total cpu time :  3570.9 secs   av.it.:  12.1
      thresh= 2.286E-07 alpha_mix =  0.100 |ddv_scf|^2 =  2.640E-12

      iter #  20 total cpu time :  3577.9 secs   av.it.:  12.6
      thresh= 1.625E-07 alpha_mix =  0.100 |ddv_scf|^2 =  2.571E-12

      iter #  21 total cpu time :  3585.0 secs   av.it.:  13.0
      thresh= 1.603E-07 alpha_mix =  0.100 |ddv_scf|^2 =  1.274E-12

      iter #  22 total cpu time :  3592.0 secs   av.it.:  12.7
      thresh= 1.129E-07 alpha_mix =  0.100 |ddv_scf|^2 =  2.224E-12

      iter #  23 total cpu time :  3598.5 secs   av.it.:  11.7
      thresh= 1.491E-07 alpha_mix =  0.100 |ddv_scf|^2 =  2.156E-13

      iter #  24 total cpu time :  3605.5 secs   av.it.:  12.8
      thresh= 4.644E-08 alpha_mix =  0.100 |ddv_scf|^2 =  4.009E-14

      iter #  25 total cpu time :  3612.3 secs   av.it.:  12.4
      thresh= 2.002E-08 alpha_mix =  0.100 |ddv_scf|^2 =  2.097E-14

      iter #  26 total cpu time :  3619.0 secs   av.it.:  12.1
      thresh= 1.448E-08 alpha_mix =  0.100 |ddv_scf|^2 =  1.417E-14

      iter #  27 total cpu time :  3626.1 secs   av.it.:  12.8
      thresh= 1.190E-08 alpha_mix =  0.100 |ddv_scf|^2 =  7.404E-15

      iter #  28 total cpu time :  3633.1 secs   av.it.:  13.0
      thresh= 8.605E-09 alpha_mix =  0.100 |ddv_scf|^2 =  1.126E-15

      iter #  29 total cpu time :  3640.0 secs   av.it.:  12.5
      thresh= 3.356E-09 alpha_mix =  0.100 |ddv_scf|^2 =  6.301E-16

     End of self-consistent calculation

     Convergence has been achieved 


     Representation #   7 mode #   7

     Self-consistent Calculation

      iter #   1 total cpu time :  3645.5 secs   av.it.:   8.5
      thresh= 1.000E-02 alpha_mix =  0.100 |ddv_scf|^2 =  3.381E-04

      iter #   2 total cpu time :  3651.4 secs   av.it.:  10.1
      thresh= 1.839E-03 alpha_mix =  0.100 |ddv_scf|^2 =  1.389E-03

      iter #   3 total cpu time :  3656.5 secs   av.it.:   8.3
      thresh= 3.728E-03 alpha_mix =  0.100 |ddv_scf|^2 =  2.823E-06

      iter #   4 total cpu time :  3663.1 secs   av.it.:  11.9
      thresh= 1.680E-04 alpha_mix =  0.100 |ddv_scf|^2 =  7.182E-07

      iter #   5 total cpu time :  3670.1 secs   av.it.:  13.0
      thresh= 8.475E-05 alpha_mix =  0.100 |ddv_scf|^2 =  4.323E-08

      iter #   6 total cpu time :  3677.0 secs   av.it.:  12.5
      thresh= 2.079E-05 alpha_mix =  0.100 |ddv_scf|^2 =  1.723E-08

      iter #   7 total cpu time :  3684.3 secs   av.it.:  13.4
      thresh= 1.313E-05 alpha_mix =  0.100 |ddv_scf|^2 =  4.548E-09

      iter #   8 total cpu time :  3690.8 secs   av.it.:  11.6
      thresh= 6.744E-06 alpha_mix =  0.100 |ddv_scf|^2 =  4.926E-09

      iter #   9 total cpu time :  3697.5 secs   av.it.:  12.0
      thresh= 7.019E-06 alpha_mix =  0.100 |ddv_scf|^2 =  1.423E-09

      iter #  10 total cpu time :  3704.8 secs   av.it.:  13.4
      thresh= 3.772E-06 alpha_mix =  0.100 |ddv_scf|^2 =  8.996E-10

      iter #  11 total cpu time :  3710.9 secs   av.it.:  10.7
      thresh= 2.999E-06 alpha_mix =  0.100 |ddv_scf|^2 =  2.839E-10

      iter #  12 total cpu time :  3717.9 secs   av.it.:  12.9
      thresh= 1.685E-06 alpha_mix =  0.100 |ddv_scf|^2 =  1.570E-10

      iter #  13 total cpu time :  3725.2 secs   av.it.:  13.5
      thresh= 1.253E-06 alpha_mix =  0.100 |ddv_scf|^2 =  5.777E-11

      iter #  14 total cpu time :  3732.5 secs   av.it.:  13.3
      thresh= 7.600E-07 alpha_mix =  0.100 |ddv_scf|^2 =  4.391E-11

      iter #  15 total cpu time :  3738.5 secs   av.it.:  10.7
      thresh= 6.626E-07 alpha_mix =  0.100 |ddv_scf|^2 =  1.866E-11

      iter #  16 total cpu time :  3745.7 secs   av.it.:  13.0
      thresh= 4.319E-07 alpha_mix =  0.100 |ddv_scf|^2 =  7.719E-12

      iter #  17 total cpu time :  3752.4 secs   av.it.:  12.3
      thresh= 2.778E-07 alpha_mix =  0.100 |ddv_scf|^2 =  1.297E-11

      iter #  18 total cpu time :  3759.3 secs   av.it.:  12.4
      thresh= 3.602E-07 alpha_mix =  0.100 |ddv_scf|^2 =  1.077E-12

      iter #  19 total cpu time :  3766.0 secs   av.it.:  12.2
      thresh= 1.038E-07 alpha_mix =  0.100 |ddv_scf|^2 =  4.169E-13

      iter #  20 total cpu time :  3773.3 secs   av.it.:  13.4
      thresh= 6.457E-08 alpha_mix =  0.100 |ddv_scf|^2 =  3.036E-13

      iter #  21 total cpu time :  3780.1 secs   av.it.:  12.3
      thresh= 5.510E-08 alpha_mix =  0.100 |ddv_scf|^2 =  4.133E-13

      iter #  22 total cpu time :  3786.9 secs   av.it.:  12.3
      thresh= 6.429E-08 alpha_mix =  0.100 |ddv_scf|^2 =  4.301E-14

      iter #  23 total cpu time :  3794.1 secs   av.it.:  13.3
      thresh= 2.074E-08 alpha_mix =  0.100 |ddv_scf|^2 =  8.501E-15

      iter #  24 total cpu time :  3801.0 secs   av.it.:  12.7
      thresh= 9.220E-09 alpha_mix =  0.100 |ddv_scf|^2 =  4.988E-15

      iter #  25 total cpu time :  3807.8 secs   av.it.:  12.2
      thresh= 7.062E-09 alpha_mix =  0.100 |ddv_scf|^2 =  3.609E-15

      iter #  26 total cpu time :  3815.2 secs   av.it.:  13.3
      thresh= 6.007E-09 alpha_mix =  0.100 |ddv_scf|^2 =  2.342E-15

      iter #  27 total cpu time :  3822.2 secs   av.it.:  12.9
      thresh= 4.839E-09 alpha_mix =  0.100 |ddv_scf|^2 =  3.309E-16

     End of self-consistent calculation

     Convergence has been achieved 


     Representation #   8 mode #   8

     Self-consistent Calculation

      iter #   1 total cpu time :  3827.2 secs   av.it.:   7.5
      thresh= 1.000E-02 alpha_mix =  0.100 |ddv_scf|^2 =  3.681E-04

      iter #   2 total cpu time :  3833.1 secs   av.it.:  10.0
      thresh= 1.919E-03 alpha_mix =  0.100 |ddv_scf|^2 =  1.575E-03

      iter #   3 total cpu time :  3838.2 secs   av.it.:   8.3
      thresh= 3.969E-03 alpha_mix =  0.100 |ddv_scf|^2 =  5.246E-07

      iter #   4 total cpu time :  3844.8 secs   av.it.:  11.8
      thresh= 7.243E-05 alpha_mix =  0.100 |ddv_scf|^2 =  2.142E-07

      iter #   5 total cpu time :  3851.9 secs   av.it.:  12.8
      thresh= 4.629E-05 alpha_mix =  0.100 |ddv_scf|^2 =  2.909E-08

      iter #   6 total cpu time :  3859.1 secs   av.it.:  13.1
      thresh= 1.706E-05 alpha_mix =  0.100 |ddv_scf|^2 =  5.728E-09

      iter #   7 total cpu time :  3866.2 secs   av.it.:  12.9
      thresh= 7.568E-06 alpha_mix =  0.100 |ddv_scf|^2 =  2.075E-09

      iter #   8 total cpu time :  3873.4 secs   av.it.:  13.3
      thresh= 4.555E-06 alpha_mix =  0.100 |ddv_scf|^2 =  3.163E-09

      iter #   9 total cpu time :  3879.9 secs   av.it.:  11.4
      thresh= 5.624E-06 alpha_mix =  0.100 |ddv_scf|^2 =  2.777E-10

      iter #  10 total cpu time :  3886.8 secs   av.it.:  12.5
      thresh= 1.667E-06 alpha_mix =  0.100 |ddv_scf|^2 =  3.477E-10

      iter #  11 total cpu time :  3893.1 secs   av.it.:  11.1
      thresh= 1.865E-06 alpha_mix =  0.100 |ddv_scf|^2 =  8.380E-11

      iter #  12 total cpu time :  3900.5 secs   av.it.:  13.3
      thresh= 9.154E-07 alpha_mix =  0.100 |ddv_scf|^2 =  3.231E-11

      iter #  13 total cpu time :  3907.7 secs   av.it.:  13.0
      thresh= 5.685E-07 alpha_mix =  0.100 |ddv_scf|^2 =  1.511E-11

      iter #  14 total cpu time :  3915.0 secs   av.it.:  13.3
      thresh= 3.887E-07 alpha_mix =  0.100 |ddv_scf|^2 =  9.125E-12

      iter #  15 total cpu time :  3921.4 secs   av.it.:  11.4
      thresh= 3.021E-07 alpha_mix =  0.100 |ddv_scf|^2 =  6.839E-12

      iter #  16 total cpu time :  3928.2 secs   av.it.:  12.3
      thresh= 2.615E-07 alpha_mix =  0.100 |ddv_scf|^2 =  3.851E-12

      iter #  17 total cpu time :  3935.0 secs   av.it.:  11.9
      thresh= 1.962E-07 alpha_mix =  0.100 |ddv_scf|^2 =  3.409E-12

      iter #  18 total cpu time :  3941.9 secs   av.it.:  12.4
      thresh= 1.846E-07 alpha_mix =  0.100 |ddv_scf|^2 =  3.881E-13

      iter #  19 total cpu time :  3949.0 secs   av.it.:  13.0
      thresh= 6.229E-08 alpha_mix =  0.100 |ddv_scf|^2 =  1.399E-13

      iter #  20 total cpu time :  3955.8 secs   av.it.:  12.4
      thresh= 3.741E-08 alpha_mix =  0.100 |ddv_scf|^2 =  7.714E-14

      iter #  21 total cpu time :  3962.4 secs   av.it.:  11.8
      thresh= 2.777E-08 alpha_mix =  0.100 |ddv_scf|^2 =  7.260E-14

      iter #  22 total cpu time :  3968.9 secs   av.it.:  11.7
      thresh= 2.694E-08 alpha_mix =  0.100 |ddv_scf|^2 =  3.311E-14

      iter #  23 total cpu time :  3975.9 secs   av.it.:  12.6
      thresh= 1.819E-08 alpha_mix =  0.100 |ddv_scf|^2 =  3.072E-14

      iter #  24 total cpu time :  3982.4 secs   av.it.:  11.8
      thresh= 1.753E-08 alpha_mix =  0.100 |ddv_scf|^2 =  1.129E-14

      iter #  25 total cpu time :  3989.2 secs   av.it.:  12.4
      thresh= 1.063E-08 alpha_mix =  0.100 |ddv_scf|^2 =  6.983E-15

      iter #  26 total cpu time :  3996.3 secs   av.it.:  13.0
      thresh= 8.357E-09 alpha_mix =  0.100 |ddv_scf|^2 =  3.787E-15

      iter #  27 total cpu time :  4003.4 secs   av.it.:  12.9
      thresh= 6.154E-09 alpha_mix =  0.100 |ddv_scf|^2 =  2.485E-15

      iter #  28 total cpu time :  4009.9 secs   av.it.:  11.9
      thresh= 4.985E-09 alpha_mix =  0.100 |ddv_scf|^2 =  1.063E-15

      iter #  29 total cpu time :  4016.7 secs   av.it.:  12.1
      thresh= 3.260E-09 alpha_mix =  0.100 |ddv_scf|^2 =  4.950E-16

     End of self-consistent calculation

     Convergence has been achieved 


     Representation #   9 mode #   9

     Self-consistent Calculation

      iter #   1 total cpu time :  4022.3 secs   av.it.:   8.5
      thresh= 1.000E-02 alpha_mix =  0.100 |ddv_scf|^2 =  3.715E-04

      iter #   2 total cpu time :  4028.2 secs   av.it.:  10.1
      thresh= 1.928E-03 alpha_mix =  0.100 |ddv_scf|^2 =  1.541E-03

      iter #   3 total cpu time :  4033.3 secs   av.it.:   8.3
      thresh= 3.926E-03 alpha_mix =  0.100 |ddv_scf|^2 =  2.709E-06

      iter #   4 total cpu time :  4039.9 secs   av.it.:  12.0
      thresh= 1.646E-04 alpha_mix =  0.100 |ddv_scf|^2 =  7.134E-07

      iter #   5 total cpu time :  4047.0 secs   av.it.:  13.0
      thresh= 8.446E-05 alpha_mix =  0.100 |ddv_scf|^2 =  4.324E-08

      iter #   6 total cpu time :  4053.8 secs   av.it.:  12.6
      thresh= 2.079E-05 alpha_mix =  0.100 |ddv_scf|^2 =  1.703E-08

      iter #   7 total cpu time :  4061.1 secs   av.it.:  13.3
      thresh= 1.305E-05 alpha_mix =  0.100 |ddv_scf|^2 =  1.070E-08

      iter #   8 total cpu time :  4067.4 secs   av.it.:  11.1
      thresh= 1.034E-05 alpha_mix =  0.100 |ddv_scf|^2 =  3.612E-09

      iter #   9 total cpu time :  4074.3 secs   av.it.:  12.6
      thresh= 6.010E-06 alpha_mix =  0.100 |ddv_scf|^2 =  1.638E-09

      iter #  10 total cpu time :  4081.0 secs   av.it.:  12.1
      thresh= 4.047E-06 alpha_mix =  0.100 |ddv_scf|^2 =  2.290E-09

      iter #  11 total cpu time :  4087.9 secs   av.it.:  12.5
      thresh= 4.785E-06 alpha_mix =  0.100 |ddv_scf|^2 =  3.039E-10

      iter #  12 total cpu time :  4094.9 secs   av.it.:  12.8
      thresh= 1.743E-06 alpha_mix =  0.100 |ddv_scf|^2 =  1.800E-10

      iter #  13 total cpu time :  4102.0 secs   av.it.:  13.1
      thresh= 1.342E-06 alpha_mix =  0.100 |ddv_scf|^2 =  9.041E-11

      iter #  14 total cpu time :  4108.9 secs   av.it.:  12.5
      thresh= 9.509E-07 alpha_mix =  0.100 |ddv_scf|^2 =  8.448E-11

      iter #  15 total cpu time :  4115.7 secs   av.it.:  12.4
      thresh= 9.191E-07 alpha_mix =  0.100 |ddv_scf|^2 =  2.496E-11

      iter #  16 total cpu time :  4122.7 secs   av.it.:  12.8
      thresh= 4.996E-07 alpha_mix =  0.100 |ddv_scf|^2 =  2.298E-11

      iter #  17 total cpu time :  4128.6 secs   av.it.:  10.2
      thresh= 4.794E-07 alpha_mix =  0.100 |ddv_scf|^2 =  7.247E-12

      iter #  18 total cpu time :  4135.7 secs   av.it.:  13.1
      thresh= 2.692E-07 alpha_mix =  0.100 |ddv_scf|^2 =  3.304E-12

      iter #  19 total cpu time :  4142.5 secs   av.it.:  12.2
      thresh= 1.818E-07 alpha_mix =  0.100 |ddv_scf|^2 =  1.256E-12

      iter #  20 total cpu time :  4149.2 secs   av.it.:  11.9
      thresh= 1.121E-07 alpha_mix =  0.100 |ddv_scf|^2 =  1.023E-12

      iter #  21 total cpu time :  4156.3 secs   av.it.:  12.9
      thresh= 1.011E-07 alpha_mix =  0.100 |ddv_scf|^2 =  5.830E-13

      iter #  22 total cpu time :  4163.7 secs   av.it.:  13.5
      thresh= 7.635E-08 alpha_mix =  0.100 |ddv_scf|^2 =  1.969E-13

      iter #  23 total cpu time :  4170.6 secs   av.it.:  12.6
      thresh= 4.437E-08 alpha_mix =  0.100 |ddv_scf|^2 =  1.575E-13

      iter #  24 total cpu time :  4177.4 secs   av.it.:  12.3
      thresh= 3.969E-08 alpha_mix =  0.100 |ddv_scf|^2 =  9.798E-15

      iter #  25 total cpu time :  4184.7 secs   av.it.:  13.3
      thresh= 9.898E-09 alpha_mix =  0.100 |ddv_scf|^2 =  3.931E-15

      iter #  26 total cpu time :  4191.3 secs   av.it.:  12.0
      thresh= 6.270E-09 alpha_mix =  0.100 |ddv_scf|^2 =  2.333E-15

      iter #  27 total cpu time :  4198.0 secs   av.it.:  12.2
      thresh= 4.830E-09 alpha_mix =  0.100 |ddv_scf|^2 =  1.112E-15

      iter #  28 total cpu time :  4205.3 secs   av.it.:  13.3
      thresh= 3.334E-09 alpha_mix =  0.100 |ddv_scf|^2 =  4.062E-16

     End of self-consistent calculation

     Convergence has been achieved 


     Representation #  10 mode #  10

     Self-consistent Calculation

      iter #   1 total cpu time :  4210.6 secs   av.it.:   7.8
      thresh= 1.000E-02 alpha_mix =  0.100 |ddv_scf|^2 =  1.227E-03

      iter #   2 total cpu time :  4216.4 secs   av.it.:  10.0
      thresh= 3.502E-03 alpha_mix =  0.100 |ddv_scf|^2 =  5.266E-03

      iter #   3 total cpu time :  4221.5 secs   av.it.:   8.3
      thresh= 7.257E-03 alpha_mix =  0.100 |ddv_scf|^2 =  4.960E-07

      iter #   4 total cpu time :  4228.0 secs   av.it.:  11.6
      thresh= 7.043E-05 alpha_mix =  0.100 |ddv_scf|^2 =  1.937E-07

      iter #   5 total cpu time :  4234.8 secs   av.it.:  12.3
      thresh= 4.401E-05 alpha_mix =  0.100 |ddv_scf|^2 =  5.517E-08

      iter #   6 total cpu time :  4242.2 secs   av.it.:  13.5
      thresh= 2.349E-05 alpha_mix =  0.100 |ddv_scf|^2 =  5.584E-09

      iter #   7 total cpu time :  4249.1 secs   av.it.:  12.7
      thresh= 7.472E-06 alpha_mix =  0.100 |ddv_scf|^2 =  1.681E-09

      iter #   8 total cpu time :  4256.2 secs   av.it.:  13.0
      thresh= 4.100E-06 alpha_mix =  0.100 |ddv_scf|^2 =  2.070E-09

      iter #   9 total cpu time :  4263.1 secs   av.it.:  10.1
      thresh= 4.549E-06 alpha_mix =  0.100 |ddv_scf|^2 =  4.800E-10

      iter #  10 total cpu time :  4270.2 secs   av.it.:  12.9
      thresh= 2.191E-06 alpha_mix =  0.100 |ddv_scf|^2 =  5.208E-10

      iter #  11 total cpu time :  4276.8 secs   av.it.:  11.8
      thresh= 2.282E-06 alpha_mix =  0.100 |ddv_scf|^2 =  8.708E-11

      iter #  12 total cpu time :  4284.0 secs   av.it.:  13.3
      thresh= 9.332E-07 alpha_mix =  0.100 |ddv_scf|^2 =  3.916E-11

      iter #  13 total cpu time :  4290.8 secs   av.it.:  12.4
      thresh= 6.258E-07 alpha_mix =  0.100 |ddv_scf|^2 =  2.501E-11

      iter #  14 total cpu time :  4298.0 secs   av.it.:  13.3
      thresh= 5.001E-07 alpha_mix =  0.100 |ddv_scf|^2 =  1.093E-11

      iter #  15 total cpu time :  4304.3 secs   av.it.:  11.2
      thresh= 3.306E-07 alpha_mix =  0.100 |ddv_scf|^2 =  1.481E-11

      iter #  16 total cpu time :  4311.1 secs   av.it.:  12.2
      thresh= 3.848E-07 alpha_mix =  0.100 |ddv_scf|^2 =  2.447E-12

      iter #  17 total cpu time :  4317.9 secs   av.it.:  12.5
      thresh= 1.564E-07 alpha_mix =  0.100 |ddv_scf|^2 =  1.477E-12

      iter #  18 total cpu time :  4324.5 secs   av.it.:  11.9
      thresh= 1.215E-07 alpha_mix =  0.100 |ddv_scf|^2 =  4.108E-13

      iter #  19 total cpu time :  4331.3 secs   av.it.:  12.5
      thresh= 6.409E-08 alpha_mix =  0.100 |ddv_scf|^2 =  2.450E-13

      iter #  20 total cpu time :  4338.2 secs   av.it.:  12.6
      thresh= 4.950E-08 alpha_mix =  0.100 |ddv_scf|^2 =  1.351E-13

      iter #  21 total cpu time :  4345.4 secs   av.it.:  13.1
      thresh= 3.675E-08 alpha_mix =  0.100 |ddv_scf|^2 =  1.815E-13

      iter #  22 total cpu time :  4351.8 secs   av.it.:  11.4
      thresh= 4.260E-08 alpha_mix =  0.100 |ddv_scf|^2 =  5.727E-14

      iter #  23 total cpu time :  4358.7 secs   av.it.:  12.8
      thresh= 2.393E-08 alpha_mix =  0.100 |ddv_scf|^2 =  3.692E-14

      iter #  24 total cpu time :  4365.5 secs   av.it.:  12.4
      thresh= 1.922E-08 alpha_mix =  0.100 |ddv_scf|^2 =  3.690E-14

      iter #  25 total cpu time :  4372.0 secs   av.it.:  11.3
      thresh= 1.921E-08 alpha_mix =  0.100 |ddv_scf|^2 =  1.310E-14

      iter #  26 total cpu time :  4378.8 secs   av.it.:  12.4
      thresh= 1.144E-08 alpha_mix =  0.100 |ddv_scf|^2 =  7.976E-15

      iter #  27 total cpu time :  4385.8 secs   av.it.:  12.6
      thresh= 8.931E-09 alpha_mix =  0.100 |ddv_scf|^2 =  2.238E-15

      iter #  28 total cpu time :  4392.3 secs   av.it.:  11.6
      thresh= 4.731E-09 alpha_mix =  0.100 |ddv_scf|^2 =  1.586E-15

      iter #  29 total cpu time :  4399.1 secs   av.it.:  12.1
      thresh= 3.982E-09 alpha_mix =  0.100 |ddv_scf|^2 =  4.943E-16

     End of self-consistent calculation

     Convergence has been achieved 


     Representation #  11 mode #  11

     Self-consistent Calculation

      iter #   1 total cpu time :  4404.0 secs   av.it.:   7.1
      thresh= 1.000E-02 alpha_mix =  0.100 |ddv_scf|^2 =  6.646E-05

      iter #   2 total cpu time :  4409.8 secs   av.it.:  10.1
      thresh= 8.152E-04 alpha_mix =  0.100 |ddv_scf|^2 =  2.772E-04

      iter #   3 total cpu time :  4414.9 secs   av.it.:   8.3
      thresh= 1.665E-03 alpha_mix =  0.100 |ddv_scf|^2 =  5.539E-07

      iter #   4 total cpu time :  4421.5 secs   av.it.:  12.1
      thresh= 7.443E-05 alpha_mix =  0.100 |ddv_scf|^2 =  1.349E-07

      iter #   5 total cpu time :  4428.7 secs   av.it.:  13.1
      thresh= 3.673E-05 alpha_mix =  0.100 |ddv_scf|^2 =  1.229E-08

      iter #   6 total cpu time :  4435.6 secs   av.it.:  12.5
      thresh= 1.109E-05 alpha_mix =  0.100 |ddv_scf|^2 =  5.139E-09

      iter #   7 total cpu time :  4442.9 secs   av.it.:  13.5
      thresh= 7.169E-06 alpha_mix =  0.100 |ddv_scf|^2 =  1.048E-09

      iter #   8 total cpu time :  4449.7 secs   av.it.:  12.3
      thresh= 3.237E-06 alpha_mix =  0.100 |ddv_scf|^2 =  1.521E-09

      iter #   9 total cpu time :  4456.1 secs   av.it.:  11.4
      thresh= 3.900E-06 alpha_mix =  0.100 |ddv_scf|^2 =  3.676E-10

      iter #  10 total cpu time :  4462.5 secs   av.it.:  11.4
      thresh= 1.917E-06 alpha_mix =  0.100 |ddv_scf|^2 =  2.463E-10

      iter #  11 total cpu time :  4469.4 secs   av.it.:  12.4
      thresh= 1.569E-06 alpha_mix =  0.100 |ddv_scf|^2 =  6.716E-11

      iter #  12 total cpu time :  4476.6 secs   av.it.:  13.3
      thresh= 8.195E-07 alpha_mix =  0.100 |ddv_scf|^2 =  2.828E-11

      iter #  13 total cpu time :  4483.5 secs   av.it.:  12.6
      thresh= 5.317E-07 alpha_mix =  0.100 |ddv_scf|^2 =  1.446E-11

      iter #  14 total cpu time :  4490.4 secs   av.it.:  12.5
      thresh= 3.803E-07 alpha_mix =  0.100 |ddv_scf|^2 =  1.228E-11

      iter #  15 total cpu time :  4497.2 secs   av.it.:  12.2
      thresh= 3.504E-07 alpha_mix =  0.100 |ddv_scf|^2 =  8.256E-12

      iter #  16 total cpu time :  4503.6 secs   av.it.:  11.6
      thresh= 2.873E-07 alpha_mix =  0.100 |ddv_scf|^2 =  8.533E-12

      iter #  17 total cpu time :  4510.5 secs   av.it.:  12.4
      thresh= 2.921E-07 alpha_mix =  0.100 |ddv_scf|^2 =  2.209E-12

      iter #  18 total cpu time :  4517.4 secs   av.it.:  12.7
      thresh= 1.486E-07 alpha_mix =  0.100 |ddv_scf|^2 =  5.172E-13

      iter #  19 total cpu time :  4524.3 secs   av.it.:  12.3
      thresh= 7.192E-08 alpha_mix =  0.100 |ddv_scf|^2 =  1.849E-13

      iter #  20 total cpu time :  4530.9 secs   av.it.:  12.1
      thresh= 4.300E-08 alpha_mix =  0.100 |ddv_scf|^2 =  1.334E-13

      iter #  21 total cpu time :  4538.0 secs   av.it.:  12.9
      thresh= 3.653E-08 alpha_mix =  0.100 |ddv_scf|^2 =  1.033E-13

      iter #  22 total cpu time :  4545.0 secs   av.it.:  12.8
      thresh= 3.214E-08 alpha_mix =  0.100 |ddv_scf|^2 =  6.795E-14

      iter #  23 total cpu time :  4551.8 secs   av.it.:  12.5
      thresh= 2.607E-08 alpha_mix =  0.100 |ddv_scf|^2 =  1.482E-14

      iter #  24 total cpu time :  4558.7 secs   av.it.:  12.6
      thresh= 1.218E-08 alpha_mix =  0.100 |ddv_scf|^2 =  2.076E-15

      iter #  25 total cpu time :  4566.0 secs   av.it.:  13.5
      thresh= 4.556E-09 alpha_mix =  0.100 |ddv_scf|^2 =  1.095E-15

      iter #  26 total cpu time :  4573.0 secs   av.it.:  12.4
      thresh= 3.309E-09 alpha_mix =  0.100 |ddv_scf|^2 =  3.013E-16

     End of self-consistent calculation

     Convergence has been achieved 


     Representation #  12 mode #  12

     Self-consistent Calculation

      iter #   1 total cpu time :  4577.8 secs   av.it.:   7.1
      thresh= 1.000E-02 alpha_mix =  0.100 |ddv_scf|^2 =  2.490E-05

      iter #   2 total cpu time :  4583.7 secs   av.it.:  10.3
      thresh= 4.990E-04 alpha_mix =  0.100 |ddv_scf|^2 =  1.042E-04

      iter #   3 total cpu time :  4588.8 secs   av.it.:   8.3
      thresh= 1.021E-03 alpha_mix =  0.100 |ddv_scf|^2 =  6.505E-07

      iter #   4 total cpu time :  4595.6 secs   av.it.:  12.3
      thresh= 8.065E-05 alpha_mix =  0.100 |ddv_scf|^2 =  9.727E-08

      iter #   5 total cpu time :  4602.6 secs   av.it.:  12.9
      thresh= 3.119E-05 alpha_mix =  0.100 |ddv_scf|^2 =  1.328E-08

      iter #   6 total cpu time :  4609.5 secs   av.it.:  12.3
      thresh= 1.152E-05 alpha_mix =  0.100 |ddv_scf|^2 =  6.171E-09

      iter #   7 total cpu time :  4616.9 secs   av.it.:  13.5
      thresh= 7.856E-06 alpha_mix =  0.100 |ddv_scf|^2 =  9.926E-10

      iter #   8 total cpu time :  4624.1 secs   av.it.:  13.1
      thresh= 3.151E-06 alpha_mix =  0.100 |ddv_scf|^2 =  1.636E-09

      iter #   9 total cpu time :  4630.0 secs   av.it.:  10.2
      thresh= 4.045E-06 alpha_mix =  0.100 |ddv_scf|^2 =  2.774E-10

      iter #  10 total cpu time :  4636.7 secs   av.it.:  12.0
      thresh= 1.665E-06 alpha_mix =  0.100 |ddv_scf|^2 =  2.388E-10

      iter #  11 total cpu time :  4643.4 secs   av.it.:  12.0
      thresh= 1.545E-06 alpha_mix =  0.100 |ddv_scf|^2 =  6.581E-11

      iter #  12 total cpu time :  4650.7 secs   av.it.:  13.4
      thresh= 8.112E-07 alpha_mix =  0.100 |ddv_scf|^2 =  3.305E-11

      iter #  13 total cpu time :  4657.7 secs   av.it.:  12.7
      thresh= 5.749E-07 alpha_mix =  0.100 |ddv_scf|^2 =  1.419E-11

      iter #  14 total cpu time :  4664.8 secs   av.it.:  13.0
      thresh= 3.767E-07 alpha_mix =  0.100 |ddv_scf|^2 =  5.645E-12

      iter #  15 total cpu time :  4671.5 secs   av.it.:  12.0
      thresh= 2.376E-07 alpha_mix =  0.100 |ddv_scf|^2 =  4.463E-12

      iter #  16 total cpu time :  4678.2 secs   av.it.:  12.1
      thresh= 2.113E-07 alpha_mix =  0.100 |ddv_scf|^2 =  3.915E-12

      iter #  17 total cpu time :  4685.1 secs   av.it.:  12.5
      thresh= 1.979E-07 alpha_mix =  0.100 |ddv_scf|^2 =  1.170E-12

      iter #  18 total cpu time :  4692.1 secs   av.it.:  12.8
      thresh= 1.082E-07 alpha_mix =  0.100 |ddv_scf|^2 =  7.419E-14

      iter #  19 total cpu time :  4699.3 secs   av.it.:  13.1
      thresh= 2.724E-08 alpha_mix =  0.100 |ddv_scf|^2 =  3.984E-14

      iter #  20 total cpu time :  4706.7 secs   av.it.:  12.4
      thresh= 1.996E-08 alpha_mix =  0.100 |ddv_scf|^2 =  2.292E-14

      iter #  21 total cpu time :  4715.4 secs   av.it.:  12.2
      thresh= 1.514E-08 alpha_mix =  0.100 |ddv_scf|^2 =  2.223E-14

      iter #  22 total cpu time :  4722.2 secs   av.it.:  12.4
      thresh= 1.491E-08 alpha_mix =  0.100 |ddv_scf|^2 =  8.752E-15

      iter #  23 total cpu time :  4729.0 secs   av.it.:  12.4
      thresh= 9.355E-09 alpha_mix =  0.100 |ddv_scf|^2 =  1.419E-14

      iter #  24 total cpu time :  4735.6 secs   av.it.:  12.0
      thresh= 1.191E-08 alpha_mix =  0.100 |ddv_scf|^2 =  2.323E-15

      iter #  25 total cpu time :  4742.9 secs   av.it.:  13.1
      thresh= 4.820E-09 alpha_mix =  0.100 |ddv_scf|^2 =  4.898E-16

     End of self-consistent calculation

     Convergence has been achieved 


     Representation #  13 mode #  13

     Self-consistent Calculation

      iter #   1 total cpu time :  4747.9 secs   av.it.:   7.4
      thresh= 1.000E-02 alpha_mix =  0.100 |ddv_scf|^2 =  2.751E-04

      iter #   2 total cpu time :  4753.8 secs   av.it.:  10.0
      thresh= 1.659E-03 alpha_mix =  0.100 |ddv_scf|^2 =  1.184E-03

      iter #   3 total cpu time :  4758.8 secs   av.it.:   8.3
      thresh= 3.440E-03 alpha_mix =  0.100 |ddv_scf|^2 =  5.094E-07

      iter #   4 total cpu time :  4765.4 secs   av.it.:  11.9
      thresh= 7.137E-05 alpha_mix =  0.100 |ddv_scf|^2 =  2.010E-07

      iter #   5 total cpu time :  4774.5 secs   av.it.:  12.9
      thresh= 4.483E-05 alpha_mix =  0.100 |ddv_scf|^2 =  2.656E-08

      iter #   6 total cpu time :  4784.0 secs   av.it.:  13.0
      thresh= 1.630E-05 alpha_mix =  0.100 |ddv_scf|^2 =  5.992E-09

      iter #   7 total cpu time :  4791.0 secs   av.it.:  12.7
      thresh= 7.741E-06 alpha_mix =  0.100 |ddv_scf|^2 =  4.198E-09

      iter #   8 total cpu time :  4797.3 secs   av.it.:  11.3
      thresh= 6.479E-06 alpha_mix =  0.100 |ddv_scf|^2 =  2.457E-09

      iter #   9 total cpu time :  4804.5 secs   av.it.:  13.0
      thresh= 4.957E-06 alpha_mix =  0.100 |ddv_scf|^2 =  1.640E-09

      iter #  10 total cpu time :  4810.1 secs   av.it.:   9.7
      thresh= 4.050E-06 alpha_mix =  0.100 |ddv_scf|^2 =  2.561E-10

      iter #  11 total cpu time :  4817.3 secs   av.it.:  13.2
      thresh= 1.600E-06 alpha_mix =  0.100 |ddv_scf|^2 =  1.139E-10

      iter #  12 total cpu time :  4824.3 secs   av.it.:  13.1
      thresh= 1.067E-06 alpha_mix =  0.100 |ddv_scf|^2 =  4.803E-11

      iter #  13 total cpu time :  4831.2 secs   av.it.:  12.5
      thresh= 6.930E-07 alpha_mix =  0.100 |ddv_scf|^2 =  3.044E-11

      iter #  14 total cpu time :  4837.9 secs   av.it.:  12.1
      thresh= 5.518E-07 alpha_mix =  0.100 |ddv_scf|^2 =  2.526E-11

      iter #  15 total cpu time :  4844.7 secs   av.it.:  12.4
      thresh= 5.026E-07 alpha_mix =  0.100 |ddv_scf|^2 =  9.963E-12

      iter #  16 total cpu time :  4851.6 secs   av.it.:  12.5
      thresh= 3.156E-07 alpha_mix =  0.100 |ddv_scf|^2 =  1.699E-11

      iter #  17 total cpu time :  4858.0 secs   av.it.:  11.4
      thresh= 4.122E-07 alpha_mix =  0.100 |ddv_scf|^2 =  1.654E-12

      iter #  18 total cpu time :  4865.0 secs   av.it.:  13.0
      thresh= 1.286E-07 alpha_mix =  0.100 |ddv_scf|^2 =  8.559E-13

      iter #  19 total cpu time :  4871.8 secs   av.it.:  12.5
      thresh= 9.252E-08 alpha_mix =  0.100 |ddv_scf|^2 =  3.464E-13

      iter #  20 total cpu time :  4878.4 secs   av.it.:  11.8
      thresh= 5.886E-08 alpha_mix =  0.100 |ddv_scf|^2 =  2.305E-13

      iter #  21 total cpu time :  4885.3 secs   av.it.:  12.6
      thresh= 4.801E-08 alpha_mix =  0.100 |ddv_scf|^2 =  9.078E-14

      iter #  22 total cpu time :  4892.6 secs   av.it.:  13.4
      thresh= 3.013E-08 alpha_mix =  0.100 |ddv_scf|^2 =  3.174E-14

      iter #  23 total cpu time :  4899.5 secs   av.it.:  12.6
      thresh= 1.781E-08 alpha_mix =  0.100 |ddv_scf|^2 =  3.460E-14

      iter #  24 total cpu time :  4906.3 secs   av.it.:  12.3
      thresh= 1.860E-08 alpha_mix =  0.100 |ddv_scf|^2 =  3.607E-15

      iter #  25 total cpu time :  4913.6 secs   av.it.:  13.6
      thresh= 6.006E-09 alpha_mix =  0.100 |ddv_scf|^2 =  1.823E-15

      iter #  26 total cpu time :  4920.7 secs   av.it.:  12.9
      thresh= 4.269E-09 alpha_mix =  0.100 |ddv_scf|^2 =  1.113E-15

      iter #  27 total cpu time :  4927.4 secs   av.it.:  12.2
      thresh= 3.336E-09 alpha_mix =  0.100 |ddv_scf|^2 =  3.044E-16

     End of self-consistent calculation

     Convergence has been achieved 


     Representation #  14 mode #  14

     Self-consistent Calculation

      iter #   1 total cpu time :  4933.3 secs   av.it.:   9.1
      thresh= 1.000E-02 alpha_mix =  0.100 |ddv_scf|^2 =  2.556E-03

      iter #   2 total cpu time :  4939.1 secs   av.it.:  10.0
      thresh= 5.055E-03 alpha_mix =  0.100 |ddv_scf|^2 =  1.074E-02

      iter #   3 total cpu time :  4944.2 secs   av.it.:   8.3
      thresh= 1.000E-02 alpha_mix =  0.100 |ddv_scf|^2 =  4.370E-06

      iter #   4 total cpu time :  4950.6 secs   av.it.:  11.6
      thresh= 2.091E-04 alpha_mix =  0.100 |ddv_scf|^2 =  1.430E-06

      iter #   5 total cpu time :  4957.6 secs   av.it.:  12.7
      thresh= 1.196E-04 alpha_mix =  0.100 |ddv_scf|^2 =  9.231E-08

      iter #   6 total cpu time :  4964.6 secs   av.it.:  12.8
      thresh= 3.038E-05 alpha_mix =  0.100 |ddv_scf|^2 =  2.340E-08

      iter #   7 total cpu time :  4971.9 secs   av.it.:  13.4
      thresh= 1.530E-05 alpha_mix =  0.100 |ddv_scf|^2 =  1.786E-08

      iter #   8 total cpu time :  4978.1 secs   av.it.:  11.1
      thresh= 1.336E-05 alpha_mix =  0.100 |ddv_scf|^2 =  5.427E-09

      iter #   9 total cpu time :  4984.9 secs   av.it.:  12.2
      thresh= 7.367E-06 alpha_mix =  0.100 |ddv_scf|^2 =  2.471E-09

      iter #  10 total cpu time :  4991.8 secs   av.it.:  12.6
      thresh= 4.971E-06 alpha_mix =  0.100 |ddv_scf|^2 =  3.295E-09

      iter #  11 total cpu time :  4998.8 secs   av.it.:  12.7
      thresh= 5.740E-06 alpha_mix =  0.100 |ddv_scf|^2 =  3.030E-10

      iter #  12 total cpu time :  5005.6 secs   av.it.:  12.5
      thresh= 1.741E-06 alpha_mix =  0.100 |ddv_scf|^2 =  1.888E-10

      iter #  13 total cpu time :  5012.7 secs   av.it.:  13.0
      thresh= 1.374E-06 alpha_mix =  0.100 |ddv_scf|^2 =  1.087E-10

      iter #  14 total cpu time :  5019.6 secs   av.it.:  12.5
      thresh= 1.042E-06 alpha_mix =  0.100 |ddv_scf|^2 =  9.308E-11

      iter #  15 total cpu time :  5026.6 secs   av.it.:  12.7
      thresh= 9.648E-07 alpha_mix =  0.100 |ddv_scf|^2 =  3.882E-11

      iter #  16 total cpu time :  5032.6 secs   av.it.:  10.6
      thresh= 6.231E-07 alpha_mix =  0.100 |ddv_scf|^2 =  2.335E-11

      iter #  17 total cpu time :  5039.3 secs   av.it.:  12.1
      thresh= 4.832E-07 alpha_mix =  0.100 |ddv_scf|^2 =  1.643E-11

      iter #  18 total cpu time :  5046.5 secs   av.it.:  13.1
      thresh= 4.054E-07 alpha_mix =  0.100 |ddv_scf|^2 =  5.615E-12

      iter #  19 total cpu time :  5053.0 secs   av.it.:  11.8
      thresh= 2.370E-07 alpha_mix =  0.100 |ddv_scf|^2 =  3.079E-12

      iter #  20 total cpu time :  5059.8 secs   av.it.:  12.2
      thresh= 1.755E-07 alpha_mix =  0.100 |ddv_scf|^2 =  2.908E-12

      iter #  21 total cpu time :  5067.0 secs   av.it.:  13.3
      thresh= 1.705E-07 alpha_mix =  0.100 |ddv_scf|^2 =  1.567E-12

      iter #  22 total cpu time :  5073.9 secs   av.it.:  12.6
      thresh= 1.252E-07 alpha_mix =  0.100 |ddv_scf|^2 =  2.521E-12

      iter #  23 total cpu time :  5080.5 secs   av.it.:  11.9
      thresh= 1.588E-07 alpha_mix =  0.100 |ddv_scf|^2 =  2.192E-13

      iter #  24 total cpu time :  5087.5 secs   av.it.:  12.7
      thresh= 4.682E-08 alpha_mix =  0.100 |ddv_scf|^2 =  5.253E-14

      iter #  25 total cpu time :  5094.6 secs   av.it.:  13.1
      thresh= 2.292E-08 alpha_mix =  0.100 |ddv_scf|^2 =  3.701E-14

      iter #  26 total cpu time :  5101.1 secs   av.it.:  11.7
      thresh= 1.924E-08 alpha_mix =  0.100 |ddv_scf|^2 =  2.009E-14

      iter #  27 total cpu time :  5108.2 secs   av.it.:  12.5
      thresh= 1.418E-08 alpha_mix =  0.100 |ddv_scf|^2 =  8.004E-15

      iter #  28 total cpu time :  5115.4 secs   av.it.:  13.1
      thresh= 8.947E-09 alpha_mix =  0.100 |ddv_scf|^2 =  1.178E-15

      iter #  29 total cpu time :  5122.2 secs   av.it.:  12.1
      thresh= 3.432E-09 alpha_mix =  0.100 |ddv_scf|^2 =  7.121E-16

     End of self-consistent calculation

     Convergence has been achieved 


     Representation #  15 mode #  15

     Self-consistent Calculation

      iter #   1 total cpu time :  5126.9 secs   av.it.:   7.0
      thresh= 1.000E-02 alpha_mix =  0.100 |ddv_scf|^2 =  2.499E-06

      iter #   2 total cpu time :  5133.2 secs   av.it.:  11.1
      thresh= 1.581E-04 alpha_mix =  0.100 |ddv_scf|^2 =  6.264E-07

      iter #   3 total cpu time :  5139.7 secs   av.it.:  11.6
      thresh= 7.915E-05 alpha_mix =  0.100 |ddv_scf|^2 =  2.122E-07

      iter #   4 total cpu time :  5147.3 secs   av.it.:  13.3
      thresh= 4.606E-05 alpha_mix =  0.100 |ddv_scf|^2 =  1.159E-08

      iter #   5 total cpu time :  5156.6 secs   av.it.:  13.5
      thresh= 1.076E-05 alpha_mix =  0.100 |ddv_scf|^2 =  1.767E-09

      iter #   6 total cpu time :  5163.7 secs   av.it.:  12.9
      thresh= 4.203E-06 alpha_mix =  0.100 |ddv_scf|^2 =  5.670E-10

      iter #   7 total cpu time :  5171.2 secs   av.it.:  13.8
      thresh= 2.381E-06 alpha_mix =  0.100 |ddv_scf|^2 =  7.702E-11

      iter #   8 total cpu time :  5177.7 secs   av.it.:  11.7
      thresh= 8.776E-07 alpha_mix =  0.100 |ddv_scf|^2 =  4.982E-11

      iter #   9 total cpu time :  5185.4 secs   av.it.:  14.1
      thresh= 7.058E-07 alpha_mix =  0.100 |ddv_scf|^2 =  4.960E-12

      iter #  10 total cpu time :  5192.4 secs   av.it.:  12.8
      thresh= 2.227E-07 alpha_mix =  0.100 |ddv_scf|^2 =  2.831E-12

      iter #  11 total cpu time :  5199.7 secs   av.it.:  13.3
      thresh= 1.683E-07 alpha_mix =  0.100 |ddv_scf|^2 =  7.902E-13

      iter #  12 total cpu time :  5207.0 secs   av.it.:  13.4
      thresh= 8.889E-08 alpha_mix =  0.100 |ddv_scf|^2 =  1.610E-13

      iter #  13 total cpu time :  5214.3 secs   av.it.:  13.6
      thresh= 4.012E-08 alpha_mix =  0.100 |ddv_scf|^2 =  4.167E-14

      iter #  14 total cpu time :  5221.7 secs   av.it.:  13.6
      thresh= 2.041E-08 alpha_mix =  0.100 |ddv_scf|^2 =  1.199E-14

      iter #  15 total cpu time :  5228.6 secs   av.it.:  12.8
      thresh= 1.095E-08 alpha_mix =  0.100 |ddv_scf|^2 =  7.013E-15

      iter #  16 total cpu time :  5236.0 secs   av.it.:  13.7
      thresh= 8.375E-09 alpha_mix =  0.100 |ddv_scf|^2 =  1.669E-15

      iter #  17 total cpu time :  5242.9 secs   av.it.:  12.4
      thresh= 4.085E-09 alpha_mix =  0.100 |ddv_scf|^2 =  8.836E-16

     End of self-consistent calculation

     Convergence has been achieved 


     Representation #  16 mode #  16

     Self-consistent Calculation

      iter #   1 total cpu time :  5248.1 secs   av.it.:   7.9
      thresh= 1.000E-02 alpha_mix =  0.100 |ddv_scf|^2 =  3.523E-06

      iter #   2 total cpu time :  5254.6 secs   av.it.:  11.3
      thresh= 1.877E-04 alpha_mix =  0.100 |ddv_scf|^2 =  1.411E-06

      iter #   3 total cpu time :  5261.1 secs   av.it.:  11.7
      thresh= 1.188E-04 alpha_mix =  0.100 |ddv_scf|^2 =  5.487E-07

      iter #   4 total cpu time :  5268.3 secs   av.it.:  13.3
      thresh= 7.408E-05 alpha_mix =  0.100 |ddv_scf|^2 =  1.631E-08

      iter #   5 total cpu time :  5275.6 secs   av.it.:  13.4
      thresh= 1.277E-05 alpha_mix =  0.100 |ddv_scf|^2 =  1.975E-09

      iter #   6 total cpu time :  5282.7 secs   av.it.:  13.0
      thresh= 4.444E-06 alpha_mix =  0.100 |ddv_scf|^2 =  8.077E-10

      iter #   7 total cpu time :  5290.2 secs   av.it.:  13.8
      thresh= 2.842E-06 alpha_mix =  0.100 |ddv_scf|^2 =  2.218E-10

      iter #   8 total cpu time :  5297.8 secs   av.it.:  14.1
      thresh= 1.489E-06 alpha_mix =  0.100 |ddv_scf|^2 =  1.055E-11

      iter #   9 total cpu time :  5304.6 secs   av.it.:  12.4
      thresh= 3.248E-07 alpha_mix =  0.100 |ddv_scf|^2 =  6.839E-12

      iter #  10 total cpu time :  5312.2 secs   av.it.:  14.1
      thresh= 2.615E-07 alpha_mix =  0.100 |ddv_scf|^2 =  1.452E-12

      iter #  11 total cpu time :  5319.5 secs   av.it.:  13.2
      thresh= 1.205E-07 alpha_mix =  0.100 |ddv_scf|^2 =  5.046E-13

      iter #  12 total cpu time :  5326.7 secs   av.it.:  13.3
      thresh= 7.104E-08 alpha_mix =  0.100 |ddv_scf|^2 =  1.800E-13

      iter #  13 total cpu time :  5333.8 secs   av.it.:  13.0
      thresh= 4.243E-08 alpha_mix =  0.100 |ddv_scf|^2 =  8.860E-14

      iter #  14 total cpu time :  5341.4 secs   av.it.:  14.0
      thresh= 2.977E-08 alpha_mix =  0.100 |ddv_scf|^2 =  2.783E-14

      iter #  15 total cpu time :  5348.5 secs   av.it.:  13.0
      thresh= 1.668E-08 alpha_mix =  0.100 |ddv_scf|^2 =  1.199E-14

      iter #  16 total cpu time :  5355.3 secs   av.it.:  12.4
      thresh= 1.095E-08 alpha_mix =  0.100 |ddv_scf|^2 =  7.106E-15

      iter #  17 total cpu time :  5362.6 secs   av.it.:  13.5
      thresh= 8.430E-09 alpha_mix =  0.100 |ddv_scf|^2 =  1.375E-15

      iter #  18 total cpu time :  5369.6 secs   av.it.:  12.8
      thresh= 3.708E-09 alpha_mix =  0.100 |ddv_scf|^2 =  7.981E-16

     End of self-consistent calculation

     Convergence has been achieved 


     Representation #  17 mode #  17

     Self-consistent Calculation

      iter #   1 total cpu time :  5375.1 secs   av.it.:   8.5
      thresh= 1.000E-02 alpha_mix =  0.100 |ddv_scf|^2 =  3.217E-05

      iter #   2 total cpu time :  5381.4 secs   av.it.:  11.1
      thresh= 5.672E-04 alpha_mix =  0.100 |ddv_scf|^2 =  4.358E-06

      iter #   3 total cpu time :  5387.9 secs   av.it.:  11.7
      thresh= 2.088E-04 alpha_mix =  0.100 |ddv_scf|^2 =  1.044E-06

      iter #   4 total cpu time :  5395.1 secs   av.it.:  13.1
      thresh= 1.022E-04 alpha_mix =  0.100 |ddv_scf|^2 =  6.221E-08

      iter #   5 total cpu time :  5402.4 secs   av.it.:  13.5
      thresh= 2.494E-05 alpha_mix =  0.100 |ddv_scf|^2 =  8.464E-09

      iter #   6 total cpu time :  5409.2 secs   av.it.:  12.3
      thresh= 9.200E-06 alpha_mix =  0.100 |ddv_scf|^2 =  4.389E-09

      iter #   7 total cpu time :  5416.7 secs   av.it.:  13.8
      thresh= 6.625E-06 alpha_mix =  0.100 |ddv_scf|^2 =  3.500E-10

      iter #   8 total cpu time :  5423.6 secs   av.it.:  12.7
      thresh= 1.871E-06 alpha_mix =  0.100 |ddv_scf|^2 =  1.677E-10

      iter #   9 total cpu time :  5431.2 secs   av.it.:  14.2
      thresh= 1.295E-06 alpha_mix =  0.100 |ddv_scf|^2 =  9.962E-12

      iter #  10 total cpu time :  5438.3 secs   av.it.:  13.0
      thresh= 3.156E-07 alpha_mix =  0.100 |ddv_scf|^2 =  4.434E-12

      iter #  11 total cpu time :  5445.6 secs   av.it.:  13.3
      thresh= 2.106E-07 alpha_mix =  0.100 |ddv_scf|^2 =  1.598E-12

      iter #  12 total cpu time :  5452.7 secs   av.it.:  13.1
      thresh= 1.264E-07 alpha_mix =  0.100 |ddv_scf|^2 =  7.459E-13

      iter #  13 total cpu time :  5460.1 secs   av.it.:  13.5
      thresh= 8.636E-08 alpha_mix =  0.100 |ddv_scf|^2 =  2.488E-13

      iter #  14 total cpu time :  5467.4 secs   av.it.:  13.7
      thresh= 4.988E-08 alpha_mix =  0.100 |ddv_scf|^2 =  3.522E-14

      iter #  15 total cpu time :  5474.2 secs   av.it.:  12.3
      thresh= 1.877E-08 alpha_mix =  0.100 |ddv_scf|^2 =  2.281E-14

      iter #  16 total cpu time :  5481.4 secs   av.it.:  13.4
      thresh= 1.510E-08 alpha_mix =  0.100 |ddv_scf|^2 =  7.293E-15

      iter #  17 total cpu time :  5488.6 secs   av.it.:  13.2
      thresh= 8.540E-09 alpha_mix =  0.100 |ddv_scf|^2 =  2.262E-15

      iter #  18 total cpu time :  5495.8 secs   av.it.:  13.2
      thresh= 4.756E-09 alpha_mix =  0.100 |ddv_scf|^2 =  8.724E-16

     End of self-consistent calculation

     Convergence has been achieved 


     Representation #  18 mode #  18

     Self-consistent Calculation

      iter #   1 total cpu time :  5501.2 secs   av.it.:   8.2
      thresh= 1.000E-02 alpha_mix =  0.100 |ddv_scf|^2 =  7.828E-06

      iter #   2 total cpu time :  5507.7 secs   av.it.:  11.5
      thresh= 2.798E-04 alpha_mix =  0.100 |ddv_scf|^2 =  2.244E-06

      iter #   3 total cpu time :  5514.1 secs   av.it.:  11.6
      thresh= 1.498E-04 alpha_mix =  0.100 |ddv_scf|^2 =  8.969E-07

      iter #   4 total cpu time :  5521.4 secs   av.it.:  13.3
      thresh= 9.470E-05 alpha_mix =  0.100 |ddv_scf|^2 =  1.596E-08

      iter #   5 total cpu time :  5528.5 secs   av.it.:  13.1
      thresh= 1.263E-05 alpha_mix =  0.100 |ddv_scf|^2 =  3.283E-09

      iter #   6 total cpu time :  5535.9 secs   av.it.:  13.6
      thresh= 5.730E-06 alpha_mix =  0.100 |ddv_scf|^2 =  1.025E-09

      iter #   7 total cpu time :  5543.6 secs   av.it.:  14.2
      thresh= 3.201E-06 alpha_mix =  0.100 |ddv_scf|^2 =  1.049E-10

      iter #   8 total cpu time :  5550.9 secs   av.it.:  13.4
      thresh= 1.024E-06 alpha_mix =  0.100 |ddv_scf|^2 =  3.183E-11

      iter #   9 total cpu time :  5558.3 secs   av.it.:  13.9
      thresh= 5.642E-07 alpha_mix =  0.100 |ddv_scf|^2 =  9.238E-12

      iter #  10 total cpu time :  5565.4 secs   av.it.:  12.9
      thresh= 3.039E-07 alpha_mix =  0.100 |ddv_scf|^2 =  4.766E-12

      iter #  11 total cpu time :  5573.1 secs   av.it.:  14.5
      thresh= 2.183E-07 alpha_mix =  0.100 |ddv_scf|^2 =  4.818E-13

      iter #  12 total cpu time :  5579.9 secs   av.it.:  12.4
      thresh= 6.941E-08 alpha_mix =  0.100 |ddv_scf|^2 =  2.990E-13

      iter #  13 total cpu time :  5587.1 secs   av.it.:  13.3
      thresh= 5.468E-08 alpha_mix =  0.100 |ddv_scf|^2 =  9.904E-14

      iter #  14 total cpu time :  5594.5 secs   av.it.:  13.8
      thresh= 3.147E-08 alpha_mix =  0.100 |ddv_scf|^2 =  2.783E-14

      iter #  15 total cpu time :  5603.5 secs   av.it.:  12.6
      thresh= 1.668E-08 alpha_mix =  0.100 |ddv_scf|^2 =  1.327E-14

      iter #  16 total cpu time :  5611.0 secs   av.it.:  13.9
      thresh= 1.152E-08 alpha_mix =  0.100 |ddv_scf|^2 =  2.073E-15

      iter #  17 total cpu time :  5617.9 secs   av.it.:  12.6
      thresh= 4.553E-09 alpha_mix =  0.100 |ddv_scf|^2 =  1.251E-15

      iter #  18 total cpu time :  5625.1 secs   av.it.:  13.4
      thresh= 3.537E-09 alpha_mix =  0.100 |ddv_scf|^2 =  4.778E-16

     End of self-consistent calculation

     Convergence has been achieved 


     Representation #  19 mode #  19

     Self-consistent Calculation

      iter #   1 total cpu time :  5630.0 secs   av.it.:   7.2
      thresh= 1.000E-02 alpha_mix =  0.100 |ddv_scf|^2 =  7.838E-06

      iter #   2 total cpu time :  5636.4 secs   av.it.:  11.1
      thresh= 2.800E-04 alpha_mix =  0.100 |ddv_scf|^2 =  7.196E-07

      iter #   3 total cpu time :  5642.8 secs   av.it.:  11.5
      thresh= 8.483E-05 alpha_mix =  0.100 |ddv_scf|^2 =  1.960E-07

      iter #   4 total cpu time :  5650.2 secs   av.it.:  13.6
      thresh= 4.428E-05 alpha_mix =  0.100 |ddv_scf|^2 =  7.271E-09

      iter #   5 total cpu time :  5657.3 secs   av.it.:  12.9
      thresh= 8.527E-06 alpha_mix =  0.100 |ddv_scf|^2 =  2.247E-09

      iter #   6 total cpu time :  5664.7 secs   av.it.:  13.7
      thresh= 4.741E-06 alpha_mix =  0.100 |ddv_scf|^2 =  3.165E-10

      iter #   7 total cpu time :  5672.0 secs   av.it.:  13.5
      thresh= 1.779E-06 alpha_mix =  0.100 |ddv_scf|^2 =  7.776E-11

      iter #   8 total cpu time :  5678.7 secs   av.it.:  12.1
      thresh= 8.818E-07 alpha_mix =  0.100 |ddv_scf|^2 =  4.656E-11

      iter #   9 total cpu time :  5686.4 secs   av.it.:  14.1
      thresh= 6.823E-07 alpha_mix =  0.100 |ddv_scf|^2 =  4.786E-12

      iter #  10 total cpu time :  5693.4 secs   av.it.:  12.9
      thresh= 2.188E-07 alpha_mix =  0.100 |ddv_scf|^2 =  2.046E-12

      iter #  11 total cpu time :  5700.9 secs   av.it.:  13.9
      thresh= 1.430E-07 alpha_mix =  0.100 |ddv_scf|^2 =  2.960E-13

      iter #  12 total cpu time :  5707.5 secs   av.it.:  12.0
      thresh= 5.440E-08 alpha_mix =  0.100 |ddv_scf|^2 =  1.792E-13

      iter #  13 total cpu time :  5715.0 secs   av.it.:  13.8
      thresh= 4.234E-08 alpha_mix =  0.100 |ddv_scf|^2 =  1.335E-14

      iter #  14 total cpu time :  5722.0 secs   av.it.:  13.1
      thresh= 1.155E-08 alpha_mix =  0.100 |ddv_scf|^2 =  7.152E-15

      iter #  15 total cpu time :  5728.9 secs   av.it.:  12.4
      thresh= 8.457E-09 alpha_mix =  0.100 |ddv_scf|^2 =  4.659E-15

      iter #  16 total cpu time :  5736.5 secs   av.it.:  14.2
      thresh= 6.826E-09 alpha_mix =  0.100 |ddv_scf|^2 =  6.296E-16

     End of self-consistent calculation

     Convergence has been achieved 


     Representation #  20 mode #  20

     Self-consistent Calculation

      iter #   1 total cpu time :  5741.3 secs   av.it.:   6.9
      thresh= 1.000E-02 alpha_mix =  0.100 |ddv_scf|^2 =  7.173E-07

      iter #   2 total cpu time :  5747.9 secs   av.it.:  11.2
      thresh= 8.469E-05 alpha_mix =  0.100 |ddv_scf|^2 =  3.944E-07

      iter #   3 total cpu time :  5754.7 secs   av.it.:  12.4
      thresh= 6.280E-05 alpha_mix =  0.100 |ddv_scf|^2 =  9.567E-08

      iter #   4 total cpu time :  5762.0 secs   av.it.:  13.5
      thresh= 3.093E-05 alpha_mix =  0.100 |ddv_scf|^2 =  6.359E-09

      iter #   5 total cpu time :  5769.4 secs   av.it.:  13.6
      thresh= 7.974E-06 alpha_mix =  0.100 |ddv_scf|^2 =  7.802E-10

      iter #   6 total cpu time :  5776.6 secs   av.it.:  13.2
      thresh= 2.793E-06 alpha_mix =  0.100 |ddv_scf|^2 =  2.693E-10

      iter #   7 total cpu time :  5784.1 secs   av.it.:  13.7
      thresh= 1.641E-06 alpha_mix =  0.100 |ddv_scf|^2 =  5.945E-11

      iter #   8 total cpu time :  5790.7 secs   av.it.:  12.0
      thresh= 7.710E-07 alpha_mix =  0.100 |ddv_scf|^2 =  3.357E-11

      iter #   9 total cpu time :  5798.2 secs   av.it.:  14.0
      thresh= 5.794E-07 alpha_mix =  0.100 |ddv_scf|^2 =  5.255E-12

      iter #  10 total cpu time :  5805.4 secs   av.it.:  13.0
      thresh= 2.292E-07 alpha_mix =  0.100 |ddv_scf|^2 =  3.119E-12

      iter #  11 total cpu time :  5812.7 secs   av.it.:  13.4
      thresh= 1.766E-07 alpha_mix =  0.100 |ddv_scf|^2 =  1.143E-12

      iter #  12 total cpu time :  5819.9 secs   av.it.:  13.2
      thresh= 1.069E-07 alpha_mix =  0.100 |ddv_scf|^2 =  2.979E-13

      iter #  13 total cpu time :  5826.8 secs   av.it.:  12.6
      thresh= 5.458E-08 alpha_mix =  0.100 |ddv_scf|^2 =  9.131E-14

      iter #  14 total cpu time :  5834.2 secs   av.it.:  13.7
      thresh= 3.022E-08 alpha_mix =  0.100 |ddv_scf|^2 =  8.923E-15

      iter #  15 total cpu time :  5841.3 secs   av.it.:  13.0
      thresh= 9.446E-09 alpha_mix =  0.100 |ddv_scf|^2 =  4.613E-15

      iter #  16 total cpu time :  5848.6 secs   av.it.:  13.4
      thresh= 6.792E-09 alpha_mix =  0.100 |ddv_scf|^2 =  1.754E-15

      iter #  17 total cpu time :  5855.7 secs   av.it.:  12.7
      thresh= 4.188E-09 alpha_mix =  0.100 |ddv_scf|^2 =  1.084E-15

      iter #  18 total cpu time :  5863.0 secs   av.it.:  13.2
      thresh= 3.292E-09 alpha_mix =  0.100 |ddv_scf|^2 =  5.232E-16

     End of self-consistent calculation

     Convergence has been achieved 


     Representation #  21 mode #  21

     Self-consistent Calculation

      iter #   1 total cpu time :  5867.9 secs   av.it.:   7.2
      thresh= 1.000E-02 alpha_mix =  0.100 |ddv_scf|^2 =  7.838E-06

      iter #   2 total cpu time :  5874.4 secs   av.it.:  11.1
      thresh= 2.800E-04 alpha_mix =  0.100 |ddv_scf|^2 =  7.196E-07

      iter #   3 total cpu time :  5880.9 secs   av.it.:  11.5
      thresh= 8.483E-05 alpha_mix =  0.100 |ddv_scf|^2 =  1.960E-07

      iter #   4 total cpu time :  5888.2 secs   av.it.:  13.6
      thresh= 4.428E-05 alpha_mix =  0.100 |ddv_scf|^2 =  7.271E-09

      iter #   5 total cpu time :  5895.3 secs   av.it.:  12.9
      thresh= 8.527E-06 alpha_mix =  0.100 |ddv_scf|^2 =  2.247E-09

      iter #   6 total cpu time :  5902.7 secs   av.it.:  13.6
      thresh= 4.741E-06 alpha_mix =  0.100 |ddv_scf|^2 =  3.165E-10

      iter #   7 total cpu time :  5910.1 secs   av.it.:  13.5
      thresh= 1.779E-06 alpha_mix =  0.100 |ddv_scf|^2 =  7.776E-11

      iter #   8 total cpu time :  5916.8 secs   av.it.:  12.1
      thresh= 8.818E-07 alpha_mix =  0.100 |ddv_scf|^2 =  4.657E-11

      iter #   9 total cpu time :  5924.4 secs   av.it.:  14.1
      thresh= 6.824E-07 alpha_mix =  0.100 |ddv_scf|^2 =  4.786E-12

      iter #  10 total cpu time :  5931.5 secs   av.it.:  12.9
      thresh= 2.188E-07 alpha_mix =  0.100 |ddv_scf|^2 =  2.046E-12

      iter #  11 total cpu time :  5938.9 secs   av.it.:  13.9
      thresh= 1.430E-07 alpha_mix =  0.100 |ddv_scf|^2 =  2.954E-13

      iter #  12 total cpu time :  5945.6 secs   av.it.:  12.0
      thresh= 5.435E-08 alpha_mix =  0.100 |ddv_scf|^2 =  1.790E-13

      iter #  13 total cpu time :  5953.0 secs   av.it.:  13.8
      thresh= 4.230E-08 alpha_mix =  0.100 |ddv_scf|^2 =  1.334E-14

      iter #  14 total cpu time :  5960.1 secs   av.it.:  13.1
      thresh= 1.155E-08 alpha_mix =  0.100 |ddv_scf|^2 =  7.151E-15

      iter #  15 total cpu time :  5967.0 secs   av.it.:  12.4
      thresh= 8.456E-09 alpha_mix =  0.100 |ddv_scf|^2 =  4.658E-15

      iter #  16 total cpu time :  5974.6 secs   av.it.:  14.2
      thresh= 6.825E-09 alpha_mix =  0.100 |ddv_scf|^2 =  6.289E-16

     End of self-consistent calculation

     Convergence has been achieved 


     Representation #  22 mode #  22

     Self-consistent Calculation

      iter #   1 total cpu time :  5980.0 secs   av.it.:   8.2
      thresh= 1.000E-02 alpha_mix =  0.100 |ddv_scf|^2 =  1.271E-05

      iter #   2 total cpu time :  5986.3 secs   av.it.:  11.3
      thresh= 3.565E-04 alpha_mix =  0.100 |ddv_scf|^2 =  2.373E-06

      iter #   3 total cpu time :  5992.9 secs   av.it.:  11.5
      thresh= 1.541E-04 alpha_mix =  0.100 |ddv_scf|^2 =  8.407E-07

      iter #   4 total cpu time :  6000.1 secs   av.it.:  13.2
      thresh= 9.169E-05 alpha_mix =  0.100 |ddv_scf|^2 =  2.098E-08

      iter #   5 total cpu time :  6007.2 secs   av.it.:  13.0
      thresh= 1.448E-05 alpha_mix =  0.100 |ddv_scf|^2 =  4.207E-09

      iter #   6 total cpu time :  6014.4 secs   av.it.:  13.4
      thresh= 6.486E-06 alpha_mix =  0.100 |ddv_scf|^2 =  1.060E-09

      iter #   7 total cpu time :  6022.0 secs   av.it.:  14.0
      thresh= 3.256E-06 alpha_mix =  0.100 |ddv_scf|^2 =  1.641E-10

      iter #   8 total cpu time :  6029.2 secs   av.it.:  13.3
      thresh= 1.281E-06 alpha_mix =  0.100 |ddv_scf|^2 =  5.424E-11

      iter #   9 total cpu time :  6037.1 secs   av.it.:  14.2
      thresh= 7.365E-07 alpha_mix =  0.100 |ddv_scf|^2 =  8.572E-12

      iter #  10 total cpu time :  6044.2 secs   av.it.:  12.8
      thresh= 2.928E-07 alpha_mix =  0.100 |ddv_scf|^2 =  4.411E-12

      iter #  11 total cpu time :  6051.9 secs   av.it.:  14.3
      thresh= 2.100E-07 alpha_mix =  0.100 |ddv_scf|^2 =  5.779E-13

      iter #  12 total cpu time :  6058.6 secs   av.it.:  12.1
      thresh= 7.602E-08 alpha_mix =  0.100 |ddv_scf|^2 =  3.779E-13

      iter #  13 total cpu time :  6066.0 secs   av.it.:  13.6
      thresh= 6.148E-08 alpha_mix =  0.100 |ddv_scf|^2 =  8.297E-14

      iter #  14 total cpu time :  6073.5 secs   av.it.:  14.1
      thresh= 2.880E-08 alpha_mix =  0.100 |ddv_scf|^2 =  1.009E-14

      iter #  15 total cpu time :  6080.5 secs   av.it.:  12.7
      thresh= 1.005E-08 alpha_mix =  0.100 |ddv_scf|^2 =  5.694E-15

      iter #  16 total cpu time :  6088.0 secs   av.it.:  13.7
      thresh= 7.546E-09 alpha_mix =  0.100 |ddv_scf|^2 =  1.506E-15

      iter #  17 total cpu time :  6095.2 secs   av.it.:  13.1
      thresh= 3.880E-09 alpha_mix =  0.100 |ddv_scf|^2 =  5.795E-16

     End of self-consistent calculation

     Convergence has been achieved 


     Representation #  23 mode #  23

     Self-consistent Calculation

      iter #   1 total cpu time :  6100.7 secs   av.it.:   8.5
      thresh= 1.000E-02 alpha_mix =  0.100 |ddv_scf|^2 =  3.217E-05

      iter #   2 total cpu time :  6107.0 secs   av.it.:  11.1
      thresh= 5.672E-04 alpha_mix =  0.100 |ddv_scf|^2 =  4.358E-06

      iter #   3 total cpu time :  6113.6 secs   av.it.:  11.7
      thresh= 2.088E-04 alpha_mix =  0.100 |ddv_scf|^2 =  1.044E-06

      iter #   4 total cpu time :  6120.8 secs   av.it.:  13.1
      thresh= 1.022E-04 alpha_mix =  0.100 |ddv_scf|^2 =  6.221E-08

      iter #   5 total cpu time :  6128.2 secs   av.it.:  13.5
      thresh= 2.494E-05 alpha_mix =  0.100 |ddv_scf|^2 =  8.464E-09

      iter #   6 total cpu time :  6135.1 secs   av.it.:  12.3
      thresh= 9.200E-06 alpha_mix =  0.100 |ddv_scf|^2 =  4.389E-09

      iter #   7 total cpu time :  6142.5 secs   av.it.:  13.8
      thresh= 6.625E-06 alpha_mix =  0.100 |ddv_scf|^2 =  3.500E-10

      iter #   8 total cpu time :  6149.5 secs   av.it.:  12.7
      thresh= 1.871E-06 alpha_mix =  0.100 |ddv_scf|^2 =  1.680E-10

      iter #   9 total cpu time :  6157.2 secs   av.it.:  14.2
      thresh= 1.296E-06 alpha_mix =  0.100 |ddv_scf|^2 =  9.975E-12

      iter #  10 total cpu time :  6164.3 secs   av.it.:  13.0
      thresh= 3.158E-07 alpha_mix =  0.100 |ddv_scf|^2 =  4.440E-12

      iter #  11 total cpu time :  6171.6 secs   av.it.:  13.3
      thresh= 2.107E-07 alpha_mix =  0.100 |ddv_scf|^2 =  1.598E-12

      iter #  12 total cpu time :  6178.8 secs   av.it.:  13.1
      thresh= 1.264E-07 alpha_mix =  0.100 |ddv_scf|^2 =  7.469E-13

      iter #  13 total cpu time :  6186.1 secs   av.it.:  13.5
      thresh= 8.642E-08 alpha_mix =  0.100 |ddv_scf|^2 =  2.493E-13

      iter #  14 total cpu time :  6193.5 secs   av.it.:  13.7
      thresh= 4.993E-08 alpha_mix =  0.100 |ddv_scf|^2 =  3.525E-14

      iter #  15 total cpu time :  6200.3 secs   av.it.:  12.3
      thresh= 1.877E-08 alpha_mix =  0.100 |ddv_scf|^2 =  2.284E-14

      iter #  16 total cpu time :  6207.5 secs   av.it.:  13.4
      thresh= 1.511E-08 alpha_mix =  0.100 |ddv_scf|^2 =  7.294E-15

      iter #  17 total cpu time :  6214.7 secs   av.it.:  13.2
      thresh= 8.541E-09 alpha_mix =  0.100 |ddv_scf|^2 =  2.261E-15

      iter #  18 total cpu time :  6221.9 secs   av.it.:  13.2
      thresh= 4.755E-09 alpha_mix =  0.100 |ddv_scf|^2 =  8.715E-16

     End of self-consistent calculation

     Convergence has been achieved 


     Representation #  24 mode #  24

     Self-consistent Calculation

      iter #   1 total cpu time :  6226.6 secs   av.it.:   6.8
      thresh= 1.000E-02 alpha_mix =  0.100 |ddv_scf|^2 =  5.556E-07

      iter #   2 total cpu time :  6232.8 secs   av.it.:  11.1
      thresh= 7.454E-05 alpha_mix =  0.100 |ddv_scf|^2 =  3.590E-07

      iter #   3 total cpu time :  6240.2 secs   av.it.:  13.6
      thresh= 5.992E-05 alpha_mix =  0.100 |ddv_scf|^2 =  7.532E-09

      iter #   4 total cpu time :  6247.0 secs   av.it.:  12.1
      thresh= 8.679E-06 alpha_mix =  0.100 |ddv_scf|^2 =  4.480E-09

      iter #   5 total cpu time :  6254.5 secs   av.it.:  13.7
      thresh= 6.693E-06 alpha_mix =  0.100 |ddv_scf|^2 =  4.196E-10

      iter #   6 total cpu time :  6261.8 secs   av.it.:  13.4
      thresh= 2.048E-06 alpha_mix =  0.100 |ddv_scf|^2 =  1.158E-10

      iter #   7 total cpu time :  6269.0 secs   av.it.:  13.3
      thresh= 1.076E-06 alpha_mix =  0.100 |ddv_scf|^2 =  3.884E-11

      iter #   8 total cpu time :  6275.5 secs   av.it.:  11.8
      thresh= 6.232E-07 alpha_mix =  0.100 |ddv_scf|^2 =  2.679E-11

      iter #   9 total cpu time :  6283.2 secs   av.it.:  14.3
      thresh= 5.176E-07 alpha_mix =  0.100 |ddv_scf|^2 =  1.702E-12

      iter #  10 total cpu time :  6290.1 secs   av.it.:  12.3
      thresh= 1.305E-07 alpha_mix =  0.100 |ddv_scf|^2 =  1.076E-12

      iter #  11 total cpu time :  6297.6 secs   av.it.:  13.9
      thresh= 1.037E-07 alpha_mix =  0.100 |ddv_scf|^2 =  2.565E-13

      iter #  12 total cpu time :  6304.4 secs   av.it.:  12.2
      thresh= 5.064E-08 alpha_mix =  0.100 |ddv_scf|^2 =  1.611E-13

      iter #  13 total cpu time :  6311.7 secs   av.it.:  13.5
      thresh= 4.014E-08 alpha_mix =  0.100 |ddv_scf|^2 =  3.578E-14

      iter #  14 total cpu time :  6319.1 secs   av.it.:  13.5
      thresh= 1.891E-08 alpha_mix =  0.100 |ddv_scf|^2 =  1.594E-14

      iter #  15 total cpu time :  6326.0 secs   av.it.:  12.5
      thresh= 1.263E-08 alpha_mix =  0.100 |ddv_scf|^2 =  1.056E-14

      iter #  16 total cpu time :  6333.3 secs   av.it.:  13.4
      thresh= 1.028E-08 alpha_mix =  0.100 |ddv_scf|^2 =  2.816E-15

      iter #  17 total cpu time :  6340.0 secs   av.it.:  12.0
      thresh= 5.306E-09 alpha_mix =  0.100 |ddv_scf|^2 =  1.855E-15

      iter #  18 total cpu time :  6347.6 secs   av.it.:  13.7
      thresh= 4.307E-09 alpha_mix =  0.100 |ddv_scf|^2 =  5.848E-16

     End of self-consistent calculation

     Convergence has been achieved 
 
     Number of q in the star =   12
     List of q in the star:
          1   0.000000000   0.250000000   0.250000000
          2  -0.250000000   0.000000000   0.250000000
          3   0.000000000  -0.250000000   0.250000000
          4   0.000000000   0.250000000  -0.250000000
          5   0.000000000  -0.250000000  -0.250000000
          6  -0.250000000   0.000000000  -0.250000000
          7   0.250000000   0.000000000  -0.250000000
          8   0.250000000   0.250000000   0.000000000
          9   0.250000000   0.000000000   0.250000000
         10  -0.250000000   0.250000000   0.000000000
         11   0.250000000  -0.250000000   0.000000000
         12  -0.250000000  -0.250000000   0.000000000

     Diagonalizing the dynamical matrix

     q = (    0.000000000   0.250000000   0.250000000 ) 

 **************************************************************************
     freq (    1) =       2.602544 [THz] =      86.811509 [cm-1]
     freq (    2) =       2.865266 [THz] =      95.574990 [cm-1]
     freq (    3) =       3.482554 [THz] =     116.165511 [cm-1]
     freq (    4) =       3.527502 [THz] =     117.664806 [cm-1]
     freq (    5) =       3.835383 [THz] =     127.934591 [cm-1]
     freq (    6) =       3.916645 [THz] =     130.645221 [cm-1]
     freq (    7) =       4.487326 [THz] =     149.681083 [cm-1]
     freq (    8) =       4.575600 [THz] =     152.625596 [cm-1]
     freq (    9) =       5.356058 [THz] =     178.658855 [cm-1]
     freq (   10) =       5.356150 [THz] =     178.661918 [cm-1]
     freq (   11) =       5.795700 [THz] =     193.323731 [cm-1]
     freq (   12) =       6.781708 [THz] =     226.213436 [cm-1]
     freq (   13) =      12.397415 [THz] =     413.533265 [cm-1]
     freq (   14) =      13.432874 [THz] =     448.072432 [cm-1]
     freq (   15) =      13.556527 [THz] =     452.197073 [cm-1]
     freq (   16) =      14.010166 [THz] =     467.328820 [cm-1]
     freq (   17) =      14.686586 [THz] =     489.891775 [cm-1]
     freq (   18) =      14.978277 [THz] =     499.621538 [cm-1]
     freq (   19) =      15.154758 [THz] =     505.508329 [cm-1]
     freq (   20) =      15.195894 [THz] =     506.880474 [cm-1]
     freq (   21) =      15.822100 [THz] =     527.768460 [cm-1]
     freq (   22) =      15.893758 [THz] =     530.158706 [cm-1]
     freq (   23) =      16.232359 [THz] =     541.453204 [cm-1]
     freq (   24) =      17.134134 [THz] =     571.533176 [cm-1]
 **************************************************************************

     Mode symmetry, C_s (m)     point group:

     freq (   1-   1) =         86.8  [cm-1]   --> A''                
     freq (   2-   2) =         95.6  [cm-1]   --> A'                 
     freq (   3-   3) =        116.2  [cm-1]   --> A''                
     freq (   4-   4) =        117.7  [cm-1]   --> A'                 
     freq (   5-   5) =        127.9  [cm-1]   --> A''                
     freq (   6-   6) =        130.6  [cm-1]   --> A'                 
     freq (   7-   7) =        149.7  [cm-1]   --> A'                 
     freq (   8-   8) =        152.6  [cm-1]   --> A''                
     freq (   9-   9) =        178.7  [cm-1]   --> A'                 
     freq (  10-  10) =        178.7  [cm-1]   --> A''                
     freq (  11-  11) =        193.3  [cm-1]   --> A'                 
     freq (  12-  12) =        226.2  [cm-1]   --> A'                 
     freq (  13-  13) =        413.5  [cm-1]   --> A'                 
     freq (  14-  14) =        448.1  [cm-1]   --> A''                
     freq (  15-  15) =        452.2  [cm-1]   --> A'                 
     freq (  16-  16) =        467.3  [cm-1]   --> A'                 
     freq (  17-  17) =        489.9  [cm-1]   --> A''                
     freq (  18-  18) =        499.6  [cm-1]   --> A''                
     freq (  19-  19) =        505.5  [cm-1]   --> A''                
     freq (  20-  20) =        506.9  [cm-1]   --> A'                 
     freq (  21-  21) =        527.8  [cm-1]   --> A''                
     freq (  22-  22) =        530.2  [cm-1]   --> A'                 
     freq (  23-  23) =        541.5  [cm-1]   --> A'                 
     freq (  24-  24) =        571.5  [cm-1]   --> A'                 

     Calculation of q =    0.0000000   0.2500000  -0.5000000
 
     Parallelization info
     --------------------
     sticks:   dense  smooth     PW     G-vecs:    dense   smooth      PW
     Min         139     139     42                 4933     4933     820
     Max         140     140     43                 4936     4936     823
     Sum        2225    2225    673                78949    78949   13133
 
     Using Slab Decomposition
 

     Title: 
     --                                                                         


     bravais-lattice index     =            0
     lattice parameter (alat)  =       8.3571  a.u.
     unit-cell volume          =     583.6692 (a.u.)^3
     number of atoms/cell      =            8
     number of atomic types    =            2
     number of electrons       =        72.00
     number of Kohn-Sham states=           43
     kinetic-energy cutoff     =     100.0000  Ry
     charge density cutoff     =     400.0000  Ry
     Exchange-correlation= PBE
                           (   1   4   3   4   0   0   0)

     celldm(1)=   8.357100  celldm(2)=   0.000000  celldm(3)=   0.000000
     celldm(4)=   0.000000  celldm(5)=   0.000000  celldm(6)=   0.000000

     crystal axes: (cart. coord. in units of alat)
               a(1) = (   1.000000   0.000000   0.000000 )  
               a(2) = (   0.000000   1.000000   0.000000 )  
               a(3) = (   0.000000   0.000000   1.000000 )  

     reciprocal axes: (cart. coord. in units 2 pi/alat)
               b(1) = (  1.000000  0.000000  0.000000 )  
               b(2) = (  0.000000  1.000000  0.000000 )  
               b(3) = (  0.000000  0.000000  1.000000 )  


     PseudoPot. # 1 for Nb read from file:
     /pscratch/sd/m/mhussien/NbN/2025/All_data/bulk-press-epi/pristine/June_06/pseudo/Nb_pbe.upf
     MD5 check sum: 712dd6877a67fb2d3f70e8edbadf3134
     Pseudo is Norm-conserving + core correction, Zval = 13.0
     Generated using ONCVPSP code by D. R. Hamann
     Using radial grid of 1680 points,  6 beta functions with: 
                l(1) =   0
                l(2) =   0
                l(3) =   1
                l(4) =   1
                l(5) =   2
                l(6) =   2

     PseudoPot. # 2 for N  read from file:
     /pscratch/sd/m/mhussien/NbN/2025/All_data/bulk-press-epi/pristine/June_06/pseudo/N_pbe.upf
     MD5 check sum: d34365f73bb0e2ee98afc20ec3e87676
     Pseudo is Norm-conserving + core correction, Zval =  5.0
     Generated using ONCVPSP code by D. R. Hamann
     Using radial grid of 1058 points,  4 beta functions with: 
                l(1) =   0
                l(2) =   0
                l(3) =   1
                l(4) =   1

     atomic species   valence    mass     pseudopotential
     Nb               13.00    92.91000     Nb( 1.00)
     N                 5.00    14.01000     N ( 1.00)

     24 Sym. Ops. (no inversion) found



   Cartesian axes

     site n.     atom                  positions (alat units)
         1        Nb     tau(   1) = (   0.2327065   0.7672935   0.2327065  )
         2        Nb     tau(   2) = (   0.7672935   0.2327065   0.2327065  )
         3        Nb     tau(   3) = (   0.7672935   0.7672935   0.7672935  )
         4        Nb     tau(   4) = (   0.2327065   0.2327065   0.7672935  )
         5        N      tau(   5) = (   0.7348907   0.2651093   0.7348907  )
         6        N      tau(   6) = (   0.2651093   0.7348907   0.7348907  )
         7        N      tau(   7) = (   0.2651093   0.2651093   0.2651093  )
         8        N      tau(   8) = (   0.7348907   0.7348907   0.2651093  )

     number of k points=  5904  Marzari-Vanderbilt smearing, width (Ry)=  0.0050

     Number of k-points >= 100: set verbosity='high' to print them.

     Dense  grid:    78949 G-vectors     FFT dimensions: (  54,  54,  54)

     Estimated max dynamical RAM per process >      10.96 MB

     Estimated total dynamical RAM >      21.92 GB

     The potential is recalculated from file :
     ./_ph0/nbn.q_5/nbn.save/charge-density

     Starting wfcs are   56 atomic wfcs

     Band Structure Calculation
     Davidson diagonalization with overlap

     ethr =  1.39E-11,  avg # of iterations = 26.7

     total cpu time spent up to now is      119.3 secs

     End of band structure calculation

     Number of k-points >= 100: set verbosity='high' to print the bands.

     the Fermi energy is    19.9997 ev

     Writing config to output data dir ./_ph0/nbn.q_5/nbn.save/ :
     XML data file

     --                                                                         

     bravais-lattice index     =            0
     lattice parameter (alat)  =       8.3571  a.u.
     unit-cell volume          =     583.6692 (a.u.)^3
     number of atoms/cell      =            8
     number of atomic types    =            2
     kinetic-energy cut-off    =     100.0000  Ry
     charge density cut-off    =     400.0000  Ry
     convergence threshold     =      1.0E-15
     beta                      =       0.1000
     number of iterations used =            4
     Exchange-correlation= PBE
                           (   1   4   3   4   0   0   0)


     celldm(1)=    8.35710  celldm(2)=    0.00000  celldm(3)=    0.00000
     celldm(4)=    0.00000  celldm(5)=    0.00000  celldm(6)=    0.00000

     crystal axes: (cart. coord. in units of alat)
               a(1) = (  1.0000  0.0000  0.0000 )  
               a(2) = (  0.0000  1.0000  0.0000 )  
               a(3) = (  0.0000  0.0000  1.0000 )  

     reciprocal axes: (cart. coord. in units 2 pi/alat)
               b(1) = (  1.0000  0.0000  0.0000 )  
               b(2) = (  0.0000  1.0000  0.0000 )  
               b(3) = (  0.0000  0.0000  1.0000 )  


     Atoms inside the unit cell: 

     Cartesian axes

     site n.  atom      mass           positions (alat units)
        1  Nb     92.9100   tau(    1) = (    0.23271    0.76729    0.23271  )
        2  Nb     92.9100   tau(    2) = (    0.76729    0.23271    0.23271  )
        3  Nb     92.9100   tau(    3) = (    0.76729    0.76729    0.76729  )
        4  Nb     92.9100   tau(    4) = (    0.23271    0.23271    0.76729  )
        5  N      14.0100   tau(    5) = (    0.73489    0.26511    0.73489  )
        6  N      14.0100   tau(    6) = (    0.26511    0.73489    0.73489  )
        7  N      14.0100   tau(    7) = (    0.26511    0.26511    0.26511  )
        8  N      14.0100   tau(    8) = (    0.73489    0.73489    0.26511  )

     Computing dynamical matrix for 
                    q = (   0.0000000   0.2500000  -0.5000000 )
 
      2 Sym.Ops. (no q -> -q+G )


     G cutoff =  707.6385  (   4935 G-vectors)     FFT grid: ( 54, 54, 54)

     number of k points=  5904  Marzari-Vanderbilt smearing, width (Ry)=  0.0050

     PseudoPot. # 1 for Nb read from file:
     /pscratch/sd/m/mhussien/NbN/2025/All_data/bulk-press-epi/pristine/June_06/pseudo/Nb_pbe.upf
     MD5 check sum: 712dd6877a67fb2d3f70e8edbadf3134
     Pseudo is Norm-conserving + core correction, Zval = 13.0
     Generated using ONCVPSP code by D. R. Hamann
     Using radial grid of 1680 points,  6 beta functions with: 
                l(1) =   0
                l(2) =   0
                l(3) =   1
                l(4) =   1
                l(5) =   2
                l(6) =   2

     PseudoPot. # 2 for N  read from file:
     /pscratch/sd/m/mhussien/NbN/2025/All_data/bulk-press-epi/pristine/June_06/pseudo/N_pbe.upf
     MD5 check sum: d34365f73bb0e2ee98afc20ec3e87676
     Pseudo is Norm-conserving + core correction, Zval =  5.0
     Generated using ONCVPSP code by D. R. Hamann
     Using radial grid of 1058 points,  4 beta functions with: 
                l(1) =   0
                l(2) =   0
                l(3) =   1
                l(4) =   1

     Mode symmetry, C_2  (2)    point group:


     Atomic displacements:
     There are   24 irreducible representations

     Representation     1      1 modes -  To be done

     Representation     2      1 modes -  To be done

     Representation     3      1 modes -  To be done

     Representation     4      1 modes -  To be done

     Representation     5      1 modes -  To be done

     Representation     6      1 modes -  To be done

     Representation     7      1 modes -  To be done

     Representation     8      1 modes -  To be done

     Representation     9      1 modes -  To be done

     Representation    10      1 modes -  To be done

     Representation    11      1 modes -  To be done

     Representation    12      1 modes -  To be done

     Representation    13      1 modes -  To be done

     Representation    14      1 modes -  To be done

     Representation    15      1 modes -  To be done

     Representation    16      1 modes -  To be done

     Representation    17      1 modes -  To be done

     Representation    18      1 modes -  To be done

     Representation    19      1 modes -  To be done

     Representation    20      1 modes -  To be done

     Representation    21      1 modes -  To be done

     Representation    22      1 modes -  To be done

     Representation    23      1 modes -  To be done

     Representation    24      1 modes -  To be done



     Alpha used in Ewald sum =   2.8000
     PHONON       :      1h42m CPU      1h46m WALL



     Representation #   1 mode #   1

     Self-consistent Calculation

      iter #   1 total cpu time :  6397.8 secs   av.it.:   8.9
      thresh= 1.000E-02 alpha_mix =  0.100 |ddv_scf|^2 =  2.533E-04

      iter #   2 total cpu time :  6403.8 secs   av.it.:  10.9
      thresh= 1.592E-03 alpha_mix =  0.100 |ddv_scf|^2 =  4.153E-05

      iter #   3 total cpu time :  6409.5 secs   av.it.:  10.4
      thresh= 6.445E-04 alpha_mix =  0.100 |ddv_scf|^2 =  2.026E-06

      iter #   4 total cpu time :  6416.1 secs   av.it.:  12.5
      thresh= 1.424E-04 alpha_mix =  0.100 |ddv_scf|^2 =  3.280E-07

      iter #   5 total cpu time :  6422.8 secs   av.it.:  13.0
      thresh= 5.727E-05 alpha_mix =  0.100 |ddv_scf|^2 =  4.211E-08

      iter #   6 total cpu time :  6429.8 secs   av.it.:  13.3
      thresh= 2.052E-05 alpha_mix =  0.100 |ddv_scf|^2 =  7.055E-09

      iter #   7 total cpu time :  6436.6 secs   av.it.:  13.2
      thresh= 8.399E-06 alpha_mix =  0.100 |ddv_scf|^2 =  2.929E-09

      iter #   8 total cpu time :  6443.8 secs   av.it.:  14.0
      thresh= 5.412E-06 alpha_mix =  0.100 |ddv_scf|^2 =  3.105E-10

      iter #   9 total cpu time :  6450.6 secs   av.it.:  13.0
      thresh= 1.762E-06 alpha_mix =  0.100 |ddv_scf|^2 =  1.601E-10

      iter #  10 total cpu time :  6457.3 secs   av.it.:  12.7
      thresh= 1.265E-06 alpha_mix =  0.100 |ddv_scf|^2 =  8.415E-11

      iter #  11 total cpu time :  6464.6 secs   av.it.:  14.0
      thresh= 9.173E-07 alpha_mix =  0.100 |ddv_scf|^2 =  1.378E-11

      iter #  12 total cpu time :  6471.7 secs   av.it.:  13.8
      thresh= 3.712E-07 alpha_mix =  0.100 |ddv_scf|^2 =  3.365E-12

      iter #  13 total cpu time :  6478.4 secs   av.it.:  13.0
      thresh= 1.834E-07 alpha_mix =  0.100 |ddv_scf|^2 =  1.823E-12

      iter #  14 total cpu time :  6485.2 secs   av.it.:  12.9
      thresh= 1.350E-07 alpha_mix =  0.100 |ddv_scf|^2 =  1.076E-12

      iter #  15 total cpu time :  6496.7 secs   av.it.:  13.7
      thresh= 1.037E-07 alpha_mix =  0.100 |ddv_scf|^2 =  2.366E-13

      iter #  16 total cpu time :  6503.8 secs   av.it.:  13.6
      thresh= 4.864E-08 alpha_mix =  0.100 |ddv_scf|^2 =  8.958E-14

      iter #  17 total cpu time :  6510.4 secs   av.it.:  12.7
      thresh= 2.993E-08 alpha_mix =  0.100 |ddv_scf|^2 =  5.373E-14

      iter #  18 total cpu time :  6517.0 secs   av.it.:  12.6
      thresh= 2.318E-08 alpha_mix =  0.100 |ddv_scf|^2 =  2.298E-14

      iter #  19 total cpu time :  6523.9 secs   av.it.:  13.3
      thresh= 1.516E-08 alpha_mix =  0.100 |ddv_scf|^2 =  5.675E-15

      iter #  20 total cpu time :  6530.6 secs   av.it.:  12.5
      thresh= 7.533E-09 alpha_mix =  0.100 |ddv_scf|^2 =  3.260E-15

      iter #  21 total cpu time :  6537.2 secs   av.it.:  12.9
      thresh= 5.710E-09 alpha_mix =  0.100 |ddv_scf|^2 =  1.941E-15

      iter #  22 total cpu time :  6543.8 secs   av.it.:  12.6
      thresh= 4.405E-09 alpha_mix =  0.100 |ddv_scf|^2 =  1.131E-15

      iter #  23 total cpu time :  6550.7 secs   av.it.:  13.2
      thresh= 3.363E-09 alpha_mix =  0.100 |ddv_scf|^2 =  4.477E-16

     End of self-consistent calculation

     Convergence has been achieved 


     Representation #   2 mode #   2

     Self-consistent Calculation

      iter #   1 total cpu time :  6555.7 secs   av.it.:   7.5
      thresh= 1.000E-02 alpha_mix =  0.100 |ddv_scf|^2 =  5.808E-05

      iter #   2 total cpu time :  6561.8 secs   av.it.:  10.8
      thresh= 7.621E-04 alpha_mix =  0.100 |ddv_scf|^2 =  1.068E-05

      iter #   3 total cpu time :  6567.5 secs   av.it.:  10.3
      thresh= 3.269E-04 alpha_mix =  0.100 |ddv_scf|^2 =  3.009E-07

      iter #   4 total cpu time :  6574.0 secs   av.it.:  12.4
      thresh= 5.485E-05 alpha_mix =  0.100 |ddv_scf|^2 =  8.483E-08

      iter #   5 total cpu time :  6581.2 secs   av.it.:  13.6
      thresh= 2.913E-05 alpha_mix =  0.100 |ddv_scf|^2 =  6.594E-09

      iter #   6 total cpu time :  6587.8 secs   av.it.:  12.5
      thresh= 8.120E-06 alpha_mix =  0.100 |ddv_scf|^2 =  3.021E-09

      iter #   7 total cpu time :  6594.9 secs   av.it.:  13.7
      thresh= 5.497E-06 alpha_mix =  0.100 |ddv_scf|^2 =  5.139E-10

      iter #   8 total cpu time :  6602.0 secs   av.it.:  13.7
      thresh= 2.267E-06 alpha_mix =  0.100 |ddv_scf|^2 =  8.040E-11

      iter #   9 total cpu time :  6608.5 secs   av.it.:  12.5
      thresh= 8.967E-07 alpha_mix =  0.100 |ddv_scf|^2 =  4.224E-11

      iter #  10 total cpu time :  6614.9 secs   av.it.:  12.2
      thresh= 6.499E-07 alpha_mix =  0.100 |ddv_scf|^2 =  2.835E-11

      iter #  11 total cpu time :  6622.2 secs   av.it.:  14.1
      thresh= 5.324E-07 alpha_mix =  0.100 |ddv_scf|^2 =  3.021E-12

      iter #  12 total cpu time :  6629.2 secs   av.it.:  13.4
      thresh= 1.738E-07 alpha_mix =  0.100 |ddv_scf|^2 =  1.032E-12

      iter #  13 total cpu time :  6636.1 secs   av.it.:  13.4
      thresh= 1.016E-07 alpha_mix =  0.100 |ddv_scf|^2 =  3.645E-13

      iter #  14 total cpu time :  6643.3 secs   av.it.:  13.8
      thresh= 6.037E-08 alpha_mix =  0.100 |ddv_scf|^2 =  9.285E-14

      iter #  15 total cpu time :  6650.0 secs   av.it.:  13.0
      thresh= 3.047E-08 alpha_mix =  0.100 |ddv_scf|^2 =  4.559E-14

      iter #  16 total cpu time :  6657.2 secs   av.it.:  13.8
      thresh= 2.135E-08 alpha_mix =  0.100 |ddv_scf|^2 =  1.399E-14

      iter #  17 total cpu time :  6664.1 secs   av.it.:  13.3
      thresh= 1.183E-08 alpha_mix =  0.100 |ddv_scf|^2 =  6.046E-15

      iter #  18 total cpu time :  6670.5 secs   av.it.:  12.3
      thresh= 7.776E-09 alpha_mix =  0.100 |ddv_scf|^2 =  3.423E-15

      iter #  19 total cpu time :  6677.6 secs   av.it.:  13.6
      thresh= 5.850E-09 alpha_mix =  0.100 |ddv_scf|^2 =  1.276E-15

      iter #  20 total cpu time :  6684.4 secs   av.it.:  13.0
      thresh= 3.572E-09 alpha_mix =  0.100 |ddv_scf|^2 =  5.383E-16

     End of self-consistent calculation

     Convergence has been achieved 


     Representation #   3 mode #   3

     Self-consistent Calculation

      iter #   1 total cpu time :  6689.9 secs   av.it.:   8.7
      thresh= 1.000E-02 alpha_mix =  0.100 |ddv_scf|^2 =  1.159E-04

      iter #   2 total cpu time :  6695.8 secs   av.it.:  10.9
      thresh= 1.076E-03 alpha_mix =  0.100 |ddv_scf|^2 =  2.167E-05

      iter #   3 total cpu time :  6701.6 secs   av.it.:  10.6
      thresh= 4.655E-04 alpha_mix =  0.100 |ddv_scf|^2 =  1.987E-06

      iter #   4 total cpu time :  6708.4 secs   av.it.:  13.0
      thresh= 1.410E-04 alpha_mix =  0.100 |ddv_scf|^2 =  1.016E-07

      iter #   5 total cpu time :  6715.2 secs   av.it.:  13.0
      thresh= 3.188E-05 alpha_mix =  0.100 |ddv_scf|^2 =  1.791E-08

      iter #   6 total cpu time :  6722.0 secs   av.it.:  13.0
      thresh= 1.338E-05 alpha_mix =  0.100 |ddv_scf|^2 =  6.817E-09

      iter #   7 total cpu time :  6728.9 secs   av.it.:  13.2
      thresh= 8.257E-06 alpha_mix =  0.100 |ddv_scf|^2 =  2.554E-09

      iter #   8 total cpu time :  6736.1 secs   av.it.:  14.1
      thresh= 5.054E-06 alpha_mix =  0.100 |ddv_scf|^2 =  2.941E-10

      iter #   9 total cpu time :  6742.5 secs   av.it.:  12.1
      thresh= 1.715E-06 alpha_mix =  0.100 |ddv_scf|^2 =  1.924E-10

      iter #  10 total cpu time :  6749.6 secs   av.it.:  13.7
      thresh= 1.387E-06 alpha_mix =  0.100 |ddv_scf|^2 =  5.361E-11

      iter #  11 total cpu time :  6756.7 secs   av.it.:  13.8
      thresh= 7.322E-07 alpha_mix =  0.100 |ddv_scf|^2 =  1.358E-11

      iter #  12 total cpu time :  6763.8 secs   av.it.:  13.6
      thresh= 3.685E-07 alpha_mix =  0.100 |ddv_scf|^2 =  2.237E-12

      iter #  13 total cpu time :  6770.5 secs   av.it.:  12.9
      thresh= 1.496E-07 alpha_mix =  0.100 |ddv_scf|^2 =  1.232E-12

      iter #  14 total cpu time :  6777.4 secs   av.it.:  13.3
      thresh= 1.110E-07 alpha_mix =  0.100 |ddv_scf|^2 =  5.908E-13

      iter #  15 total cpu time :  6784.5 secs   av.it.:  13.9
      thresh= 7.686E-08 alpha_mix =  0.100 |ddv_scf|^2 =  2.036E-13

      iter #  16 total cpu time :  6791.5 secs   av.it.:  13.4
      thresh= 4.512E-08 alpha_mix =  0.100 |ddv_scf|^2 =  1.014E-13

      iter #  17 total cpu time :  6798.3 secs   av.it.:  13.2
      thresh= 3.184E-08 alpha_mix =  0.100 |ddv_scf|^2 =  4.520E-14

      iter #  18 total cpu time :  6805.2 secs   av.it.:  13.3
      thresh= 2.126E-08 alpha_mix =  0.100 |ddv_scf|^2 =  2.433E-14

      iter #  19 total cpu time :  6812.3 secs   av.it.:  13.9
      thresh= 1.560E-08 alpha_mix =  0.100 |ddv_scf|^2 =  9.474E-15

      iter #  20 total cpu time :  6819.3 secs   av.it.:  13.4
      thresh= 9.733E-09 alpha_mix =  0.100 |ddv_scf|^2 =  4.845E-15

      iter #  21 total cpu time :  6826.5 secs   av.it.:  13.8
      thresh= 6.961E-09 alpha_mix =  0.100 |ddv_scf|^2 =  1.081E-15

      iter #  22 total cpu time :  6833.2 secs   av.it.:  12.9
      thresh= 3.288E-09 alpha_mix =  0.100 |ddv_scf|^2 =  5.126E-16

     End of self-consistent calculation

     Convergence has been achieved 


     Representation #   4 mode #   4

     Self-consistent Calculation

      iter #   1 total cpu time :  6838.7 secs   av.it.:   8.9
      thresh= 1.000E-02 alpha_mix =  0.100 |ddv_scf|^2 =  2.399E-04

      iter #   2 total cpu time :  6844.7 secs   av.it.:  10.9
      thresh= 1.549E-03 alpha_mix =  0.100 |ddv_scf|^2 =  4.154E-05

      iter #   3 total cpu time :  6850.4 secs   av.it.:  10.4
      thresh= 6.445E-04 alpha_mix =  0.100 |ddv_scf|^2 =  1.979E-06

      iter #   4 total cpu time :  6856.9 secs   av.it.:  12.4
      thresh= 1.407E-04 alpha_mix =  0.100 |ddv_scf|^2 =  3.734E-07

      iter #   5 total cpu time :  6863.7 secs   av.it.:  13.1
      thresh= 6.111E-05 alpha_mix =  0.100 |ddv_scf|^2 =  3.885E-08

      iter #   6 total cpu time :  6870.7 secs   av.it.:  13.2
      thresh= 1.971E-05 alpha_mix =  0.100 |ddv_scf|^2 =  7.840E-09

      iter #   7 total cpu time :  6877.6 secs   av.it.:  13.2
      thresh= 8.854E-06 alpha_mix =  0.100 |ddv_scf|^2 =  3.350E-09

      iter #   8 total cpu time :  6884.9 secs   av.it.:  14.1
      thresh= 5.788E-06 alpha_mix =  0.100 |ddv_scf|^2 =  2.655E-10

      iter #   9 total cpu time :  6891.4 secs   av.it.:  12.5
      thresh= 1.630E-06 alpha_mix =  0.100 |ddv_scf|^2 =  1.631E-10

      iter #  10 total cpu time :  6898.2 secs   av.it.:  13.1
      thresh= 1.277E-06 alpha_mix =  0.100 |ddv_scf|^2 =  7.710E-11

      iter #  11 total cpu time :  6905.4 secs   av.it.:  14.0
      thresh= 8.781E-07 alpha_mix =  0.100 |ddv_scf|^2 =  1.381E-11

      iter #  12 total cpu time :  6912.6 secs   av.it.:  14.0
      thresh= 3.716E-07 alpha_mix =  0.100 |ddv_scf|^2 =  2.349E-12

      iter #  13 total cpu time :  6919.2 secs   av.it.:  12.7
      thresh= 1.533E-07 alpha_mix =  0.100 |ddv_scf|^2 =  1.513E-12

      iter #  14 total cpu time :  6926.1 secs   av.it.:  13.3
      thresh= 1.230E-07 alpha_mix =  0.100 |ddv_scf|^2 =  6.301E-13

      iter #  15 total cpu time :  6934.2 secs   av.it.:  13.6
      thresh= 7.938E-08 alpha_mix =  0.100 |ddv_scf|^2 =  2.247E-13

      iter #  16 total cpu time :  6941.1 secs   av.it.:  13.2
      thresh= 4.740E-08 alpha_mix =  0.100 |ddv_scf|^2 =  1.048E-13

      iter #  17 total cpu time :  6947.8 secs   av.it.:  12.8
      thresh= 3.238E-08 alpha_mix =  0.100 |ddv_scf|^2 =  4.916E-14

      iter #  18 total cpu time :  6954.6 secs   av.it.:  13.1
      thresh= 2.217E-08 alpha_mix =  0.100 |ddv_scf|^2 =  2.611E-14

      iter #  19 total cpu time :  6961.4 secs   av.it.:  13.2
      thresh= 1.616E-08 alpha_mix =  0.100 |ddv_scf|^2 =  1.216E-14

      iter #  20 total cpu time :  6968.7 secs   av.it.:  14.0
      thresh= 1.103E-08 alpha_mix =  0.100 |ddv_scf|^2 =  3.483E-15

      iter #  21 total cpu time :  6975.6 secs   av.it.:  13.5
      thresh= 5.901E-09 alpha_mix =  0.100 |ddv_scf|^2 =  1.292E-15

      iter #  22 total cpu time :  6982.6 secs   av.it.:  13.5
      thresh= 3.595E-09 alpha_mix =  0.100 |ddv_scf|^2 =  3.989E-16

     End of self-consistent calculation

     Convergence has been achieved 


     Representation #   5 mode #   5

     Self-consistent Calculation

      iter #   1 total cpu time :  6987.4 secs   av.it.:   7.4
      thresh= 1.000E-02 alpha_mix =  0.100 |ddv_scf|^2 =  2.629E-05

      iter #   2 total cpu time :  6993.4 secs   av.it.:  11.0
      thresh= 5.127E-04 alpha_mix =  0.100 |ddv_scf|^2 =  4.555E-06

      iter #   3 total cpu time :  6999.3 secs   av.it.:  10.5
      thresh= 2.134E-04 alpha_mix =  0.100 |ddv_scf|^2 =  3.865E-07

      iter #   4 total cpu time :  7005.7 secs   av.it.:  12.1
      thresh= 6.217E-05 alpha_mix =  0.100 |ddv_scf|^2 =  1.247E-07

      iter #   5 total cpu time :  7012.9 secs   av.it.:  13.6
      thresh= 3.532E-05 alpha_mix =  0.100 |ddv_scf|^2 =  5.853E-09

      iter #   6 total cpu time :  7019.6 secs   av.it.:  12.4
      thresh= 7.651E-06 alpha_mix =  0.100 |ddv_scf|^2 =  2.707E-09

      iter #   7 total cpu time :  7026.7 secs   av.it.:  13.8
      thresh= 5.203E-06 alpha_mix =  0.100 |ddv_scf|^2 =  2.815E-10

      iter #   8 total cpu time :  7033.7 secs   av.it.:  13.4
      thresh= 1.678E-06 alpha_mix =  0.100 |ddv_scf|^2 =  8.591E-11

      iter #   9 total cpu time :  7040.2 secs   av.it.:  12.5
      thresh= 9.269E-07 alpha_mix =  0.100 |ddv_scf|^2 =  4.444E-11

      iter #  10 total cpu time :  7046.7 secs   av.it.:  12.5
      thresh= 6.666E-07 alpha_mix =  0.100 |ddv_scf|^2 =  2.479E-11

      iter #  11 total cpu time :  7053.9 secs   av.it.:  13.8
      thresh= 4.979E-07 alpha_mix =  0.100 |ddv_scf|^2 =  5.130E-12

      iter #  12 total cpu time :  7060.9 secs   av.it.:  13.5
      thresh= 2.265E-07 alpha_mix =  0.100 |ddv_scf|^2 =  1.435E-12

      iter #  13 total cpu time :  7067.6 secs   av.it.:  12.8
      thresh= 1.198E-07 alpha_mix =  0.100 |ddv_scf|^2 =  7.465E-13

      iter #  14 total cpu time :  7074.6 secs   av.it.:  13.6
      thresh= 8.640E-08 alpha_mix =  0.100 |ddv_scf|^2 =  1.969E-13

      iter #  15 total cpu time :  7081.7 secs   av.it.:  13.5
      thresh= 4.437E-08 alpha_mix =  0.100 |ddv_scf|^2 =  5.905E-14

      iter #  16 total cpu time :  7088.7 secs   av.it.:  13.3
      thresh= 2.430E-08 alpha_mix =  0.100 |ddv_scf|^2 =  2.771E-14

      iter #  17 total cpu time :  7095.3 secs   av.it.:  12.5
      thresh= 1.665E-08 alpha_mix =  0.100 |ddv_scf|^2 =  1.773E-14

      iter #  18 total cpu time :  7102.1 secs   av.it.:  13.0
      thresh= 1.331E-08 alpha_mix =  0.100 |ddv_scf|^2 =  9.141E-15

      iter #  19 total cpu time :  7109.2 secs   av.it.:  13.8
      thresh= 9.561E-09 alpha_mix =  0.100 |ddv_scf|^2 =  2.405E-15

      iter #  20 total cpu time :  7116.2 secs   av.it.:  13.6
      thresh= 4.904E-09 alpha_mix =  0.100 |ddv_scf|^2 =  8.579E-16

     End of self-consistent calculation

     Convergence has been achieved 


     Representation #   6 mode #   6

     Self-consistent Calculation

      iter #   1 total cpu time :  7121.8 secs   av.it.:   8.9
      thresh= 1.000E-02 alpha_mix =  0.100 |ddv_scf|^2 =  2.154E-04

      iter #   2 total cpu time :  7127.8 secs   av.it.:  10.9
      thresh= 1.468E-03 alpha_mix =  0.100 |ddv_scf|^2 =  3.582E-05

      iter #   3 total cpu time :  7133.6 secs   av.it.:  10.5
      thresh= 5.985E-04 alpha_mix =  0.100 |ddv_scf|^2 =  2.125E-06

      iter #   4 total cpu time :  7140.2 secs   av.it.:  12.4
      thresh= 1.458E-04 alpha_mix =  0.100 |ddv_scf|^2 =  3.722E-07

      iter #   5 total cpu time :  7147.0 secs   av.it.:  13.1
      thresh= 6.101E-05 alpha_mix =  0.100 |ddv_scf|^2 =  3.028E-08

      iter #   6 total cpu time :  7154.0 secs   av.it.:  13.2
      thresh= 1.740E-05 alpha_mix =  0.100 |ddv_scf|^2 =  7.517E-09

      iter #   7 total cpu time :  7160.9 secs   av.it.:  13.2
      thresh= 8.670E-06 alpha_mix =  0.100 |ddv_scf|^2 =  3.201E-09

      iter #   8 total cpu time :  7168.1 secs   av.it.:  14.1
      thresh= 5.658E-06 alpha_mix =  0.100 |ddv_scf|^2 =  2.969E-10

      iter #   9 total cpu time :  7174.6 secs   av.it.:  12.4
      thresh= 1.723E-06 alpha_mix =  0.100 |ddv_scf|^2 =  1.772E-10

      iter #  10 total cpu time :  7181.3 secs   av.it.:  12.9
      thresh= 1.331E-06 alpha_mix =  0.100 |ddv_scf|^2 =  9.173E-11

      iter #  11 total cpu time :  7188.6 secs   av.it.:  14.0
      thresh= 9.578E-07 alpha_mix =  0.100 |ddv_scf|^2 =  1.457E-11

      iter #  12 total cpu time :  7195.7 secs   av.it.:  13.8
      thresh= 3.817E-07 alpha_mix =  0.100 |ddv_scf|^2 =  2.699E-12

      iter #  13 total cpu time :  7202.5 secs   av.it.:  12.9
      thresh= 1.643E-07 alpha_mix =  0.100 |ddv_scf|^2 =  1.655E-12

      iter #  14 total cpu time :  7209.4 secs   av.it.:  13.4
      thresh= 1.286E-07 alpha_mix =  0.100 |ddv_scf|^2 =  6.837E-13

      iter #  15 total cpu time :  7216.6 secs   av.it.:  13.7
      thresh= 8.269E-08 alpha_mix =  0.100 |ddv_scf|^2 =  2.310E-13

      iter #  16 total cpu time :  7223.8 secs   av.it.:  13.5
      thresh= 4.807E-08 alpha_mix =  0.100 |ddv_scf|^2 =  1.072E-13

      iter #  17 total cpu time :  7230.5 secs   av.it.:  12.7
      thresh= 3.274E-08 alpha_mix =  0.100 |ddv_scf|^2 =  5.902E-14

      iter #  18 total cpu time :  7237.4 secs   av.it.:  13.5
      thresh= 2.429E-08 alpha_mix =  0.100 |ddv_scf|^2 =  2.744E-14

      iter #  19 total cpu time :  7244.3 secs   av.it.:  13.1
      thresh= 1.657E-08 alpha_mix =  0.100 |ddv_scf|^2 =  1.386E-14

      iter #  20 total cpu time :  7251.5 secs   av.it.:  13.8
      thresh= 1.177E-08 alpha_mix =  0.100 |ddv_scf|^2 =  5.269E-15

      iter #  21 total cpu time :  7258.5 secs   av.it.:  13.5
      thresh= 7.259E-09 alpha_mix =  0.100 |ddv_scf|^2 =  2.405E-15

      iter #  22 total cpu time :  7265.4 secs   av.it.:  13.2
      thresh= 4.905E-09 alpha_mix =  0.100 |ddv_scf|^2 =  9.949E-16

     End of self-consistent calculation

     Convergence has been achieved 


     Representation #   7 mode #   7

     Self-consistent Calculation

      iter #   1 total cpu time :  7270.2 secs   av.it.:   7.4
      thresh= 1.000E-02 alpha_mix =  0.100 |ddv_scf|^2 =  3.533E-05

      iter #   2 total cpu time :  7276.3 secs   av.it.:  10.9
      thresh= 5.944E-04 alpha_mix =  0.100 |ddv_scf|^2 =  6.545E-06

      iter #   3 total cpu time :  7282.2 secs   av.it.:  10.3
      thresh= 2.558E-04 alpha_mix =  0.100 |ddv_scf|^2 =  3.105E-07

      iter #   4 total cpu time :  7288.6 secs   av.it.:  12.4
      thresh= 5.572E-05 alpha_mix =  0.100 |ddv_scf|^2 =  9.345E-08

      iter #   5 total cpu time :  7295.6 secs   av.it.:  13.6
      thresh= 3.057E-05 alpha_mix =  0.100 |ddv_scf|^2 =  6.076E-09

      iter #   6 total cpu time :  7302.2 secs   av.it.:  12.4
      thresh= 7.795E-06 alpha_mix =  0.100 |ddv_scf|^2 =  2.902E-09

      iter #   7 total cpu time :  7309.5 secs   av.it.:  13.8
      thresh= 5.387E-06 alpha_mix =  0.100 |ddv_scf|^2 =  3.981E-10

      iter #   8 total cpu time :  7316.4 secs   av.it.:  13.5
      thresh= 1.995E-06 alpha_mix =  0.100 |ddv_scf|^2 =  8.826E-11

      iter #   9 total cpu time :  7323.1 secs   av.it.:  12.8
      thresh= 9.395E-07 alpha_mix =  0.100 |ddv_scf|^2 =  4.157E-11

      iter #  10 total cpu time :  7329.6 secs   av.it.:  12.2
      thresh= 6.447E-07 alpha_mix =  0.100 |ddv_scf|^2 =  2.680E-11

      iter #  11 total cpu time :  7336.9 secs   av.it.:  14.0
      thresh= 5.177E-07 alpha_mix =  0.100 |ddv_scf|^2 =  4.310E-12

      iter #  12 total cpu time :  7343.9 secs   av.it.:  13.3
      thresh= 2.076E-07 alpha_mix =  0.100 |ddv_scf|^2 =  1.510E-12

      iter #  13 total cpu time :  7351.1 secs   av.it.:  13.5
      thresh= 1.229E-07 alpha_mix =  0.100 |ddv_scf|^2 =  4.461E-13

      iter #  14 total cpu time :  7358.4 secs   av.it.:  13.8
      thresh= 6.679E-08 alpha_mix =  0.100 |ddv_scf|^2 =  1.215E-13

      iter #  15 total cpu time :  7365.6 secs   av.it.:  14.1
      thresh= 3.485E-08 alpha_mix =  0.100 |ddv_scf|^2 =  1.700E-14

      iter #  16 total cpu time :  7373.1 secs   av.it.:  13.2
      thresh= 1.304E-08 alpha_mix =  0.100 |ddv_scf|^2 =  7.610E-15

      iter #  17 total cpu time :  7380.6 secs   av.it.:  12.3
      thresh= 8.723E-09 alpha_mix =  0.100 |ddv_scf|^2 =  4.631E-15

      iter #  18 total cpu time :  7387.6 secs   av.it.:  13.7
      thresh= 6.805E-09 alpha_mix =  0.100 |ddv_scf|^2 =  1.554E-15

      iter #  19 total cpu time :  7394.6 secs   av.it.:  13.5
      thresh= 3.942E-09 alpha_mix =  0.100 |ddv_scf|^2 =  5.269E-16

     End of self-consistent calculation

     Convergence has been achieved 


     Representation #   8 mode #   8

     Self-consistent Calculation

      iter #   1 total cpu time :  7399.6 secs   av.it.:   7.5
      thresh= 1.000E-02 alpha_mix =  0.100 |ddv_scf|^2 =  5.684E-05

      iter #   2 total cpu time :  7405.8 secs   av.it.:  10.8
      thresh= 7.539E-04 alpha_mix =  0.100 |ddv_scf|^2 =  1.047E-05

      iter #   3 total cpu time :  7411.5 secs   av.it.:  10.3
      thresh= 3.236E-04 alpha_mix =  0.100 |ddv_scf|^2 =  2.582E-07

      iter #   4 total cpu time :  7417.9 secs   av.it.:  12.2
      thresh= 5.082E-05 alpha_mix =  0.100 |ddv_scf|^2 =  9.578E-08

      iter #   5 total cpu time :  7425.0 secs   av.it.:  13.8
      thresh= 3.095E-05 alpha_mix =  0.100 |ddv_scf|^2 =  5.606E-09

      iter #   6 total cpu time :  7431.7 secs   av.it.:  12.6
      thresh= 7.488E-06 alpha_mix =  0.100 |ddv_scf|^2 =  2.495E-09

      iter #   7 total cpu time :  7438.9 secs   av.it.:  13.8
      thresh= 4.995E-06 alpha_mix =  0.100 |ddv_scf|^2 =  4.675E-10

      iter #   8 total cpu time :  7446.1 secs   av.it.:  13.5
      thresh= 2.162E-06 alpha_mix =  0.100 |ddv_scf|^2 =  8.133E-11

      iter #   9 total cpu time :  7452.8 secs   av.it.:  12.8
      thresh= 9.018E-07 alpha_mix =  0.100 |ddv_scf|^2 =  3.860E-11

      iter #  10 total cpu time :  7459.2 secs   av.it.:  12.1
      thresh= 6.213E-07 alpha_mix =  0.100 |ddv_scf|^2 =  2.629E-11

      iter #  11 total cpu time :  7466.7 secs   av.it.:  14.2
      thresh= 5.128E-07 alpha_mix =  0.100 |ddv_scf|^2 =  2.645E-12

      iter #  12 total cpu time :  7473.4 secs   av.it.:  13.1
      thresh= 1.626E-07 alpha_mix =  0.100 |ddv_scf|^2 =  1.078E-12

      iter #  13 total cpu time :  7480.7 secs   av.it.:  13.6
      thresh= 1.038E-07 alpha_mix =  0.100 |ddv_scf|^2 =  3.004E-13

      iter #  14 total cpu time :  7487.6 secs   av.it.:  13.3
      thresh= 5.481E-08 alpha_mix =  0.100 |ddv_scf|^2 =  1.151E-13

      iter #  15 total cpu time :  7494.6 secs   av.it.:  13.2
      thresh= 3.392E-08 alpha_mix =  0.100 |ddv_scf|^2 =  5.550E-14

      iter #  16 total cpu time :  7501.7 secs   av.it.:  13.7
      thresh= 2.356E-08 alpha_mix =  0.100 |ddv_scf|^2 =  2.079E-14

      iter #  17 total cpu time :  7508.6 secs   av.it.:  13.4
      thresh= 1.442E-08 alpha_mix =  0.100 |ddv_scf|^2 =  6.944E-15

      iter #  18 total cpu time :  7515.6 secs   av.it.:  13.1
      thresh= 8.333E-09 alpha_mix =  0.100 |ddv_scf|^2 =  3.609E-15

      iter #  19 total cpu time :  7522.6 secs   av.it.:  13.4
      thresh= 6.007E-09 alpha_mix =  0.100 |ddv_scf|^2 =  1.973E-15

      iter #  20 total cpu time :  7529.5 secs   av.it.:  12.9
      thresh= 4.442E-09 alpha_mix =  0.100 |ddv_scf|^2 =  9.674E-16

     End of self-consistent calculation

     Convergence has been achieved 


     Representation #   9 mode #   9

     Self-consistent Calculation

      iter #   1 total cpu time :  7534.9 secs   av.it.:   8.4
      thresh= 1.000E-02 alpha_mix =  0.100 |ddv_scf|^2 =  2.362E-05

      iter #   2 total cpu time :  7541.0 secs   av.it.:  11.1
      thresh= 4.860E-04 alpha_mix =  0.100 |ddv_scf|^2 =  5.186E-06

      iter #   3 total cpu time :  7547.0 secs   av.it.:  11.0
      thresh= 2.277E-04 alpha_mix =  0.100 |ddv_scf|^2 =  2.071E-06

      iter #   4 total cpu time :  7553.6 secs   av.it.:  12.5
      thresh= 1.439E-04 alpha_mix =  0.100 |ddv_scf|^2 =  3.143E-07

      iter #   5 total cpu time :  7560.7 secs   av.it.:  13.2
      thresh= 5.606E-05 alpha_mix =  0.100 |ddv_scf|^2 =  2.472E-08

      iter #   6 total cpu time :  7567.9 secs   av.it.:  13.4
      thresh= 1.572E-05 alpha_mix =  0.100 |ddv_scf|^2 =  5.759E-09

      iter #   7 total cpu time :  7574.4 secs   av.it.:  12.2
      thresh= 7.589E-06 alpha_mix =  0.100 |ddv_scf|^2 =  3.454E-09

      iter #   8 total cpu time :  7581.7 secs   av.it.:  14.1
      thresh= 5.877E-06 alpha_mix =  0.100 |ddv_scf|^2 =  3.111E-10

      iter #   9 total cpu time :  7588.3 secs   av.it.:  12.2
      thresh= 1.764E-06 alpha_mix =  0.100 |ddv_scf|^2 =  1.992E-10

      iter #  10 total cpu time :  7595.6 secs   av.it.:  13.8
      thresh= 1.412E-06 alpha_mix =  0.100 |ddv_scf|^2 =  5.363E-11

      iter #  11 total cpu time :  7602.9 secs   av.it.:  13.7
      thresh= 7.323E-07 alpha_mix =  0.100 |ddv_scf|^2 =  1.316E-11

      iter #  12 total cpu time :  7609.9 secs   av.it.:  13.6
      thresh= 3.627E-07 alpha_mix =  0.100 |ddv_scf|^2 =  2.608E-12

      iter #  13 total cpu time :  7617.0 secs   av.it.:  13.4
      thresh= 1.615E-07 alpha_mix =  0.100 |ddv_scf|^2 =  1.278E-12

      iter #  14 total cpu time :  7624.0 secs   av.it.:  13.1
      thresh= 1.130E-07 alpha_mix =  0.100 |ddv_scf|^2 =  6.624E-13

      iter #  15 total cpu time :  7631.4 secs   av.it.:  14.0
      thresh= 8.139E-08 alpha_mix =  0.100 |ddv_scf|^2 =  1.857E-13

      iter #  16 total cpu time :  7638.6 secs   av.it.:  14.0
      thresh= 4.309E-08 alpha_mix =  0.100 |ddv_scf|^2 =  7.761E-14

      iter #  17 total cpu time :  7645.4 secs   av.it.:  13.3
      thresh= 2.786E-08 alpha_mix =  0.100 |ddv_scf|^2 =  2.323E-14

      iter #  18 total cpu time :  7652.6 secs   av.it.:  13.6
      thresh= 1.524E-08 alpha_mix =  0.100 |ddv_scf|^2 =  9.369E-15

      iter #  19 total cpu time :  7660.5 secs   av.it.:  14.1
      thresh= 9.679E-09 alpha_mix =  0.100 |ddv_scf|^2 =  2.013E-15

      iter #  20 total cpu time :  7667.7 secs   av.it.:  13.6
      thresh= 4.486E-09 alpha_mix =  0.100 |ddv_scf|^2 =  8.988E-16

     End of self-consistent calculation

     Convergence has been achieved 


     Representation #  10 mode #  10

     Self-consistent Calculation

      iter #   1 total cpu time :  7673.1 secs   av.it.:   8.7
      thresh= 1.000E-02 alpha_mix =  0.100 |ddv_scf|^2 =  1.097E-04

      iter #   2 total cpu time :  7679.4 secs   av.it.:  11.0
      thresh= 1.047E-03 alpha_mix =  0.100 |ddv_scf|^2 =  1.934E-05

      iter #   3 total cpu time :  7685.5 secs   av.it.:  10.7
      thresh= 4.398E-04 alpha_mix =  0.100 |ddv_scf|^2 =  2.206E-06

      iter #   4 total cpu time :  7692.0 secs   av.it.:  12.1
      thresh= 1.485E-04 alpha_mix =  0.100 |ddv_scf|^2 =  4.404E-07

      iter #   5 total cpu time :  7699.0 secs   av.it.:  13.1
      thresh= 6.636E-05 alpha_mix =  0.100 |ddv_scf|^2 =  3.320E-08

      iter #   6 total cpu time :  7706.1 secs   av.it.:  13.3
      thresh= 1.822E-05 alpha_mix =  0.100 |ddv_scf|^2 =  6.753E-09

      iter #   7 total cpu time :  7712.9 secs   av.it.:  12.9
      thresh= 8.218E-06 alpha_mix =  0.100 |ddv_scf|^2 =  3.509E-09

      iter #   8 total cpu time :  7720.4 secs   av.it.:  14.2
      thresh= 5.924E-06 alpha_mix =  0.100 |ddv_scf|^2 =  2.316E-10

      iter #   9 total cpu time :  7726.9 secs   av.it.:  12.3
      thresh= 1.522E-06 alpha_mix =  0.100 |ddv_scf|^2 =  1.485E-10

      iter #  10 total cpu time :  7733.7 secs   av.it.:  13.1
      thresh= 1.218E-06 alpha_mix =  0.100 |ddv_scf|^2 =  7.549E-11

      iter #  11 total cpu time :  7741.2 secs   av.it.:  13.9
      thresh= 8.689E-07 alpha_mix =  0.100 |ddv_scf|^2 =  1.467E-11

      iter #  12 total cpu time :  7748.5 secs   av.it.:  14.0
      thresh= 3.830E-07 alpha_mix =  0.100 |ddv_scf|^2 =  1.910E-12

      iter #  13 total cpu time :  7755.4 secs   av.it.:  12.9
      thresh= 1.382E-07 alpha_mix =  0.100 |ddv_scf|^2 =  1.165E-12

      iter #  14 total cpu time :  7762.3 secs   av.it.:  13.2
      thresh= 1.080E-07 alpha_mix =  0.100 |ddv_scf|^2 =  5.664E-13

      iter #  15 total cpu time :  7769.6 secs   av.it.:  13.6
      thresh= 7.526E-08 alpha_mix =  0.100 |ddv_scf|^2 =  2.172E-13

      iter #  16 total cpu time :  7776.7 secs   av.it.:  13.5
      thresh= 4.660E-08 alpha_mix =  0.100 |ddv_scf|^2 =  1.060E-13

      iter #  17 total cpu time :  7783.7 secs   av.it.:  13.0
      thresh= 3.256E-08 alpha_mix =  0.100 |ddv_scf|^2 =  4.573E-14

      iter #  18 total cpu time :  7790.5 secs   av.it.:  13.2
      thresh= 2.138E-08 alpha_mix =  0.100 |ddv_scf|^2 =  2.143E-14

      iter #  19 total cpu time :  7797.9 secs   av.it.:  14.1
      thresh= 1.464E-08 alpha_mix =  0.100 |ddv_scf|^2 =  4.570E-15

      iter #  20 total cpu time :  7805.3 secs   av.it.:  13.8
      thresh= 6.760E-09 alpha_mix =  0.100 |ddv_scf|^2 =  1.449E-15

      iter #  21 total cpu time :  7812.3 secs   av.it.:  12.9
      thresh= 3.806E-09 alpha_mix =  0.100 |ddv_scf|^2 =  6.859E-16

     End of self-consistent calculation

     Convergence has been achieved 


     Representation #  11 mode #  11

     Self-consistent Calculation

      iter #   1 total cpu time :  7817.3 secs   av.it.:   7.3
      thresh= 1.000E-02 alpha_mix =  0.100 |ddv_scf|^2 =  8.056E-06

      iter #   2 total cpu time :  7824.0 secs   av.it.:  11.2
      thresh= 2.838E-04 alpha_mix =  0.100 |ddv_scf|^2 =  1.304E-06

      iter #   3 total cpu time :  7830.3 secs   av.it.:  11.0
      thresh= 1.142E-04 alpha_mix =  0.100 |ddv_scf|^2 =  3.705E-07

      iter #   4 total cpu time :  7836.9 secs   av.it.:  11.9
      thresh= 6.087E-05 alpha_mix =  0.100 |ddv_scf|^2 =  1.150E-07

      iter #   5 total cpu time :  7844.4 secs   av.it.:  13.7
      thresh= 3.391E-05 alpha_mix =  0.100 |ddv_scf|^2 =  5.804E-09

      iter #   6 total cpu time :  7851.7 secs   av.it.:  13.3
      thresh= 7.619E-06 alpha_mix =  0.100 |ddv_scf|^2 =  1.250E-09

      iter #   7 total cpu time :  7858.8 secs   av.it.:  13.7
      thresh= 3.535E-06 alpha_mix =  0.100 |ddv_scf|^2 =  1.929E-10

      iter #   8 total cpu time :  7865.9 secs   av.it.:  13.4
      thresh= 1.389E-06 alpha_mix =  0.100 |ddv_scf|^2 =  7.093E-11

      iter #   9 total cpu time :  7872.9 secs   av.it.:  12.9
      thresh= 8.422E-07 alpha_mix =  0.100 |ddv_scf|^2 =  3.745E-11

      iter #  10 total cpu time :  7880.2 secs   av.it.:  13.5
      thresh= 6.120E-07 alpha_mix =  0.100 |ddv_scf|^2 =  1.213E-11

      iter #  11 total cpu time :  7887.1 secs   av.it.:  13.1
      thresh= 3.482E-07 alpha_mix =  0.100 |ddv_scf|^2 =  5.700E-12

      iter #  12 total cpu time :  7894.2 secs   av.it.:  13.7
      thresh= 2.387E-07 alpha_mix =  0.100 |ddv_scf|^2 =  1.190E-12

      iter #  13 total cpu time :  7901.4 secs   av.it.:  13.3
      thresh= 1.091E-07 alpha_mix =  0.100 |ddv_scf|^2 =  4.812E-13

      iter #  14 total cpu time :  7908.4 secs   av.it.:  13.3
      thresh= 6.937E-08 alpha_mix =  0.100 |ddv_scf|^2 =  1.882E-13

      iter #  15 total cpu time :  7915.4 secs   av.it.:  13.4
      thresh= 4.338E-08 alpha_mix =  0.100 |ddv_scf|^2 =  4.976E-14

      iter #  16 total cpu time :  7922.2 secs   av.it.:  13.2
      thresh= 2.231E-08 alpha_mix =  0.100 |ddv_scf|^2 =  2.317E-14

      iter #  17 total cpu time :  7929.6 secs   av.it.:  13.7
      thresh= 1.522E-08 alpha_mix =  0.100 |ddv_scf|^2 =  7.911E-15

      iter #  18 total cpu time :  7936.6 secs   av.it.:  13.0
      thresh= 8.894E-09 alpha_mix =  0.100 |ddv_scf|^2 =  3.792E-15

      iter #  19 total cpu time :  7943.6 secs   av.it.:  13.0
      thresh= 6.158E-09 alpha_mix =  0.100 |ddv_scf|^2 =  1.855E-15

      iter #  20 total cpu time :  7950.6 secs   av.it.:  13.4
      thresh= 4.307E-09 alpha_mix =  0.100 |ddv_scf|^2 =  8.088E-16

     End of self-consistent calculation

     Convergence has been achieved 


     Representation #  12 mode #  12

     Self-consistent Calculation

      iter #   1 total cpu time :  7955.5 secs   av.it.:   7.3
      thresh= 1.000E-02 alpha_mix =  0.100 |ddv_scf|^2 =  1.833E-05

      iter #   2 total cpu time :  7961.8 secs   av.it.:  11.0
      thresh= 4.281E-04 alpha_mix =  0.100 |ddv_scf|^2 =  3.501E-06

      iter #   3 total cpu time :  7967.8 secs   av.it.:  10.5
      thresh= 1.871E-04 alpha_mix =  0.100 |ddv_scf|^2 =  3.490E-07

      iter #   4 total cpu time :  7974.4 secs   av.it.:  12.2
      thresh= 5.907E-05 alpha_mix =  0.100 |ddv_scf|^2 =  1.067E-07

      iter #   5 total cpu time :  7981.5 secs   av.it.:  13.6
      thresh= 3.266E-05 alpha_mix =  0.100 |ddv_scf|^2 =  6.400E-09

      iter #   6 total cpu time :  7988.2 secs   av.it.:  12.6
      thresh= 8.000E-06 alpha_mix =  0.100 |ddv_scf|^2 =  2.416E-09

      iter #   7 total cpu time :  7995.7 secs   av.it.:  13.8
      thresh= 4.915E-06 alpha_mix =  0.100 |ddv_scf|^2 =  3.500E-10

      iter #   8 total cpu time :  8002.9 secs   av.it.:  13.6
      thresh= 1.871E-06 alpha_mix =  0.100 |ddv_scf|^2 =  8.477E-11

      iter #   9 total cpu time :  8009.5 secs   av.it.:  12.7
      thresh= 9.207E-07 alpha_mix =  0.100 |ddv_scf|^2 =  4.066E-11

      iter #  10 total cpu time :  8016.1 secs   av.it.:  12.2
      thresh= 6.376E-07 alpha_mix =  0.100 |ddv_scf|^2 =  2.551E-11

      iter #  11 total cpu time :  8023.5 secs   av.it.:  13.7
      thresh= 5.051E-07 alpha_mix =  0.100 |ddv_scf|^2 =  7.165E-12

      iter #  12 total cpu time :  8030.7 secs   av.it.:  13.5
      thresh= 2.677E-07 alpha_mix =  0.100 |ddv_scf|^2 =  2.022E-12

      iter #  13 total cpu time :  8037.6 secs   av.it.:  13.3
      thresh= 1.422E-07 alpha_mix =  0.100 |ddv_scf|^2 =  6.127E-13

      iter #  14 total cpu time :  8044.4 secs   av.it.:  13.0
      thresh= 7.828E-08 alpha_mix =  0.100 |ddv_scf|^2 =  2.706E-13

      iter #  15 total cpu time :  8051.5 secs   av.it.:  13.2
      thresh= 5.201E-08 alpha_mix =  0.100 |ddv_scf|^2 =  1.234E-13

      iter #  16 total cpu time :  8059.0 secs   av.it.:  14.0
      thresh= 3.512E-08 alpha_mix =  0.100 |ddv_scf|^2 =  3.717E-14

      iter #  17 total cpu time :  8065.9 secs   av.it.:  12.9
      thresh= 1.928E-08 alpha_mix =  0.100 |ddv_scf|^2 =  1.333E-14

      iter #  18 total cpu time :  8072.9 secs   av.it.:  13.2
      thresh= 1.155E-08 alpha_mix =  0.100 |ddv_scf|^2 =  7.837E-15

      iter #  19 total cpu time :  8079.9 secs   av.it.:  13.5
      thresh= 8.852E-09 alpha_mix =  0.100 |ddv_scf|^2 =  3.475E-15

      iter #  20 total cpu time :  8087.1 secs   av.it.:  13.5
      thresh= 5.895E-09 alpha_mix =  0.100 |ddv_scf|^2 =  1.327E-15

      iter #  21 total cpu time :  8093.9 secs   av.it.:  12.4
      thresh= 3.643E-09 alpha_mix =  0.100 |ddv_scf|^2 =  6.340E-16

     End of self-consistent calculation

     Convergence has been achieved 


     Representation #  13 mode #  13

     Self-consistent Calculation

      iter #   1 total cpu time :  8098.8 secs   av.it.:   7.5
      thresh= 1.000E-02 alpha_mix =  0.100 |ddv_scf|^2 =  2.998E-05

      iter #   2 total cpu time :  8104.8 secs   av.it.:  11.0
      thresh= 5.475E-04 alpha_mix =  0.100 |ddv_scf|^2 =  4.317E-06

      iter #   3 total cpu time :  8110.8 secs   av.it.:  10.5
      thresh= 2.078E-04 alpha_mix =  0.100 |ddv_scf|^2 =  3.686E-07

      iter #   4 total cpu time :  8117.2 secs   av.it.:  11.9
      thresh= 6.071E-05 alpha_mix =  0.100 |ddv_scf|^2 =  1.160E-07

      iter #   5 total cpu time :  8124.6 secs   av.it.:  13.7
      thresh= 3.405E-05 alpha_mix =  0.100 |ddv_scf|^2 =  4.014E-09

      iter #   6 total cpu time :  8131.3 secs   av.it.:  12.2
      thresh= 6.336E-06 alpha_mix =  0.100 |ddv_scf|^2 =  2.006E-09

      iter #   7 total cpu time :  8138.5 secs   av.it.:  13.5
      thresh= 4.479E-06 alpha_mix =  0.100 |ddv_scf|^2 =  2.326E-10

      iter #   8 total cpu time :  8145.7 secs   av.it.:  13.5
      thresh= 1.525E-06 alpha_mix =  0.100 |ddv_scf|^2 =  7.153E-11

      iter #   9 total cpu time :  8152.7 secs   av.it.:  12.9
      thresh= 8.457E-07 alpha_mix =  0.100 |ddv_scf|^2 =  3.718E-11

      iter #  10 total cpu time :  8159.4 secs   av.it.:  12.5
      thresh= 6.097E-07 alpha_mix =  0.100 |ddv_scf|^2 =  2.032E-11

      iter #  11 total cpu time :  8166.6 secs   av.it.:  14.0
      thresh= 4.507E-07 alpha_mix =  0.100 |ddv_scf|^2 =  2.402E-12

      iter #  12 total cpu time :  8173.8 secs   av.it.:  13.4
      thresh= 1.550E-07 alpha_mix =  0.100 |ddv_scf|^2 =  8.788E-13

      iter #  13 total cpu time :  8180.9 secs   av.it.:  13.2
      thresh= 9.374E-08 alpha_mix =  0.100 |ddv_scf|^2 =  3.566E-13

      iter #  14 total cpu time :  8188.2 secs   av.it.:  13.5
      thresh= 5.971E-08 alpha_mix =  0.100 |ddv_scf|^2 =  9.581E-14

      iter #  15 total cpu time :  8195.3 secs   av.it.:  13.3
      thresh= 3.095E-08 alpha_mix =  0.100 |ddv_scf|^2 =  4.850E-14

      iter #  16 total cpu time :  8202.2 secs   av.it.:  13.2
      thresh= 2.202E-08 alpha_mix =  0.100 |ddv_scf|^2 =  2.322E-14

      iter #  17 total cpu time :  8209.1 secs   av.it.:  12.4
      thresh= 1.524E-08 alpha_mix =  0.100 |ddv_scf|^2 =  1.565E-14

      iter #  18 total cpu time :  8216.3 secs   av.it.:  13.5
      thresh= 1.251E-08 alpha_mix =  0.100 |ddv_scf|^2 =  5.145E-15

      iter #  19 total cpu time :  8223.6 secs   av.it.:  13.8
      thresh= 7.173E-09 alpha_mix =  0.100 |ddv_scf|^2 =  1.759E-15

      iter #  20 total cpu time :  8230.4 secs   av.it.:  13.0
      thresh= 4.194E-09 alpha_mix =  0.100 |ddv_scf|^2 =  1.017E-15

      iter #  21 total cpu time :  8237.3 secs   av.it.:  12.7
      thresh= 3.190E-09 alpha_mix =  0.100 |ddv_scf|^2 =  5.117E-16

     End of self-consistent calculation

     Convergence has been achieved 


     Representation #  14 mode #  14

     Self-consistent Calculation

      iter #   1 total cpu time :  8243.0 secs   av.it.:   8.7
      thresh= 1.000E-02 alpha_mix =  0.100 |ddv_scf|^2 =  1.215E-04

      iter #   2 total cpu time :  8249.0 secs   av.it.:  10.9
      thresh= 1.102E-03 alpha_mix =  0.100 |ddv_scf|^2 =  1.666E-05

      iter #   3 total cpu time :  8255.0 secs   av.it.:  10.7
      thresh= 4.081E-04 alpha_mix =  0.100 |ddv_scf|^2 =  1.649E-06

      iter #   4 total cpu time :  8261.8 secs   av.it.:  12.9
      thresh= 1.284E-04 alpha_mix =  0.100 |ddv_scf|^2 =  1.381E-07

      iter #   5 total cpu time :  8270.2 secs   av.it.:  13.1
      thresh= 3.716E-05 alpha_mix =  0.100 |ddv_scf|^2 =  2.025E-08

      iter #   6 total cpu time :  8277.3 secs   av.it.:  13.2
      thresh= 1.423E-05 alpha_mix =  0.100 |ddv_scf|^2 =  6.115E-09

      iter #   7 total cpu time :  8284.8 secs   av.it.:  13.2
      thresh= 7.820E-06 alpha_mix =  0.100 |ddv_scf|^2 =  2.700E-09

      iter #   8 total cpu time :  8292.2 secs   av.it.:  14.2
      thresh= 5.196E-06 alpha_mix =  0.100 |ddv_scf|^2 =  2.184E-10

      iter #   9 total cpu time :  8298.7 secs   av.it.:  12.2
      thresh= 1.478E-06 alpha_mix =  0.100 |ddv_scf|^2 =  1.354E-10

      iter #  10 total cpu time :  8305.6 secs   av.it.:  12.8
      thresh= 1.164E-06 alpha_mix =  0.100 |ddv_scf|^2 =  6.962E-11

      iter #  11 total cpu time :  8313.0 secs   av.it.:  14.0
      thresh= 8.344E-07 alpha_mix =  0.100 |ddv_scf|^2 =  1.292E-11

      iter #  12 total cpu time :  8320.2 secs   av.it.:  13.5
      thresh= 3.594E-07 alpha_mix =  0.100 |ddv_scf|^2 =  1.752E-12

      iter #  13 total cpu time :  8326.9 secs   av.it.:  12.5
      thresh= 1.324E-07 alpha_mix =  0.100 |ddv_scf|^2 =  1.100E-12

      iter #  14 total cpu time :  8334.2 secs   av.it.:  13.5
      thresh= 1.049E-07 alpha_mix =  0.100 |ddv_scf|^2 =  4.668E-13

      iter #  15 total cpu time :  8341.5 secs   av.it.:  13.8
      thresh= 6.832E-08 alpha_mix =  0.100 |ddv_scf|^2 =  1.622E-13

      iter #  16 total cpu time :  8348.5 secs   av.it.:  12.9
      thresh= 4.027E-08 alpha_mix =  0.100 |ddv_scf|^2 =  8.232E-14

      iter #  17 total cpu time :  8355.8 secs   av.it.:  13.8
      thresh= 2.869E-08 alpha_mix =  0.100 |ddv_scf|^2 =  1.839E-14

      iter #  18 total cpu time :  8363.0 secs   av.it.:  13.5
      thresh= 1.356E-08 alpha_mix =  0.100 |ddv_scf|^2 =  8.803E-15

      iter #  19 total cpu time :  8370.2 secs   av.it.:  13.5
      thresh= 9.383E-09 alpha_mix =  0.100 |ddv_scf|^2 =  3.432E-15

      iter #  20 total cpu time :  8377.5 secs   av.it.:  14.0
      thresh= 5.858E-09 alpha_mix =  0.100 |ddv_scf|^2 =  9.686E-16

     End of self-consistent calculation

     Convergence has been achieved 


     Representation #  15 mode #  15

     Self-consistent Calculation

      iter #   1 total cpu time :  8382.9 secs   av.it.:   8.8
      thresh= 1.000E-02 alpha_mix =  0.100 |ddv_scf|^2 =  1.337E-04

      iter #   2 total cpu time :  8388.9 secs   av.it.:  10.9
      thresh= 1.156E-03 alpha_mix =  0.100 |ddv_scf|^2 =  1.960E-05

      iter #   3 total cpu time :  8394.9 secs   av.it.:  10.7
      thresh= 4.427E-04 alpha_mix =  0.100 |ddv_scf|^2 =  2.058E-06

      iter #   4 total cpu time :  8401.9 secs   av.it.:  12.7
      thresh= 1.434E-04 alpha_mix =  0.100 |ddv_scf|^2 =  2.563E-07

      iter #   5 total cpu time :  8408.8 secs   av.it.:  13.0
      thresh= 5.063E-05 alpha_mix =  0.100 |ddv_scf|^2 =  3.249E-08

      iter #   6 total cpu time :  8415.8 secs   av.it.:  13.3
      thresh= 1.803E-05 alpha_mix =  0.100 |ddv_scf|^2 =  6.110E-09

      iter #   7 total cpu time :  8422.5 secs   av.it.:  12.8
      thresh= 7.817E-06 alpha_mix =  0.100 |ddv_scf|^2 =  3.310E-09

      iter #   8 total cpu time :  8430.1 secs   av.it.:  14.1
      thresh= 5.754E-06 alpha_mix =  0.100 |ddv_scf|^2 =  2.548E-10

      iter #   9 total cpu time :  8436.9 secs   av.it.:  12.5
      thresh= 1.596E-06 alpha_mix =  0.100 |ddv_scf|^2 =  1.517E-10

      iter #  10 total cpu time :  8443.6 secs   av.it.:  12.7
      thresh= 1.232E-06 alpha_mix =  0.100 |ddv_scf|^2 =  7.846E-11

      iter #  11 total cpu time :  8450.9 secs   av.it.:  14.1
      thresh= 8.858E-07 alpha_mix =  0.100 |ddv_scf|^2 =  9.830E-12

      iter #  12 total cpu time :  8458.2 secs   av.it.:  13.9
      thresh= 3.135E-07 alpha_mix =  0.100 |ddv_scf|^2 =  2.054E-12

      iter #  13 total cpu time :  8465.2 secs   av.it.:  13.0
      thresh= 1.433E-07 alpha_mix =  0.100 |ddv_scf|^2 =  1.242E-12

      iter #  14 total cpu time :  8472.4 secs   av.it.:  13.4
      thresh= 1.115E-07 alpha_mix =  0.100 |ddv_scf|^2 =  5.424E-13

      iter #  15 total cpu time :  8479.8 secs   av.it.:  14.1
      thresh= 7.365E-08 alpha_mix =  0.100 |ddv_scf|^2 =  1.242E-13

      iter #  16 total cpu time :  8486.9 secs   av.it.:  13.4
      thresh= 3.525E-08 alpha_mix =  0.100 |ddv_scf|^2 =  7.401E-14

      iter #  17 total cpu time :  8493.9 secs   av.it.:  13.0
      thresh= 2.720E-08 alpha_mix =  0.100 |ddv_scf|^2 =  2.584E-14

      iter #  18 total cpu time :  8501.4 secs   av.it.:  14.1
      thresh= 1.608E-08 alpha_mix =  0.100 |ddv_scf|^2 =  5.870E-15

      iter #  19 total cpu time :  8508.9 secs   av.it.:  13.8
      thresh= 7.662E-09 alpha_mix =  0.100 |ddv_scf|^2 =  1.299E-15

      iter #  20 total cpu time :  8516.2 secs   av.it.:  13.7
      thresh= 3.605E-09 alpha_mix =  0.100 |ddv_scf|^2 =  4.333E-16

     End of self-consistent calculation

     Convergence has been achieved 


     Representation #  16 mode #  16

     Self-consistent Calculation

      iter #   1 total cpu time :  8521.3 secs   av.it.:   7.3
      thresh= 1.000E-02 alpha_mix =  0.100 |ddv_scf|^2 =  2.067E-05

      iter #   2 total cpu time :  8527.5 secs   av.it.:  10.9
      thresh= 4.547E-04 alpha_mix =  0.100 |ddv_scf|^2 =  3.360E-06

      iter #   3 total cpu time :  8533.4 secs   av.it.:  10.6
      thresh= 1.833E-04 alpha_mix =  0.100 |ddv_scf|^2 =  4.092E-07

      iter #   4 total cpu time :  8540.0 secs   av.it.:  12.5
      thresh= 6.397E-05 alpha_mix =  0.100 |ddv_scf|^2 =  8.636E-08

      iter #   5 total cpu time :  8547.3 secs   av.it.:  13.4
      thresh= 2.939E-05 alpha_mix =  0.100 |ddv_scf|^2 =  5.300E-09

      iter #   6 total cpu time :  8554.3 secs   av.it.:  12.5
      thresh= 7.280E-06 alpha_mix =  0.100 |ddv_scf|^2 =  2.237E-09

      iter #   7 total cpu time :  8561.6 secs   av.it.:  13.6
      thresh= 4.729E-06 alpha_mix =  0.100 |ddv_scf|^2 =  3.644E-10

      iter #   8 total cpu time :  8568.8 secs   av.it.:  13.8
      thresh= 1.909E-06 alpha_mix =  0.100 |ddv_scf|^2 =  6.931E-11

      iter #   9 total cpu time :  8575.1 secs   av.it.:  11.9
      thresh= 8.325E-07 alpha_mix =  0.100 |ddv_scf|^2 =  4.303E-11

      iter #  10 total cpu time :  8582.1 secs   av.it.:  12.7
      thresh= 6.560E-07 alpha_mix =  0.100 |ddv_scf|^2 =  2.289E-11

      iter #  11 total cpu time :  8589.4 secs   av.it.:  13.9
      thresh= 4.785E-07 alpha_mix =  0.100 |ddv_scf|^2 =  3.743E-12

      iter #  12 total cpu time :  8596.7 secs   av.it.:  13.6
      thresh= 1.935E-07 alpha_mix =  0.100 |ddv_scf|^2 =  1.003E-12

      iter #  13 total cpu time :  8603.5 secs   av.it.:  12.9
      thresh= 1.001E-07 alpha_mix =  0.100 |ddv_scf|^2 =  5.153E-13

      iter #  14 total cpu time :  8610.7 secs   av.it.:  14.0
      thresh= 7.179E-08 alpha_mix =  0.100 |ddv_scf|^2 =  7.488E-14

      iter #  15 total cpu time :  8618.0 secs   av.it.:  13.9
      thresh= 2.736E-08 alpha_mix =  0.100 |ddv_scf|^2 =  1.896E-14

      iter #  16 total cpu time :  8625.2 secs   av.it.:  13.5
      thresh= 1.377E-08 alpha_mix =  0.100 |ddv_scf|^2 =  5.786E-15

      iter #  17 total cpu time :  8632.3 secs   av.it.:  13.3
      thresh= 7.607E-09 alpha_mix =  0.100 |ddv_scf|^2 =  3.056E-15

      iter #  18 total cpu time :  8639.2 secs   av.it.:  13.4
      thresh= 5.528E-09 alpha_mix =  0.100 |ddv_scf|^2 =  1.548E-15

      iter #  19 total cpu time :  8646.9 secs   av.it.:  14.2
      thresh= 3.934E-09 alpha_mix =  0.100 |ddv_scf|^2 =  2.523E-16

     End of self-consistent calculation

     Convergence has been achieved 


     Representation #  17 mode #  17

     Self-consistent Calculation

      iter #   1 total cpu time :  8651.9 secs   av.it.:   7.4
      thresh= 1.000E-02 alpha_mix =  0.100 |ddv_scf|^2 =  3.243E-05

      iter #   2 total cpu time :  8657.9 secs   av.it.:  10.9
      thresh= 5.694E-04 alpha_mix =  0.100 |ddv_scf|^2 =  5.201E-06

      iter #   3 total cpu time :  8663.7 secs   av.it.:  10.5
      thresh= 2.281E-04 alpha_mix =  0.100 |ddv_scf|^2 =  3.732E-07

      iter #   4 total cpu time :  8670.2 secs   av.it.:  12.3
      thresh= 6.109E-05 alpha_mix =  0.100 |ddv_scf|^2 =  1.001E-07

      iter #   5 total cpu time :  8677.6 secs   av.it.:  13.5
      thresh= 3.163E-05 alpha_mix =  0.100 |ddv_scf|^2 =  6.530E-09

      iter #   6 total cpu time :  8684.5 secs   av.it.:  12.5
      thresh= 8.081E-06 alpha_mix =  0.100 |ddv_scf|^2 =  2.486E-09

      iter #   7 total cpu time :  8691.7 secs   av.it.:  13.5
      thresh= 4.986E-06 alpha_mix =  0.100 |ddv_scf|^2 =  5.612E-10

      iter #   8 total cpu time :  8698.9 secs   av.it.:  13.9
      thresh= 2.369E-06 alpha_mix =  0.100 |ddv_scf|^2 =  6.172E-11

      iter #   9 total cpu time :  8705.5 secs   av.it.:  12.1
      thresh= 7.856E-07 alpha_mix =  0.100 |ddv_scf|^2 =  3.739E-11

      iter #  10 total cpu time :  8714.1 secs   av.it.:  12.5
      thresh= 6.114E-07 alpha_mix =  0.100 |ddv_scf|^2 =  2.180E-11

      iter #  11 total cpu time :  8721.7 secs   av.it.:  14.1
      thresh= 4.669E-07 alpha_mix =  0.100 |ddv_scf|^2 =  2.728E-12

      iter #  12 total cpu time :  8728.9 secs   av.it.:  13.6
      thresh= 1.652E-07 alpha_mix =  0.100 |ddv_scf|^2 =  7.519E-13

      iter #  13 total cpu time :  8735.8 secs   av.it.:  13.0
      thresh= 8.671E-08 alpha_mix =  0.100 |ddv_scf|^2 =  3.062E-13

      iter #  14 total cpu time :  8743.2 secs   av.it.:  13.8
      thresh= 5.533E-08 alpha_mix =  0.100 |ddv_scf|^2 =  6.065E-14

      iter #  15 total cpu time :  8750.2 secs   av.it.:  13.3
      thresh= 2.463E-08 alpha_mix =  0.100 |ddv_scf|^2 =  2.621E-14

      iter #  16 total cpu time :  8757.2 secs   av.it.:  12.9
      thresh= 1.619E-08 alpha_mix =  0.100 |ddv_scf|^2 =  1.529E-14

      iter #  17 total cpu time :  8764.1 secs   av.it.:  13.3
      thresh= 1.236E-08 alpha_mix =  0.100 |ddv_scf|^2 =  7.438E-15

      iter #  18 total cpu time :  8771.3 secs   av.it.:  13.5
      thresh= 8.624E-09 alpha_mix =  0.100 |ddv_scf|^2 =  3.128E-15

      iter #  19 total cpu time :  8778.3 secs   av.it.:  12.7
      thresh= 5.593E-09 alpha_mix =  0.100 |ddv_scf|^2 =  1.997E-15

      iter #  20 total cpu time :  8784.9 secs   av.it.:  12.4
      thresh= 4.469E-09 alpha_mix =  0.100 |ddv_scf|^2 =  1.317E-15

      iter #  21 total cpu time :  8792.1 secs   av.it.:  13.8
      thresh= 3.630E-09 alpha_mix =  0.100 |ddv_scf|^2 =  4.254E-16

     End of self-consistent calculation

     Convergence has been achieved 


     Representation #  18 mode #  18

     Self-consistent Calculation

      iter #   1 total cpu time :  8797.7 secs   av.it.:   8.6
      thresh= 1.000E-02 alpha_mix =  0.100 |ddv_scf|^2 =  7.271E-05

      iter #   2 total cpu time :  8804.1 secs   av.it.:  11.0
      thresh= 8.527E-04 alpha_mix =  0.100 |ddv_scf|^2 =  1.076E-05

      iter #   3 total cpu time :  8810.2 secs   av.it.:  10.8
      thresh= 3.281E-04 alpha_mix =  0.100 |ddv_scf|^2 =  2.280E-06

      iter #   4 total cpu time :  8816.7 secs   av.it.:  12.4
      thresh= 1.510E-04 alpha_mix =  0.100 |ddv_scf|^2 =  3.119E-07

      iter #   5 total cpu time :  8823.5 secs   av.it.:  12.9
      thresh= 5.585E-05 alpha_mix =  0.100 |ddv_scf|^2 =  4.167E-08

      iter #   6 total cpu time :  8830.7 secs   av.it.:  13.5
      thresh= 2.041E-05 alpha_mix =  0.100 |ddv_scf|^2 =  4.966E-09

      iter #   7 total cpu time :  8837.5 secs   av.it.:  12.4
      thresh= 7.047E-06 alpha_mix =  0.100 |ddv_scf|^2 =  3.069E-09

      iter #   8 total cpu time :  8844.9 secs   av.it.:  14.1
      thresh= 5.540E-06 alpha_mix =  0.100 |ddv_scf|^2 =  2.287E-10

      iter #   9 total cpu time :  8851.6 secs   av.it.:  12.4
      thresh= 1.512E-06 alpha_mix =  0.100 |ddv_scf|^2 =  1.397E-10

      iter #  10 total cpu time :  8858.5 secs   av.it.:  13.2
      thresh= 1.182E-06 alpha_mix =  0.100 |ddv_scf|^2 =  6.102E-11

      iter #  11 total cpu time :  8866.0 secs   av.it.:  14.0
      thresh= 7.811E-07 alpha_mix =  0.100 |ddv_scf|^2 =  9.410E-12

      iter #  12 total cpu time :  8873.3 secs   av.it.:  13.8
      thresh= 3.068E-07 alpha_mix =  0.100 |ddv_scf|^2 =  2.026E-12

      iter #  13 total cpu time :  8880.1 secs   av.it.:  13.2
      thresh= 1.423E-07 alpha_mix =  0.100 |ddv_scf|^2 =  1.120E-12

      iter #  14 total cpu time :  8886.9 secs   av.it.:  13.0
      thresh= 1.058E-07 alpha_mix =  0.100 |ddv_scf|^2 =  5.858E-13

      iter #  15 total cpu time :  8894.4 secs   av.it.:  13.8
      thresh= 7.654E-08 alpha_mix =  0.100 |ddv_scf|^2 =  1.780E-13

      iter #  16 total cpu time :  8901.8 secs   av.it.:  13.7
      thresh= 4.220E-08 alpha_mix =  0.100 |ddv_scf|^2 =  7.208E-14

      iter #  17 total cpu time :  8908.4 secs   av.it.:  12.5
      thresh= 2.685E-08 alpha_mix =  0.100 |ddv_scf|^2 =  4.003E-14

      iter #  18 total cpu time :  8915.6 secs   av.it.:  13.3
      thresh= 2.001E-08 alpha_mix =  0.100 |ddv_scf|^2 =  1.845E-14

      iter #  19 total cpu time :  8922.8 secs   av.it.:  13.4
      thresh= 1.358E-08 alpha_mix =  0.100 |ddv_scf|^2 =  6.507E-15

      iter #  20 total cpu time :  8930.2 secs   av.it.:  13.8
      thresh= 8.067E-09 alpha_mix =  0.100 |ddv_scf|^2 =  2.463E-15

      iter #  21 total cpu time :  8937.4 secs   av.it.:  13.3
      thresh= 4.963E-09 alpha_mix =  0.100 |ddv_scf|^2 =  9.458E-16

     End of self-consistent calculation

     Convergence has been achieved 


     Representation #  19 mode #  19

     Self-consistent Calculation

      iter #   1 total cpu time :  8942.3 secs   av.it.:   7.5
      thresh= 1.000E-02 alpha_mix =  0.100 |ddv_scf|^2 =  3.705E-05

      iter #   2 total cpu time :  8948.4 secs   av.it.:  10.9
      thresh= 6.087E-04 alpha_mix =  0.100 |ddv_scf|^2 =  5.920E-06

      iter #   3 total cpu time :  8954.4 secs   av.it.:  10.4
      thresh= 2.433E-04 alpha_mix =  0.100 |ddv_scf|^2 =  3.542E-07

      iter #   4 total cpu time :  8961.3 secs   av.it.:  12.4
      thresh= 5.952E-05 alpha_mix =  0.100 |ddv_scf|^2 =  8.602E-08

      iter #   5 total cpu time :  8968.6 secs   av.it.:  13.5
      thresh= 2.933E-05 alpha_mix =  0.100 |ddv_scf|^2 =  6.003E-09

      iter #   6 total cpu time :  8975.4 secs   av.it.:  12.5
      thresh= 7.748E-06 alpha_mix =  0.100 |ddv_scf|^2 =  2.411E-09

      iter #   7 total cpu time :  8982.8 secs   av.it.:  13.5
      thresh= 4.911E-06 alpha_mix =  0.100 |ddv_scf|^2 =  5.563E-10

      iter #   8 total cpu time :  8990.2 secs   av.it.:  13.8
      thresh= 2.359E-06 alpha_mix =  0.100 |ddv_scf|^2 =  6.611E-11

      iter #   9 total cpu time :  8996.9 secs   av.it.:  12.3
      thresh= 8.131E-07 alpha_mix =  0.100 |ddv_scf|^2 =  3.697E-11

      iter #  10 total cpu time :  9003.4 secs   av.it.:  12.5
      thresh= 6.080E-07 alpha_mix =  0.100 |ddv_scf|^2 =  2.257E-11

      iter #  11 total cpu time :  9010.9 secs   av.it.:  14.1
      thresh= 4.751E-07 alpha_mix =  0.100 |ddv_scf|^2 =  2.804E-12

      iter #  12 total cpu time :  9018.0 secs   av.it.:  13.6
      thresh= 1.674E-07 alpha_mix =  0.100 |ddv_scf|^2 =  8.403E-13

      iter #  13 total cpu time :  9025.1 secs   av.it.:  13.1
      thresh= 9.167E-08 alpha_mix =  0.100 |ddv_scf|^2 =  3.427E-13

      iter #  14 total cpu time :  9032.5 secs   av.it.:  14.0
      thresh= 5.854E-08 alpha_mix =  0.100 |ddv_scf|^2 =  5.837E-14

      iter #  15 total cpu time :  9039.6 secs   av.it.:  13.5
      thresh= 2.416E-08 alpha_mix =  0.100 |ddv_scf|^2 =  1.947E-14

      iter #  16 total cpu time :  9046.3 secs   av.it.:  12.9
      thresh= 1.395E-08 alpha_mix =  0.100 |ddv_scf|^2 =  1.173E-14

      iter #  17 total cpu time :  9053.3 secs   av.it.:  13.0
      thresh= 1.083E-08 alpha_mix =  0.100 |ddv_scf|^2 =  6.213E-15

      iter #  18 total cpu time :  9060.6 secs   av.it.:  13.7
      thresh= 7.882E-09 alpha_mix =  0.100 |ddv_scf|^2 =  2.114E-15

      iter #  19 total cpu time :  9067.7 secs   av.it.:  13.1
      thresh= 4.597E-09 alpha_mix =  0.100 |ddv_scf|^2 =  1.143E-15

      iter #  20 total cpu time :  9074.3 secs   av.it.:  12.4
      thresh= 3.381E-09 alpha_mix =  0.100 |ddv_scf|^2 =  7.187E-16

     End of self-consistent calculation

     Convergence has been achieved 


     Representation #  20 mode #  20

     Self-consistent Calculation

      iter #   1 total cpu time :  9080.1 secs   av.it.:   8.9
      thresh= 1.000E-02 alpha_mix =  0.100 |ddv_scf|^2 =  2.064E-04

      iter #   2 total cpu time :  9086.3 secs   av.it.:  10.9
      thresh= 1.437E-03 alpha_mix =  0.100 |ddv_scf|^2 =  2.846E-05

      iter #   3 total cpu time :  9092.3 secs   av.it.:  10.6
      thresh= 5.335E-04 alpha_mix =  0.100 |ddv_scf|^2 =  1.833E-06

      iter #   4 total cpu time :  9098.9 secs   av.it.:  12.6
      thresh= 1.354E-04 alpha_mix =  0.100 |ddv_scf|^2 =  3.046E-07

      iter #   5 total cpu time :  9105.8 secs   av.it.:  13.1
      thresh= 5.519E-05 alpha_mix =  0.100 |ddv_scf|^2 =  2.891E-08

      iter #   6 total cpu time :  9113.0 secs   av.it.:  13.2
      thresh= 1.700E-05 alpha_mix =  0.100 |ddv_scf|^2 =  7.256E-09

      iter #   7 total cpu time :  9120.0 secs   av.it.:  13.2
      thresh= 8.518E-06 alpha_mix =  0.100 |ddv_scf|^2 =  3.128E-09

      iter #   8 total cpu time :  9127.5 secs   av.it.:  14.1
      thresh= 5.593E-06 alpha_mix =  0.100 |ddv_scf|^2 =  2.546E-10

      iter #   9 total cpu time :  9134.3 secs   av.it.:  12.7
      thresh= 1.596E-06 alpha_mix =  0.100 |ddv_scf|^2 =  1.454E-10

      iter #  10 total cpu time :  9141.3 secs   av.it.:  12.7
      thresh= 1.206E-06 alpha_mix =  0.100 |ddv_scf|^2 =  7.650E-11

      iter #  11 total cpu time :  9148.7 secs   av.it.:  13.9
      thresh= 8.746E-07 alpha_mix =  0.100 |ddv_scf|^2 =  1.591E-11

      iter #  12 total cpu time :  9156.2 secs   av.it.:  14.0
      thresh= 3.989E-07 alpha_mix =  0.100 |ddv_scf|^2 =  2.157E-12

      iter #  13 total cpu time :  9163.0 secs   av.it.:  12.9
      thresh= 1.469E-07 alpha_mix =  0.100 |ddv_scf|^2 =  1.333E-12

      iter #  14 total cpu time :  9170.0 secs   av.it.:  13.3
      thresh= 1.155E-07 alpha_mix =  0.100 |ddv_scf|^2 =  6.043E-13

      iter #  15 total cpu time :  9177.7 secs   av.it.:  14.1
      thresh= 7.773E-08 alpha_mix =  0.100 |ddv_scf|^2 =  1.259E-13

      iter #  16 total cpu time :  9184.9 secs   av.it.:  13.3
      thresh= 3.548E-08 alpha_mix =  0.100 |ddv_scf|^2 =  7.111E-14

      iter #  17 total cpu time :  9191.8 secs   av.it.:  12.8
      thresh= 2.667E-08 alpha_mix =  0.100 |ddv_scf|^2 =  3.337E-14

      iter #  18 total cpu time :  9199.0 secs   av.it.:  14.0
      thresh= 1.827E-08 alpha_mix =  0.100 |ddv_scf|^2 =  8.663E-15

      iter #  19 total cpu time :  9206.4 secs   av.it.:  13.9
      thresh= 9.307E-09 alpha_mix =  0.100 |ddv_scf|^2 =  1.968E-15

      iter #  20 total cpu time :  9213.8 secs   av.it.:  13.7
      thresh= 4.436E-09 alpha_mix =  0.100 |ddv_scf|^2 =  5.236E-16

     End of self-consistent calculation

     Convergence has been achieved 


     Representation #  21 mode #  21

     Self-consistent Calculation

      iter #   1 total cpu time :  9219.5 secs   av.it.:   8.9
      thresh= 1.000E-02 alpha_mix =  0.100 |ddv_scf|^2 =  2.759E-04

      iter #   2 total cpu time :  9225.6 secs   av.it.:  10.9
      thresh= 1.661E-03 alpha_mix =  0.100 |ddv_scf|^2 =  3.767E-05

      iter #   3 total cpu time :  9231.6 secs   av.it.:  10.5
      thresh= 6.138E-04 alpha_mix =  0.100 |ddv_scf|^2 =  1.935E-06

      iter #   4 total cpu time :  9238.6 secs   av.it.:  12.8
      thresh= 1.391E-04 alpha_mix =  0.100 |ddv_scf|^2 =  2.498E-07

      iter #   5 total cpu time :  9245.6 secs   av.it.:  13.0
      thresh= 4.998E-05 alpha_mix =  0.100 |ddv_scf|^2 =  3.291E-08

      iter #   6 total cpu time :  9252.7 secs   av.it.:  13.2
      thresh= 1.814E-05 alpha_mix =  0.100 |ddv_scf|^2 =  7.195E-09

      iter #   7 total cpu time :  9259.6 secs   av.it.:  13.2
      thresh= 8.483E-06 alpha_mix =  0.100 |ddv_scf|^2 =  3.191E-09

      iter #   8 total cpu time :  9267.1 secs   av.it.:  14.0
      thresh= 5.649E-06 alpha_mix =  0.100 |ddv_scf|^2 =  2.943E-10

      iter #   9 total cpu time :  9274.0 secs   av.it.:  12.8
      thresh= 1.716E-06 alpha_mix =  0.100 |ddv_scf|^2 =  1.585E-10

      iter #  10 total cpu time :  9280.7 secs   av.it.:  12.6
      thresh= 1.259E-06 alpha_mix =  0.100 |ddv_scf|^2 =  8.574E-11

      iter #  11 total cpu time :  9288.1 secs   av.it.:  13.9
      thresh= 9.259E-07 alpha_mix =  0.100 |ddv_scf|^2 =  1.879E-11

      iter #  12 total cpu time :  9295.3 secs   av.it.:  13.9
      thresh= 4.335E-07 alpha_mix =  0.100 |ddv_scf|^2 =  2.917E-12

      iter #  13 total cpu time :  9302.2 secs   av.it.:  12.9
      thresh= 1.708E-07 alpha_mix =  0.100 |ddv_scf|^2 =  1.682E-12

      iter #  14 total cpu time :  9309.4 secs   av.it.:  13.3
      thresh= 1.297E-07 alpha_mix =  0.100 |ddv_scf|^2 =  7.392E-13

      iter #  15 total cpu time :  9316.7 secs   av.it.:  14.0
      thresh= 8.598E-08 alpha_mix =  0.100 |ddv_scf|^2 =  1.682E-13

      iter #  16 total cpu time :  9323.6 secs   av.it.:  13.4
      thresh= 4.102E-08 alpha_mix =  0.100 |ddv_scf|^2 =  8.194E-14

      iter #  17 total cpu time :  9330.5 secs   av.it.:  12.6
      thresh= 2.863E-08 alpha_mix =  0.100 |ddv_scf|^2 =  4.866E-14

      iter #  18 total cpu time :  9337.7 secs   av.it.:  13.5
      thresh= 2.206E-08 alpha_mix =  0.100 |ddv_scf|^2 =  1.987E-14

      iter #  19 total cpu time :  9344.9 secs   av.it.:  13.1
      thresh= 1.410E-08 alpha_mix =  0.100 |ddv_scf|^2 =  7.438E-15

      iter #  20 total cpu time :  9352.0 secs   av.it.:  13.2
      thresh= 8.625E-09 alpha_mix =  0.100 |ddv_scf|^2 =  3.215E-15

      iter #  21 total cpu time :  9359.2 secs   av.it.:  13.5
      thresh= 5.670E-09 alpha_mix =  0.100 |ddv_scf|^2 =  9.839E-16

     End of self-consistent calculation

     Convergence has been achieved 


     Representation #  22 mode #  22

     Self-consistent Calculation

      iter #   1 total cpu time :  9364.8 secs   av.it.:   8.7
      thresh= 1.000E-02 alpha_mix =  0.100 |ddv_scf|^2 =  1.300E-04

      iter #   2 total cpu time :  9371.0 secs   av.it.:  10.9
      thresh= 1.140E-03 alpha_mix =  0.100 |ddv_scf|^2 =  1.702E-05

      iter #   3 total cpu time :  9377.0 secs   av.it.:  10.7
      thresh= 4.126E-04 alpha_mix =  0.100 |ddv_scf|^2 =  1.995E-06

      iter #   4 total cpu time :  9383.7 secs   av.it.:  12.7
      thresh= 1.413E-04 alpha_mix =  0.100 |ddv_scf|^2 =  2.440E-07

      iter #   5 total cpu time :  9390.8 secs   av.it.:  13.0
      thresh= 4.939E-05 alpha_mix =  0.100 |ddv_scf|^2 =  3.168E-08

      iter #   6 total cpu time :  9398.3 secs   av.it.:  13.3
      thresh= 1.780E-05 alpha_mix =  0.100 |ddv_scf|^2 =  5.494E-09

      iter #   7 total cpu time :  9405.3 secs   av.it.:  12.9
      thresh= 7.412E-06 alpha_mix =  0.100 |ddv_scf|^2 =  2.861E-09

      iter #   8 total cpu time :  9412.7 secs   av.it.:  14.2
      thresh= 5.349E-06 alpha_mix =  0.100 |ddv_scf|^2 =  2.589E-10

      iter #   9 total cpu time :  9419.4 secs   av.it.:  12.8
      thresh= 1.609E-06 alpha_mix =  0.100 |ddv_scf|^2 =  1.401E-10

      iter #  10 total cpu time :  9426.5 secs   av.it.:  12.9
      thresh= 1.184E-06 alpha_mix =  0.100 |ddv_scf|^2 =  7.177E-11

      iter #  11 total cpu time :  9433.8 secs   av.it.:  13.8
      thresh= 8.472E-07 alpha_mix =  0.100 |ddv_scf|^2 =  1.782E-11

      iter #  12 total cpu time :  9441.2 secs   av.it.:  13.9
      thresh= 4.221E-07 alpha_mix =  0.100 |ddv_scf|^2 =  2.511E-12

      iter #  13 total cpu time :  9448.1 secs   av.it.:  12.8
      thresh= 1.584E-07 alpha_mix =  0.100 |ddv_scf|^2 =  1.554E-12

      iter #  14 total cpu time :  9455.3 secs   av.it.:  13.4
      thresh= 1.247E-07 alpha_mix =  0.100 |ddv_scf|^2 =  6.478E-13

      iter #  15 total cpu time :  9462.8 secs   av.it.:  13.9
      thresh= 8.049E-08 alpha_mix =  0.100 |ddv_scf|^2 =  1.868E-13

      iter #  16 total cpu time :  9470.1 secs   av.it.:  13.3
      thresh= 4.322E-08 alpha_mix =  0.100 |ddv_scf|^2 =  9.481E-14

      iter #  17 total cpu time :  9477.0 secs   av.it.:  13.1
      thresh= 3.079E-08 alpha_mix =  0.100 |ddv_scf|^2 =  4.870E-14

      iter #  18 total cpu time :  9484.2 secs   av.it.:  13.5
      thresh= 2.207E-08 alpha_mix =  0.100 |ddv_scf|^2 =  2.464E-14

      iter #  19 total cpu time :  9491.6 secs   av.it.:  13.8
      thresh= 1.570E-08 alpha_mix =  0.100 |ddv_scf|^2 =  8.998E-15

      iter #  20 total cpu time :  9498.4 secs   av.it.:  12.7
      thresh= 9.486E-09 alpha_mix =  0.100 |ddv_scf|^2 =  4.366E-15

      iter #  21 total cpu time :  9505.8 secs   av.it.:  13.8
      thresh= 6.608E-09 alpha_mix =  0.100 |ddv_scf|^2 =  1.735E-15

      iter #  22 total cpu time :  9513.0 secs   av.it.:  13.9
      thresh= 4.166E-09 alpha_mix =  0.100 |ddv_scf|^2 =  3.240E-16

     End of self-consistent calculation

     Convergence has been achieved 


     Representation #  23 mode #  23

     Self-consistent Calculation

      iter #   1 total cpu time :  9518.1 secs   av.it.:   7.3
      thresh= 1.000E-02 alpha_mix =  0.100 |ddv_scf|^2 =  2.228E-05

      iter #   2 total cpu time :  9524.4 secs   av.it.:  10.9
      thresh= 4.720E-04 alpha_mix =  0.100 |ddv_scf|^2 =  3.689E-06

      iter #   3 total cpu time :  9530.5 secs   av.it.:  10.5
      thresh= 1.921E-04 alpha_mix =  0.100 |ddv_scf|^2 =  3.635E-07

      iter #   4 total cpu time :  9537.6 secs   av.it.:  13.1
      thresh= 6.029E-05 alpha_mix =  0.100 |ddv_scf|^2 =  3.006E-08

      iter #   5 total cpu time :  9544.7 secs   av.it.:  13.1
      thresh= 1.734E-05 alpha_mix =  0.100 |ddv_scf|^2 =  5.078E-09

      iter #   6 total cpu time :  9551.5 secs   av.it.:  12.4
      thresh= 7.126E-06 alpha_mix =  0.100 |ddv_scf|^2 =  2.293E-09

      iter #   7 total cpu time :  9558.8 secs   av.it.:  13.7
      thresh= 4.788E-06 alpha_mix =  0.100 |ddv_scf|^2 =  3.658E-10

      iter #   8 total cpu time :  9566.0 secs   av.it.:  13.5
      thresh= 1.913E-06 alpha_mix =  0.100 |ddv_scf|^2 =  6.940E-11

      iter #   9 total cpu time :  9572.7 secs   av.it.:  12.6
      thresh= 8.331E-07 alpha_mix =  0.100 |ddv_scf|^2 =  3.734E-11

      iter #  10 total cpu time :  9579.9 secs   av.it.:  12.7
      thresh= 6.110E-07 alpha_mix =  0.100 |ddv_scf|^2 =  1.903E-11

      iter #  11 total cpu time :  9587.4 secs   av.it.:  14.1
      thresh= 4.362E-07 alpha_mix =  0.100 |ddv_scf|^2 =  2.148E-12

      iter #  12 total cpu time :  9594.5 secs   av.it.:  13.2
      thresh= 1.466E-07 alpha_mix =  0.100 |ddv_scf|^2 =  8.966E-13

      iter #  13 total cpu time :  9602.3 secs   av.it.:  13.6
      thresh= 9.469E-08 alpha_mix =  0.100 |ddv_scf|^2 =  1.832E-13

      iter #  14 total cpu time :  9609.7 secs   av.it.:  13.8
      thresh= 4.280E-08 alpha_mix =  0.100 |ddv_scf|^2 =  4.807E-14

      iter #  15 total cpu time :  9616.8 secs   av.it.:  13.0
      thresh= 2.192E-08 alpha_mix =  0.100 |ddv_scf|^2 =  2.436E-14

      iter #  16 total cpu time :  9623.8 secs   av.it.:  13.3
      thresh= 1.561E-08 alpha_mix =  0.100 |ddv_scf|^2 =  1.039E-14

      iter #  17 total cpu time :  9631.0 secs   av.it.:  13.2
      thresh= 1.019E-08 alpha_mix =  0.100 |ddv_scf|^2 =  4.816E-15

      iter #  18 total cpu time :  9637.9 secs   av.it.:  13.3
      thresh= 6.940E-09 alpha_mix =  0.100 |ddv_scf|^2 =  1.858E-15

      iter #  19 total cpu time :  9645.5 secs   av.it.:  13.4
      thresh= 4.310E-09 alpha_mix =  0.100 |ddv_scf|^2 =  9.263E-16

     End of self-consistent calculation

     Convergence has been achieved 


     Representation #  24 mode #  24

     Self-consistent Calculation

      iter #   1 total cpu time :  9650.6 secs   av.it.:   7.4
      thresh= 1.000E-02 alpha_mix =  0.100 |ddv_scf|^2 =  2.695E-05

      iter #   2 total cpu time :  9656.7 secs   av.it.:  11.0
      thresh= 5.191E-04 alpha_mix =  0.100 |ddv_scf|^2 =  3.925E-06

      iter #   3 total cpu time :  9662.6 secs   av.it.:  10.5
      thresh= 1.981E-04 alpha_mix =  0.100 |ddv_scf|^2 =  3.395E-07

      iter #   4 total cpu time :  9669.2 secs   av.it.:  11.9
      thresh= 5.827E-05 alpha_mix =  0.100 |ddv_scf|^2 =  1.057E-07

      iter #   5 total cpu time :  9676.5 secs   av.it.:  13.8
      thresh= 3.251E-05 alpha_mix =  0.100 |ddv_scf|^2 =  4.116E-09

      iter #   6 total cpu time :  9683.2 secs   av.it.:  12.3
      thresh= 6.416E-06 alpha_mix =  0.100 |ddv_scf|^2 =  1.979E-09

      iter #   7 total cpu time :  9690.4 secs   av.it.:  13.6
      thresh= 4.449E-06 alpha_mix =  0.100 |ddv_scf|^2 =  2.682E-10

      iter #   8 total cpu time :  9697.8 secs   av.it.:  13.4
      thresh= 1.638E-06 alpha_mix =  0.100 |ddv_scf|^2 =  7.246E-11

      iter #   9 total cpu time :  9704.7 secs   av.it.:  13.0
      thresh= 8.512E-07 alpha_mix =  0.100 |ddv_scf|^2 =  3.554E-11

      iter #  10 total cpu time :  9711.6 secs   av.it.:  12.4
      thresh= 5.961E-07 alpha_mix =  0.100 |ddv_scf|^2 =  2.021E-11

      iter #  11 total cpu time :  9719.1 secs   av.it.:  14.0
      thresh= 4.496E-07 alpha_mix =  0.100 |ddv_scf|^2 =  3.175E-12

      iter #  12 total cpu time :  9726.3 secs   av.it.:  13.5
      thresh= 1.782E-07 alpha_mix =  0.100 |ddv_scf|^2 =  9.235E-13

      iter #  13 total cpu time :  9733.2 secs   av.it.:  12.9
      thresh= 9.610E-08 alpha_mix =  0.100 |ddv_scf|^2 =  4.700E-13

      iter #  14 total cpu time :  9740.4 secs   av.it.:  13.5
      thresh= 6.856E-08 alpha_mix =  0.100 |ddv_scf|^2 =  1.226E-13

      iter #  15 total cpu time :  9747.9 secs   av.it.:  13.8
      thresh= 3.502E-08 alpha_mix =  0.100 |ddv_scf|^2 =  3.030E-14

      iter #  16 total cpu time :  9754.8 secs   av.it.:  13.2
      thresh= 1.741E-08 alpha_mix =  0.100 |ddv_scf|^2 =  1.464E-14

      iter #  17 total cpu time :  9762.1 secs   av.it.:  13.5
      thresh= 1.210E-08 alpha_mix =  0.100 |ddv_scf|^2 =  6.892E-15

      iter #  18 total cpu time :  9769.1 secs   av.it.:  12.6
      thresh= 8.302E-09 alpha_mix =  0.100 |ddv_scf|^2 =  3.436E-15

      iter #  19 total cpu time :  9776.2 secs   av.it.:  12.9
      thresh= 5.862E-09 alpha_mix =  0.100 |ddv_scf|^2 =  1.938E-15

      iter #  20 total cpu time :  9783.4 secs   av.it.:  13.7
      thresh= 4.402E-09 alpha_mix =  0.100 |ddv_scf|^2 =  7.974E-16

     End of self-consistent calculation

     Convergence has been achieved 
 
     Number of q in the star =   12
     List of q in the star:
          1   0.000000000   0.250000000  -0.500000000
          2  -0.250000000   0.000000000  -0.500000000
          3   0.000000000  -0.250000000  -0.500000000
          4   0.000000000  -0.500000000   0.250000000
          5   0.250000000   0.000000000   0.500000000
          6  -0.500000000   0.250000000   0.000000000
          7  -0.500000000   0.000000000  -0.250000000
          8   0.500000000   0.000000000   0.250000000
          9  -0.250000000  -0.500000000   0.000000000
         10   0.250000000   0.500000000   0.000000000
         11   0.500000000  -0.250000000   0.000000000
         12   0.000000000   0.500000000  -0.250000000

     Diagonalizing the dynamical matrix

     q = (    0.000000000   0.250000000  -0.500000000 ) 

 **************************************************************************
     freq (    1) =       3.119950 [THz] =     104.070327 [cm-1]
     freq (    2) =       3.211177 [THz] =     107.113330 [cm-1]
     freq (    3) =       3.708040 [THz] =     123.686891 [cm-1]
     freq (    4) =       3.768838 [THz] =     125.714906 [cm-1]
     freq (    5) =       4.379941 [THz] =     146.099116 [cm-1]
     freq (    6) =       4.688238 [THz] =     156.382798 [cm-1]
     freq (    7) =       4.696046 [THz] =     156.643243 [cm-1]
     freq (    8) =       4.884805 [THz] =     162.939548 [cm-1]
     freq (    9) =       5.888217 [THz] =     196.409766 [cm-1]
     freq (   10) =       6.093984 [THz] =     203.273428 [cm-1]
     freq (   11) =       6.379589 [THz] =     212.800188 [cm-1]
     freq (   12) =       6.961797 [THz] =     232.220544 [cm-1]
     freq (   13) =      12.498070 [THz] =     416.890734 [cm-1]
     freq (   14) =      13.182704 [THz] =     439.727665 [cm-1]
     freq (   15) =      13.317865 [THz] =     444.236153 [cm-1]
     freq (   16) =      13.888965 [THz] =     463.286003 [cm-1]
     freq (   17) =      14.931675 [THz] =     498.067080 [cm-1]
     freq (   18) =      15.096604 [THz] =     503.568520 [cm-1]
     freq (   19) =      15.258778 [THz] =     508.978063 [cm-1]
     freq (   20) =      15.335692 [THz] =     511.543620 [cm-1]
     freq (   21) =      16.576785 [THz] =     552.942024 [cm-1]
     freq (   22) =      16.926849 [THz] =     564.618895 [cm-1]
     freq (   23) =      17.106526 [THz] =     570.612295 [cm-1]
     freq (   24) =      17.536082 [THz] =     584.940741 [cm-1]
 **************************************************************************

     Mode symmetry, C_2  (2)    point group:

     freq (   1-   1) =        104.1  [cm-1]   --> A                  
     freq (   2-   2) =        107.1  [cm-1]   --> B                  
     freq (   3-   3) =        123.7  [cm-1]   --> A                  
     freq (   4-   4) =        125.7  [cm-1]   --> B                  
     freq (   5-   5) =        146.1  [cm-1]   --> B                  
     freq (   6-   6) =        156.4  [cm-1]   --> A                  
     freq (   7-   7) =        156.6  [cm-1]   --> B                  
     freq (   8-   8) =        162.9  [cm-1]   --> A                  
     freq (   9-   9) =        196.4  [cm-1]   --> B                  
     freq (  10-  10) =        203.3  [cm-1]   --> A                  
     freq (  11-  11) =        212.8  [cm-1]   --> B                  
     freq (  12-  12) =        232.2  [cm-1]   --> A                  
     freq (  13-  13) =        416.9  [cm-1]   --> A                  
     freq (  14-  14) =        439.7  [cm-1]   --> B                  
     freq (  15-  15) =        444.2  [cm-1]   --> A                  
     freq (  16-  16) =        463.3  [cm-1]   --> B                  
     freq (  17-  17) =        498.1  [cm-1]   --> B                  
     freq (  18-  18) =        503.6  [cm-1]   --> A                  
     freq (  19-  19) =        509.0  [cm-1]   --> B                  
     freq (  20-  20) =        511.5  [cm-1]   --> A                  
     freq (  21-  21) =        552.9  [cm-1]   --> A                  
     freq (  22-  22) =        564.6  [cm-1]   --> B                  
     freq (  23-  23) =        570.6  [cm-1]   --> A                  
     freq (  24-  24) =        584.9  [cm-1]   --> B                  

     Calculation of q =    0.0000000  -0.5000000  -0.5000000
 
     Parallelization info
     --------------------
     sticks:   dense  smooth     PW     G-vecs:    dense   smooth      PW
     Min         139     139     42                 4933     4933     850
     Max         140     140     43                 4936     4936     853
     Sum        2225    2225    681                78949    78949   13613
 
     Using Slab Decomposition
 

     Title: 
     --                                                                         


     bravais-lattice index     =            0
     lattice parameter (alat)  =       8.3571  a.u.
     unit-cell volume          =     583.6692 (a.u.)^3
     number of atoms/cell      =            8
     number of atomic types    =            2
     number of electrons       =        72.00
     number of Kohn-Sham states=           43
     kinetic-energy cutoff     =     100.0000  Ry
     charge density cutoff     =     400.0000  Ry
     Exchange-correlation= PBE
                           (   1   4   3   4   0   0   0)

     celldm(1)=   8.357100  celldm(2)=   0.000000  celldm(3)=   0.000000
     celldm(4)=   0.000000  celldm(5)=   0.000000  celldm(6)=   0.000000

     crystal axes: (cart. coord. in units of alat)
               a(1) = (   1.000000   0.000000   0.000000 )  
               a(2) = (   0.000000   1.000000   0.000000 )  
               a(3) = (   0.000000   0.000000   1.000000 )  

     reciprocal axes: (cart. coord. in units 2 pi/alat)
               b(1) = (  1.000000  0.000000  0.000000 )  
               b(2) = (  0.000000  1.000000  0.000000 )  
               b(3) = (  0.000000  0.000000  1.000000 )  


     PseudoPot. # 1 for Nb read from file:
     /pscratch/sd/m/mhussien/NbN/2025/All_data/bulk-press-epi/pristine/June_06/pseudo/Nb_pbe.upf
     MD5 check sum: 712dd6877a67fb2d3f70e8edbadf3134
     Pseudo is Norm-conserving + core correction, Zval = 13.0
     Generated using ONCVPSP code by D. R. Hamann
     Using radial grid of 1680 points,  6 beta functions with: 
                l(1) =   0
                l(2) =   0
                l(3) =   1
                l(4) =   1
                l(5) =   2
                l(6) =   2

     PseudoPot. # 2 for N  read from file:
     /pscratch/sd/m/mhussien/NbN/2025/All_data/bulk-press-epi/pristine/June_06/pseudo/N_pbe.upf
     MD5 check sum: d34365f73bb0e2ee98afc20ec3e87676
     Pseudo is Norm-conserving + core correction, Zval =  5.0
     Generated using ONCVPSP code by D. R. Hamann
     Using radial grid of 1058 points,  4 beta functions with: 
                l(1) =   0
                l(2) =   0
                l(3) =   1
                l(4) =   1

     atomic species   valence    mass     pseudopotential
     Nb               13.00    92.91000     Nb( 1.00)
     N                 5.00    14.01000     N ( 1.00)

     24 Sym. Ops. (no inversion) found



   Cartesian axes

     site n.     atom                  positions (alat units)
         1        Nb     tau(   1) = (   0.2327065   0.7672935   0.2327065  )
         2        Nb     tau(   2) = (   0.7672935   0.2327065   0.2327065  )
         3        Nb     tau(   3) = (   0.7672935   0.7672935   0.7672935  )
         4        Nb     tau(   4) = (   0.2327065   0.2327065   0.7672935  )
         5        N      tau(   5) = (   0.7348907   0.2651093   0.7348907  )
         6        N      tau(   6) = (   0.2651093   0.7348907   0.7348907  )
         7        N      tau(   7) = (   0.2651093   0.2651093   0.2651093  )
         8        N      tau(   8) = (   0.7348907   0.7348907   0.2651093  )

     number of k points=  1100  Marzari-Vanderbilt smearing, width (Ry)=  0.0050

     Number of k-points >= 100: set verbosity='high' to print them.

     Dense  grid:    78949 G-vectors     FFT dimensions: (  54,  54,  54)

     Estimated max dynamical RAM per process >      10.98 MB

     Estimated total dynamical RAM >      21.95 GB

     The potential is recalculated from file :
     ./_ph0/nbn.q_6/nbn.save/charge-density

     Starting wfcs are   56 atomic wfcs

     Band Structure Calculation
     Davidson diagonalization with overlap

     ethr =  1.39E-11,  avg # of iterations = 26.2

     total cpu time spent up to now is      128.7 secs

     End of band structure calculation

     Number of k-points >= 100: set verbosity='high' to print the bands.

     the Fermi energy is    19.9997 ev

     Writing config to output data dir ./_ph0/nbn.q_6/nbn.save/ :
     XML data file

     --                                                                         

     bravais-lattice index     =            0
     lattice parameter (alat)  =       8.3571  a.u.
     unit-cell volume          =     583.6692 (a.u.)^3
     number of atoms/cell      =            8
     number of atomic types    =            2
     kinetic-energy cut-off    =     100.0000  Ry
     charge density cut-off    =     400.0000  Ry
     convergence threshold     =      1.0E-15
     beta                      =       0.1000
     number of iterations used =            4
     Exchange-correlation= PBE
                           (   1   4   3   4   0   0   0)


     celldm(1)=    8.35710  celldm(2)=    0.00000  celldm(3)=    0.00000
     celldm(4)=    0.00000  celldm(5)=    0.00000  celldm(6)=    0.00000

     crystal axes: (cart. coord. in units of alat)
               a(1) = (  1.0000  0.0000  0.0000 )  
               a(2) = (  0.0000  1.0000  0.0000 )  
               a(3) = (  0.0000  0.0000  1.0000 )  

     reciprocal axes: (cart. coord. in units 2 pi/alat)
               b(1) = (  1.0000  0.0000  0.0000 )  
               b(2) = (  0.0000  1.0000  0.0000 )  
               b(3) = (  0.0000  0.0000  1.0000 )  


     Atoms inside the unit cell: 

     Cartesian axes

     site n.  atom      mass           positions (alat units)
        1  Nb     92.9100   tau(    1) = (    0.23271    0.76729    0.23271  )
        2  Nb     92.9100   tau(    2) = (    0.76729    0.23271    0.23271  )
        3  Nb     92.9100   tau(    3) = (    0.76729    0.76729    0.76729  )
        4  Nb     92.9100   tau(    4) = (    0.23271    0.23271    0.76729  )
        5  N      14.0100   tau(    5) = (    0.73489    0.26511    0.73489  )
        6  N      14.0100   tau(    6) = (    0.26511    0.73489    0.73489  )
        7  N      14.0100   tau(    7) = (    0.26511    0.26511    0.26511  )
        8  N      14.0100   tau(    8) = (    0.73489    0.73489    0.26511  )

     Computing dynamical matrix for 
                    q = (   0.0000000  -0.5000000  -0.5000000 )
 
      9 Sym.Ops. (with q -> -q+G )


     G cutoff =  707.6385  (   4935 G-vectors)     FFT grid: ( 54, 54, 54)

     number of k points=  1100  Marzari-Vanderbilt smearing, width (Ry)=  0.0050

     PseudoPot. # 1 for Nb read from file:
     /pscratch/sd/m/mhussien/NbN/2025/All_data/bulk-press-epi/pristine/June_06/pseudo/Nb_pbe.upf
     MD5 check sum: 712dd6877a67fb2d3f70e8edbadf3134
     Pseudo is Norm-conserving + core correction, Zval = 13.0
     Generated using ONCVPSP code by D. R. Hamann
     Using radial grid of 1680 points,  6 beta functions with: 
                l(1) =   0
                l(2) =   0
                l(3) =   1
                l(4) =   1
                l(5) =   2
                l(6) =   2

     PseudoPot. # 2 for N  read from file:
     /pscratch/sd/m/mhussien/NbN/2025/All_data/bulk-press-epi/pristine/June_06/pseudo/N_pbe.upf
     MD5 check sum: d34365f73bb0e2ee98afc20ec3e87676
     Pseudo is Norm-conserving + core correction, Zval =  5.0
     Generated using ONCVPSP code by D. R. Hamann
     Using radial grid of 1058 points,  4 beta functions with: 
                l(1) =   0
                l(2) =   0
                l(3) =   1
                l(4) =   1

     Mode symmetry, D_2d (-42m) point group:


     Atomic displacements:
     There are   18 irreducible representations

     Representation     1      1 modes -  To be done

     Representation     2      1 modes -  To be done

     Representation     3      1 modes -  To be done

     Representation     4      1 modes -  To be done

     Representation     5      1 modes -  To be done

     Representation     6      1 modes -  To be done

     Representation     7      1 modes -  To be done

     Representation     8      1 modes -  To be done

     Representation     9      1 modes -  To be done

     Representation    10      1 modes -  To be done

     Representation    11      1 modes -  To be done

     Representation    12      1 modes -  To be done

     Representation    13      2 modes -  To be done

     Representation    14      2 modes -  To be done

     Representation    15      2 modes -  To be done

     Representation    16      2 modes -  To be done

     Representation    17      2 modes -  To be done

     Representation    18      2 modes -  To be done



     Alpha used in Ewald sum =   2.8000
     PHONON       :      2h37m CPU      2h43m WALL



     Representation #   1 mode #   1

     Self-consistent Calculation

      iter #   1 total cpu time :  9794.1 secs   av.it.:   7.6
      thresh= 1.000E-02 alpha_mix =  0.100 |ddv_scf|^2 =  4.571E-05

      iter #   2 total cpu time :  9795.5 secs   av.it.:  10.8
      thresh= 6.761E-04 alpha_mix =  0.100 |ddv_scf|^2 =  3.876E-07

      iter #   3 total cpu time :  9796.8 secs   av.it.:  11.2
      thresh= 6.226E-05 alpha_mix =  0.100 |ddv_scf|^2 =  2.152E-07

      iter #   4 total cpu time :  9798.4 secs   av.it.:  13.3
      thresh= 4.639E-05 alpha_mix =  0.100 |ddv_scf|^2 =  1.523E-08

      iter #   5 total cpu time :  9800.2 secs   av.it.:  13.2
      thresh= 1.234E-05 alpha_mix =  0.100 |ddv_scf|^2 =  2.157E-09

      iter #   6 total cpu time :  9801.8 secs   av.it.:  12.2
      thresh= 4.644E-06 alpha_mix =  0.100 |ddv_scf|^2 =  1.106E-09

      iter #   7 total cpu time :  9803.4 secs   av.it.:  13.6
      thresh= 3.326E-06 alpha_mix =  0.100 |ddv_scf|^2 =  6.878E-11

      iter #   8 total cpu time :  9805.0 secs   av.it.:  13.4
      thresh= 8.294E-07 alpha_mix =  0.100 |ddv_scf|^2 =  1.488E-11

      iter #   9 total cpu time :  9806.6 secs   av.it.:  13.8
      thresh= 3.857E-07 alpha_mix =  0.100 |ddv_scf|^2 =  2.140E-12

      iter #  10 total cpu time :  9808.1 secs   av.it.:  12.1
      thresh= 1.463E-07 alpha_mix =  0.100 |ddv_scf|^2 =  1.425E-12

      iter #  11 total cpu time :  9809.8 secs   av.it.:  13.3
      thresh= 1.194E-07 alpha_mix =  0.100 |ddv_scf|^2 =  5.305E-13

      iter #  12 total cpu time :  9811.4 secs   av.it.:  13.8
      thresh= 7.283E-08 alpha_mix =  0.100 |ddv_scf|^2 =  2.823E-14

      iter #  13 total cpu time :  9812.9 secs   av.it.:  12.0
      thresh= 1.680E-08 alpha_mix =  0.100 |ddv_scf|^2 =  1.927E-14

      iter #  14 total cpu time :  9814.5 secs   av.it.:  13.8
      thresh= 1.388E-08 alpha_mix =  0.100 |ddv_scf|^2 =  3.953E-15

      iter #  15 total cpu time :  9816.0 secs   av.it.:  12.6
      thresh= 6.287E-09 alpha_mix =  0.100 |ddv_scf|^2 =  2.407E-15

      iter #  16 total cpu time :  9817.6 secs   av.it.:  12.5
      thresh= 4.906E-09 alpha_mix =  0.100 |ddv_scf|^2 =  1.562E-15

      iter #  17 total cpu time :  9819.3 secs   av.it.:  13.5
      thresh= 3.952E-09 alpha_mix =  0.100 |ddv_scf|^2 =  6.622E-16

     End of self-consistent calculation

     Convergence has been achieved 


     Representation #   2 mode #   2

     Self-consistent Calculation

      iter #   1 total cpu time :  9820.4 secs   av.it.:   7.1
      thresh= 1.000E-02 alpha_mix =  0.100 |ddv_scf|^2 =  7.711E-06

      iter #   2 total cpu time :  9822.0 secs   av.it.:  10.9
      thresh= 2.777E-04 alpha_mix =  0.100 |ddv_scf|^2 =  4.196E-07

      iter #   3 total cpu time :  9823.7 secs   av.it.:  11.0
      thresh= 6.478E-05 alpha_mix =  0.100 |ddv_scf|^2 =  2.546E-07

      iter #   4 total cpu time :  9825.3 secs   av.it.:  13.2
      thresh= 5.045E-05 alpha_mix =  0.100 |ddv_scf|^2 =  7.956E-09

      iter #   5 total cpu time :  9827.2 secs   av.it.:  13.4
      thresh= 8.919E-06 alpha_mix =  0.100 |ddv_scf|^2 =  1.904E-09

      iter #   6 total cpu time :  9829.0 secs   av.it.:  13.1
      thresh= 4.363E-06 alpha_mix =  0.100 |ddv_scf|^2 =  4.546E-10

      iter #   7 total cpu time :  9830.8 secs   av.it.:  13.6
      thresh= 2.132E-06 alpha_mix =  0.100 |ddv_scf|^2 =  4.800E-11

      iter #   8 total cpu time :  9832.3 secs   av.it.:  12.5
      thresh= 6.928E-07 alpha_mix =  0.100 |ddv_scf|^2 =  2.185E-11

      iter #   9 total cpu time :  9833.9 secs   av.it.:  14.2
      thresh= 4.674E-07 alpha_mix =  0.100 |ddv_scf|^2 =  8.454E-13

      iter #  10 total cpu time :  9835.4 secs   av.it.:  12.6
      thresh= 9.195E-08 alpha_mix =  0.100 |ddv_scf|^2 =  4.448E-13

      iter #  11 total cpu time :  9837.1 secs   av.it.:  14.1
      thresh= 6.669E-08 alpha_mix =  0.100 |ddv_scf|^2 =  5.873E-14

      iter #  12 total cpu time :  9838.7 secs   av.it.:  13.3
      thresh= 2.423E-08 alpha_mix =  0.100 |ddv_scf|^2 =  1.609E-14

      iter #  13 total cpu time :  9840.1 secs   av.it.:  12.1
      thresh= 1.269E-08 alpha_mix =  0.100 |ddv_scf|^2 =  1.053E-14

      iter #  14 total cpu time :  9841.9 secs   av.it.:  13.8
      thresh= 1.026E-08 alpha_mix =  0.100 |ddv_scf|^2 =  8.572E-16

     End of self-consistent calculation

     Convergence has been achieved 


     Representation #   3 mode #   3

     Self-consistent Calculation

      iter #   1 total cpu time :  9843.4 secs   av.it.:   9.0
      thresh= 1.000E-02 alpha_mix =  0.100 |ddv_scf|^2 =  2.031E-04

      iter #   2 total cpu time :  9844.7 secs   av.it.:  10.8
      thresh= 1.425E-03 alpha_mix =  0.100 |ddv_scf|^2 =  3.183E-06

      iter #   3 total cpu time :  9846.2 secs   av.it.:  11.4
      thresh= 1.784E-04 alpha_mix =  0.100 |ddv_scf|^2 =  1.874E-06

      iter #   4 total cpu time :  9847.8 secs   av.it.:  12.8
      thresh= 1.369E-04 alpha_mix =  0.100 |ddv_scf|^2 =  1.186E-07

      iter #   5 total cpu time :  9849.4 secs   av.it.:  13.5
      thresh= 3.443E-05 alpha_mix =  0.100 |ddv_scf|^2 =  4.391E-09

      iter #   6 total cpu time :  9850.8 secs   av.it.:  11.5
      thresh= 6.626E-06 alpha_mix =  0.100 |ddv_scf|^2 =  3.077E-09

      iter #   7 total cpu time :  9852.5 secs   av.it.:  14.1
      thresh= 5.547E-06 alpha_mix =  0.100 |ddv_scf|^2 =  9.772E-11

      iter #   8 total cpu time :  9854.2 secs   av.it.:  12.9
      thresh= 9.885E-07 alpha_mix =  0.100 |ddv_scf|^2 =  4.157E-11

      iter #   9 total cpu time :  9855.8 secs   av.it.:  14.3
      thresh= 6.448E-07 alpha_mix =  0.100 |ddv_scf|^2 =  1.979E-12

      iter #  10 total cpu time :  9857.4 secs   av.it.:  12.2
      thresh= 1.407E-07 alpha_mix =  0.100 |ddv_scf|^2 =  1.329E-12

      iter #  11 total cpu time :  9859.3 secs   av.it.:  13.7
      thresh= 1.153E-07 alpha_mix =  0.100 |ddv_scf|^2 =  3.547E-13

      iter #  12 total cpu time :  9861.0 secs   av.it.:  13.3
      thresh= 5.955E-08 alpha_mix =  0.100 |ddv_scf|^2 =  1.538E-13

      iter #  13 total cpu time :  9862.6 secs   av.it.:  13.9
      thresh= 3.922E-08 alpha_mix =  0.100 |ddv_scf|^2 =  4.872E-14

      iter #  14 total cpu time :  9864.2 secs   av.it.:  12.8
      thresh= 2.207E-08 alpha_mix =  0.100 |ddv_scf|^2 =  3.243E-14

      iter #  15 total cpu time :  9865.6 secs   av.it.:  12.1
      thresh= 1.801E-08 alpha_mix =  0.100 |ddv_scf|^2 =  2.335E-14

      iter #  16 total cpu time :  9867.3 secs   av.it.:  13.9
      thresh= 1.528E-08 alpha_mix =  0.100 |ddv_scf|^2 =  1.525E-15

      iter #  17 total cpu time :  9868.9 secs   av.it.:  12.4
      thresh= 3.905E-09 alpha_mix =  0.100 |ddv_scf|^2 =  8.256E-16

     End of self-consistent calculation

     Convergence has been achieved 


     Representation #   4 mode #   4

     Self-consistent Calculation

      iter #   1 total cpu time :  9870.2 secs   av.it.:   8.5
      thresh= 1.000E-02 alpha_mix =  0.100 |ddv_scf|^2 =  3.820E-05

      iter #   2 total cpu time :  9871.7 secs   av.it.:  11.0
      thresh= 6.180E-04 alpha_mix =  0.100 |ddv_scf|^2 =  3.273E-06

      iter #   3 total cpu time :  9873.1 secs   av.it.:  11.1
      thresh= 1.809E-04 alpha_mix =  0.100 |ddv_scf|^2 =  1.870E-06

      iter #   4 total cpu time :  9874.6 secs   av.it.:  13.0
      thresh= 1.367E-04 alpha_mix =  0.100 |ddv_scf|^2 =  3.780E-08

      iter #   5 total cpu time :  9876.2 secs   av.it.:  13.3
      thresh= 1.944E-05 alpha_mix =  0.100 |ddv_scf|^2 =  5.071E-09

      iter #   6 total cpu time :  9877.7 secs   av.it.:  12.0
      thresh= 7.121E-06 alpha_mix =  0.100 |ddv_scf|^2 =  3.031E-09

      iter #   7 total cpu time :  9879.4 secs   av.it.:  14.3
      thresh= 5.505E-06 alpha_mix =  0.100 |ddv_scf|^2 =  5.495E-11

      iter #   8 total cpu time :  9881.0 secs   av.it.:  13.5
      thresh= 7.413E-07 alpha_mix =  0.100 |ddv_scf|^2 =  1.653E-11

      iter #   9 total cpu time :  9882.7 secs   av.it.:  14.6
      thresh= 4.066E-07 alpha_mix =  0.100 |ddv_scf|^2 =  1.296E-12

      iter #  10 total cpu time :  9884.2 secs   av.it.:  12.2
      thresh= 1.138E-07 alpha_mix =  0.100 |ddv_scf|^2 =  9.109E-13

      iter #  11 total cpu time :  9886.0 secs   av.it.:  13.2
      thresh= 9.544E-08 alpha_mix =  0.100 |ddv_scf|^2 =  4.581E-13

      iter #  12 total cpu time :  9887.9 secs   av.it.:  13.9
      thresh= 6.768E-08 alpha_mix =  0.100 |ddv_scf|^2 =  6.651E-14

      iter #  13 total cpu time :  9889.6 secs   av.it.:  13.4
      thresh= 2.579E-08 alpha_mix =  0.100 |ddv_scf|^2 =  3.390E-14

      iter #  14 total cpu time :  9891.4 secs   av.it.:  13.2
      thresh= 1.841E-08 alpha_mix =  0.100 |ddv_scf|^2 =  1.768E-14

      iter #  15 total cpu time :  9893.3 secs   av.it.:  12.8
      thresh= 1.330E-08 alpha_mix =  0.100 |ddv_scf|^2 =  1.212E-14

      iter #  16 total cpu time :  9895.1 secs   av.it.:  13.3
      thresh= 1.101E-08 alpha_mix =  0.100 |ddv_scf|^2 =  2.035E-15

      iter #  17 total cpu time :  9896.7 secs   av.it.:  13.1
      thresh= 4.511E-09 alpha_mix =  0.100 |ddv_scf|^2 =  9.216E-16

     End of self-consistent calculation

     Convergence has been achieved 


     Representation #   5 mode #   5

     Self-consistent Calculation

      iter #   1 total cpu time :  9897.9 secs   av.it.:   7.5
      thresh= 1.000E-02 alpha_mix =  0.100 |ddv_scf|^2 =  1.162E-06

      iter #   2 total cpu time :  9899.2 secs   av.it.:  10.5
      thresh= 1.078E-04 alpha_mix =  0.100 |ddv_scf|^2 =  7.833E-07

      iter #   3 total cpu time :  9900.8 secs   av.it.:  13.2
      thresh= 8.850E-05 alpha_mix =  0.100 |ddv_scf|^2 =  5.493E-09

      iter #   4 total cpu time :  9902.3 secs   av.it.:  13.2
      thresh= 7.412E-06 alpha_mix =  0.100 |ddv_scf|^2 =  1.457E-09

      iter #   5 total cpu time :  9904.1 secs   av.it.:  14.1
      thresh= 3.818E-06 alpha_mix =  0.100 |ddv_scf|^2 =  5.406E-11

      iter #   6 total cpu time :  9905.9 secs   av.it.:  14.1
      thresh= 7.353E-07 alpha_mix =  0.100 |ddv_scf|^2 =  3.955E-12

      iter #   7 total cpu time :  9907.4 secs   av.it.:  13.3
      thresh= 1.989E-07 alpha_mix =  0.100 |ddv_scf|^2 =  2.097E-12

      iter #   8 total cpu time :  9909.1 secs   av.it.:  13.9
      thresh= 1.448E-07 alpha_mix =  0.100 |ddv_scf|^2 =  1.626E-14

      iter #   9 total cpu time :  9910.4 secs   av.it.:  10.9
      thresh= 1.275E-08 alpha_mix =  0.100 |ddv_scf|^2 =  1.283E-14

      iter #  10 total cpu time :  9912.0 secs   av.it.:  13.9
      thresh= 1.133E-08 alpha_mix =  0.100 |ddv_scf|^2 =  1.755E-15

      iter #  11 total cpu time :  9913.5 secs   av.it.:  12.5
      thresh= 4.190E-09 alpha_mix =  0.100 |ddv_scf|^2 =  1.182E-15

      iter #  12 total cpu time :  9915.3 secs   av.it.:  14.1
      thresh= 3.438E-09 alpha_mix =  0.100 |ddv_scf|^2 =  1.030E-16

     End of self-consistent calculation

     Convergence has been achieved 


     Representation #   6 mode #   6

     Self-consistent Calculation

      iter #   1 total cpu time :  9916.7 secs   av.it.:   6.4
      thresh= 1.000E-02 alpha_mix =  0.100 |ddv_scf|^2 =  3.440E-07

      iter #   2 total cpu time :  9918.3 secs   av.it.:  10.8
      thresh= 5.865E-05 alpha_mix =  0.100 |ddv_scf|^2 =  2.384E-07

      iter #   3 total cpu time :  9920.1 secs   av.it.:  13.4
      thresh= 4.883E-05 alpha_mix =  0.100 |ddv_scf|^2 =  1.227E-09

      iter #   4 total cpu time :  9921.9 secs   av.it.:  12.9
      thresh= 3.502E-06 alpha_mix =  0.100 |ddv_scf|^2 =  6.197E-10

      iter #   5 total cpu time :  9923.8 secs   av.it.:  14.0
      thresh= 2.489E-06 alpha_mix =  0.100 |ddv_scf|^2 =  5.406E-11

      iter #   6 total cpu time :  9925.5 secs   av.it.:  13.8
      thresh= 7.353E-07 alpha_mix =  0.100 |ddv_scf|^2 =  3.006E-12

      iter #   7 total cpu time :  9927.0 secs   av.it.:  13.3
      thresh= 1.734E-07 alpha_mix =  0.100 |ddv_scf|^2 =  6.029E-13

      iter #   8 total cpu time :  9928.7 secs   av.it.:  14.4
      thresh= 7.765E-08 alpha_mix =  0.100 |ddv_scf|^2 =  1.376E-14

      iter #   9 total cpu time :  9930.2 secs   av.it.:  12.1
      thresh= 1.173E-08 alpha_mix =  0.100 |ddv_scf|^2 =  1.030E-14

      iter #  10 total cpu time :  9931.8 secs   av.it.:  14.1
      thresh= 1.015E-08 alpha_mix =  0.100 |ddv_scf|^2 =  5.179E-17

     End of self-consistent calculation

     Convergence has been achieved 


     Representation #   7 mode #   7

     Self-consistent Calculation

      iter #   1 total cpu time :  9933.1 secs   av.it.:   6.4
      thresh= 1.000E-02 alpha_mix =  0.100 |ddv_scf|^2 =  3.053E-07

      iter #   2 total cpu time :  9934.5 secs   av.it.:  10.9
      thresh= 5.525E-05 alpha_mix =  0.100 |ddv_scf|^2 =  2.125E-07

      iter #   3 total cpu time :  9936.2 secs   av.it.:  13.5
      thresh= 4.610E-05 alpha_mix =  0.100 |ddv_scf|^2 =  1.527E-09

      iter #   4 total cpu time :  9937.8 secs   av.it.:  13.2
      thresh= 3.907E-06 alpha_mix =  0.100 |ddv_scf|^2 =  5.932E-10

      iter #   5 total cpu time :  9939.4 secs   av.it.:  13.8
      thresh= 2.435E-06 alpha_mix =  0.100 |ddv_scf|^2 =  6.470E-11

      iter #   6 total cpu time :  9941.1 secs   av.it.:  14.0
      thresh= 8.044E-07 alpha_mix =  0.100 |ddv_scf|^2 =  2.816E-12

      iter #   7 total cpu time :  9942.8 secs   av.it.:  13.3
      thresh= 1.678E-07 alpha_mix =  0.100 |ddv_scf|^2 =  5.578E-13

      iter #   8 total cpu time :  9944.5 secs   av.it.:  14.4
      thresh= 7.469E-08 alpha_mix =  0.100 |ddv_scf|^2 =  1.414E-14

      iter #   9 total cpu time :  9946.0 secs   av.it.:  12.0
      thresh= 1.189E-08 alpha_mix =  0.100 |ddv_scf|^2 =  1.060E-14

      iter #  10 total cpu time :  9948.0 secs   av.it.:  14.2
      thresh= 1.029E-08 alpha_mix =  0.100 |ddv_scf|^2 =  9.566E-17

     End of self-consistent calculation

     Convergence has been achieved 


     Representation #   8 mode #   8

     Self-consistent Calculation

      iter #   1 total cpu time :  9949.4 secs   av.it.:   7.6
      thresh= 1.000E-02 alpha_mix =  0.100 |ddv_scf|^2 =  1.418E-06

      iter #   2 total cpu time :  9951.0 secs   av.it.:  10.6
      thresh= 1.191E-04 alpha_mix =  0.100 |ddv_scf|^2 =  9.438E-07

      iter #   3 total cpu time :  9952.7 secs   av.it.:  13.1
      thresh= 9.715E-05 alpha_mix =  0.100 |ddv_scf|^2 =  5.860E-09

      iter #   4 total cpu time :  9954.5 secs   av.it.:  13.1
      thresh= 7.655E-06 alpha_mix =  0.100 |ddv_scf|^2 =  1.718E-09

      iter #   5 total cpu time :  9956.1 secs   av.it.:  14.1
      thresh= 4.145E-06 alpha_mix =  0.100 |ddv_scf|^2 =  5.747E-11

      iter #   6 total cpu time :  9957.8 secs   av.it.:  14.1
      thresh= 7.581E-07 alpha_mix =  0.100 |ddv_scf|^2 =  4.644E-12

      iter #   7 total cpu time :  9959.4 secs   av.it.:  13.5
      thresh= 2.155E-07 alpha_mix =  0.100 |ddv_scf|^2 =  2.108E-12

      iter #   8 total cpu time :  9961.0 secs   av.it.:  14.0
      thresh= 1.452E-07 alpha_mix =  0.100 |ddv_scf|^2 =  1.665E-14

      iter #   9 total cpu time :  9962.4 secs   av.it.:  11.2
      thresh= 1.290E-08 alpha_mix =  0.100 |ddv_scf|^2 =  1.286E-14

      iter #  10 total cpu time :  9964.3 secs   av.it.:  14.2
      thresh= 1.134E-08 alpha_mix =  0.100 |ddv_scf|^2 =  1.983E-16

     End of self-consistent calculation

     Convergence has been achieved 


     Representation #   9 mode #   9

     Self-consistent Calculation

      iter #   1 total cpu time :  9965.5 secs   av.it.:   7.2
      thresh= 1.000E-02 alpha_mix =  0.100 |ddv_scf|^2 =  8.519E-06

      iter #   2 total cpu time :  9966.9 secs   av.it.:  10.9
      thresh= 2.919E-04 alpha_mix =  0.100 |ddv_scf|^2 =  6.409E-07

      iter #   3 total cpu time :  9968.3 secs   av.it.:  10.9
      thresh= 8.006E-05 alpha_mix =  0.100 |ddv_scf|^2 =  3.447E-07

      iter #   4 total cpu time :  9969.8 secs   av.it.:  13.2
      thresh= 5.871E-05 alpha_mix =  0.100 |ddv_scf|^2 =  3.753E-09

      iter #   5 total cpu time :  9971.5 secs   av.it.:  13.1
      thresh= 6.126E-06 alpha_mix =  0.100 |ddv_scf|^2 =  1.032E-09

      iter #   6 total cpu time :  9973.1 secs   av.it.:  13.7
      thresh= 3.212E-06 alpha_mix =  0.100 |ddv_scf|^2 =  1.957E-10

      iter #   7 total cpu time :  9974.7 secs   av.it.:  13.2
      thresh= 1.399E-06 alpha_mix =  0.100 |ddv_scf|^2 =  4.496E-11

      iter #   8 total cpu time :  9976.3 secs   av.it.:  13.1
      thresh= 6.706E-07 alpha_mix =  0.100 |ddv_scf|^2 =  1.316E-11

      iter #   9 total cpu time :  9978.1 secs   av.it.:  13.9
      thresh= 3.628E-07 alpha_mix =  0.100 |ddv_scf|^2 =  1.906E-12

      iter #  10 total cpu time :  9979.7 secs   av.it.:  12.6
      thresh= 1.381E-07 alpha_mix =  0.100 |ddv_scf|^2 =  9.819E-13

      iter #  11 total cpu time :  9981.6 secs   av.it.:  13.4
      thresh= 9.909E-08 alpha_mix =  0.100 |ddv_scf|^2 =  4.220E-13

      iter #  12 total cpu time :  9983.5 secs   av.it.:  13.6
      thresh= 6.496E-08 alpha_mix =  0.100 |ddv_scf|^2 =  1.427E-13

      iter #  13 total cpu time :  9985.1 secs   av.it.:  11.5
      thresh= 3.778E-08 alpha_mix =  0.100 |ddv_scf|^2 =  8.988E-14

      iter #  14 total cpu time :  9986.7 secs   av.it.:  13.4
      thresh= 2.998E-08 alpha_mix =  0.100 |ddv_scf|^2 =  2.681E-15

      iter #  15 total cpu time :  9988.1 secs   av.it.:  11.5
      thresh= 5.177E-09 alpha_mix =  0.100 |ddv_scf|^2 =  2.010E-15

      iter #  16 total cpu time :  9989.8 secs   av.it.:  14.1
      thresh= 4.483E-09 alpha_mix =  0.100 |ddv_scf|^2 =  3.247E-16

     End of self-consistent calculation

     Convergence has been achieved 


     Representation #  10 mode #  10

     Self-consistent Calculation

      iter #   1 total cpu time :  9991.2 secs   av.it.:   7.6
      thresh= 1.000E-02 alpha_mix =  0.100 |ddv_scf|^2 =  3.080E-05

      iter #   2 total cpu time :  9992.6 secs   av.it.:  10.9
      thresh= 5.550E-04 alpha_mix =  0.100 |ddv_scf|^2 =  5.548E-07

      iter #   3 total cpu time :  9993.9 secs   av.it.:  11.0
      thresh= 7.449E-05 alpha_mix =  0.100 |ddv_scf|^2 =  2.061E-07

      iter #   4 total cpu time :  9995.6 secs   av.it.:  13.5
      thresh= 4.540E-05 alpha_mix =  0.100 |ddv_scf|^2 =  3.758E-09

      iter #   5 total cpu time :  9997.4 secs   av.it.:  12.8
      thresh= 6.131E-06 alpha_mix =  0.100 |ddv_scf|^2 =  1.627E-09

      iter #   6 total cpu time :  9998.9 secs   av.it.:  12.8
      thresh= 4.033E-06 alpha_mix =  0.100 |ddv_scf|^2 =  7.637E-10

      iter #   7 total cpu time : 10000.6 secs   av.it.:  13.5
      thresh= 2.763E-06 alpha_mix =  0.100 |ddv_scf|^2 =  6.593E-11

      iter #   8 total cpu time : 10002.1 secs   av.it.:  12.3
      thresh= 8.120E-07 alpha_mix =  0.100 |ddv_scf|^2 =  3.651E-11

      iter #   9 total cpu time : 10004.0 secs   av.it.:  14.1
      thresh= 6.043E-07 alpha_mix =  0.100 |ddv_scf|^2 =  1.949E-12

      iter #  10 total cpu time : 10005.8 secs   av.it.:  12.8
      thresh= 1.396E-07 alpha_mix =  0.100 |ddv_scf|^2 =  1.028E-12

      iter #  11 total cpu time : 10007.4 secs   av.it.:  12.9
      thresh= 1.014E-07 alpha_mix =  0.100 |ddv_scf|^2 =  5.921E-13

      iter #  12 total cpu time : 10009.3 secs   av.it.:  13.8
      thresh= 7.695E-08 alpha_mix =  0.100 |ddv_scf|^2 =  2.110E-13

      iter #  13 total cpu time : 10010.9 secs   av.it.:  12.6
      thresh= 4.594E-08 alpha_mix =  0.100 |ddv_scf|^2 =  1.310E-13

      iter #  14 total cpu time : 10012.7 secs   av.it.:  13.6
      thresh= 3.620E-08 alpha_mix =  0.100 |ddv_scf|^2 =  3.432E-15

      iter #  15 total cpu time : 10014.2 secs   av.it.:  11.6
      thresh= 5.859E-09 alpha_mix =  0.100 |ddv_scf|^2 =  2.456E-15

      iter #  16 total cpu time : 10015.9 secs   av.it.:  12.7
      thresh= 4.956E-09 alpha_mix =  0.100 |ddv_scf|^2 =  1.226E-15

      iter #  17 total cpu time : 10017.6 secs   av.it.:  13.3
      thresh= 3.502E-09 alpha_mix =  0.100 |ddv_scf|^2 =  2.172E-16

     End of self-consistent calculation

     Convergence has been achieved 


     Representation #  11 mode #  11

     Self-consistent Calculation

      iter #   1 total cpu time : 10018.9 secs   av.it.:   8.9
      thresh= 1.000E-02 alpha_mix =  0.100 |ddv_scf|^2 =  1.178E-04

      iter #   2 total cpu time : 10020.3 secs   av.it.:  10.9
      thresh= 1.086E-03 alpha_mix =  0.100 |ddv_scf|^2 =  6.749E-06

      iter #   3 total cpu time : 10021.7 secs   av.it.:  11.3
      thresh= 2.598E-04 alpha_mix =  0.100 |ddv_scf|^2 =  1.946E-06

      iter #   4 total cpu time : 10023.3 secs   av.it.:  12.6
      thresh= 1.395E-04 alpha_mix =  0.100 |ddv_scf|^2 =  1.483E-07

      iter #   5 total cpu time : 10024.9 secs   av.it.:  13.4
      thresh= 3.851E-05 alpha_mix =  0.100 |ddv_scf|^2 =  3.988E-09

      iter #   6 total cpu time : 10026.3 secs   av.it.:  11.6
      thresh= 6.315E-06 alpha_mix =  0.100 |ddv_scf|^2 =  2.825E-09

      iter #   7 total cpu time : 10028.2 secs   av.it.:  14.2
      thresh= 5.315E-06 alpha_mix =  0.100 |ddv_scf|^2 =  1.069E-10

      iter #   8 total cpu time : 10029.7 secs   av.it.:  12.0
      thresh= 1.034E-06 alpha_mix =  0.100 |ddv_scf|^2 =  6.854E-11

      iter #   9 total cpu time : 10031.6 secs   av.it.:  14.3
      thresh= 8.279E-07 alpha_mix =  0.100 |ddv_scf|^2 =  3.963E-12

      iter #  10 total cpu time : 10033.1 secs   av.it.:  13.1
      thresh= 1.991E-07 alpha_mix =  0.100 |ddv_scf|^2 =  1.808E-12

      iter #  11 total cpu time : 10034.6 secs   av.it.:  12.4
      thresh= 1.345E-07 alpha_mix =  0.100 |ddv_scf|^2 =  1.036E-12

      iter #  12 total cpu time : 10036.3 secs   av.it.:  14.0
      thresh= 1.018E-07 alpha_mix =  0.100 |ddv_scf|^2 =  2.952E-13

      iter #  13 total cpu time : 10037.9 secs   av.it.:  13.2
      thresh= 5.434E-08 alpha_mix =  0.100 |ddv_scf|^2 =  1.771E-13

      iter #  14 total cpu time : 10039.9 secs   av.it.:  13.9
      thresh= 4.209E-08 alpha_mix =  0.100 |ddv_scf|^2 =  9.449E-15

      iter #  15 total cpu time : 10041.9 secs   av.it.:  12.3
      thresh= 9.720E-09 alpha_mix =  0.100 |ddv_scf|^2 =  5.443E-15

      iter #  16 total cpu time : 10044.4 secs   av.it.:  13.0
      thresh= 7.378E-09 alpha_mix =  0.100 |ddv_scf|^2 =  2.704E-15

      iter #  17 total cpu time : 10046.3 secs   av.it.:  13.4
      thresh= 5.200E-09 alpha_mix =  0.100 |ddv_scf|^2 =  6.346E-16

     End of self-consistent calculation

     Convergence has been achieved 


     Representation #  12 mode #  12

     Self-consistent Calculation

      iter #   1 total cpu time : 10048.3 secs   av.it.:   8.3
      thresh= 1.000E-02 alpha_mix =  0.100 |ddv_scf|^2 =  3.089E-05

      iter #   2 total cpu time : 10049.7 secs   av.it.:  10.9
      thresh= 5.558E-04 alpha_mix =  0.100 |ddv_scf|^2 =  2.697E-06

      iter #   3 total cpu time : 10051.1 secs   av.it.:  11.3
      thresh= 1.642E-04 alpha_mix =  0.100 |ddv_scf|^2 =  1.089E-06

      iter #   4 total cpu time : 10052.7 secs   av.it.:  12.8
      thresh= 1.044E-04 alpha_mix =  0.100 |ddv_scf|^2 =  9.248E-08

      iter #   5 total cpu time : 10054.3 secs   av.it.:  13.2
      thresh= 3.041E-05 alpha_mix =  0.100 |ddv_scf|^2 =  4.580E-09

      iter #   6 total cpu time : 10055.7 secs   av.it.:  11.7
      thresh= 6.767E-06 alpha_mix =  0.100 |ddv_scf|^2 =  2.910E-09

      iter #   7 total cpu time : 10057.3 secs   av.it.:  14.1
      thresh= 5.395E-06 alpha_mix =  0.100 |ddv_scf|^2 =  7.064E-11

      iter #   8 total cpu time : 10059.1 secs   av.it.:  12.3
      thresh= 8.405E-07 alpha_mix =  0.100 |ddv_scf|^2 =  3.934E-11

      iter #   9 total cpu time : 10060.8 secs   av.it.:  14.3
      thresh= 6.272E-07 alpha_mix =  0.100 |ddv_scf|^2 =  3.482E-12

      iter #  10 total cpu time : 10062.3 secs   av.it.:  13.2
      thresh= 1.866E-07 alpha_mix =  0.100 |ddv_scf|^2 =  1.347E-12

      iter #  11 total cpu time : 10064.0 secs   av.it.:  13.1
      thresh= 1.161E-07 alpha_mix =  0.100 |ddv_scf|^2 =  5.619E-13

      iter #  12 total cpu time : 10065.8 secs   av.it.:  14.2
      thresh= 7.496E-08 alpha_mix =  0.100 |ddv_scf|^2 =  1.062E-13

      iter #  13 total cpu time : 10067.4 secs   av.it.:  13.2
      thresh= 3.259E-08 alpha_mix =  0.100 |ddv_scf|^2 =  5.915E-14

      iter #  14 total cpu time : 10069.2 secs   av.it.:  13.3
      thresh= 2.432E-08 alpha_mix =  0.100 |ddv_scf|^2 =  2.790E-14

      iter #  15 total cpu time : 10070.8 secs   av.it.:  12.3
      thresh= 1.670E-08 alpha_mix =  0.100 |ddv_scf|^2 =  1.575E-14

      iter #  16 total cpu time : 10072.5 secs   av.it.:  13.7
      thresh= 1.255E-08 alpha_mix =  0.100 |ddv_scf|^2 =  1.002E-15

      iter #  17 total cpu time : 10074.3 secs   av.it.:  13.1
      thresh= 3.165E-09 alpha_mix =  0.100 |ddv_scf|^2 =  4.798E-16

     End of self-consistent calculation

     Convergence has been achieved 


     Representation #  13 modes #  13  14

     Self-consistent Calculation

      iter #   1 total cpu time : 10076.9 secs   av.it.:   6.8
      thresh= 1.000E-02 alpha_mix =  0.100 |ddv_scf|^2 =  2.114E-07

      iter #   2 total cpu time : 10079.9 secs   av.it.:  12.0
      thresh= 4.598E-05 alpha_mix =  0.100 |ddv_scf|^2 =  1.306E-07

      iter #   3 total cpu time : 10083.2 secs   av.it.:  14.3
      thresh= 3.613E-05 alpha_mix =  0.100 |ddv_scf|^2 =  1.962E-09

      iter #   4 total cpu time : 10086.3 secs   av.it.:  13.1
      thresh= 4.429E-06 alpha_mix =  0.100 |ddv_scf|^2 =  1.132E-09

      iter #   5 total cpu time : 10089.7 secs   av.it.:  15.1
      thresh= 3.364E-06 alpha_mix =  0.100 |ddv_scf|^2 =  4.706E-11

      iter #   6 total cpu time : 10093.2 secs   av.it.:  14.3
      thresh= 6.860E-07 alpha_mix =  0.100 |ddv_scf|^2 =  1.157E-11

      iter #   7 total cpu time : 10096.3 secs   av.it.:  13.1
      thresh= 3.402E-07 alpha_mix =  0.100 |ddv_scf|^2 =  7.058E-12

      iter #   8 total cpu time : 10099.8 secs   av.it.:  15.3
      thresh= 2.657E-07 alpha_mix =  0.100 |ddv_scf|^2 =  6.557E-13

      iter #   9 total cpu time : 10103.3 secs   av.it.:  14.2
      thresh= 8.097E-08 alpha_mix =  0.100 |ddv_scf|^2 =  3.380E-13

      iter #  10 total cpu time : 10106.8 secs   av.it.:  14.6
      thresh= 5.814E-08 alpha_mix =  0.100 |ddv_scf|^2 =  1.019E-13

      iter #  11 total cpu time : 10110.3 secs   av.it.:  13.5
      thresh= 3.192E-08 alpha_mix =  0.100 |ddv_scf|^2 =  5.427E-14

      iter #  12 total cpu time : 10113.7 secs   av.it.:  15.3
      thresh= 2.330E-08 alpha_mix =  0.100 |ddv_scf|^2 =  3.852E-15

      iter #  13 total cpu time : 10116.9 secs   av.it.:  13.1
      thresh= 6.207E-09 alpha_mix =  0.100 |ddv_scf|^2 =  2.810E-15

      iter #  14 total cpu time : 10120.3 secs   av.it.:  15.3
      thresh= 5.301E-09 alpha_mix =  0.100 |ddv_scf|^2 =  9.030E-16

     End of self-consistent calculation

     Convergence has been achieved 


     Representation #  14 modes #  15  16

     Self-consistent Calculation

      iter #   1 total cpu time : 10122.9 secs   av.it.:   7.8
      thresh= 1.000E-02 alpha_mix =  0.100 |ddv_scf|^2 =  1.002E-06

      iter #   2 total cpu time : 10125.8 secs   av.it.:  12.4
      thresh= 1.001E-04 alpha_mix =  0.100 |ddv_scf|^2 =  2.880E-07

      iter #   3 total cpu time : 10128.7 secs   av.it.:  12.5
      thresh= 5.367E-05 alpha_mix =  0.100 |ddv_scf|^2 =  1.540E-07

      iter #   4 total cpu time : 10132.1 secs   av.it.:  14.3
      thresh= 3.925E-05 alpha_mix =  0.100 |ddv_scf|^2 =  9.044E-09

      iter #   5 total cpu time : 10135.7 secs   av.it.:  14.5
      thresh= 9.510E-06 alpha_mix =  0.100 |ddv_scf|^2 =  1.007E-09

      iter #   6 total cpu time : 10139.1 secs   av.it.:  14.0
      thresh= 3.173E-06 alpha_mix =  0.100 |ddv_scf|^2 =  3.173E-10

      iter #   7 total cpu time : 10142.7 secs   av.it.:  15.1
      thresh= 1.781E-06 alpha_mix =  0.100 |ddv_scf|^2 =  5.227E-11

      iter #   8 total cpu time : 10146.1 secs   av.it.:  15.4
      thresh= 7.229E-07 alpha_mix =  0.100 |ddv_scf|^2 =  1.238E-12

      iter #   9 total cpu time : 10149.3 secs   av.it.:  13.7
      thresh= 1.113E-07 alpha_mix =  0.100 |ddv_scf|^2 =  8.568E-13

      iter #  10 total cpu time : 10152.8 secs   av.it.:  15.5
      thresh= 9.257E-08 alpha_mix =  0.100 |ddv_scf|^2 =  3.311E-14

      iter #  11 total cpu time : 10156.1 secs   av.it.:  13.2
      thresh= 1.820E-08 alpha_mix =  0.100 |ddv_scf|^2 =  2.219E-14

      iter #  12 total cpu time : 10159.5 secs   av.it.:  15.2
      thresh= 1.490E-08 alpha_mix =  0.100 |ddv_scf|^2 =  3.025E-15

      iter #  13 total cpu time : 10162.6 secs   av.it.:  13.2
      thresh= 5.500E-09 alpha_mix =  0.100 |ddv_scf|^2 =  1.878E-15

      iter #  14 total cpu time : 10166.1 secs   av.it.:  14.9
      thresh= 4.334E-09 alpha_mix =  0.100 |ddv_scf|^2 =  2.766E-16

     End of self-consistent calculation

     Convergence has been achieved 


     Representation #  15 modes #  17  18

     Self-consistent Calculation

      iter #   1 total cpu time : 10168.6 secs   av.it.:   7.5
      thresh= 1.000E-02 alpha_mix =  0.100 |ddv_scf|^2 =  5.865E-06

      iter #   2 total cpu time : 10171.7 secs   av.it.:  12.1
      thresh= 2.422E-04 alpha_mix =  0.100 |ddv_scf|^2 =  7.543E-08

      iter #   3 total cpu time : 10174.9 secs   av.it.:  12.3
      thresh= 2.746E-05 alpha_mix =  0.100 |ddv_scf|^2 =  4.183E-08

      iter #   4 total cpu time : 10178.4 secs   av.it.:  14.7
      thresh= 2.045E-05 alpha_mix =  0.100 |ddv_scf|^2 =  1.279E-09

      iter #   5 total cpu time : 10181.8 secs   av.it.:  14.4
      thresh= 3.576E-06 alpha_mix =  0.100 |ddv_scf|^2 =  3.298E-10

      iter #   6 total cpu time : 10185.2 secs   av.it.:  13.6
      thresh= 1.816E-06 alpha_mix =  0.100 |ddv_scf|^2 =  1.284E-10

      iter #   7 total cpu time : 10188.7 secs   av.it.:  14.9
      thresh= 1.133E-06 alpha_mix =  0.100 |ddv_scf|^2 =  1.267E-11

      iter #   8 total cpu time : 10191.9 secs   av.it.:  13.7
      thresh= 3.559E-07 alpha_mix =  0.100 |ddv_scf|^2 =  6.532E-12

      iter #   9 total cpu time : 10195.3 secs   av.it.:  15.3
      thresh= 2.556E-07 alpha_mix =  0.100 |ddv_scf|^2 =  2.991E-13

      iter #  10 total cpu time : 10198.9 secs   av.it.:  14.4
      thresh= 5.469E-08 alpha_mix =  0.100 |ddv_scf|^2 =  1.222E-13

      iter #  11 total cpu time : 10202.5 secs   av.it.:  13.5
      thresh= 3.496E-08 alpha_mix =  0.100 |ddv_scf|^2 =  8.249E-14

      iter #  12 total cpu time : 10206.2 secs   av.it.:  15.5
      thresh= 2.872E-08 alpha_mix =  0.100 |ddv_scf|^2 =  1.395E-14

      iter #  13 total cpu time : 10209.5 secs   av.it.:  13.6
      thresh= 1.181E-08 alpha_mix =  0.100 |ddv_scf|^2 =  8.992E-15

      iter #  14 total cpu time : 10212.9 secs   av.it.:  15.0
      thresh= 9.483E-09 alpha_mix =  0.100 |ddv_scf|^2 =  3.584E-15

      iter #  15 total cpu time : 10216.0 secs   av.it.:  12.3
      thresh= 5.987E-09 alpha_mix =  0.100 |ddv_scf|^2 =  2.774E-15

      iter #  16 total cpu time : 10219.4 secs   av.it.:  14.9
      thresh= 5.267E-09 alpha_mix =  0.100 |ddv_scf|^2 =  1.187E-16

     End of self-consistent calculation

     Convergence has been achieved 


     Representation #  16 modes #  19  20

     Self-consistent Calculation

      iter #   1 total cpu time : 10221.7 secs   av.it.:   7.4
      thresh= 1.000E-02 alpha_mix =  0.100 |ddv_scf|^2 =  5.195E-06

      iter #   2 total cpu time : 10224.8 secs   av.it.:  12.0
      thresh= 2.279E-04 alpha_mix =  0.100 |ddv_scf|^2 =  7.451E-08

      iter #   3 total cpu time : 10228.0 secs   av.it.:  12.3
      thresh= 2.730E-05 alpha_mix =  0.100 |ddv_scf|^2 =  4.283E-08

      iter #   4 total cpu time : 10231.4 secs   av.it.:  14.6
      thresh= 2.069E-05 alpha_mix =  0.100 |ddv_scf|^2 =  1.983E-09

      iter #   5 total cpu time : 10234.9 secs   av.it.:  14.6
      thresh= 4.453E-06 alpha_mix =  0.100 |ddv_scf|^2 =  2.017E-10

      iter #   6 total cpu time : 10238.3 secs   av.it.:  13.3
      thresh= 1.420E-06 alpha_mix =  0.100 |ddv_scf|^2 =  1.093E-10

      iter #   7 total cpu time : 10241.7 secs   av.it.:  15.2
      thresh= 1.046E-06 alpha_mix =  0.100 |ddv_scf|^2 =  1.035E-11

      iter #   8 total cpu time : 10244.8 secs   av.it.:  13.8
      thresh= 3.216E-07 alpha_mix =  0.100 |ddv_scf|^2 =  5.204E-12

      iter #   9 total cpu time : 10248.5 secs   av.it.:  15.2
      thresh= 2.281E-07 alpha_mix =  0.100 |ddv_scf|^2 =  3.448E-13

      iter #  10 total cpu time : 10251.6 secs   av.it.:  13.6
      thresh= 5.872E-08 alpha_mix =  0.100 |ddv_scf|^2 =  1.800E-13

      iter #  11 total cpu time : 10254.9 secs   av.it.:  14.6
      thresh= 4.243E-08 alpha_mix =  0.100 |ddv_scf|^2 =  7.248E-14

      iter #  12 total cpu time : 10258.6 secs   av.it.:  15.1
      thresh= 2.692E-08 alpha_mix =  0.100 |ddv_scf|^2 =  1.846E-14

      iter #  13 total cpu time : 10262.1 secs   av.it.:  15.1
      thresh= 1.359E-08 alpha_mix =  0.100 |ddv_scf|^2 =  3.116E-15

      iter #  14 total cpu time : 10265.5 secs   av.it.:  13.6
      thresh= 5.582E-09 alpha_mix =  0.100 |ddv_scf|^2 =  1.975E-15

      iter #  15 total cpu time : 10268.9 secs   av.it.:  14.2
      thresh= 4.444E-09 alpha_mix =  0.100 |ddv_scf|^2 =  1.085E-15

      iter #  16 total cpu time : 10272.2 secs   av.it.:  14.6
      thresh= 3.294E-09 alpha_mix =  0.100 |ddv_scf|^2 =  2.763E-16

     End of self-consistent calculation

     Convergence has been achieved 


     Representation #  17 modes #  21  22

     Self-consistent Calculation

      iter #   1 total cpu time : 10274.8 secs   av.it.:   9.0
      thresh= 1.000E-02 alpha_mix =  0.100 |ddv_scf|^2 =  4.166E-05

      iter #   2 total cpu time : 10278.0 secs   av.it.:  12.2
      thresh= 6.455E-04 alpha_mix =  0.100 |ddv_scf|^2 =  1.201E-06

      iter #   3 total cpu time : 10280.9 secs   av.it.:  12.3
      thresh= 1.096E-04 alpha_mix =  0.100 |ddv_scf|^2 =  4.631E-07

      iter #   4 total cpu time : 10284.1 secs   av.it.:  14.0
      thresh= 6.805E-05 alpha_mix =  0.100 |ddv_scf|^2 =  2.992E-08

      iter #   5 total cpu time : 10287.5 secs   av.it.:  14.8
      thresh= 1.730E-05 alpha_mix =  0.100 |ddv_scf|^2 =  1.216E-09

      iter #   6 total cpu time : 10290.7 secs   av.it.:  12.8
      thresh= 3.487E-06 alpha_mix =  0.100 |ddv_scf|^2 =  8.009E-10

      iter #   7 total cpu time : 10294.4 secs   av.it.:  15.3
      thresh= 2.830E-06 alpha_mix =  0.100 |ddv_scf|^2 =  4.144E-11

      iter #   8 total cpu time : 10297.8 secs   av.it.:  13.8
      thresh= 6.437E-07 alpha_mix =  0.100 |ddv_scf|^2 =  1.972E-11

      iter #   9 total cpu time : 10301.4 secs   av.it.:  15.2
      thresh= 4.441E-07 alpha_mix =  0.100 |ddv_scf|^2 =  2.249E-12

      iter #  10 total cpu time : 10304.7 secs   av.it.:  14.5
      thresh= 1.500E-07 alpha_mix =  0.100 |ddv_scf|^2 =  7.947E-13

      iter #  11 total cpu time : 10308.0 secs   av.it.:  13.2
      thresh= 8.915E-08 alpha_mix =  0.100 |ddv_scf|^2 =  5.047E-13

      iter #  12 total cpu time : 10311.5 secs   av.it.:  15.1
      thresh= 7.104E-08 alpha_mix =  0.100 |ddv_scf|^2 =  1.056E-13

      iter #  13 total cpu time : 10315.1 secs   av.it.:  13.4
      thresh= 3.249E-08 alpha_mix =  0.100 |ddv_scf|^2 =  7.069E-14

      iter #  14 total cpu time : 10318.8 secs   av.it.:  15.0
      thresh= 2.659E-08 alpha_mix =  0.100 |ddv_scf|^2 =  4.501E-15

      iter #  15 total cpu time : 10322.2 secs   av.it.:  12.5
      thresh= 6.709E-09 alpha_mix =  0.100 |ddv_scf|^2 =  3.187E-15

      iter #  16 total cpu time : 10326.0 secs   av.it.:  15.0
      thresh= 5.645E-09 alpha_mix =  0.100 |ddv_scf|^2 =  1.282E-16

     End of self-consistent calculation

     Convergence has been achieved 


     Representation #  18 modes #  23  24

     Self-consistent Calculation

      iter #   1 total cpu time : 10328.7 secs   av.it.:   8.4
      thresh= 1.000E-02 alpha_mix =  0.100 |ddv_scf|^2 =  5.627E-06

      iter #   2 total cpu time : 10331.6 secs   av.it.:  12.3
      thresh= 2.372E-04 alpha_mix =  0.100 |ddv_scf|^2 =  6.236E-07

      iter #   3 total cpu time : 10334.6 secs   av.it.:  12.4
      thresh= 7.897E-05 alpha_mix =  0.100 |ddv_scf|^2 =  3.170E-07

      iter #   4 total cpu time : 10337.8 secs   av.it.:  14.3
      thresh= 5.630E-05 alpha_mix =  0.100 |ddv_scf|^2 =  1.163E-08

      iter #   5 total cpu time : 10341.2 secs   av.it.:  14.6
      thresh= 1.079E-05 alpha_mix =  0.100 |ddv_scf|^2 =  1.292E-09

      iter #   6 total cpu time : 10344.3 secs   av.it.:  13.5
      thresh= 3.595E-06 alpha_mix =  0.100 |ddv_scf|^2 =  6.730E-10

      iter #   7 total cpu time : 10347.8 secs   av.it.:  15.4
      thresh= 2.594E-06 alpha_mix =  0.100 |ddv_scf|^2 =  2.990E-11

      iter #   8 total cpu time : 10351.5 secs   av.it.:  15.2
      thresh= 5.468E-07 alpha_mix =  0.100 |ddv_scf|^2 =  2.484E-12

      iter #   9 total cpu time : 10355.2 secs   av.it.:  14.9
      thresh= 1.576E-07 alpha_mix =  0.100 |ddv_scf|^2 =  1.118E-12

      iter #  10 total cpu time : 10358.7 secs   av.it.:  14.7
      thresh= 1.057E-07 alpha_mix =  0.100 |ddv_scf|^2 =  4.688E-13

      iter #  11 total cpu time : 10362.5 secs   av.it.:  14.4
      thresh= 6.847E-08 alpha_mix =  0.100 |ddv_scf|^2 =  2.655E-13

      iter #  12 total cpu time : 10366.1 secs   av.it.:  15.2
      thresh= 5.153E-08 alpha_mix =  0.100 |ddv_scf|^2 =  2.616E-14

      iter #  13 total cpu time : 10369.4 secs   av.it.:  14.2
      thresh= 1.617E-08 alpha_mix =  0.100 |ddv_scf|^2 =  8.757E-15

      iter #  14 total cpu time : 10372.6 secs   av.it.:  13.3
      thresh= 9.358E-09 alpha_mix =  0.100 |ddv_scf|^2 =  5.827E-15

      iter #  15 total cpu time : 10375.9 secs   av.it.:  14.6
      thresh= 7.633E-09 alpha_mix =  0.100 |ddv_scf|^2 =  2.342E-15

      iter #  16 total cpu time : 10379.5 secs   av.it.:  14.6
      thresh= 4.839E-09 alpha_mix =  0.100 |ddv_scf|^2 =  7.054E-16

     End of self-consistent calculation

     Convergence has been achieved 
 
     Number of q in the star =    3
     List of q in the star:
          1   0.000000000  -0.500000000  -0.500000000
          2  -0.500000000  -0.500000000   0.000000000
          3  -0.500000000   0.000000000   0.500000000

     Diagonalizing the dynamical matrix

     q = (    0.000000000  -0.500000000  -0.500000000 ) 

 **************************************************************************
     freq (    1) =       3.697666 [THz] =     123.340874 [cm-1]
     freq (    2) =       3.697666 [THz] =     123.340874 [cm-1]
     freq (    3) =       3.989776 [THz] =     133.084603 [cm-1]
     freq (    4) =       4.405986 [THz] =     146.967868 [cm-1]
     freq (    5) =       4.439098 [THz] =     148.072383 [cm-1]
     freq (    6) =       4.543451 [THz] =     151.553214 [cm-1]
     freq (    7) =       4.543451 [THz] =     151.553214 [cm-1]
     freq (    8) =       5.261436 [THz] =     175.502615 [cm-1]
     freq (    9) =       6.092860 [THz] =     203.235933 [cm-1]
     freq (   10) =       6.092860 [THz] =     203.235933 [cm-1]
     freq (   11) =       6.480035 [THz] =     216.150697 [cm-1]
     freq (   12) =       7.545644 [THz] =     251.695588 [cm-1]
     freq (   13) =      12.488851 [THz] =     416.583241 [cm-1]
     freq (   14) =      13.012525 [THz] =     434.051106 [cm-1]
     freq (   15) =      13.012525 [THz] =     434.051106 [cm-1]
     freq (   16) =      13.828086 [THz] =     461.255285 [cm-1]
     freq (   17) =      15.933853 [THz] =     531.496130 [cm-1]
     freq (   18) =      15.933853 [THz] =     531.496130 [cm-1]
     freq (   19) =      15.965016 [THz] =     532.535597 [cm-1]
     freq (   20) =      15.989775 [THz] =     533.361473 [cm-1]
     freq (   21) =      16.719837 [THz] =     557.713719 [cm-1]
     freq (   22) =      16.719837 [THz] =     557.713719 [cm-1]
     freq (   23) =      17.292325 [THz] =     576.809890 [cm-1]
     freq (   24) =      17.544007 [THz] =     585.205095 [cm-1]
 **************************************************************************

     Mode symmetry, D_2d (-42m) point group:

     freq (   1-   2) =        123.3  [cm-1]   --> E    X_5  W_3      
     freq (   3-   3) =        133.1  [cm-1]   --> A_1  X_1  W_1      
     freq (   4-   4) =        147.0  [cm-1]   --> B_2  X_3  W_2      
     freq (   5-   5) =        148.1  [cm-1]   --> A_2  X_4  W_2'     
     freq (   6-   7) =        151.6  [cm-1]   --> E    X_5  W_3      
     freq (   8-   8) =        175.5  [cm-1]   --> B_1  X_2  W_1'     
     freq (   9-  10) =        203.2  [cm-1]   --> E    X_5  W_3      
     freq (  11-  11) =        216.2  [cm-1]   --> B_2  X_3  W_2      
     freq (  12-  12) =        251.7  [cm-1]   --> A_1  X_1  W_1      
     freq (  13-  13) =        416.6  [cm-1]   --> A_1  X_1  W_1      
     freq (  14-  15) =        434.1  [cm-1]   --> E    X_5  W_3      
     freq (  16-  16) =        461.3  [cm-1]   --> B_2  X_3  W_2      
     freq (  17-  18) =        531.5  [cm-1]   --> E    X_5  W_3      
     freq (  19-  19) =        532.5  [cm-1]   --> A_2  X_4  W_2'     
     freq (  20-  20) =        533.4  [cm-1]   --> B_1  X_2  W_1'     
     freq (  21-  22) =        557.7  [cm-1]   --> E    X_5  W_3      
     freq (  23-  23) =        576.8  [cm-1]   --> A_1  X_1  W_1      
     freq (  24-  24) =        585.2  [cm-1]   --> B_2  X_3  W_2      

     Calculation of q =    0.2500000   0.2500000   0.2500000
 
     Parallelization info
     --------------------
     sticks:   dense  smooth     PW     G-vecs:    dense   smooth      PW
     Min         139     139     41                 4933     4933     805
     Max         140     140     42                 4936     4936     808
     Sum        2225    2225    665                78949    78949   12893
 
     Using Slab Decomposition
 

     Title: 
     --                                                                         


     bravais-lattice index     =            0
     lattice parameter (alat)  =       8.3571  a.u.
     unit-cell volume          =     583.6692 (a.u.)^3
     number of atoms/cell      =            8
     number of atomic types    =            2
     number of electrons       =        72.00
     number of Kohn-Sham states=           43
     kinetic-energy cutoff     =     100.0000  Ry
     charge density cutoff     =     400.0000  Ry
     Exchange-correlation= PBE
                           (   1   4   3   4   0   0   0)

     celldm(1)=   8.357100  celldm(2)=   0.000000  celldm(3)=   0.000000
     celldm(4)=   0.000000  celldm(5)=   0.000000  celldm(6)=   0.000000

     crystal axes: (cart. coord. in units of alat)
               a(1) = (   1.000000   0.000000   0.000000 )  
               a(2) = (   0.000000   1.000000   0.000000 )  
               a(3) = (   0.000000   0.000000   1.000000 )  

     reciprocal axes: (cart. coord. in units 2 pi/alat)
               b(1) = (  1.000000  0.000000  0.000000 )  
               b(2) = (  0.000000  1.000000  0.000000 )  
               b(3) = (  0.000000  0.000000  1.000000 )  


     PseudoPot. # 1 for Nb read from file:
     /pscratch/sd/m/mhussien/NbN/2025/All_data/bulk-press-epi/pristine/June_06/pseudo/Nb_pbe.upf
     MD5 check sum: 712dd6877a67fb2d3f70e8edbadf3134
     Pseudo is Norm-conserving + core correction, Zval = 13.0
     Generated using ONCVPSP code by D. R. Hamann
     Using radial grid of 1680 points,  6 beta functions with: 
                l(1) =   0
                l(2) =   0
                l(3) =   1
                l(4) =   1
                l(5) =   2
                l(6) =   2

     PseudoPot. # 2 for N  read from file:
     /pscratch/sd/m/mhussien/NbN/2025/All_data/bulk-press-epi/pristine/June_06/pseudo/N_pbe.upf
     MD5 check sum: d34365f73bb0e2ee98afc20ec3e87676
     Pseudo is Norm-conserving + core correction, Zval =  5.0
     Generated using ONCVPSP code by D. R. Hamann
     Using radial grid of 1058 points,  4 beta functions with: 
                l(1) =   0
                l(2) =   0
                l(3) =   1
                l(4) =   1

     atomic species   valence    mass     pseudopotential
     Nb               13.00    92.91000     Nb( 1.00)
     N                 5.00    14.01000     N ( 1.00)

     24 Sym. Ops. (no inversion) found



   Cartesian axes

     site n.     atom                  positions (alat units)
         1        Nb     tau(   1) = (   0.2327065   0.7672935   0.2327065  )
         2        Nb     tau(   2) = (   0.7672935   0.2327065   0.2327065  )
         3        Nb     tau(   3) = (   0.7672935   0.7672935   0.7672935  )
         4        Nb     tau(   4) = (   0.2327065   0.2327065   0.7672935  )
         5        N      tau(   5) = (   0.7348907   0.2651093   0.7348907  )
         6        N      tau(   6) = (   0.2651093   0.7348907   0.7348907  )
         7        N      tau(   7) = (   0.2651093   0.2651093   0.2651093  )
         8        N      tau(   8) = (   0.7348907   0.7348907   0.2651093  )

     number of k points=  2280  Marzari-Vanderbilt smearing, width (Ry)=  0.0050

     Number of k-points >= 100: set verbosity='high' to print them.

     Dense  grid:    78949 G-vectors     FFT dimensions: (  54,  54,  54)

     Estimated max dynamical RAM per process >      10.94 MB

     Estimated total dynamical RAM >      21.88 GB

     The potential is recalculated from file :
     ./_ph0/nbn.q_7/nbn.save/charge-density

     Starting wfcs are   56 atomic wfcs

     Band Structure Calculation
     Davidson diagonalization with overlap

     ethr =  1.39E-11,  avg # of iterations = 26.5

     total cpu time spent up to now is      143.5 secs

     End of band structure calculation

     Number of k-points >= 100: set verbosity='high' to print the bands.

     the Fermi energy is    19.9997 ev

     Writing config to output data dir ./_ph0/nbn.q_7/nbn.save/ :
     XML data file

     --                                                                         

     bravais-lattice index     =            0
     lattice parameter (alat)  =       8.3571  a.u.
     unit-cell volume          =     583.6692 (a.u.)^3
     number of atoms/cell      =            8
     number of atomic types    =            2
     kinetic-energy cut-off    =     100.0000  Ry
     charge density cut-off    =     400.0000  Ry
     convergence threshold     =      1.0E-15
     beta                      =       0.1000
     number of iterations used =            4
     Exchange-correlation= PBE
                           (   1   4   3   4   0   0   0)


     celldm(1)=    8.35710  celldm(2)=    0.00000  celldm(3)=    0.00000
     celldm(4)=    0.00000  celldm(5)=    0.00000  celldm(6)=    0.00000

     crystal axes: (cart. coord. in units of alat)
               a(1) = (  1.0000  0.0000  0.0000 )  
               a(2) = (  0.0000  1.0000  0.0000 )  
               a(3) = (  0.0000  0.0000  1.0000 )  

     reciprocal axes: (cart. coord. in units 2 pi/alat)
               b(1) = (  1.0000  0.0000  0.0000 )  
               b(2) = (  0.0000  1.0000  0.0000 )  
               b(3) = (  0.0000  0.0000  1.0000 )  


     Atoms inside the unit cell: 

     Cartesian axes

     site n.  atom      mass           positions (alat units)
        1  Nb     92.9100   tau(    1) = (    0.23271    0.76729    0.23271  )
        2  Nb     92.9100   tau(    2) = (    0.76729    0.23271    0.23271  )
        3  Nb     92.9100   tau(    3) = (    0.76729    0.76729    0.76729  )
        4  Nb     92.9100   tau(    4) = (    0.23271    0.23271    0.76729  )
        5  N      14.0100   tau(    5) = (    0.73489    0.26511    0.73489  )
        6  N      14.0100   tau(    6) = (    0.26511    0.73489    0.73489  )
        7  N      14.0100   tau(    7) = (    0.26511    0.26511    0.26511  )
        8  N      14.0100   tau(    8) = (    0.73489    0.73489    0.26511  )

     Computing dynamical matrix for 
                    q = (   0.2500000   0.2500000   0.2500000 )
 
      6 Sym.Ops. (no q -> -q+G )


     G cutoff =  707.6385  (   4935 G-vectors)     FFT grid: ( 54, 54, 54)

     number of k points=  2280  Marzari-Vanderbilt smearing, width (Ry)=  0.0050

     PseudoPot. # 1 for Nb read from file:
     /pscratch/sd/m/mhussien/NbN/2025/All_data/bulk-press-epi/pristine/June_06/pseudo/Nb_pbe.upf
     MD5 check sum: 712dd6877a67fb2d3f70e8edbadf3134
     Pseudo is Norm-conserving + core correction, Zval = 13.0
     Generated using ONCVPSP code by D. R. Hamann
     Using radial grid of 1680 points,  6 beta functions with: 
                l(1) =   0
                l(2) =   0
                l(3) =   1
                l(4) =   1
                l(5) =   2
                l(6) =   2

     PseudoPot. # 2 for N  read from file:
     /pscratch/sd/m/mhussien/NbN/2025/All_data/bulk-press-epi/pristine/June_06/pseudo/N_pbe.upf
     MD5 check sum: d34365f73bb0e2ee98afc20ec3e87676
     Pseudo is Norm-conserving + core correction, Zval =  5.0
     Generated using ONCVPSP code by D. R. Hamann
     Using radial grid of 1058 points,  4 beta functions with: 
                l(1) =   0
                l(2) =   0
                l(3) =   1
                l(4) =   1

     Mode symmetry, C_3v (3m)   point group:


     Atomic displacements:
     There are   16 irreducible representations

     Representation     1      1 modes -  To be done

     Representation     2      1 modes -  To be done

     Representation     3      1 modes -  To be done

     Representation     4      1 modes -  To be done

     Representation     5      1 modes -  To be done

     Representation     6      1 modes -  To be done

     Representation     7      1 modes -  To be done

     Representation     8      1 modes -  To be done

     Representation     9      2 modes -  To be done

     Representation    10      2 modes -  To be done

     Representation    11      2 modes -  To be done

     Representation    12      2 modes -  To be done

     Representation    13      2 modes -  To be done

     Representation    14      2 modes -  To be done

     Representation    15      2 modes -  To be done

     Representation    16      2 modes -  To be done



     Alpha used in Ewald sum =   2.8000
     PHONON       :      2h47m CPU      2h53m WALL



     Representation #   1 mode #   1

     Self-consistent Calculation

      iter #   1 total cpu time : 10397.1 secs   av.it.:   7.5
      thresh= 1.000E-02 alpha_mix =  0.100 |ddv_scf|^2 =  2.071E-04

      iter #   2 total cpu time : 10399.4 secs   av.it.:  10.3
      thresh= 1.439E-03 alpha_mix =  0.100 |ddv_scf|^2 =  2.904E-04

      iter #   3 total cpu time : 10401.5 secs   av.it.:   9.2
      thresh= 1.704E-03 alpha_mix =  0.100 |ddv_scf|^2 =  4.172E-07

      iter #   4 total cpu time : 10404.1 secs   av.it.:  12.2
      thresh= 6.459E-05 alpha_mix =  0.100 |ddv_scf|^2 =  1.231E-07

      iter #   5 total cpu time : 10406.8 secs   av.it.:  12.9
      thresh= 3.509E-05 alpha_mix =  0.100 |ddv_scf|^2 =  1.961E-08

      iter #   6 total cpu time : 10409.4 secs   av.it.:  12.7
      thresh= 1.400E-05 alpha_mix =  0.100 |ddv_scf|^2 =  5.348E-09

      iter #   7 total cpu time : 10412.5 secs   av.it.:  13.3
      thresh= 7.313E-06 alpha_mix =  0.100 |ddv_scf|^2 =  9.856E-10

      iter #   8 total cpu time : 10415.2 secs   av.it.:  13.4
      thresh= 3.139E-06 alpha_mix =  0.100 |ddv_scf|^2 =  5.525E-10

      iter #   9 total cpu time : 10417.9 secs   av.it.:  11.5
      thresh= 2.351E-06 alpha_mix =  0.100 |ddv_scf|^2 =  2.935E-10

      iter #  10 total cpu time : 10420.6 secs   av.it.:  13.3
      thresh= 1.713E-06 alpha_mix =  0.100 |ddv_scf|^2 =  4.928E-11

      iter #  11 total cpu time : 10423.3 secs   av.it.:  12.9
      thresh= 7.020E-07 alpha_mix =  0.100 |ddv_scf|^2 =  2.286E-11

      iter #  12 total cpu time : 10426.0 secs   av.it.:  12.7
      thresh= 4.782E-07 alpha_mix =  0.100 |ddv_scf|^2 =  9.477E-12

      iter #  13 total cpu time : 10429.1 secs   av.it.:  13.3
      thresh= 3.078E-07 alpha_mix =  0.100 |ddv_scf|^2 =  3.556E-12

      iter #  14 total cpu time : 10432.3 secs   av.it.:  13.5
      thresh= 1.886E-07 alpha_mix =  0.100 |ddv_scf|^2 =  1.187E-12

      iter #  15 total cpu time : 10435.2 secs   av.it.:  12.7
      thresh= 1.089E-07 alpha_mix =  0.100 |ddv_scf|^2 =  7.209E-13

      iter #  16 total cpu time : 10437.8 secs   av.it.:  11.2
      thresh= 8.491E-08 alpha_mix =  0.100 |ddv_scf|^2 =  4.166E-13

      iter #  17 total cpu time : 10440.5 secs   av.it.:  13.4
      thresh= 6.455E-08 alpha_mix =  0.100 |ddv_scf|^2 =  1.273E-13

      iter #  18 total cpu time : 10443.1 secs   av.it.:  11.9
      thresh= 3.568E-08 alpha_mix =  0.100 |ddv_scf|^2 =  1.157E-13

      iter #  19 total cpu time : 10445.7 secs   av.it.:  12.1
      thresh= 3.401E-08 alpha_mix =  0.100 |ddv_scf|^2 =  4.400E-14

      iter #  20 total cpu time : 10448.3 secs   av.it.:  12.5
      thresh= 2.098E-08 alpha_mix =  0.100 |ddv_scf|^2 =  2.077E-14

      iter #  21 total cpu time : 10450.9 secs   av.it.:  12.0
      thresh= 1.441E-08 alpha_mix =  0.100 |ddv_scf|^2 =  1.336E-14

      iter #  22 total cpu time : 10453.4 secs   av.it.:  11.9
      thresh= 1.156E-08 alpha_mix =  0.100 |ddv_scf|^2 =  1.101E-14

      iter #  23 total cpu time : 10456.1 secs   av.it.:  12.5
      thresh= 1.049E-08 alpha_mix =  0.100 |ddv_scf|^2 =  3.874E-15

      iter #  24 total cpu time : 10458.7 secs   av.it.:  11.9
      thresh= 6.224E-09 alpha_mix =  0.100 |ddv_scf|^2 =  2.848E-15

      iter #  25 total cpu time : 10461.7 secs   av.it.:  11.5
      thresh= 5.337E-09 alpha_mix =  0.100 |ddv_scf|^2 =  1.843E-15

      iter #  26 total cpu time : 10464.8 secs   av.it.:  13.2
      thresh= 4.293E-09 alpha_mix =  0.100 |ddv_scf|^2 =  7.813E-16

     End of self-consistent calculation

     Convergence has been achieved 


     Representation #   2 mode #   2

     Self-consistent Calculation

      iter #   1 total cpu time : 10467.1 secs   av.it.:   7.8
      thresh= 1.000E-02 alpha_mix =  0.100 |ddv_scf|^2 =  4.350E-04

      iter #   2 total cpu time : 10469.4 secs   av.it.:  10.3
      thresh= 2.086E-03 alpha_mix =  0.100 |ddv_scf|^2 =  6.113E-04

      iter #   3 total cpu time : 10471.4 secs   av.it.:   9.2
      thresh= 2.472E-03 alpha_mix =  0.100 |ddv_scf|^2 =  4.624E-07

      iter #   4 total cpu time : 10474.1 secs   av.it.:  11.6
      thresh= 6.800E-05 alpha_mix =  0.100 |ddv_scf|^2 =  1.738E-07

      iter #   5 total cpu time : 10476.8 secs   av.it.:  12.9
      thresh= 4.169E-05 alpha_mix =  0.100 |ddv_scf|^2 =  2.554E-08

      iter #   6 total cpu time : 10479.5 secs   av.it.:  12.7
      thresh= 1.598E-05 alpha_mix =  0.100 |ddv_scf|^2 =  7.580E-09

      iter #   7 total cpu time : 10482.3 secs   av.it.:  13.4
      thresh= 8.706E-06 alpha_mix =  0.100 |ddv_scf|^2 =  7.414E-10

      iter #   8 total cpu time : 10486.0 secs   av.it.:  13.1
      thresh= 2.723E-06 alpha_mix =  0.100 |ddv_scf|^2 =  4.972E-10

      iter #   9 total cpu time : 10488.7 secs   av.it.:  12.7
      thresh= 2.230E-06 alpha_mix =  0.100 |ddv_scf|^2 =  2.700E-10

      iter #  10 total cpu time : 10491.7 secs   av.it.:  13.2
      thresh= 1.643E-06 alpha_mix =  0.100 |ddv_scf|^2 =  4.665E-11

      iter #  11 total cpu time : 10494.5 secs   av.it.:  12.1
      thresh= 6.830E-07 alpha_mix =  0.100 |ddv_scf|^2 =  4.099E-11

      iter #  12 total cpu time : 10498.2 secs   av.it.:  13.1
      thresh= 6.402E-07 alpha_mix =  0.100 |ddv_scf|^2 =  9.604E-12

      iter #  13 total cpu time : 10501.1 secs   av.it.:  12.8
      thresh= 3.099E-07 alpha_mix =  0.100 |ddv_scf|^2 =  4.438E-12

      iter #  14 total cpu time : 10503.8 secs   av.it.:  13.5
      thresh= 2.107E-07 alpha_mix =  0.100 |ddv_scf|^2 =  1.235E-12

      iter #  15 total cpu time : 10506.5 secs   av.it.:  12.7
      thresh= 1.111E-07 alpha_mix =  0.100 |ddv_scf|^2 =  7.603E-13

      iter #  16 total cpu time : 10509.2 secs   av.it.:  12.1
      thresh= 8.720E-08 alpha_mix =  0.100 |ddv_scf|^2 =  5.377E-13

      iter #  17 total cpu time : 10512.2 secs   av.it.:  13.3
      thresh= 7.333E-08 alpha_mix =  0.100 |ddv_scf|^2 =  2.992E-13

      iter #  18 total cpu time : 10514.8 secs   av.it.:  11.9
      thresh= 5.470E-08 alpha_mix =  0.100 |ddv_scf|^2 =  1.099E-13

      iter #  19 total cpu time : 10517.8 secs   av.it.:  13.0
      thresh= 3.315E-08 alpha_mix =  0.100 |ddv_scf|^2 =  4.344E-14

      iter #  20 total cpu time : 10520.3 secs   av.it.:  12.0
      thresh= 2.084E-08 alpha_mix =  0.100 |ddv_scf|^2 =  2.067E-14

      iter #  21 total cpu time : 10523.0 secs   av.it.:  11.9
      thresh= 1.438E-08 alpha_mix =  0.100 |ddv_scf|^2 =  1.268E-14

      iter #  22 total cpu time : 10526.0 secs   av.it.:  13.0
      thresh= 1.126E-08 alpha_mix =  0.100 |ddv_scf|^2 =  9.367E-15

      iter #  23 total cpu time : 10528.9 secs   av.it.:  12.4
      thresh= 9.678E-09 alpha_mix =  0.100 |ddv_scf|^2 =  2.295E-15

      iter #  24 total cpu time : 10531.7 secs   av.it.:  13.1
      thresh= 4.791E-09 alpha_mix =  0.100 |ddv_scf|^2 =  5.459E-16

     End of self-consistent calculation

     Convergence has been achieved 


     Representation #   3 mode #   3

     Self-consistent Calculation

      iter #   1 total cpu time : 10534.1 secs   av.it.:   9.4
      thresh= 1.000E-02 alpha_mix =  0.100 |ddv_scf|^2 =  2.260E-03

      iter #   2 total cpu time : 10536.3 secs   av.it.:  10.3
      thresh= 4.753E-03 alpha_mix =  0.100 |ddv_scf|^2 =  2.971E-03

      iter #   3 total cpu time : 10538.4 secs   av.it.:   9.2
      thresh= 5.451E-03 alpha_mix =  0.100 |ddv_scf|^2 =  5.913E-06

      iter #   4 total cpu time : 10540.8 secs   av.it.:  11.7
      thresh= 2.432E-04 alpha_mix =  0.100 |ddv_scf|^2 =  1.177E-06

      iter #   5 total cpu time : 10543.7 secs   av.it.:  12.5
      thresh= 1.085E-04 alpha_mix =  0.100 |ddv_scf|^2 =  1.178E-07

      iter #   6 total cpu time : 10546.4 secs   av.it.:  12.8
      thresh= 3.433E-05 alpha_mix =  0.100 |ddv_scf|^2 =  2.504E-08

      iter #   7 total cpu time : 10549.4 secs   av.it.:  13.7
      thresh= 1.583E-05 alpha_mix =  0.100 |ddv_scf|^2 =  3.231E-09

      iter #   8 total cpu time : 10552.1 secs   av.it.:  12.7
      thresh= 5.684E-06 alpha_mix =  0.100 |ddv_scf|^2 =  2.280E-09

      iter #   9 total cpu time : 10555.2 secs   av.it.:  12.4
      thresh= 4.775E-06 alpha_mix =  0.100 |ddv_scf|^2 =  1.670E-09

      iter #  10 total cpu time : 10558.3 secs   av.it.:  13.4
      thresh= 4.087E-06 alpha_mix =  0.100 |ddv_scf|^2 =  2.051E-10

      iter #  11 total cpu time : 10561.1 secs   av.it.:  13.6
      thresh= 1.432E-06 alpha_mix =  0.100 |ddv_scf|^2 =  8.541E-11

      iter #  12 total cpu time : 10563.8 secs   av.it.:  12.7
      thresh= 9.242E-07 alpha_mix =  0.100 |ddv_scf|^2 =  3.991E-11

      iter #  13 total cpu time : 10566.5 secs   av.it.:  12.3
      thresh= 6.317E-07 alpha_mix =  0.100 |ddv_scf|^2 =  2.819E-11

      iter #  14 total cpu time : 10569.3 secs   av.it.:  13.0
      thresh= 5.309E-07 alpha_mix =  0.100 |ddv_scf|^2 =  3.873E-12

      iter #  15 total cpu time : 10572.2 secs   av.it.:  12.7
      thresh= 1.968E-07 alpha_mix =  0.100 |ddv_scf|^2 =  1.752E-12

      iter #  16 total cpu time : 10575.2 secs   av.it.:  12.9
      thresh= 1.324E-07 alpha_mix =  0.100 |ddv_scf|^2 =  1.076E-12

      iter #  17 total cpu time : 10578.2 secs   av.it.:  12.8
      thresh= 1.037E-07 alpha_mix =  0.100 |ddv_scf|^2 =  5.899E-13

      iter #  18 total cpu time : 10581.0 secs   av.it.:  13.5
      thresh= 7.680E-08 alpha_mix =  0.100 |ddv_scf|^2 =  1.830E-13

      iter #  19 total cpu time : 10583.8 secs   av.it.:  12.9
      thresh= 4.278E-08 alpha_mix =  0.100 |ddv_scf|^2 =  1.104E-13

      iter #  20 total cpu time : 10586.8 secs   av.it.:  12.3
      thresh= 3.323E-08 alpha_mix =  0.100 |ddv_scf|^2 =  3.986E-14

      iter #  21 total cpu time : 10589.8 secs   av.it.:  13.4
      thresh= 1.996E-08 alpha_mix =  0.100 |ddv_scf|^2 =  9.976E-15

      iter #  22 total cpu time : 10592.6 secs   av.it.:  12.2
      thresh= 9.988E-09 alpha_mix =  0.100 |ddv_scf|^2 =  6.658E-15

      iter #  23 total cpu time : 10595.5 secs   av.it.:  12.8
      thresh= 8.160E-09 alpha_mix =  0.100 |ddv_scf|^2 =  4.645E-15

      iter #  24 total cpu time : 10598.3 secs   av.it.:  12.9
      thresh= 6.816E-09 alpha_mix =  0.100 |ddv_scf|^2 =  1.749E-15

      iter #  25 total cpu time : 10601.3 secs   av.it.:  13.2
      thresh= 4.182E-09 alpha_mix =  0.100 |ddv_scf|^2 =  8.328E-16

     End of self-consistent calculation

     Convergence has been achieved 


     Representation #   4 mode #   4

     Self-consistent Calculation

      iter #   1 total cpu time : 10603.6 secs   av.it.:   9.2
      thresh= 1.000E-02 alpha_mix =  0.100 |ddv_scf|^2 =  1.167E-03

      iter #   2 total cpu time : 10606.0 secs   av.it.:  10.4
      thresh= 3.416E-03 alpha_mix =  0.100 |ddv_scf|^2 =  1.593E-03

      iter #   3 total cpu time : 10608.4 secs   av.it.:   9.2
      thresh= 3.992E-03 alpha_mix =  0.100 |ddv_scf|^2 =  4.834E-06

      iter #   4 total cpu time : 10610.9 secs   av.it.:  11.8
      thresh= 2.199E-04 alpha_mix =  0.100 |ddv_scf|^2 =  1.119E-06

      iter #   5 total cpu time : 10613.6 secs   av.it.:  12.8
      thresh= 1.058E-04 alpha_mix =  0.100 |ddv_scf|^2 =  9.004E-08

      iter #   6 total cpu time : 10616.3 secs   av.it.:  12.8
      thresh= 3.001E-05 alpha_mix =  0.100 |ddv_scf|^2 =  1.971E-08

      iter #   7 total cpu time : 10619.3 secs   av.it.:  13.4
      thresh= 1.404E-05 alpha_mix =  0.100 |ddv_scf|^2 =  3.952E-09

      iter #   8 total cpu time : 10622.4 secs   av.it.:  13.4
      thresh= 6.287E-06 alpha_mix =  0.100 |ddv_scf|^2 =  2.255E-09

      iter #   9 total cpu time : 10625.3 secs   av.it.:  12.4
      thresh= 4.749E-06 alpha_mix =  0.100 |ddv_scf|^2 =  8.114E-10

      iter #  10 total cpu time : 10628.0 secs   av.it.:  13.2
      thresh= 2.848E-06 alpha_mix =  0.100 |ddv_scf|^2 =  1.742E-10

      iter #  11 total cpu time : 10630.9 secs   av.it.:  12.9
      thresh= 1.320E-06 alpha_mix =  0.100 |ddv_scf|^2 =  9.175E-11

      iter #  12 total cpu time : 10633.6 secs   av.it.:  13.4
      thresh= 9.578E-07 alpha_mix =  0.100 |ddv_scf|^2 =  2.574E-11

      iter #  13 total cpu time : 10636.4 secs   av.it.:  13.0
      thresh= 5.074E-07 alpha_mix =  0.100 |ddv_scf|^2 =  4.706E-12

      iter #  14 total cpu time : 10639.2 secs   av.it.:  12.4
      thresh= 2.169E-07 alpha_mix =  0.100 |ddv_scf|^2 =  2.593E-12

      iter #  15 total cpu time : 10641.9 secs   av.it.:  12.2
      thresh= 1.610E-07 alpha_mix =  0.100 |ddv_scf|^2 =  9.214E-13

      iter #  16 total cpu time : 10644.9 secs   av.it.:  13.7
      thresh= 9.599E-08 alpha_mix =  0.100 |ddv_scf|^2 =  4.243E-13

      iter #  17 total cpu time : 10647.7 secs   av.it.:  13.3
      thresh= 6.514E-08 alpha_mix =  0.100 |ddv_scf|^2 =  1.897E-13

      iter #  18 total cpu time : 10650.9 secs   av.it.:  13.2
      thresh= 4.355E-08 alpha_mix =  0.100 |ddv_scf|^2 =  1.100E-13

      iter #  19 total cpu time : 10653.9 secs   av.it.:  13.3
      thresh= 3.317E-08 alpha_mix =  0.100 |ddv_scf|^2 =  3.612E-14

      iter #  20 total cpu time : 10656.6 secs   av.it.:  12.1
      thresh= 1.900E-08 alpha_mix =  0.100 |ddv_scf|^2 =  2.301E-14

      iter #  21 total cpu time : 10659.1 secs   av.it.:  11.3
      thresh= 1.517E-08 alpha_mix =  0.100 |ddv_scf|^2 =  1.684E-14

      iter #  22 total cpu time : 10662.0 secs   av.it.:  13.3
      thresh= 1.298E-08 alpha_mix =  0.100 |ddv_scf|^2 =  3.074E-15

      iter #  23 total cpu time : 10664.7 secs   av.it.:  12.9
      thresh= 5.544E-09 alpha_mix =  0.100 |ddv_scf|^2 =  1.701E-15

      iter #  24 total cpu time : 10667.5 secs   av.it.:  12.0
      thresh= 4.125E-09 alpha_mix =  0.100 |ddv_scf|^2 =  1.329E-15

      iter #  25 total cpu time : 10670.2 secs   av.it.:  11.3
      thresh= 3.646E-09 alpha_mix =  0.100 |ddv_scf|^2 =  7.581E-16

     End of self-consistent calculation

     Convergence has been achieved 


     Representation #   5 mode #   5

     Self-consistent Calculation

      iter #   1 total cpu time : 10672.4 secs   av.it.:   8.9
      thresh= 1.000E-02 alpha_mix =  0.100 |ddv_scf|^2 =  1.140E-03

      iter #   2 total cpu time : 10675.0 secs   av.it.:  10.3
      thresh= 3.376E-03 alpha_mix =  0.100 |ddv_scf|^2 =  1.540E-03

      iter #   3 total cpu time : 10677.5 secs   av.it.:   9.2
      thresh= 3.925E-03 alpha_mix =  0.100 |ddv_scf|^2 =  2.357E-06

      iter #   4 total cpu time : 10680.1 secs   av.it.:  11.8
      thresh= 1.535E-04 alpha_mix =  0.100 |ddv_scf|^2 =  7.580E-07

      iter #   5 total cpu time : 10683.1 secs   av.it.:  12.9
      thresh= 8.706E-05 alpha_mix =  0.100 |ddv_scf|^2 =  5.104E-08

      iter #   6 total cpu time : 10685.8 secs   av.it.:  12.9
      thresh= 2.259E-05 alpha_mix =  0.100 |ddv_scf|^2 =  1.346E-08

      iter #   7 total cpu time : 10688.6 secs   av.it.:  13.5
      thresh= 1.160E-05 alpha_mix =  0.100 |ddv_scf|^2 =  3.369E-09

      iter #   8 total cpu time : 10691.2 secs   av.it.:  12.8
      thresh= 5.804E-06 alpha_mix =  0.100 |ddv_scf|^2 =  2.342E-09

      iter #   9 total cpu time : 10694.2 secs   av.it.:  12.8
      thresh= 4.839E-06 alpha_mix =  0.100 |ddv_scf|^2 =  1.470E-09

      iter #  10 total cpu time : 10697.2 secs   av.it.:  13.1
      thresh= 3.834E-06 alpha_mix =  0.100 |ddv_scf|^2 =  1.654E-10

      iter #  11 total cpu time : 10700.2 secs   av.it.:  13.1
      thresh= 1.286E-06 alpha_mix =  0.100 |ddv_scf|^2 =  9.969E-11

      iter #  12 total cpu time : 10702.8 secs   av.it.:  12.4
      thresh= 9.985E-07 alpha_mix =  0.100 |ddv_scf|^2 =  3.866E-11

      iter #  13 total cpu time : 10705.7 secs   av.it.:  13.0
      thresh= 6.218E-07 alpha_mix =  0.100 |ddv_scf|^2 =  1.504E-11

      iter #  14 total cpu time : 10708.7 secs   av.it.:  13.5
      thresh= 3.878E-07 alpha_mix =  0.100 |ddv_scf|^2 =  4.195E-12

      iter #  15 total cpu time : 10711.6 secs   av.it.:  12.8
      thresh= 2.048E-07 alpha_mix =  0.100 |ddv_scf|^2 =  2.124E-12

      iter #  16 total cpu time : 10714.7 secs   av.it.:  13.4
      thresh= 1.457E-07 alpha_mix =  0.100 |ddv_scf|^2 =  6.917E-13

      iter #  17 total cpu time : 10717.5 secs   av.it.:  13.2
      thresh= 8.317E-08 alpha_mix =  0.100 |ddv_scf|^2 =  5.689E-13

      iter #  18 total cpu time : 10720.4 secs   av.it.:  13.0
      thresh= 7.543E-08 alpha_mix =  0.100 |ddv_scf|^2 =  1.889E-13

      iter #  19 total cpu time : 10723.3 secs   av.it.:  14.2
      thresh= 4.346E-08 alpha_mix =  0.100 |ddv_scf|^2 =  3.043E-14

      iter #  20 total cpu time : 10726.1 secs   av.it.:  13.2
      thresh= 1.745E-08 alpha_mix =  0.100 |ddv_scf|^2 =  1.964E-14

      iter #  21 total cpu time : 10729.0 secs   av.it.:  12.2
      thresh= 1.402E-08 alpha_mix =  0.100 |ddv_scf|^2 =  8.383E-15

      iter #  22 total cpu time : 10731.8 secs   av.it.:  13.4
      thresh= 9.156E-09 alpha_mix =  0.100 |ddv_scf|^2 =  3.751E-15

      iter #  23 total cpu time : 10734.8 secs   av.it.:  12.8
      thresh= 6.124E-09 alpha_mix =  0.100 |ddv_scf|^2 =  2.314E-15

      iter #  24 total cpu time : 10737.6 secs   av.it.:  13.1
      thresh= 4.811E-09 alpha_mix =  0.100 |ddv_scf|^2 =  1.659E-15

      iter #  25 total cpu time : 10740.5 secs   av.it.:  11.7
      thresh= 4.073E-09 alpha_mix =  0.100 |ddv_scf|^2 =  9.116E-16

     End of self-consistent calculation

     Convergence has been achieved 


     Representation #   6 mode #   6

     Self-consistent Calculation

      iter #   1 total cpu time : 10742.8 secs   av.it.:   7.8
      thresh= 1.000E-02 alpha_mix =  0.100 |ddv_scf|^2 =  1.951E-04

      iter #   2 total cpu time : 10745.4 secs   av.it.:  10.4
      thresh= 1.397E-03 alpha_mix =  0.100 |ddv_scf|^2 =  2.494E-04

      iter #   3 total cpu time : 10747.7 secs   av.it.:   9.3
      thresh= 1.579E-03 alpha_mix =  0.100 |ddv_scf|^2 =  8.613E-07

      iter #   4 total cpu time : 10750.1 secs   av.it.:  11.3
      thresh= 9.281E-05 alpha_mix =  0.100 |ddv_scf|^2 =  2.098E-07

      iter #   5 total cpu time : 10752.8 secs   av.it.:  13.2
      thresh= 4.580E-05 alpha_mix =  0.100 |ddv_scf|^2 =  9.194E-09

      iter #   6 total cpu time : 10755.5 secs   av.it.:  12.5
      thresh= 9.588E-06 alpha_mix =  0.100 |ddv_scf|^2 =  4.236E-09

      iter #   7 total cpu time : 10758.3 secs   av.it.:  13.8
      thresh= 6.508E-06 alpha_mix =  0.100 |ddv_scf|^2 =  2.823E-10

      iter #   8 total cpu time : 10761.1 secs   av.it.:  12.2
      thresh= 1.680E-06 alpha_mix =  0.100 |ddv_scf|^2 =  1.878E-10

      iter #   9 total cpu time : 10764.0 secs   av.it.:  12.5
      thresh= 1.370E-06 alpha_mix =  0.100 |ddv_scf|^2 =  9.954E-11

      iter #  10 total cpu time : 10766.6 secs   av.it.:  12.2
      thresh= 9.977E-07 alpha_mix =  0.100 |ddv_scf|^2 =  2.760E-11

      iter #  11 total cpu time : 10769.6 secs   av.it.:  13.5
      thresh= 5.254E-07 alpha_mix =  0.100 |ddv_scf|^2 =  1.133E-11

      iter #  12 total cpu time : 10772.7 secs   av.it.:  12.7
      thresh= 3.365E-07 alpha_mix =  0.100 |ddv_scf|^2 =  5.180E-12

      iter #  13 total cpu time : 10775.6 secs   av.it.:  12.0
      thresh= 2.276E-07 alpha_mix =  0.100 |ddv_scf|^2 =  3.798E-12

      iter #  14 total cpu time : 10778.8 secs   av.it.:  13.8
      thresh= 1.949E-07 alpha_mix =  0.100 |ddv_scf|^2 =  8.599E-13

      iter #  15 total cpu time : 10781.9 secs   av.it.:  12.3
      thresh= 9.273E-08 alpha_mix =  0.100 |ddv_scf|^2 =  6.195E-13

      iter #  16 total cpu time : 10784.6 secs   av.it.:  11.9
      thresh= 7.871E-08 alpha_mix =  0.100 |ddv_scf|^2 =  3.345E-13

      iter #  17 total cpu time : 10787.5 secs   av.it.:  13.2
      thresh= 5.783E-08 alpha_mix =  0.100 |ddv_scf|^2 =  8.531E-14

      iter #  18 total cpu time : 10790.4 secs   av.it.:  12.6
      thresh= 2.921E-08 alpha_mix =  0.100 |ddv_scf|^2 =  5.052E-14

      iter #  19 total cpu time : 10793.5 secs   av.it.:  13.0
      thresh= 2.248E-08 alpha_mix =  0.100 |ddv_scf|^2 =  3.653E-14

      iter #  20 total cpu time : 10796.4 secs   av.it.:  12.3
      thresh= 1.911E-08 alpha_mix =  0.100 |ddv_scf|^2 =  5.145E-15

      iter #  21 total cpu time : 10799.1 secs   av.it.:  12.3
      thresh= 7.173E-09 alpha_mix =  0.100 |ddv_scf|^2 =  2.860E-15

      iter #  22 total cpu time : 10802.0 secs   av.it.:  12.8
      thresh= 5.348E-09 alpha_mix =  0.100 |ddv_scf|^2 =  1.700E-15

      iter #  23 total cpu time : 10804.6 secs   av.it.:  11.1
      thresh= 4.124E-09 alpha_mix =  0.100 |ddv_scf|^2 =  9.896E-16

     End of self-consistent calculation

     Convergence has been achieved 


     Representation #   7 mode #   7

     Self-consistent Calculation

      iter #   1 total cpu time : 10807.1 secs   av.it.:   7.8
      thresh= 1.000E-02 alpha_mix =  0.100 |ddv_scf|^2 =  1.766E-06

      iter #   2 total cpu time : 10809.6 secs   av.it.:  10.7
      thresh= 1.329E-04 alpha_mix =  0.100 |ddv_scf|^2 =  1.153E-06

      iter #   3 total cpu time : 10812.4 secs   av.it.:  13.3
      thresh= 1.074E-04 alpha_mix =  0.100 |ddv_scf|^2 =  7.141E-09

      iter #   4 total cpu time : 10815.2 secs   av.it.:  13.3
      thresh= 8.450E-06 alpha_mix =  0.100 |ddv_scf|^2 =  2.084E-09

      iter #   5 total cpu time : 10818.1 secs   av.it.:  14.4
      thresh= 4.565E-06 alpha_mix =  0.100 |ddv_scf|^2 =  7.392E-11

      iter #   6 total cpu time : 10821.1 secs   av.it.:  14.4
      thresh= 8.598E-07 alpha_mix =  0.100 |ddv_scf|^2 =  4.948E-12

      iter #   7 total cpu time : 10824.2 secs   av.it.:  14.0
      thresh= 2.224E-07 alpha_mix =  0.100 |ddv_scf|^2 =  2.210E-12

      iter #   8 total cpu time : 10827.2 secs   av.it.:  14.3
      thresh= 1.487E-07 alpha_mix =  0.100 |ddv_scf|^2 =  1.801E-14

      iter #   9 total cpu time : 10829.6 secs   av.it.:  11.2
      thresh= 1.342E-08 alpha_mix =  0.100 |ddv_scf|^2 =  1.395E-14

      iter #  10 total cpu time : 10832.7 secs   av.it.:  14.1
      thresh= 1.181E-08 alpha_mix =  0.100 |ddv_scf|^2 =  9.007E-16

     End of self-consistent calculation

     Convergence has been achieved 


     Representation #   8 mode #   8

     Self-consistent Calculation

      iter #   1 total cpu time : 10834.8 secs   av.it.:   6.7
      thresh= 1.000E-02 alpha_mix =  0.100 |ddv_scf|^2 =  4.313E-07

      iter #   2 total cpu time : 10837.4 secs   av.it.:  10.9
      thresh= 6.568E-05 alpha_mix =  0.100 |ddv_scf|^2 =  2.903E-07

      iter #   3 total cpu time : 10840.5 secs   av.it.:  13.6
      thresh= 5.388E-05 alpha_mix =  0.100 |ddv_scf|^2 =  3.154E-09

      iter #   4 total cpu time : 10843.4 secs   av.it.:  13.5
      thresh= 5.616E-06 alpha_mix =  0.100 |ddv_scf|^2 =  7.735E-10

      iter #   5 total cpu time : 10846.2 secs   av.it.:  13.7
      thresh= 2.781E-06 alpha_mix =  0.100 |ddv_scf|^2 =  7.176E-11

      iter #   6 total cpu time : 10849.1 secs   av.it.:  14.5
      thresh= 8.471E-07 alpha_mix =  0.100 |ddv_scf|^2 =  2.386E-12

      iter #   7 total cpu time : 10852.0 secs   av.it.:  13.4
      thresh= 1.545E-07 alpha_mix =  0.100 |ddv_scf|^2 =  5.040E-13

      iter #   8 total cpu time : 10855.4 secs   av.it.:  14.6
      thresh= 7.099E-08 alpha_mix =  0.100 |ddv_scf|^2 =  1.341E-14

      iter #   9 total cpu time : 10858.2 secs   av.it.:  12.3
      thresh= 1.158E-08 alpha_mix =  0.100 |ddv_scf|^2 =  1.006E-14

      iter #  10 total cpu time : 10861.2 secs   av.it.:  14.4
      thresh= 1.003E-08 alpha_mix =  0.100 |ddv_scf|^2 =  7.676E-17

     End of self-consistent calculation

     Convergence has been achieved 


     Representation #   9 modes #   9  10

     Self-consistent Calculation

      iter #   1 total cpu time : 10865.2 secs   av.it.:   7.4
      thresh= 1.000E-02 alpha_mix =  0.100 |ddv_scf|^2 =  2.187E-06

      iter #   2 total cpu time : 10870.6 secs   av.it.:  12.4
      thresh= 1.479E-04 alpha_mix =  0.100 |ddv_scf|^2 =  2.071E-07

      iter #   3 total cpu time : 10876.1 secs   av.it.:  12.8
      thresh= 4.550E-05 alpha_mix =  0.100 |ddv_scf|^2 =  5.120E-08

      iter #   4 total cpu time : 10882.0 secs   av.it.:  14.6
      thresh= 2.263E-05 alpha_mix =  0.100 |ddv_scf|^2 =  2.323E-09

      iter #   5 total cpu time : 10887.8 secs   av.it.:  14.4
      thresh= 4.820E-06 alpha_mix =  0.100 |ddv_scf|^2 =  5.240E-10

      iter #   6 total cpu time : 10893.7 secs   av.it.:  13.8
      thresh= 2.289E-06 alpha_mix =  0.100 |ddv_scf|^2 =  2.493E-10

      iter #   7 total cpu time : 10899.9 secs   av.it.:  15.1
      thresh= 1.579E-06 alpha_mix =  0.100 |ddv_scf|^2 =  1.573E-11

      iter #   8 total cpu time : 10905.5 secs   av.it.:  13.2
      thresh= 3.967E-07 alpha_mix =  0.100 |ddv_scf|^2 =  1.019E-11

      iter #   9 total cpu time : 10911.7 secs   av.it.:  15.2
      thresh= 3.192E-07 alpha_mix =  0.100 |ddv_scf|^2 =  1.294E-12

      iter #  10 total cpu time : 10917.3 secs   av.it.:  14.1
      thresh= 1.137E-07 alpha_mix =  0.100 |ddv_scf|^2 =  5.170E-13

      iter #  11 total cpu time : 10923.8 secs   av.it.:  15.2
      thresh= 7.191E-08 alpha_mix =  0.100 |ddv_scf|^2 =  3.440E-14

      iter #  12 total cpu time : 10929.9 secs   av.it.:  14.0
      thresh= 1.855E-08 alpha_mix =  0.100 |ddv_scf|^2 =  2.005E-14

      iter #  13 total cpu time : 10936.0 secs   av.it.:  14.8
      thresh= 1.416E-08 alpha_mix =  0.100 |ddv_scf|^2 =  7.831E-15

      iter #  14 total cpu time : 10942.2 secs   av.it.:  15.2
      thresh= 8.849E-09 alpha_mix =  0.100 |ddv_scf|^2 =  1.397E-15

      iter #  15 total cpu time : 10947.7 secs   av.it.:  13.7
      thresh= 3.738E-09 alpha_mix =  0.100 |ddv_scf|^2 =  8.282E-16

     End of self-consistent calculation

     Convergence has been achieved 


     Representation #  10 modes #  11  12

     Self-consistent Calculation

      iter #   1 total cpu time : 10952.1 secs   av.it.:   8.1
      thresh= 1.000E-02 alpha_mix =  0.100 |ddv_scf|^2 =  1.493E-06

      iter #   2 total cpu time : 10957.5 secs   av.it.:  12.5
      thresh= 1.222E-04 alpha_mix =  0.100 |ddv_scf|^2 =  5.202E-07

      iter #   3 total cpu time : 10963.1 secs   av.it.:  13.1
      thresh= 7.213E-05 alpha_mix =  0.100 |ddv_scf|^2 =  1.667E-07

      iter #   4 total cpu time : 10969.0 secs   av.it.:  14.3
      thresh= 4.082E-05 alpha_mix =  0.100 |ddv_scf|^2 =  1.211E-08

      iter #   5 total cpu time : 10975.1 secs   av.it.:  14.7
      thresh= 1.101E-05 alpha_mix =  0.100 |ddv_scf|^2 =  1.406E-09

      iter #   6 total cpu time : 10980.8 secs   av.it.:  13.6
      thresh= 3.750E-06 alpha_mix =  0.100 |ddv_scf|^2 =  6.553E-10

      iter #   7 total cpu time : 10987.3 secs   av.it.:  15.2
      thresh= 2.560E-06 alpha_mix =  0.100 |ddv_scf|^2 =  6.784E-11

      iter #   8 total cpu time : 10993.7 secs   av.it.:  15.2
      thresh= 8.237E-07 alpha_mix =  0.100 |ddv_scf|^2 =  5.705E-12

      iter #   9 total cpu time : 10999.8 secs   av.it.:  14.8
      thresh= 2.388E-07 alpha_mix =  0.100 |ddv_scf|^2 =  2.256E-12

      iter #  10 total cpu time : 11005.5 secs   av.it.:  13.9
      thresh= 1.502E-07 alpha_mix =  0.100 |ddv_scf|^2 =  1.177E-12

      iter #  11 total cpu time : 11011.7 secs   av.it.:  15.6
      thresh= 1.085E-07 alpha_mix =  0.100 |ddv_scf|^2 =  1.242E-13

      iter #  12 total cpu time : 11017.7 secs   av.it.:  14.3
      thresh= 3.524E-08 alpha_mix =  0.100 |ddv_scf|^2 =  4.482E-14

      iter #  13 total cpu time : 11023.5 secs   av.it.:  13.9
      thresh= 2.117E-08 alpha_mix =  0.100 |ddv_scf|^2 =  2.108E-14

      iter #  14 total cpu time : 11029.7 secs   av.it.:  15.1
      thresh= 1.452E-08 alpha_mix =  0.100 |ddv_scf|^2 =  4.495E-15

      iter #  15 total cpu time : 11035.9 secs   av.it.:  15.4
      thresh= 6.705E-09 alpha_mix =  0.100 |ddv_scf|^2 =  4.882E-16

     End of self-consistent calculation

     Convergence has been achieved 


     Representation #  11 modes #  13  14

     Self-consistent Calculation

      iter #   1 total cpu time : 11040.4 secs   av.it.:   8.6
      thresh= 1.000E-02 alpha_mix =  0.100 |ddv_scf|^2 =  6.189E-06

      iter #   2 total cpu time : 11045.5 secs   av.it.:  12.4
      thresh= 2.488E-04 alpha_mix =  0.100 |ddv_scf|^2 =  1.229E-06

      iter #   3 total cpu time : 11051.1 secs   av.it.:  13.0
      thresh= 1.108E-04 alpha_mix =  0.100 |ddv_scf|^2 =  2.877E-07

      iter #   4 total cpu time : 11057.1 secs   av.it.:  14.2
      thresh= 5.364E-05 alpha_mix =  0.100 |ddv_scf|^2 =  2.127E-08

      iter #   5 total cpu time : 11063.3 secs   av.it.:  14.8
      thresh= 1.458E-05 alpha_mix =  0.100 |ddv_scf|^2 =  2.055E-09

      iter #   6 total cpu time : 11068.8 secs   av.it.:  13.0
      thresh= 4.533E-06 alpha_mix =  0.100 |ddv_scf|^2 =  1.146E-09

      iter #   7 total cpu time : 11074.9 secs   av.it.:  15.1
      thresh= 3.386E-06 alpha_mix =  0.100 |ddv_scf|^2 =  8.156E-11

      iter #   8 total cpu time : 11081.0 secs   av.it.:  14.4
      thresh= 9.031E-07 alpha_mix =  0.100 |ddv_scf|^2 =  2.508E-11

      iter #   9 total cpu time : 11087.4 secs   av.it.:  15.4
      thresh= 5.008E-07 alpha_mix =  0.100 |ddv_scf|^2 =  2.555E-12

      iter #  10 total cpu time : 11093.2 secs   av.it.:  13.6
      thresh= 1.598E-07 alpha_mix =  0.100 |ddv_scf|^2 =  1.516E-12

      iter #  11 total cpu time : 11099.3 secs   av.it.:  15.1
      thresh= 1.231E-07 alpha_mix =  0.100 |ddv_scf|^2 =  2.999E-13

      iter #  12 total cpu time : 11105.5 secs   av.it.:  14.9
      thresh= 5.477E-08 alpha_mix =  0.100 |ddv_scf|^2 =  9.494E-14

      iter #  13 total cpu time : 11111.1 secs   av.it.:  13.8
      thresh= 3.081E-08 alpha_mix =  0.100 |ddv_scf|^2 =  4.817E-14

      iter #  14 total cpu time : 11118.0 secs   av.it.:  14.9
      thresh= 2.195E-08 alpha_mix =  0.100 |ddv_scf|^2 =  6.195E-15

      iter #  15 total cpu time : 11124.3 secs   av.it.:  14.4
      thresh= 7.871E-09 alpha_mix =  0.100 |ddv_scf|^2 =  2.725E-15

      iter #  16 total cpu time : 11130.4 secs   av.it.:  14.9
      thresh= 5.220E-09 alpha_mix =  0.100 |ddv_scf|^2 =  6.215E-16

     End of self-consistent calculation

     Convergence has been achieved 


     Representation #  12 modes #  15  16

     Self-consistent Calculation

      iter #   1 total cpu time : 11134.6 secs   av.it.:   7.2
      thresh= 1.000E-02 alpha_mix =  0.100 |ddv_scf|^2 =  1.564E-06

      iter #   2 total cpu time : 11140.2 secs   av.it.:  12.4
      thresh= 1.251E-04 alpha_mix =  0.100 |ddv_scf|^2 =  1.717E-07

      iter #   3 total cpu time : 11145.7 secs   av.it.:  12.8
      thresh= 4.144E-05 alpha_mix =  0.100 |ddv_scf|^2 =  4.803E-08

      iter #   4 total cpu time : 11151.8 secs   av.it.:  14.8
      thresh= 2.192E-05 alpha_mix =  0.100 |ddv_scf|^2 =  1.568E-09

      iter #   5 total cpu time : 11157.8 secs   av.it.:  14.0
      thresh= 3.960E-06 alpha_mix =  0.100 |ddv_scf|^2 =  5.261E-10

      iter #   6 total cpu time : 11163.8 secs   av.it.:  14.8
      thresh= 2.294E-06 alpha_mix =  0.100 |ddv_scf|^2 =  9.300E-11

      iter #   7 total cpu time : 11170.1 secs   av.it.:  14.8
      thresh= 9.644E-07 alpha_mix =  0.100 |ddv_scf|^2 =  1.941E-11

      iter #   8 total cpu time : 11175.8 secs   av.it.:  13.4
      thresh= 4.405E-07 alpha_mix =  0.100 |ddv_scf|^2 =  1.087E-11

      iter #   9 total cpu time : 11182.0 secs   av.it.:  15.2
      thresh= 3.297E-07 alpha_mix =  0.100 |ddv_scf|^2 =  1.385E-12

      iter #  10 total cpu time : 11187.8 secs   av.it.:  13.9
      thresh= 1.177E-07 alpha_mix =  0.100 |ddv_scf|^2 =  6.273E-13

      iter #  11 total cpu time : 11193.9 secs   av.it.:  15.0
      thresh= 7.920E-08 alpha_mix =  0.100 |ddv_scf|^2 =  1.015E-13

      iter #  12 total cpu time : 11199.6 secs   av.it.:  13.4
      thresh= 3.187E-08 alpha_mix =  0.100 |ddv_scf|^2 =  6.021E-14

      iter #  13 total cpu time : 11205.8 secs   av.it.:  15.0
      thresh= 2.454E-08 alpha_mix =  0.100 |ddv_scf|^2 =  6.177E-15

      iter #  14 total cpu time : 11211.9 secs   av.it.:  14.4
      thresh= 7.859E-09 alpha_mix =  0.100 |ddv_scf|^2 =  2.029E-15

      iter #  15 total cpu time : 11217.7 secs   av.it.:  13.6
      thresh= 4.504E-09 alpha_mix =  0.100 |ddv_scf|^2 =  1.320E-15

      iter #  16 total cpu time : 11223.9 secs   av.it.:  15.1
      thresh= 3.633E-09 alpha_mix =  0.100 |ddv_scf|^2 =  2.381E-16

     End of self-consistent calculation

     Convergence has been achieved 


     Representation #  13 modes #  17  18

     Self-consistent Calculation

      iter #   1 total cpu time : 11228.5 secs   av.it.:   8.5
      thresh= 1.000E-02 alpha_mix =  0.100 |ddv_scf|^2 =  5.376E-06

      iter #   2 total cpu time : 11233.9 secs   av.it.:  12.4
      thresh= 2.319E-04 alpha_mix =  0.100 |ddv_scf|^2 =  1.102E-06

      iter #   3 total cpu time : 11239.5 secs   av.it.:  13.0
      thresh= 1.050E-04 alpha_mix =  0.100 |ddv_scf|^2 =  2.516E-07

      iter #   4 total cpu time : 11245.4 secs   av.it.:  14.1
      thresh= 5.016E-05 alpha_mix =  0.100 |ddv_scf|^2 =  2.213E-08

      iter #   5 total cpu time : 11251.6 secs   av.it.:  14.7
      thresh= 1.488E-05 alpha_mix =  0.100 |ddv_scf|^2 =  2.063E-09

      iter #   6 total cpu time : 11256.9 secs   av.it.:  13.1
      thresh= 4.542E-06 alpha_mix =  0.100 |ddv_scf|^2 =  1.071E-09

      iter #   7 total cpu time : 11263.2 secs   av.it.:  15.0
      thresh= 3.273E-06 alpha_mix =  0.100 |ddv_scf|^2 =  8.658E-11

      iter #   8 total cpu time : 11269.1 secs   av.it.:  14.2
      thresh= 9.305E-07 alpha_mix =  0.100 |ddv_scf|^2 =  3.146E-11

      iter #   9 total cpu time : 11275.7 secs   av.it.:  15.4
      thresh= 5.609E-07 alpha_mix =  0.100 |ddv_scf|^2 =  2.153E-12

      iter #  10 total cpu time : 11281.4 secs   av.it.:  13.5
      thresh= 1.467E-07 alpha_mix =  0.100 |ddv_scf|^2 =  1.260E-12

      iter #  11 total cpu time : 11287.4 secs   av.it.:  14.8
      thresh= 1.123E-07 alpha_mix =  0.100 |ddv_scf|^2 =  3.301E-13

      iter #  12 total cpu time : 11293.5 secs   av.it.:  15.1
      thresh= 5.746E-08 alpha_mix =  0.100 |ddv_scf|^2 =  9.519E-14

      iter #  13 total cpu time : 11299.7 secs   av.it.:  13.7
      thresh= 3.085E-08 alpha_mix =  0.100 |ddv_scf|^2 =  5.025E-14

      iter #  14 total cpu time : 11305.8 secs   av.it.:  15.0
      thresh= 2.242E-08 alpha_mix =  0.100 |ddv_scf|^2 =  4.680E-15

      iter #  15 total cpu time : 11312.5 secs   av.it.:  14.0
      thresh= 6.841E-09 alpha_mix =  0.100 |ddv_scf|^2 =  2.499E-15

      iter #  16 total cpu time : 11318.7 secs   av.it.:  14.9
      thresh= 4.999E-09 alpha_mix =  0.100 |ddv_scf|^2 =  6.951E-16

     End of self-consistent calculation

     Convergence has been achieved 


     Representation #  14 modes #  19  20

     Self-consistent Calculation

      iter #   1 total cpu time : 11322.6 secs   av.it.:   7.0
      thresh= 1.000E-02 alpha_mix =  0.100 |ddv_scf|^2 =  4.580E-07

      iter #   2 total cpu time : 11327.8 secs   av.it.:  12.4
      thresh= 6.768E-05 alpha_mix =  0.100 |ddv_scf|^2 =  1.558E-07

      iter #   3 total cpu time : 11333.4 secs   av.it.:  13.1
      thresh= 3.947E-05 alpha_mix =  0.100 |ddv_scf|^2 =  4.774E-08

      iter #   4 total cpu time : 11339.3 secs   av.it.:  14.3
      thresh= 2.185E-05 alpha_mix =  0.100 |ddv_scf|^2 =  4.082E-09

      iter #   5 total cpu time : 11345.5 secs   av.it.:  14.5
      thresh= 6.389E-06 alpha_mix =  0.100 |ddv_scf|^2 =  5.706E-10

      iter #   6 total cpu time : 11351.2 secs   av.it.:  14.0
      thresh= 2.389E-06 alpha_mix =  0.100 |ddv_scf|^2 =  1.722E-10

      iter #   7 total cpu time : 11357.6 secs   av.it.:  15.2
      thresh= 1.312E-06 alpha_mix =  0.100 |ddv_scf|^2 =  1.651E-11

      iter #   8 total cpu time : 11363.1 secs   av.it.:  13.1
      thresh= 4.064E-07 alpha_mix =  0.100 |ddv_scf|^2 =  1.081E-11

      iter #   9 total cpu time : 11369.5 secs   av.it.:  15.6
      thresh= 3.288E-07 alpha_mix =  0.100 |ddv_scf|^2 =  7.397E-13

      iter #  10 total cpu time : 11375.3 secs   av.it.:  13.6
      thresh= 8.601E-08 alpha_mix =  0.100 |ddv_scf|^2 =  4.480E-13

      iter #  11 total cpu time : 11384.1 secs   av.it.:  14.4
      thresh= 6.693E-08 alpha_mix =  0.100 |ddv_scf|^2 =  1.625E-13

      iter #  12 total cpu time : 11390.5 secs   av.it.:  15.2
      thresh= 4.032E-08 alpha_mix =  0.100 |ddv_scf|^2 =  2.226E-14

      iter #  13 total cpu time : 11396.6 secs   av.it.:  13.8
      thresh= 1.492E-08 alpha_mix =  0.100 |ddv_scf|^2 =  1.070E-14

      iter #  14 total cpu time : 11403.0 secs   av.it.:  15.4
      thresh= 1.034E-08 alpha_mix =  0.100 |ddv_scf|^2 =  1.533E-15

      iter #  15 total cpu time : 11408.6 secs   av.it.:  13.6
      thresh= 3.915E-09 alpha_mix =  0.100 |ddv_scf|^2 =  1.086E-15

      iter #  16 total cpu time : 11414.7 secs   av.it.:  14.8
      thresh= 3.296E-09 alpha_mix =  0.100 |ddv_scf|^2 =  1.870E-16

     End of self-consistent calculation

     Convergence has been achieved 


     Representation #  15 modes #  21  22

     Self-consistent Calculation

      iter #   1 total cpu time : 11419.3 secs   av.it.:   8.4
      thresh= 1.000E-02 alpha_mix =  0.100 |ddv_scf|^2 =  3.320E-06

      iter #   2 total cpu time : 11424.5 secs   av.it.:  12.4
      thresh= 1.822E-04 alpha_mix =  0.100 |ddv_scf|^2 =  8.008E-07

      iter #   3 total cpu time : 11430.2 secs   av.it.:  13.1
      thresh= 8.949E-05 alpha_mix =  0.100 |ddv_scf|^2 =  1.975E-07

      iter #   4 total cpu time : 11436.3 secs   av.it.:  14.2
      thresh= 4.445E-05 alpha_mix =  0.100 |ddv_scf|^2 =  2.116E-08

      iter #   5 total cpu time : 11442.4 secs   av.it.:  14.8
      thresh= 1.455E-05 alpha_mix =  0.100 |ddv_scf|^2 =  1.615E-09

      iter #   6 total cpu time : 11447.9 secs   av.it.:  13.1
      thresh= 4.019E-06 alpha_mix =  0.100 |ddv_scf|^2 =  8.380E-10

      iter #   7 total cpu time : 11454.1 secs   av.it.:  15.1
      thresh= 2.895E-06 alpha_mix =  0.100 |ddv_scf|^2 =  8.184E-11

      iter #   8 total cpu time : 11460.4 secs   av.it.:  14.4
      thresh= 9.047E-07 alpha_mix =  0.100 |ddv_scf|^2 =  2.690E-11

      iter #   9 total cpu time : 11466.7 secs   av.it.:  15.5
      thresh= 5.187E-07 alpha_mix =  0.100 |ddv_scf|^2 =  2.442E-12

      iter #  10 total cpu time : 11472.4 secs   av.it.:  13.4
      thresh= 1.563E-07 alpha_mix =  0.100 |ddv_scf|^2 =  1.446E-12

      iter #  11 total cpu time : 11478.7 secs   av.it.:  15.2
      thresh= 1.202E-07 alpha_mix =  0.100 |ddv_scf|^2 =  2.177E-13

      iter #  12 total cpu time : 11484.9 secs   av.it.:  15.1
      thresh= 4.666E-08 alpha_mix =  0.100 |ddv_scf|^2 =  6.852E-14

      iter #  13 total cpu time : 11490.6 secs   av.it.:  13.4
      thresh= 2.618E-08 alpha_mix =  0.100 |ddv_scf|^2 =  4.069E-14

      iter #  14 total cpu time : 11496.9 secs   av.it.:  15.2
      thresh= 2.017E-08 alpha_mix =  0.100 |ddv_scf|^2 =  2.892E-15

      iter #  15 total cpu time : 11502.7 secs   av.it.:  13.9
      thresh= 5.378E-09 alpha_mix =  0.100 |ddv_scf|^2 =  1.654E-15

      iter #  16 total cpu time : 11508.8 secs   av.it.:  15.0
      thresh= 4.067E-09 alpha_mix =  0.100 |ddv_scf|^2 =  3.707E-16

     End of self-consistent calculation

     Convergence has been achieved 


     Representation #  16 modes #  23  24

     Self-consistent Calculation

      iter #   1 total cpu time : 11512.6 secs   av.it.:   6.9
      thresh= 1.000E-02 alpha_mix =  0.100 |ddv_scf|^2 =  2.958E-07

      iter #   2 total cpu time : 11518.0 secs   av.it.:  12.6
      thresh= 5.439E-05 alpha_mix =  0.100 |ddv_scf|^2 =  9.210E-08

      iter #   3 total cpu time : 11523.5 secs   av.it.:  12.9
      thresh= 3.035E-05 alpha_mix =  0.100 |ddv_scf|^2 =  3.879E-08

      iter #   4 total cpu time : 11529.6 secs   av.it.:  14.5
      thresh= 1.969E-05 alpha_mix =  0.100 |ddv_scf|^2 =  2.657E-09

      iter #   5 total cpu time : 11535.7 secs   av.it.:  14.5
      thresh= 5.155E-06 alpha_mix =  0.100 |ddv_scf|^2 =  3.125E-10

      iter #   6 total cpu time : 11541.4 secs   av.it.:  13.6
      thresh= 1.768E-06 alpha_mix =  0.100 |ddv_scf|^2 =  1.135E-10

      iter #   7 total cpu time : 11547.6 secs   av.it.:  15.0
      thresh= 1.066E-06 alpha_mix =  0.100 |ddv_scf|^2 =  1.846E-11

      iter #   8 total cpu time : 11553.3 secs   av.it.:  12.9
      thresh= 4.296E-07 alpha_mix =  0.100 |ddv_scf|^2 =  1.248E-11

      iter #   9 total cpu time : 11559.8 secs   av.it.:  15.4
      thresh= 3.533E-07 alpha_mix =  0.100 |ddv_scf|^2 =  1.001E-12

      iter #  10 total cpu time : 11565.5 secs   av.it.:  14.0
      thresh= 1.001E-07 alpha_mix =  0.100 |ddv_scf|^2 =  4.465E-13

      iter #  11 total cpu time : 11571.5 secs   av.it.:  14.6
      thresh= 6.682E-08 alpha_mix =  0.100 |ddv_scf|^2 =  1.322E-13

      iter #  12 total cpu time : 11577.8 secs   av.it.:  15.0
      thresh= 3.635E-08 alpha_mix =  0.100 |ddv_scf|^2 =  1.318E-14

      iter #  13 total cpu time : 11583.6 secs   av.it.:  13.7
      thresh= 1.148E-08 alpha_mix =  0.100 |ddv_scf|^2 =  7.486E-15

      iter #  14 total cpu time : 11590.0 secs   av.it.:  15.2
      thresh= 8.652E-09 alpha_mix =  0.100 |ddv_scf|^2 =  2.423E-15

      iter #  15 total cpu time : 11596.0 secs   av.it.:  14.0
      thresh= 4.922E-09 alpha_mix =  0.100 |ddv_scf|^2 =  1.552E-15

      iter #  16 total cpu time : 11602.0 secs   av.it.:  14.8
      thresh= 3.940E-09 alpha_mix =  0.100 |ddv_scf|^2 =  1.549E-16

     End of self-consistent calculation

     Convergence has been achieved 
 
     Number of q in the star =    4
     List of q in the star:
          1   0.250000000   0.250000000   0.250000000
          2  -0.250000000  -0.250000000   0.250000000
          3  -0.250000000   0.250000000  -0.250000000
          4   0.250000000  -0.250000000  -0.250000000
     In addition there is the -q list: 
          1  -0.250000000  -0.250000000  -0.250000000
          2   0.250000000   0.250000000  -0.250000000
          3   0.250000000  -0.250000000   0.250000000
          4  -0.250000000   0.250000000   0.250000000

     Diagonalizing the dynamical matrix

     q = (    0.250000000   0.250000000   0.250000000 ) 

 **************************************************************************
     freq (    1) =       2.715527 [THz] =      90.580242 [cm-1]
     freq (    2) =       2.715527 [THz] =      90.580242 [cm-1]
     freq (    3) =       3.415805 [THz] =     113.938980 [cm-1]
     freq (    4) =       3.415805 [THz] =     113.938980 [cm-1]
     freq (    5) =       3.552294 [THz] =     118.491768 [cm-1]
     freq (    6) =       4.625364 [THz] =     154.285528 [cm-1]
     freq (    7) =       4.770922 [THz] =     159.140834 [cm-1]
     freq (    8) =       4.770922 [THz] =     159.140834 [cm-1]
     freq (    9) =       5.343662 [THz] =     178.245392 [cm-1]
     freq (   10) =       5.343662 [THz] =     178.245392 [cm-1]
     freq (   11) =       5.843367 [THz] =     194.913738 [cm-1]
     freq (   12) =       7.053171 [THz] =     235.268457 [cm-1]
     freq (   13) =      14.440168 [THz] =     481.672173 [cm-1]
     freq (   14) =      14.440168 [THz] =     481.672173 [cm-1]
     freq (   15) =      14.687659 [THz] =     489.927576 [cm-1]
     freq (   16) =      14.718775 [THz] =     490.965481 [cm-1]
     freq (   17) =      14.718775 [THz] =     490.965481 [cm-1]
     freq (   18) =      14.989077 [THz] =     499.981774 [cm-1]
     freq (   19) =      15.102812 [THz] =     503.775598 [cm-1]
     freq (   20) =      15.102812 [THz] =     503.775598 [cm-1]
     freq (   21) =      16.009725 [THz] =     534.026949 [cm-1]
     freq (   22) =      16.009725 [THz] =     534.026949 [cm-1]
     freq (   23) =      16.133655 [THz] =     538.160800 [cm-1]
     freq (   24) =      17.317375 [THz] =     577.645449 [cm-1]
 **************************************************************************

     Mode symmetry, C_3v (3m)   point group:

     freq (   1-   2) =         90.6  [cm-1]   --> E    L_3           
     freq (   3-   4) =        113.9  [cm-1]   --> E    L_3           
     freq (   5-   5) =        118.5  [cm-1]   --> A_2  L_2           
     freq (   6-   6) =        154.3  [cm-1]   --> A_1  L_1           
     freq (   7-   8) =        159.1  [cm-1]   --> E    L_3           
     freq (   9-  10) =        178.2  [cm-1]   --> E    L_3           
     freq (  11-  11) =        194.9  [cm-1]   --> A_1  L_1           
     freq (  12-  12) =        235.3  [cm-1]   --> A_1  L_1           
     freq (  13-  14) =        481.7  [cm-1]   --> E    L_3           
     freq (  15-  15) =        489.9  [cm-1]   --> A_2  L_2           
     freq (  16-  17) =        491.0  [cm-1]   --> E    L_3           
     freq (  18-  18) =        500.0  [cm-1]   --> A_1  L_1           
     freq (  19-  20) =        503.8  [cm-1]   --> E    L_3           
     freq (  21-  22) =        534.0  [cm-1]   --> E    L_3           
     freq (  23-  23) =        538.2  [cm-1]   --> A_1  L_1           
     freq (  24-  24) =        577.6  [cm-1]   --> A_1  L_1           

     Calculation of q =    0.2500000   0.2500000  -0.5000000
 
     Parallelization info
     --------------------
     sticks:   dense  smooth     PW     G-vecs:    dense   smooth      PW
     Min         139     139     42                 4933     4933     830
     Max         140     140     43                 4936     4936     835
     Sum        2225    2225    673                78949    78949   13301
 
     Using Slab Decomposition
 

     Title: 
     --                                                                         


     bravais-lattice index     =            0
     lattice parameter (alat)  =       8.3571  a.u.
     unit-cell volume          =     583.6692 (a.u.)^3
     number of atoms/cell      =            8
     number of atomic types    =            2
     number of electrons       =        72.00
     number of Kohn-Sham states=           43
     kinetic-energy cutoff     =     100.0000  Ry
     charge density cutoff     =     400.0000  Ry
     Exchange-correlation= PBE
                           (   1   4   3   4   0   0   0)

     celldm(1)=   8.357100  celldm(2)=   0.000000  celldm(3)=   0.000000
     celldm(4)=   0.000000  celldm(5)=   0.000000  celldm(6)=   0.000000

     crystal axes: (cart. coord. in units of alat)
               a(1) = (   1.000000   0.000000   0.000000 )  
               a(2) = (   0.000000   1.000000   0.000000 )  
               a(3) = (   0.000000   0.000000   1.000000 )  

     reciprocal axes: (cart. coord. in units 2 pi/alat)
               b(1) = (  1.000000  0.000000  0.000000 )  
               b(2) = (  0.000000  1.000000  0.000000 )  
               b(3) = (  0.000000  0.000000  1.000000 )  


     PseudoPot. # 1 for Nb read from file:
     /pscratch/sd/m/mhussien/NbN/2025/All_data/bulk-press-epi/pristine/June_06/pseudo/Nb_pbe.upf
     MD5 check sum: 712dd6877a67fb2d3f70e8edbadf3134
     Pseudo is Norm-conserving + core correction, Zval = 13.0
     Generated using ONCVPSP code by D. R. Hamann
     Using radial grid of 1680 points,  6 beta functions with: 
                l(1) =   0
                l(2) =   0
                l(3) =   1
                l(4) =   1
                l(5) =   2
                l(6) =   2

     PseudoPot. # 2 for N  read from file:
     /pscratch/sd/m/mhussien/NbN/2025/All_data/bulk-press-epi/pristine/June_06/pseudo/N_pbe.upf
     MD5 check sum: d34365f73bb0e2ee98afc20ec3e87676
     Pseudo is Norm-conserving + core correction, Zval =  5.0
     Generated using ONCVPSP code by D. R. Hamann
     Using radial grid of 1058 points,  4 beta functions with: 
                l(1) =   0
                l(2) =   0
                l(3) =   1
                l(4) =   1

     atomic species   valence    mass     pseudopotential
     Nb               13.00    92.91000     Nb( 1.00)
     N                 5.00    14.01000     N ( 1.00)

     24 Sym. Ops. (no inversion) found



   Cartesian axes

     site n.     atom                  positions (alat units)
         1        Nb     tau(   1) = (   0.2327065   0.7672935   0.2327065  )
         2        Nb     tau(   2) = (   0.7672935   0.2327065   0.2327065  )
         3        Nb     tau(   3) = (   0.7672935   0.7672935   0.7672935  )
         4        Nb     tau(   4) = (   0.2327065   0.2327065   0.7672935  )
         5        N      tau(   5) = (   0.7348907   0.2651093   0.7348907  )
         6        N      tau(   6) = (   0.2651093   0.7348907   0.7348907  )
         7        N      tau(   7) = (   0.2651093   0.2651093   0.2651093  )
         8        N      tau(   8) = (   0.7348907   0.7348907   0.2651093  )

     number of k points=  6156  Marzari-Vanderbilt smearing, width (Ry)=  0.0050

     Number of k-points >= 100: set verbosity='high' to print them.

     Dense  grid:    78949 G-vectors     FFT dimensions: (  54,  54,  54)

     Estimated max dynamical RAM per process >      10.96 MB

     Estimated total dynamical RAM >      21.93 GB

     The potential is recalculated from file :
     ./_ph0/nbn.q_8/nbn.save/charge-density

     Starting wfcs are   56 atomic wfcs

     Band Structure Calculation
     Davidson diagonalization with overlap

     ethr =  1.39E-11,  avg # of iterations = 26.7

     total cpu time spent up to now is      187.5 secs

     End of band structure calculation

     Number of k-points >= 100: set verbosity='high' to print the bands.

     the Fermi energy is    19.9997 ev

     Writing config to output data dir ./_ph0/nbn.q_8/nbn.save/ :
     XML data file

     --                                                                         

     bravais-lattice index     =            0
     lattice parameter (alat)  =       8.3571  a.u.
     unit-cell volume          =     583.6692 (a.u.)^3
     number of atoms/cell      =            8
     number of atomic types    =            2
     kinetic-energy cut-off    =     100.0000  Ry
     charge density cut-off    =     400.0000  Ry
     convergence threshold     =      1.0E-15
     beta                      =       0.1000
     number of iterations used =            4
     Exchange-correlation= PBE
                           (   1   4   3   4   0   0   0)


     celldm(1)=    8.35710  celldm(2)=    0.00000  celldm(3)=    0.00000
     celldm(4)=    0.00000  celldm(5)=    0.00000  celldm(6)=    0.00000

     crystal axes: (cart. coord. in units of alat)
               a(1) = (  1.0000  0.0000  0.0000 )  
               a(2) = (  0.0000  1.0000  0.0000 )  
               a(3) = (  0.0000  0.0000  1.0000 )  

     reciprocal axes: (cart. coord. in units 2 pi/alat)
               b(1) = (  1.0000  0.0000  0.0000 )  
               b(2) = (  0.0000  1.0000  0.0000 )  
               b(3) = (  0.0000  0.0000  1.0000 )  


     Atoms inside the unit cell: 

     Cartesian axes

     site n.  atom      mass           positions (alat units)
        1  Nb     92.9100   tau(    1) = (    0.23271    0.76729    0.23271  )
        2  Nb     92.9100   tau(    2) = (    0.76729    0.23271    0.23271  )
        3  Nb     92.9100   tau(    3) = (    0.76729    0.76729    0.76729  )
        4  Nb     92.9100   tau(    4) = (    0.23271    0.23271    0.76729  )
        5  N      14.0100   tau(    5) = (    0.73489    0.26511    0.73489  )
        6  N      14.0100   tau(    6) = (    0.26511    0.73489    0.73489  )
        7  N      14.0100   tau(    7) = (    0.26511    0.26511    0.26511  )
        8  N      14.0100   tau(    8) = (    0.73489    0.73489    0.26511  )

     Computing dynamical matrix for 
                    q = (   0.2500000   0.2500000  -0.5000000 )
 
      2 Sym.Ops. (no q -> -q+G )


     G cutoff =  707.6385  (   4935 G-vectors)     FFT grid: ( 54, 54, 54)

     number of k points=  6156  Marzari-Vanderbilt smearing, width (Ry)=  0.0050

     PseudoPot. # 1 for Nb read from file:
     /pscratch/sd/m/mhussien/NbN/2025/All_data/bulk-press-epi/pristine/June_06/pseudo/Nb_pbe.upf
     MD5 check sum: 712dd6877a67fb2d3f70e8edbadf3134
     Pseudo is Norm-conserving + core correction, Zval = 13.0
     Generated using ONCVPSP code by D. R. Hamann
     Using radial grid of 1680 points,  6 beta functions with: 
                l(1) =   0
                l(2) =   0
                l(3) =   1
                l(4) =   1
                l(5) =   2
                l(6) =   2

     PseudoPot. # 2 for N  read from file:
     /pscratch/sd/m/mhussien/NbN/2025/All_data/bulk-press-epi/pristine/June_06/pseudo/N_pbe.upf
     MD5 check sum: d34365f73bb0e2ee98afc20ec3e87676
     Pseudo is Norm-conserving + core correction, Zval =  5.0
     Generated using ONCVPSP code by D. R. Hamann
     Using radial grid of 1058 points,  4 beta functions with: 
                l(1) =   0
                l(2) =   0
                l(3) =   1
                l(4) =   1

     Mode symmetry, C_s (m)     point group:


     Atomic displacements:
     There are   24 irreducible representations

     Representation     1      1 modes -  To be done

     Representation     2      1 modes -  To be done

     Representation     3      1 modes -  To be done

     Representation     4      1 modes -  To be done

     Representation     5      1 modes -  To be done

     Representation     6      1 modes -  To be done

     Representation     7      1 modes -  To be done

     Representation     8      1 modes -  To be done

     Representation     9      1 modes -  To be done

     Representation    10      1 modes -  To be done

     Representation    11      1 modes -  To be done

     Representation    12      1 modes -  To be done

     Representation    13      1 modes -  To be done

     Representation    14      1 modes -  To be done

     Representation    15      1 modes -  To be done

     Representation    16      1 modes -  To be done

     Representation    17      1 modes -  To be done

     Representation    18      1 modes -  To be done

     Representation    19      1 modes -  To be done

     Representation    20      1 modes -  To be done

     Representation    21      1 modes -  To be done

     Representation    22      1 modes -  To be done

     Representation    23      1 modes -  To be done

     Representation    24      1 modes -  To be done



     Alpha used in Ewald sum =   2.8000
     PHONON       :      3h 7m CPU      3h14m WALL



     Representation #   1 mode #   1

     Self-consistent Calculation

      iter #   1 total cpu time : 11653.4 secs   av.it.:   8.7
      thresh= 1.000E-02 alpha_mix =  0.100 |ddv_scf|^2 =  9.087E-05

      iter #   2 total cpu time : 11659.7 secs   av.it.:  11.0
      thresh= 9.533E-04 alpha_mix =  0.100 |ddv_scf|^2 =  6.009E-06

      iter #   3 total cpu time : 11666.1 secs   av.it.:  11.2
      thresh= 2.451E-04 alpha_mix =  0.100 |ddv_scf|^2 =  1.825E-06

      iter #   4 total cpu time : 11672.9 secs   av.it.:  12.4
      thresh= 1.351E-04 alpha_mix =  0.100 |ddv_scf|^2 =  3.412E-07

      iter #   5 total cpu time : 11679.9 secs   av.it.:  12.9
      thresh= 5.841E-05 alpha_mix =  0.100 |ddv_scf|^2 =  5.693E-08

      iter #   6 total cpu time : 11687.0 secs   av.it.:  12.9
      thresh= 2.386E-05 alpha_mix =  0.100 |ddv_scf|^2 =  1.614E-08

      iter #   7 total cpu time : 11694.4 secs   av.it.:  13.1
      thresh= 1.270E-05 alpha_mix =  0.100 |ddv_scf|^2 =  4.630E-09

      iter #   8 total cpu time : 11701.7 secs   av.it.:  13.1
      thresh= 6.804E-06 alpha_mix =  0.100 |ddv_scf|^2 =  2.090E-09

      iter #   9 total cpu time : 11709.2 secs   av.it.:  13.5
      thresh= 4.572E-06 alpha_mix =  0.100 |ddv_scf|^2 =  5.851E-10

      iter #  10 total cpu time : 11716.8 secs   av.it.:  14.1
      thresh= 2.419E-06 alpha_mix =  0.100 |ddv_scf|^2 =  9.891E-11

      iter #  11 total cpu time : 11724.0 secs   av.it.:  12.7
      thresh= 9.945E-07 alpha_mix =  0.100 |ddv_scf|^2 =  5.091E-11

      iter #  12 total cpu time : 11731.4 secs   av.it.:  13.4
      thresh= 7.135E-07 alpha_mix =  0.100 |ddv_scf|^2 =  1.579E-11

      iter #  13 total cpu time : 11738.9 secs   av.it.:  13.9
      thresh= 3.974E-07 alpha_mix =  0.100 |ddv_scf|^2 =  2.690E-12

      iter #  14 total cpu time : 11746.1 secs   av.it.:  13.2
      thresh= 1.640E-07 alpha_mix =  0.100 |ddv_scf|^2 =  1.206E-12

      iter #  15 total cpu time : 11753.8 secs   av.it.:  13.3
      thresh= 1.098E-07 alpha_mix =  0.100 |ddv_scf|^2 =  6.521E-13

      iter #  16 total cpu time : 11761.5 secs   av.it.:  13.7
      thresh= 8.075E-08 alpha_mix =  0.100 |ddv_scf|^2 =  1.765E-13

      iter #  17 total cpu time : 11769.1 secs   av.it.:  14.0
      thresh= 4.201E-08 alpha_mix =  0.100 |ddv_scf|^2 =  4.036E-14

      iter #  18 total cpu time : 11776.1 secs   av.it.:  12.4
      thresh= 2.009E-08 alpha_mix =  0.100 |ddv_scf|^2 =  2.431E-14

      iter #  19 total cpu time : 11783.3 secs   av.it.:  13.2
      thresh= 1.559E-08 alpha_mix =  0.100 |ddv_scf|^2 =  9.461E-15

      iter #  20 total cpu time : 11790.7 secs   av.it.:  13.4
      thresh= 9.727E-09 alpha_mix =  0.100 |ddv_scf|^2 =  2.899E-15

      iter #  21 total cpu time : 11798.0 secs   av.it.:  13.5
      thresh= 5.385E-09 alpha_mix =  0.100 |ddv_scf|^2 =  1.133E-15

      iter #  22 total cpu time : 11804.8 secs   av.it.:  12.5
      thresh= 3.366E-09 alpha_mix =  0.100 |ddv_scf|^2 =  7.544E-16

     End of self-consistent calculation

     Convergence has been achieved 


     Representation #   2 mode #   2

     Self-consistent Calculation

      iter #   1 total cpu time : 11809.9 secs   av.it.:   7.5
      thresh= 1.000E-02 alpha_mix =  0.100 |ddv_scf|^2 =  3.335E-05

      iter #   2 total cpu time : 11816.4 secs   av.it.:  11.1
      thresh= 5.775E-04 alpha_mix =  0.100 |ddv_scf|^2 =  2.121E-06

      iter #   3 total cpu time : 11822.9 secs   av.it.:  11.0
      thresh= 1.456E-04 alpha_mix =  0.100 |ddv_scf|^2 =  2.592E-07

      iter #   4 total cpu time : 11830.1 secs   av.it.:  11.9
      thresh= 5.091E-05 alpha_mix =  0.100 |ddv_scf|^2 =  1.040E-07

      iter #   5 total cpu time : 11837.3 secs   av.it.:  12.7
      thresh= 3.226E-05 alpha_mix =  0.100 |ddv_scf|^2 =  2.414E-08

      iter #   6 total cpu time : 11844.8 secs   av.it.:  13.5
      thresh= 1.554E-05 alpha_mix =  0.100 |ddv_scf|^2 =  3.289E-09

      iter #   7 total cpu time : 11851.8 secs   av.it.:  12.2
      thresh= 5.735E-06 alpha_mix =  0.100 |ddv_scf|^2 =  1.652E-09

      iter #   8 total cpu time : 11859.1 secs   av.it.:  13.4
      thresh= 4.065E-06 alpha_mix =  0.100 |ddv_scf|^2 =  3.249E-10

      iter #   9 total cpu time : 11866.3 secs   av.it.:  13.3
      thresh= 1.803E-06 alpha_mix =  0.100 |ddv_scf|^2 =  1.110E-10

      iter #  10 total cpu time : 11873.6 secs   av.it.:  13.6
      thresh= 1.054E-06 alpha_mix =  0.100 |ddv_scf|^2 =  3.138E-11

      iter #  11 total cpu time : 11880.5 secs   av.it.:  12.2
      thresh= 5.601E-07 alpha_mix =  0.100 |ddv_scf|^2 =  1.886E-11

      iter #  12 total cpu time : 11888.0 secs   av.it.:  13.5
      thresh= 4.343E-07 alpha_mix =  0.100 |ddv_scf|^2 =  5.285E-12

      iter #  13 total cpu time : 11895.5 secs   av.it.:  13.8
      thresh= 2.299E-07 alpha_mix =  0.100 |ddv_scf|^2 =  1.339E-12

      iter #  14 total cpu time : 11902.9 secs   av.it.:  13.4
      thresh= 1.157E-07 alpha_mix =  0.100 |ddv_scf|^2 =  5.229E-13

      iter #  15 total cpu time : 11910.4 secs   av.it.:  13.4
      thresh= 7.231E-08 alpha_mix =  0.100 |ddv_scf|^2 =  1.813E-13

      iter #  16 total cpu time : 11917.9 secs   av.it.:  13.2
      thresh= 4.258E-08 alpha_mix =  0.100 |ddv_scf|^2 =  6.956E-14

      iter #  17 total cpu time : 11925.2 secs   av.it.:  13.6
      thresh= 2.637E-08 alpha_mix =  0.100 |ddv_scf|^2 =  2.105E-14

      iter #  18 total cpu time : 11932.5 secs   av.it.:  13.4
      thresh= 1.451E-08 alpha_mix =  0.100 |ddv_scf|^2 =  8.045E-15

      iter #  19 total cpu time : 11939.8 secs   av.it.:  13.1
      thresh= 8.969E-09 alpha_mix =  0.100 |ddv_scf|^2 =  3.631E-15

      iter #  20 total cpu time : 11947.4 secs   av.it.:  13.7
      thresh= 6.025E-09 alpha_mix =  0.100 |ddv_scf|^2 =  1.112E-15

      iter #  21 total cpu time : 11954.6 secs   av.it.:  13.2
      thresh= 3.335E-09 alpha_mix =  0.100 |ddv_scf|^2 =  6.673E-16

     End of self-consistent calculation

     Convergence has been achieved 


     Representation #   3 mode #   3

     Self-consistent Calculation

      iter #   1 total cpu time : 11960.3 secs   av.it.:   8.9
      thresh= 1.000E-02 alpha_mix =  0.100 |ddv_scf|^2 =  1.544E-04

      iter #   2 total cpu time : 11966.8 secs   av.it.:  11.0
      thresh= 1.242E-03 alpha_mix =  0.100 |ddv_scf|^2 =  7.992E-06

      iter #   3 total cpu time : 11973.4 secs   av.it.:  11.2
      thresh= 2.827E-04 alpha_mix =  0.100 |ddv_scf|^2 =  1.976E-06

      iter #   4 total cpu time : 11980.6 secs   av.it.:  12.6
      thresh= 1.406E-04 alpha_mix =  0.100 |ddv_scf|^2 =  2.470E-07

      iter #   5 total cpu time : 11987.3 secs   av.it.:  12.1
      thresh= 4.970E-05 alpha_mix =  0.100 |ddv_scf|^2 =  9.372E-08

      iter #   6 total cpu time : 11994.6 secs   av.it.:  13.4
      thresh= 3.061E-05 alpha_mix =  0.100 |ddv_scf|^2 =  9.689E-09

      iter #   7 total cpu time : 12001.9 secs   av.it.:  13.0
      thresh= 9.843E-06 alpha_mix =  0.100 |ddv_scf|^2 =  3.973E-09

      iter #   8 total cpu time : 12009.1 secs   av.it.:  12.6
      thresh= 6.303E-06 alpha_mix =  0.100 |ddv_scf|^2 =  1.744E-09

      iter #   9 total cpu time : 12016.5 secs   av.it.:  13.8
      thresh= 4.176E-06 alpha_mix =  0.100 |ddv_scf|^2 =  3.069E-10

      iter #  10 total cpu time : 12023.7 secs   av.it.:  13.0
      thresh= 1.752E-06 alpha_mix =  0.100 |ddv_scf|^2 =  1.474E-10

      iter #  11 total cpu time : 12030.9 secs   av.it.:  13.5
      thresh= 1.214E-06 alpha_mix =  0.100 |ddv_scf|^2 =  4.317E-11

      iter #  12 total cpu time : 12038.5 secs   av.it.:  13.1
      thresh= 6.571E-07 alpha_mix =  0.100 |ddv_scf|^2 =  1.893E-11

      iter #  13 total cpu time : 12046.2 secs   av.it.:  13.9
      thresh= 4.351E-07 alpha_mix =  0.100 |ddv_scf|^2 =  2.843E-12

      iter #  14 total cpu time : 12053.5 secs   av.it.:  13.1
      thresh= 1.686E-07 alpha_mix =  0.100 |ddv_scf|^2 =  1.539E-12

      iter #  15 total cpu time : 12060.4 secs   av.it.:  12.7
      thresh= 1.240E-07 alpha_mix =  0.100 |ddv_scf|^2 =  8.543E-13

      iter #  16 total cpu time : 12068.1 secs   av.it.:  13.7
      thresh= 9.243E-08 alpha_mix =  0.100 |ddv_scf|^2 =  2.064E-13

      iter #  17 total cpu time : 12075.7 secs   av.it.:  13.7
      thresh= 4.543E-08 alpha_mix =  0.100 |ddv_scf|^2 =  5.677E-14

      iter #  18 total cpu time : 12082.7 secs   av.it.:  13.0
      thresh= 2.383E-08 alpha_mix =  0.100 |ddv_scf|^2 =  2.841E-14

      iter #  19 total cpu time : 12090.2 secs   av.it.:  13.4
      thresh= 1.685E-08 alpha_mix =  0.100 |ddv_scf|^2 =  1.007E-14

      iter #  20 total cpu time : 12097.6 secs   av.it.:  13.5
      thresh= 1.003E-08 alpha_mix =  0.100 |ddv_scf|^2 =  4.193E-15

      iter #  21 total cpu time : 12105.0 secs   av.it.:  13.1
      thresh= 6.475E-09 alpha_mix =  0.100 |ddv_scf|^2 =  2.002E-15

      iter #  22 total cpu time : 12112.1 secs   av.it.:  13.2
      thresh= 4.475E-09 alpha_mix =  0.100 |ddv_scf|^2 =  1.035E-15

      iter #  23 total cpu time : 12119.4 secs   av.it.:  13.0
      thresh= 3.217E-09 alpha_mix =  0.100 |ddv_scf|^2 =  6.500E-16

     End of self-consistent calculation

     Convergence has been achieved 


     Representation #   4 mode #   4

     Self-consistent Calculation

      iter #   1 total cpu time : 12124.8 secs   av.it.:   7.6
      thresh= 1.000E-02 alpha_mix =  0.100 |ddv_scf|^2 =  2.414E-05

      iter #   2 total cpu time : 12131.3 secs   av.it.:  11.1
      thresh= 4.914E-04 alpha_mix =  0.100 |ddv_scf|^2 =  1.716E-06

      iter #   3 total cpu time : 12137.8 secs   av.it.:  11.1
      thresh= 1.310E-04 alpha_mix =  0.100 |ddv_scf|^2 =  3.782E-07

      iter #   4 total cpu time : 12144.3 secs   av.it.:  11.9
      thresh= 6.150E-05 alpha_mix =  0.100 |ddv_scf|^2 =  1.261E-07

      iter #   5 total cpu time : 12151.6 secs   av.it.:  13.3
      thresh= 3.551E-05 alpha_mix =  0.100 |ddv_scf|^2 =  1.195E-08

      iter #   6 total cpu time : 12158.9 secs   av.it.:  12.9
      thresh= 1.093E-05 alpha_mix =  0.100 |ddv_scf|^2 =  3.385E-09

      iter #   7 total cpu time : 12165.9 secs   av.it.:  12.3
      thresh= 5.818E-06 alpha_mix =  0.100 |ddv_scf|^2 =  1.778E-09

      iter #   8 total cpu time : 12173.2 secs   av.it.:  13.5
      thresh= 4.216E-06 alpha_mix =  0.100 |ddv_scf|^2 =  4.587E-10

      iter #   9 total cpu time : 12180.7 secs   av.it.:  13.8
      thresh= 2.142E-06 alpha_mix =  0.100 |ddv_scf|^2 =  6.070E-11

      iter #  10 total cpu time : 12188.2 secs   av.it.:  13.2
      thresh= 7.791E-07 alpha_mix =  0.100 |ddv_scf|^2 =  2.768E-11

      iter #  11 total cpu time : 12195.1 secs   av.it.:  12.1
      thresh= 5.261E-07 alpha_mix =  0.100 |ddv_scf|^2 =  1.700E-11

      iter #  12 total cpu time : 12202.5 secs   av.it.:  13.7
      thresh= 4.123E-07 alpha_mix =  0.100 |ddv_scf|^2 =  3.530E-12

      iter #  13 total cpu time : 12209.8 secs   av.it.:  13.4
      thresh= 1.879E-07 alpha_mix =  0.100 |ddv_scf|^2 =  1.318E-12

      iter #  14 total cpu time : 12216.8 secs   av.it.:  12.8
      thresh= 1.148E-07 alpha_mix =  0.100 |ddv_scf|^2 =  5.786E-13

      iter #  15 total cpu time : 12224.3 secs   av.it.:  13.6
      thresh= 7.607E-08 alpha_mix =  0.100 |ddv_scf|^2 =  1.688E-13

      iter #  16 total cpu time : 12231.4 secs   av.it.:  12.9
      thresh= 4.109E-08 alpha_mix =  0.100 |ddv_scf|^2 =  7.472E-14

      iter #  17 total cpu time : 12238.9 secs   av.it.:  13.6
      thresh= 2.733E-08 alpha_mix =  0.100 |ddv_scf|^2 =  2.819E-14

      iter #  18 total cpu time : 12246.1 secs   av.it.:  13.2
      thresh= 1.679E-08 alpha_mix =  0.100 |ddv_scf|^2 =  1.410E-14

      iter #  19 total cpu time : 12253.7 secs   av.it.:  13.7
      thresh= 1.188E-08 alpha_mix =  0.100 |ddv_scf|^2 =  4.769E-15

      iter #  20 total cpu time : 12261.1 secs   av.it.:  13.3
      thresh= 6.906E-09 alpha_mix =  0.100 |ddv_scf|^2 =  2.488E-15

      iter #  21 total cpu time : 12268.4 secs   av.it.:  13.3
      thresh= 4.988E-09 alpha_mix =  0.100 |ddv_scf|^2 =  1.092E-15

      iter #  22 total cpu time : 12277.0 secs   av.it.:  13.9
      thresh= 3.304E-09 alpha_mix =  0.100 |ddv_scf|^2 =  3.731E-16

     End of self-consistent calculation

     Convergence has been achieved 


     Representation #   5 mode #   5

     Self-consistent Calculation

      iter #   1 total cpu time : 12283.2 secs   av.it.:   9.0
      thresh= 1.000E-02 alpha_mix =  0.100 |ddv_scf|^2 =  2.097E-04

      iter #   2 total cpu time : 12289.8 secs   av.it.:  11.0
      thresh= 1.448E-03 alpha_mix =  0.100 |ddv_scf|^2 =  1.473E-05

      iter #   3 total cpu time : 12296.2 secs   av.it.:  11.0
      thresh= 3.838E-04 alpha_mix =  0.100 |ddv_scf|^2 =  2.627E-06

      iter #   4 total cpu time : 12303.1 secs   av.it.:  12.6
      thresh= 1.621E-04 alpha_mix =  0.100 |ddv_scf|^2 =  2.543E-07

      iter #   5 total cpu time : 12310.0 secs   av.it.:  12.5
      thresh= 5.043E-05 alpha_mix =  0.100 |ddv_scf|^2 =  7.264E-08

      iter #   6 total cpu time : 12317.4 secs   av.it.:  13.2
      thresh= 2.695E-05 alpha_mix =  0.100 |ddv_scf|^2 =  1.087E-08

      iter #   7 total cpu time : 12324.6 secs   av.it.:  12.9
      thresh= 1.043E-05 alpha_mix =  0.100 |ddv_scf|^2 =  4.344E-09

      iter #   8 total cpu time : 12331.5 secs   av.it.:  12.6
      thresh= 6.591E-06 alpha_mix =  0.100 |ddv_scf|^2 =  2.128E-09

      iter #   9 total cpu time : 12339.0 secs   av.it.:  14.0
      thresh= 4.613E-06 alpha_mix =  0.100 |ddv_scf|^2 =  3.168E-10

      iter #  10 total cpu time : 12346.5 secs   av.it.:  12.9
      thresh= 1.780E-06 alpha_mix =  0.100 |ddv_scf|^2 =  1.452E-10

      iter #  11 total cpu time : 12353.9 secs   av.it.:  13.2
      thresh= 1.205E-06 alpha_mix =  0.100 |ddv_scf|^2 =  5.697E-11

      iter #  12 total cpu time : 12360.8 secs   av.it.:  12.9
      thresh= 7.548E-07 alpha_mix =  0.100 |ddv_scf|^2 =  2.498E-11

      iter #  13 total cpu time : 12368.4 secs   av.it.:  13.9
      thresh= 4.998E-07 alpha_mix =  0.100 |ddv_scf|^2 =  4.069E-12

      iter #  14 total cpu time : 12375.6 secs   av.it.:  12.9
      thresh= 2.017E-07 alpha_mix =  0.100 |ddv_scf|^2 =  2.058E-12

      iter #  15 total cpu time : 12383.0 secs   av.it.:  13.1
      thresh= 1.435E-07 alpha_mix =  0.100 |ddv_scf|^2 =  1.023E-12

      iter #  16 total cpu time : 12390.2 secs   av.it.:  13.0
      thresh= 1.011E-07 alpha_mix =  0.100 |ddv_scf|^2 =  5.227E-13

      iter #  17 total cpu time : 12397.6 secs   av.it.:  13.7
      thresh= 7.230E-08 alpha_mix =  0.100 |ddv_scf|^2 =  1.541E-13

      iter #  18 total cpu time : 12405.1 secs   av.it.:  13.9
      thresh= 3.925E-08 alpha_mix =  0.100 |ddv_scf|^2 =  5.380E-14

      iter #  19 total cpu time : 12412.1 secs   av.it.:  12.6
      thresh= 2.320E-08 alpha_mix =  0.100 |ddv_scf|^2 =  3.100E-14

      iter #  20 total cpu time : 12419.6 secs   av.it.:  13.5
      thresh= 1.761E-08 alpha_mix =  0.100 |ddv_scf|^2 =  9.341E-15

      iter #  21 total cpu time : 12426.9 secs   av.it.:  13.6
      thresh= 9.665E-09 alpha_mix =  0.100 |ddv_scf|^2 =  2.803E-15

      iter #  22 total cpu time : 12433.7 secs   av.it.:  12.4
      thresh= 5.294E-09 alpha_mix =  0.100 |ddv_scf|^2 =  1.705E-15

      iter #  23 total cpu time : 12441.2 secs   av.it.:  13.3
      thresh= 4.129E-09 alpha_mix =  0.100 |ddv_scf|^2 =  8.690E-16

     End of self-consistent calculation

     Convergence has been achieved 


     Representation #   6 mode #   6

     Self-consistent Calculation

      iter #   1 total cpu time : 12447.1 secs   av.it.:   8.9
      thresh= 1.000E-02 alpha_mix =  0.100 |ddv_scf|^2 =  1.658E-04

      iter #   2 total cpu time : 12453.4 secs   av.it.:  11.0
      thresh= 1.288E-03 alpha_mix =  0.100 |ddv_scf|^2 =  8.886E-06

      iter #   3 total cpu time : 12459.7 secs   av.it.:  11.1
      thresh= 2.981E-04 alpha_mix =  0.100 |ddv_scf|^2 =  1.969E-06

      iter #   4 total cpu time : 12466.6 secs   av.it.:  12.6
      thresh= 1.403E-04 alpha_mix =  0.100 |ddv_scf|^2 =  2.553E-07

      iter #   5 total cpu time : 12473.5 secs   av.it.:  12.0
      thresh= 5.053E-05 alpha_mix =  0.100 |ddv_scf|^2 =  1.000E-07

      iter #   6 total cpu time : 12480.9 secs   av.it.:  13.6
      thresh= 3.163E-05 alpha_mix =  0.100 |ddv_scf|^2 =  6.732E-09

      iter #   7 total cpu time : 12487.7 secs   av.it.:  12.4
      thresh= 8.205E-06 alpha_mix =  0.100 |ddv_scf|^2 =  3.846E-09

      iter #   8 total cpu time : 12494.8 secs   av.it.:  13.0
      thresh= 6.202E-06 alpha_mix =  0.100 |ddv_scf|^2 =  1.141E-09

      iter #   9 total cpu time : 12502.5 secs   av.it.:  13.8
      thresh= 3.378E-06 alpha_mix =  0.100 |ddv_scf|^2 =  2.438E-10

      iter #  10 total cpu time : 12509.7 secs   av.it.:  13.0
      thresh= 1.561E-06 alpha_mix =  0.100 |ddv_scf|^2 =  1.223E-10

      iter #  11 total cpu time : 12517.1 secs   av.it.:  13.7
      thresh= 1.106E-06 alpha_mix =  0.100 |ddv_scf|^2 =  3.216E-11

      iter #  12 total cpu time : 12524.1 secs   av.it.:  13.0
      thresh= 5.671E-07 alpha_mix =  0.100 |ddv_scf|^2 =  1.359E-11

      iter #  13 total cpu time : 12531.8 secs   av.it.:  14.0
      thresh= 3.687E-07 alpha_mix =  0.100 |ddv_scf|^2 =  2.374E-12

      iter #  14 total cpu time : 12539.0 secs   av.it.:  12.9
      thresh= 1.541E-07 alpha_mix =  0.100 |ddv_scf|^2 =  1.430E-12

      iter #  15 total cpu time : 12546.3 secs   av.it.:  13.1
      thresh= 1.196E-07 alpha_mix =  0.100 |ddv_scf|^2 =  8.004E-13

      iter #  16 total cpu time : 12553.5 secs   av.it.:  13.2
      thresh= 8.947E-08 alpha_mix =  0.100 |ddv_scf|^2 =  3.298E-13

      iter #  17 total cpu time : 12560.7 secs   av.it.:  13.5
      thresh= 5.742E-08 alpha_mix =  0.100 |ddv_scf|^2 =  1.188E-13

      iter #  18 total cpu time : 12567.8 secs   av.it.:  12.6
      thresh= 3.446E-08 alpha_mix =  0.100 |ddv_scf|^2 =  7.243E-14

      iter #  19 total cpu time : 12575.4 secs   av.it.:  14.0
      thresh= 2.691E-08 alpha_mix =  0.100 |ddv_scf|^2 =  1.963E-14

      iter #  20 total cpu time : 12582.7 secs   av.it.:  13.3
      thresh= 1.401E-08 alpha_mix =  0.100 |ddv_scf|^2 =  9.692E-15

      iter #  21 total cpu time : 12589.6 secs   av.it.:  12.9
      thresh= 9.845E-09 alpha_mix =  0.100 |ddv_scf|^2 =  5.702E-15

      iter #  22 total cpu time : 12597.0 secs   av.it.:  13.2
      thresh= 7.551E-09 alpha_mix =  0.100 |ddv_scf|^2 =  2.845E-15

      iter #  23 total cpu time : 12604.2 secs   av.it.:  13.2
      thresh= 5.334E-09 alpha_mix =  0.100 |ddv_scf|^2 =  1.369E-15

      iter #  24 total cpu time : 12611.4 secs   av.it.:  13.3
      thresh= 3.700E-09 alpha_mix =  0.100 |ddv_scf|^2 =  7.477E-16

     End of self-consistent calculation

     Convergence has been achieved 


     Representation #   7 mode #   7

     Self-consistent Calculation

      iter #   1 total cpu time : 12616.5 secs   av.it.:   7.5
      thresh= 1.000E-02 alpha_mix =  0.100 |ddv_scf|^2 =  3.004E-05

      iter #   2 total cpu time : 12622.7 secs   av.it.:  11.0
      thresh= 5.481E-04 alpha_mix =  0.100 |ddv_scf|^2 =  1.895E-06

      iter #   3 total cpu time : 12629.3 secs   av.it.:  11.0
      thresh= 1.377E-04 alpha_mix =  0.100 |ddv_scf|^2 =  2.745E-07

      iter #   4 total cpu time : 12636.0 secs   av.it.:  12.1
      thresh= 5.239E-05 alpha_mix =  0.100 |ddv_scf|^2 =  1.046E-07

      iter #   5 total cpu time : 12643.0 secs   av.it.:  12.7
      thresh= 3.235E-05 alpha_mix =  0.100 |ddv_scf|^2 =  2.350E-08

      iter #   6 total cpu time : 12650.2 secs   av.it.:  13.3
      thresh= 1.533E-05 alpha_mix =  0.100 |ddv_scf|^2 =  4.275E-09

      iter #   7 total cpu time : 12657.2 secs   av.it.:  12.3
      thresh= 6.539E-06 alpha_mix =  0.100 |ddv_scf|^2 =  1.984E-09

      iter #   8 total cpu time : 12664.8 secs   av.it.:  13.4
      thresh= 4.454E-06 alpha_mix =  0.100 |ddv_scf|^2 =  3.772E-10

      iter #   9 total cpu time : 12672.1 secs   av.it.:  13.2
      thresh= 1.942E-06 alpha_mix =  0.100 |ddv_scf|^2 =  1.318E-10

      iter #  10 total cpu time : 12679.5 secs   av.it.:  13.6
      thresh= 1.148E-06 alpha_mix =  0.100 |ddv_scf|^2 =  3.381E-11

      iter #  11 total cpu time : 12686.4 secs   av.it.:  12.4
      thresh= 5.815E-07 alpha_mix =  0.100 |ddv_scf|^2 =  2.024E-11

      iter #  12 total cpu time : 12694.1 secs   av.it.:  13.5
      thresh= 4.499E-07 alpha_mix =  0.100 |ddv_scf|^2 =  6.008E-12

      iter #  13 total cpu time : 12701.7 secs   av.it.:  13.9
      thresh= 2.451E-07 alpha_mix =  0.100 |ddv_scf|^2 =  1.312E-12

      iter #  14 total cpu time : 12710.4 secs   av.it.:  13.3
      thresh= 1.146E-07 alpha_mix =  0.100 |ddv_scf|^2 =  5.701E-13

      iter #  15 total cpu time : 12718.4 secs   av.it.:  13.2
      thresh= 7.551E-08 alpha_mix =  0.100 |ddv_scf|^2 =  2.284E-13

      iter #  16 total cpu time : 12726.1 secs   av.it.:  13.4
      thresh= 4.779E-08 alpha_mix =  0.100 |ddv_scf|^2 =  7.332E-14

      iter #  17 total cpu time : 12733.6 secs   av.it.:  13.7
      thresh= 2.708E-08 alpha_mix =  0.100 |ddv_scf|^2 =  1.649E-14

      iter #  18 total cpu time : 12740.9 secs   av.it.:  13.4
      thresh= 1.284E-08 alpha_mix =  0.100 |ddv_scf|^2 =  8.515E-15

      iter #  19 total cpu time : 12747.9 secs   av.it.:  12.5
      thresh= 9.228E-09 alpha_mix =  0.100 |ddv_scf|^2 =  4.665E-15

      iter #  20 total cpu time : 12755.6 secs   av.it.:  13.9
      thresh= 6.830E-09 alpha_mix =  0.100 |ddv_scf|^2 =  1.249E-15

      iter #  21 total cpu time : 12763.0 secs   av.it.:  13.4
      thresh= 3.534E-09 alpha_mix =  0.100 |ddv_scf|^2 =  6.713E-16

     End of self-consistent calculation

     Convergence has been achieved 


     Representation #   8 mode #   8

     Self-consistent Calculation

      iter #   1 total cpu time : 12768.8 secs   av.it.:   8.9
      thresh= 1.000E-02 alpha_mix =  0.100 |ddv_scf|^2 =  1.693E-04

      iter #   2 total cpu time : 12775.1 secs   av.it.:  11.0
      thresh= 1.301E-03 alpha_mix =  0.100 |ddv_scf|^2 =  7.386E-06

      iter #   3 total cpu time : 12781.7 secs   av.it.:  11.3
      thresh= 2.718E-04 alpha_mix =  0.100 |ddv_scf|^2 =  2.278E-06

      iter #   4 total cpu time : 12788.9 secs   av.it.:  12.8
      thresh= 1.509E-04 alpha_mix =  0.100 |ddv_scf|^2 =  2.056E-07

      iter #   5 total cpu time : 12795.6 secs   av.it.:  12.2
      thresh= 4.534E-05 alpha_mix =  0.100 |ddv_scf|^2 =  7.689E-08

      iter #   6 total cpu time : 12803.1 secs   av.it.:  13.4
      thresh= 2.773E-05 alpha_mix =  0.100 |ddv_scf|^2 =  8.356E-09

      iter #   7 total cpu time : 12810.5 secs   av.it.:  13.0
      thresh= 9.141E-06 alpha_mix =  0.100 |ddv_scf|^2 =  3.724E-09

      iter #   8 total cpu time : 12817.8 secs   av.it.:  12.8
      thresh= 6.102E-06 alpha_mix =  0.100 |ddv_scf|^2 =  1.602E-09

      iter #   9 total cpu time : 12825.4 secs   av.it.:  14.0
      thresh= 4.002E-06 alpha_mix =  0.100 |ddv_scf|^2 =  2.491E-10

      iter #  10 total cpu time : 12832.7 secs   av.it.:  12.8
      thresh= 1.578E-06 alpha_mix =  0.100 |ddv_scf|^2 =  1.244E-10

      iter #  11 total cpu time : 12840.0 secs   av.it.:  13.5
      thresh= 1.115E-06 alpha_mix =  0.100 |ddv_scf|^2 =  3.887E-11

      iter #  12 total cpu time : 12847.3 secs   av.it.:  13.0
      thresh= 6.235E-07 alpha_mix =  0.100 |ddv_scf|^2 =  1.682E-11

      iter #  13 total cpu time : 12854.9 secs   av.it.:  14.0
      thresh= 4.101E-07 alpha_mix =  0.100 |ddv_scf|^2 =  2.086E-12

      iter #  14 total cpu time : 12862.0 secs   av.it.:  12.7
      thresh= 1.444E-07 alpha_mix =  0.100 |ddv_scf|^2 =  1.336E-12

      iter #  15 total cpu time : 12869.3 secs   av.it.:  13.4
      thresh= 1.156E-07 alpha_mix =  0.100 |ddv_scf|^2 =  4.674E-13

      iter #  16 total cpu time : 12876.9 secs   av.it.:  13.6
      thresh= 6.837E-08 alpha_mix =  0.100 |ddv_scf|^2 =  1.462E-13

      iter #  17 total cpu time : 12884.0 secs   av.it.:  12.5
      thresh= 3.823E-08 alpha_mix =  0.100 |ddv_scf|^2 =  8.857E-14

      iter #  18 total cpu time : 12891.4 secs   av.it.:  13.6
      thresh= 2.976E-08 alpha_mix =  0.100 |ddv_scf|^2 =  3.353E-14

      iter #  19 total cpu time : 12898.7 secs   av.it.:  13.7
      thresh= 1.831E-08 alpha_mix =  0.100 |ddv_scf|^2 =  1.239E-14

      iter #  20 total cpu time : 12906.2 secs   av.it.:  13.5
      thresh= 1.113E-08 alpha_mix =  0.100 |ddv_scf|^2 =  5.697E-15

      iter #  21 total cpu time : 12913.4 secs   av.it.:  12.7
      thresh= 7.548E-09 alpha_mix =  0.100 |ddv_scf|^2 =  3.625E-15

      iter #  22 total cpu time : 12920.6 secs   av.it.:  13.2
      thresh= 6.021E-09 alpha_mix =  0.100 |ddv_scf|^2 =  1.708E-15

      iter #  23 total cpu time : 12928.3 secs   av.it.:  13.7
      thresh= 4.133E-09 alpha_mix =  0.100 |ddv_scf|^2 =  7.538E-16

     End of self-consistent calculation

     Convergence has been achieved 


     Representation #   9 mode #   9

     Self-consistent Calculation

      iter #   1 total cpu time : 12934.1 secs   av.it.:   8.7
      thresh= 1.000E-02 alpha_mix =  0.100 |ddv_scf|^2 =  1.023E-04

      iter #   2 total cpu time : 12940.6 secs   av.it.:  11.0
      thresh= 1.011E-03 alpha_mix =  0.100 |ddv_scf|^2 =  6.901E-06

      iter #   3 total cpu time : 12947.1 secs   av.it.:  11.1
      thresh= 2.627E-04 alpha_mix =  0.100 |ddv_scf|^2 =  1.813E-06

      iter #   4 total cpu time : 12954.0 secs   av.it.:  12.4
      thresh= 1.347E-04 alpha_mix =  0.100 |ddv_scf|^2 =  3.199E-07

      iter #   5 total cpu time : 12961.0 secs   av.it.:  12.8
      thresh= 5.656E-05 alpha_mix =  0.100 |ddv_scf|^2 =  5.543E-08

      iter #   6 total cpu time : 12968.6 secs   av.it.:  12.9
      thresh= 2.354E-05 alpha_mix =  0.100 |ddv_scf|^2 =  1.522E-08

      iter #   7 total cpu time : 12975.9 secs   av.it.:  13.1
      thresh= 1.234E-05 alpha_mix =  0.100 |ddv_scf|^2 =  4.331E-09

      iter #   8 total cpu time : 12983.0 secs   av.it.:  13.0
      thresh= 6.581E-06 alpha_mix =  0.100 |ddv_scf|^2 =  2.079E-09

      iter #   9 total cpu time : 12990.4 secs   av.it.:  13.5
      thresh= 4.560E-06 alpha_mix =  0.100 |ddv_scf|^2 =  5.788E-10

      iter #  10 total cpu time : 12998.2 secs   av.it.:  14.0
      thresh= 2.406E-06 alpha_mix =  0.100 |ddv_scf|^2 =  1.077E-10

      iter #  11 total cpu time : 13005.3 secs   av.it.:  12.8
      thresh= 1.038E-06 alpha_mix =  0.100 |ddv_scf|^2 =  5.110E-11

      iter #  12 total cpu time : 13012.5 secs   av.it.:  13.1
      thresh= 7.148E-07 alpha_mix =  0.100 |ddv_scf|^2 =  2.063E-11

      iter #  13 total cpu time : 13019.9 secs   av.it.:  13.8
      thresh= 4.542E-07 alpha_mix =  0.100 |ddv_scf|^2 =  4.336E-12

      iter #  14 total cpu time : 13027.2 secs   av.it.:  13.3
      thresh= 2.082E-07 alpha_mix =  0.100 |ddv_scf|^2 =  1.887E-12

      iter #  15 total cpu time : 13034.7 secs   av.it.:  13.3
      thresh= 1.374E-07 alpha_mix =  0.100 |ddv_scf|^2 =  8.990E-13

      iter #  16 total cpu time : 13042.0 secs   av.it.:  13.2
      thresh= 9.481E-08 alpha_mix =  0.100 |ddv_scf|^2 =  3.090E-13

      iter #  17 total cpu time : 13049.6 secs   av.it.:  13.9
      thresh= 5.559E-08 alpha_mix =  0.100 |ddv_scf|^2 =  7.926E-14

      iter #  18 total cpu time : 13056.6 secs   av.it.:  12.5
      thresh= 2.815E-08 alpha_mix =  0.100 |ddv_scf|^2 =  4.687E-14

      iter #  19 total cpu time : 13064.3 secs   av.it.:  13.8
      thresh= 2.165E-08 alpha_mix =  0.100 |ddv_scf|^2 =  1.592E-14

      iter #  20 total cpu time : 13071.9 secs   av.it.:  13.7
      thresh= 1.262E-08 alpha_mix =  0.100 |ddv_scf|^2 =  6.800E-15

      iter #  21 total cpu time : 13079.4 secs   av.it.:  13.6
      thresh= 8.246E-09 alpha_mix =  0.100 |ddv_scf|^2 =  2.526E-15

      iter #  22 total cpu time : 13086.6 secs   av.it.:  13.3
      thresh= 5.026E-09 alpha_mix =  0.100 |ddv_scf|^2 =  1.177E-15

      iter #  23 total cpu time : 13094.2 secs   av.it.:  13.9
      thresh= 3.431E-09 alpha_mix =  0.100 |ddv_scf|^2 =  3.312E-16

     End of self-consistent calculation

     Convergence has been achieved 


     Representation #  10 mode #  10

     Self-consistent Calculation

      iter #   1 total cpu time : 13099.5 secs   av.it.:   7.5
      thresh= 1.000E-02 alpha_mix =  0.100 |ddv_scf|^2 =  3.761E-05

      iter #   2 total cpu time : 13106.0 secs   av.it.:  11.0
      thresh= 6.133E-04 alpha_mix =  0.100 |ddv_scf|^2 =  2.621E-06

      iter #   3 total cpu time : 13112.2 secs   av.it.:  10.9
      thresh= 1.619E-04 alpha_mix =  0.100 |ddv_scf|^2 =  2.915E-07

      iter #   4 total cpu time : 13118.9 secs   av.it.:  12.2
      thresh= 5.399E-05 alpha_mix =  0.100 |ddv_scf|^2 =  1.053E-07

      iter #   5 total cpu time : 13126.2 secs   av.it.:  12.8
      thresh= 3.245E-05 alpha_mix =  0.100 |ddv_scf|^2 =  2.221E-08

      iter #   6 total cpu time : 13133.5 secs   av.it.:  13.2
      thresh= 1.490E-05 alpha_mix =  0.100 |ddv_scf|^2 =  4.308E-09

      iter #   7 total cpu time : 13140.4 secs   av.it.:  12.5
      thresh= 6.563E-06 alpha_mix =  0.100 |ddv_scf|^2 =  1.771E-09

      iter #   8 total cpu time : 13147.7 secs   av.it.:  13.4
      thresh= 4.209E-06 alpha_mix =  0.100 |ddv_scf|^2 =  4.667E-10

      iter #   9 total cpu time : 13155.2 secs   av.it.:  13.3
      thresh= 2.160E-06 alpha_mix =  0.100 |ddv_scf|^2 =  1.396E-10

      iter #  10 total cpu time : 13165.6 secs   av.it.:  13.8
      thresh= 1.182E-06 alpha_mix =  0.100 |ddv_scf|^2 =  2.840E-11

      iter #  11 total cpu time : 13172.7 secs   av.it.:  12.5
      thresh= 5.329E-07 alpha_mix =  0.100 |ddv_scf|^2 =  1.725E-11

      iter #  12 total cpu time : 13180.0 secs   av.it.:  13.1
      thresh= 4.153E-07 alpha_mix =  0.100 |ddv_scf|^2 =  5.944E-12

      iter #  13 total cpu time : 13187.7 secs   av.it.:  14.0
      thresh= 2.438E-07 alpha_mix =  0.100 |ddv_scf|^2 =  9.513E-13

      iter #  14 total cpu time : 13194.9 secs   av.it.:  12.7
      thresh= 9.753E-08 alpha_mix =  0.100 |ddv_scf|^2 =  5.322E-13

      iter #  15 total cpu time : 13202.4 secs   av.it.:  13.5
      thresh= 7.295E-08 alpha_mix =  0.100 |ddv_scf|^2 =  1.683E-13

      iter #  16 total cpu time : 13209.5 secs   av.it.:  12.9
      thresh= 4.102E-08 alpha_mix =  0.100 |ddv_scf|^2 =  8.509E-14

      iter #  17 total cpu time : 13217.0 secs   av.it.:  13.6
      thresh= 2.917E-08 alpha_mix =  0.100 |ddv_scf|^2 =  3.204E-14

      iter #  18 total cpu time : 13224.8 secs   av.it.:  13.4
      thresh= 1.790E-08 alpha_mix =  0.100 |ddv_scf|^2 =  1.195E-14

      iter #  19 total cpu time : 13232.4 secs   av.it.:  13.8
      thresh= 1.093E-08 alpha_mix =  0.100 |ddv_scf|^2 =  2.922E-15

      iter #  20 total cpu time : 13240.1 secs   av.it.:  13.7
      thresh= 5.405E-09 alpha_mix =  0.100 |ddv_scf|^2 =  8.441E-16

     End of self-consistent calculation

     Convergence has been achieved 


     Representation #  11 mode #  11

     Self-consistent Calculation

      iter #   1 total cpu time : 13245.6 secs   av.it.:   7.7
      thresh= 1.000E-02 alpha_mix =  0.100 |ddv_scf|^2 =  5.560E-05

      iter #   2 total cpu time : 13252.1 secs   av.it.:  11.0
      thresh= 7.457E-04 alpha_mix =  0.100 |ddv_scf|^2 =  3.242E-06

      iter #   3 total cpu time : 13258.4 secs   av.it.:  10.9
      thresh= 1.801E-04 alpha_mix =  0.100 |ddv_scf|^2 =  2.638E-07

      iter #   4 total cpu time : 13265.3 secs   av.it.:  12.0
      thresh= 5.136E-05 alpha_mix =  0.100 |ddv_scf|^2 =  1.086E-07

      iter #   5 total cpu time : 13272.4 secs   av.it.:  12.7
      thresh= 3.295E-05 alpha_mix =  0.100 |ddv_scf|^2 =  2.548E-08

      iter #   6 total cpu time : 13280.2 secs   av.it.:  13.6
      thresh= 1.596E-05 alpha_mix =  0.100 |ddv_scf|^2 =  2.832E-09

      iter #   7 total cpu time : 13287.2 secs   av.it.:  12.4
      thresh= 5.321E-06 alpha_mix =  0.100 |ddv_scf|^2 =  1.465E-09

      iter #   8 total cpu time : 13294.6 secs   av.it.:  13.5
      thresh= 3.827E-06 alpha_mix =  0.100 |ddv_scf|^2 =  3.871E-10

      iter #   9 total cpu time : 13302.0 secs   av.it.:  13.5
      thresh= 1.968E-06 alpha_mix =  0.100 |ddv_scf|^2 =  8.893E-11

      iter #  10 total cpu time : 13309.6 secs   av.it.:  13.5
      thresh= 9.431E-07 alpha_mix =  0.100 |ddv_scf|^2 =  2.818E-11

      iter #  11 total cpu time : 13316.8 secs   av.it.:  12.2
      thresh= 5.308E-07 alpha_mix =  0.100 |ddv_scf|^2 =  1.781E-11

      iter #  12 total cpu time : 13324.5 secs   av.it.:  13.5
      thresh= 4.220E-07 alpha_mix =  0.100 |ddv_scf|^2 =  5.032E-12

      iter #  13 total cpu time : 13331.9 secs   av.it.:  13.8
      thresh= 2.243E-07 alpha_mix =  0.100 |ddv_scf|^2 =  1.267E-12

      iter #  14 total cpu time : 13339.1 secs   av.it.:  13.0
      thresh= 1.126E-07 alpha_mix =  0.100 |ddv_scf|^2 =  5.345E-13

      iter #  15 total cpu time : 13346.6 secs   av.it.:  13.4
      thresh= 7.311E-08 alpha_mix =  0.100 |ddv_scf|^2 =  1.815E-13

      iter #  16 total cpu time : 13353.6 secs   av.it.:  12.5
      thresh= 4.260E-08 alpha_mix =  0.100 |ddv_scf|^2 =  9.912E-14

      iter #  17 total cpu time : 13361.2 secs   av.it.:  13.6
      thresh= 3.148E-08 alpha_mix =  0.100 |ddv_scf|^2 =  3.902E-14

      iter #  18 total cpu time : 13368.7 secs   av.it.:  13.4
      thresh= 1.975E-08 alpha_mix =  0.100 |ddv_scf|^2 =  1.803E-14

      iter #  19 total cpu time : 13376.3 secs   av.it.:  13.6
      thresh= 1.343E-08 alpha_mix =  0.100 |ddv_scf|^2 =  6.839E-15

      iter #  20 total cpu time : 13383.3 secs   av.it.:  12.4
      thresh= 8.270E-09 alpha_mix =  0.100 |ddv_scf|^2 =  4.585E-15

      iter #  21 total cpu time : 13390.5 secs   av.it.:  13.0
      thresh= 6.771E-09 alpha_mix =  0.100 |ddv_scf|^2 =  2.064E-15

      iter #  22 total cpu time : 13398.0 secs   av.it.:  13.8
      thresh= 4.543E-09 alpha_mix =  0.100 |ddv_scf|^2 =  6.937E-16

     End of self-consistent calculation

     Convergence has been achieved 


     Representation #  12 mode #  12

     Self-consistent Calculation

      iter #   1 total cpu time : 13403.2 secs   av.it.:   7.4
      thresh= 1.000E-02 alpha_mix =  0.100 |ddv_scf|^2 =  2.868E-05

      iter #   2 total cpu time : 13409.8 secs   av.it.:  11.0
      thresh= 5.355E-04 alpha_mix =  0.100 |ddv_scf|^2 =  2.156E-06

      iter #   3 total cpu time : 13416.1 secs   av.it.:  10.9
      thresh= 1.468E-04 alpha_mix =  0.100 |ddv_scf|^2 =  2.887E-07

      iter #   4 total cpu time : 13422.9 secs   av.it.:  12.2
      thresh= 5.373E-05 alpha_mix =  0.100 |ddv_scf|^2 =  9.746E-08

      iter #   5 total cpu time : 13430.0 secs   av.it.:  12.8
      thresh= 3.122E-05 alpha_mix =  0.100 |ddv_scf|^2 =  1.897E-08

      iter #   6 total cpu time : 13437.6 secs   av.it.:  13.0
      thresh= 1.377E-05 alpha_mix =  0.100 |ddv_scf|^2 =  4.865E-09

      iter #   7 total cpu time : 13444.7 secs   av.it.:  12.6
      thresh= 6.975E-06 alpha_mix =  0.100 |ddv_scf|^2 =  1.807E-09

      iter #   8 total cpu time : 13451.9 secs   av.it.:  13.3
      thresh= 4.250E-06 alpha_mix =  0.100 |ddv_scf|^2 =  4.059E-10

      iter #   9 total cpu time : 13459.2 secs   av.it.:  13.2
      thresh= 2.015E-06 alpha_mix =  0.100 |ddv_scf|^2 =  1.484E-10

      iter #  10 total cpu time : 13466.8 secs   av.it.:  13.7
      thresh= 1.218E-06 alpha_mix =  0.100 |ddv_scf|^2 =  3.561E-11

      iter #  11 total cpu time : 13473.9 secs   av.it.:  12.7
      thresh= 5.968E-07 alpha_mix =  0.100 |ddv_scf|^2 =  1.994E-11

      iter #  12 total cpu time : 13481.4 secs   av.it.:  13.4
      thresh= 4.465E-07 alpha_mix =  0.100 |ddv_scf|^2 =  6.539E-12

      iter #  13 total cpu time : 13488.9 secs   av.it.:  13.9
      thresh= 2.557E-07 alpha_mix =  0.100 |ddv_scf|^2 =  1.369E-12

      iter #  14 total cpu time : 13496.2 secs   av.it.:  13.1
      thresh= 1.170E-07 alpha_mix =  0.100 |ddv_scf|^2 =  5.198E-13

      iter #  15 total cpu time : 13503.6 secs   av.it.:  13.0
      thresh= 7.210E-08 alpha_mix =  0.100 |ddv_scf|^2 =  2.343E-13

      iter #  16 total cpu time : 13510.8 secs   av.it.:  13.2
      thresh= 4.840E-08 alpha_mix =  0.100 |ddv_scf|^2 =  9.880E-14

      iter #  17 total cpu time : 13518.2 secs   av.it.:  13.8
      thresh= 3.143E-08 alpha_mix =  0.100 |ddv_scf|^2 =  3.298E-14

      iter #  18 total cpu time : 13525.0 secs   av.it.:  12.6
      thresh= 1.816E-08 alpha_mix =  0.100 |ddv_scf|^2 =  2.149E-14

      iter #  19 total cpu time : 13532.7 secs   av.it.:  13.7
      thresh= 1.466E-08 alpha_mix =  0.100 |ddv_scf|^2 =  5.585E-15

      iter #  20 total cpu time : 13540.2 secs   av.it.:  13.5
      thresh= 7.473E-09 alpha_mix =  0.100 |ddv_scf|^2 =  2.597E-15

      iter #  21 total cpu time : 13547.2 secs   av.it.:  12.7
      thresh= 5.097E-09 alpha_mix =  0.100 |ddv_scf|^2 =  1.464E-15

      iter #  22 total cpu time : 13554.9 secs   av.it.:  14.0
      thresh= 3.826E-09 alpha_mix =  0.100 |ddv_scf|^2 =  3.779E-16

     End of self-consistent calculation

     Convergence has been achieved 


     Representation #  13 mode #  13

     Self-consistent Calculation

      iter #   1 total cpu time : 13560.9 secs   av.it.:   9.0
      thresh= 1.000E-02 alpha_mix =  0.100 |ddv_scf|^2 =  1.383E-04

      iter #   2 total cpu time : 13567.4 secs   av.it.:  11.0
      thresh= 1.176E-03 alpha_mix =  0.100 |ddv_scf|^2 =  1.100E-05

      iter #   3 total cpu time : 13573.8 secs   av.it.:  11.0
      thresh= 3.316E-04 alpha_mix =  0.100 |ddv_scf|^2 =  3.074E-06

      iter #   4 total cpu time : 13580.6 secs   av.it.:  12.6
      thresh= 1.753E-04 alpha_mix =  0.100 |ddv_scf|^2 =  2.329E-07

      iter #   5 total cpu time : 13587.4 secs   av.it.:  12.2
      thresh= 4.826E-05 alpha_mix =  0.100 |ddv_scf|^2 =  8.974E-08

      iter #   6 total cpu time : 13595.2 secs   av.it.:  13.6
      thresh= 2.996E-05 alpha_mix =  0.100 |ddv_scf|^2 =  6.391E-09

      iter #   7 total cpu time : 13602.0 secs   av.it.:  11.9
      thresh= 7.995E-06 alpha_mix =  0.100 |ddv_scf|^2 =  4.190E-09

      iter #   8 total cpu time : 13609.5 secs   av.it.:  13.6
      thresh= 6.473E-06 alpha_mix =  0.100 |ddv_scf|^2 =  8.969E-10

      iter #   9 total cpu time : 13617.0 secs   av.it.:  13.9
      thresh= 2.995E-06 alpha_mix =  0.100 |ddv_scf|^2 =  2.084E-10

      iter #  10 total cpu time : 13624.7 secs   av.it.:  13.1
      thresh= 1.444E-06 alpha_mix =  0.100 |ddv_scf|^2 =  9.502E-11

      iter #  11 total cpu time : 13632.2 secs   av.it.:  13.5
      thresh= 9.748E-07 alpha_mix =  0.100 |ddv_scf|^2 =  3.421E-11

      iter #  12 total cpu time : 13639.3 secs   av.it.:  13.0
      thresh= 5.849E-07 alpha_mix =  0.100 |ddv_scf|^2 =  1.259E-11

      iter #  13 total cpu time : 13646.9 secs   av.it.:  13.9
      thresh= 3.548E-07 alpha_mix =  0.100 |ddv_scf|^2 =  2.543E-12

      iter #  14 total cpu time : 13654.5 secs   av.it.:  13.1
      thresh= 1.595E-07 alpha_mix =  0.100 |ddv_scf|^2 =  1.313E-12

      iter #  15 total cpu time : 13661.8 secs   av.it.:  13.1
      thresh= 1.146E-07 alpha_mix =  0.100 |ddv_scf|^2 =  7.932E-13

      iter #  16 total cpu time : 13669.2 secs   av.it.:  13.3
      thresh= 8.906E-08 alpha_mix =  0.100 |ddv_scf|^2 =  3.518E-13

      iter #  17 total cpu time : 13676.4 secs   av.it.:  13.4
      thresh= 5.932E-08 alpha_mix =  0.100 |ddv_scf|^2 =  1.459E-13

      iter #  18 total cpu time : 13684.4 secs   av.it.:  14.3
      thresh= 3.819E-08 alpha_mix =  0.100 |ddv_scf|^2 =  2.943E-14

      iter #  19 total cpu time : 13691.9 secs   av.it.:  13.2
      thresh= 1.715E-08 alpha_mix =  0.100 |ddv_scf|^2 =  1.464E-14

      iter #  20 total cpu time : 13699.4 secs   av.it.:  13.5
      thresh= 1.210E-08 alpha_mix =  0.100 |ddv_scf|^2 =  4.903E-15

      iter #  21 total cpu time : 13706.9 secs   av.it.:  13.7
      thresh= 7.002E-09 alpha_mix =  0.100 |ddv_scf|^2 =  1.780E-15

      iter #  22 total cpu time : 13714.3 secs   av.it.:  13.3
      thresh= 4.219E-09 alpha_mix =  0.100 |ddv_scf|^2 =  8.197E-16

     End of self-consistent calculation

     Convergence has been achieved 


     Representation #  14 mode #  14

     Self-consistent Calculation

      iter #   1 total cpu time : 13719.6 secs   av.it.:   7.4
      thresh= 1.000E-02 alpha_mix =  0.100 |ddv_scf|^2 =  2.536E-05

      iter #   2 total cpu time : 13726.4 secs   av.it.:  11.0
      thresh= 5.036E-04 alpha_mix =  0.100 |ddv_scf|^2 =  1.930E-06

      iter #   3 total cpu time : 13732.8 secs   av.it.:  10.9
      thresh= 1.389E-04 alpha_mix =  0.100 |ddv_scf|^2 =  3.049E-07

      iter #   4 total cpu time : 13739.7 secs   av.it.:  12.4
      thresh= 5.522E-05 alpha_mix =  0.100 |ddv_scf|^2 =  8.690E-08

      iter #   5 total cpu time : 13747.0 secs   av.it.:  12.8
      thresh= 2.948E-05 alpha_mix =  0.100 |ddv_scf|^2 =  1.927E-08

      iter #   6 total cpu time : 13754.3 secs   av.it.:  13.0
      thresh= 1.388E-05 alpha_mix =  0.100 |ddv_scf|^2 =  5.115E-09

      iter #   7 total cpu time : 13761.3 secs   av.it.:  12.7
      thresh= 7.152E-06 alpha_mix =  0.100 |ddv_scf|^2 =  1.693E-09

      iter #   8 total cpu time : 13768.6 secs   av.it.:  13.3
      thresh= 4.115E-06 alpha_mix =  0.100 |ddv_scf|^2 =  4.355E-10

      iter #   9 total cpu time : 13775.9 secs   av.it.:  13.2
      thresh= 2.087E-06 alpha_mix =  0.100 |ddv_scf|^2 =  1.457E-10

      iter #  10 total cpu time : 13783.5 secs   av.it.:  13.7
      thresh= 1.207E-06 alpha_mix =  0.100 |ddv_scf|^2 =  3.671E-11

      iter #  11 total cpu time : 13790.7 secs   av.it.:  12.8
      thresh= 6.059E-07 alpha_mix =  0.100 |ddv_scf|^2 =  1.936E-11

      iter #  12 total cpu time : 13798.0 secs   av.it.:  13.5
      thresh= 4.400E-07 alpha_mix =  0.100 |ddv_scf|^2 =  6.039E-12

      iter #  13 total cpu time : 13805.7 secs   av.it.:  13.9
      thresh= 2.458E-07 alpha_mix =  0.100 |ddv_scf|^2 =  1.403E-12

      iter #  14 total cpu time : 13813.2 secs   av.it.:  13.3
      thresh= 1.184E-07 alpha_mix =  0.100 |ddv_scf|^2 =  5.373E-13

      iter #  15 total cpu time : 13820.6 secs   av.it.:  13.1
      thresh= 7.330E-08 alpha_mix =  0.100 |ddv_scf|^2 =  2.296E-13

      iter #  16 total cpu time : 13828.0 secs   av.it.:  13.2
      thresh= 4.792E-08 alpha_mix =  0.100 |ddv_scf|^2 =  9.746E-14

      iter #  17 total cpu time : 13835.2 secs   av.it.:  13.5
      thresh= 3.122E-08 alpha_mix =  0.100 |ddv_scf|^2 =  4.600E-14

      iter #  18 total cpu time : 13842.4 secs   av.it.:  12.9
      thresh= 2.145E-08 alpha_mix =  0.100 |ddv_scf|^2 =  2.714E-14

      iter #  19 total cpu time : 13849.9 secs   av.it.:  13.6
      thresh= 1.647E-08 alpha_mix =  0.100 |ddv_scf|^2 =  1.202E-14

      iter #  20 total cpu time : 13856.8 secs   av.it.:  12.6
      thresh= 1.096E-08 alpha_mix =  0.100 |ddv_scf|^2 =  7.310E-15

      iter #  21 total cpu time : 13864.4 secs   av.it.:  13.9
      thresh= 8.550E-09 alpha_mix =  0.100 |ddv_scf|^2 =  2.057E-15

      iter #  22 total cpu time : 13872.0 secs   av.it.:  13.7
      thresh= 4.535E-09 alpha_mix =  0.100 |ddv_scf|^2 =  9.362E-16

     End of self-consistent calculation

     Convergence has been achieved 


     Representation #  15 mode #  15

     Self-consistent Calculation

      iter #   1 total cpu time : 13877.1 secs   av.it.:   7.0
      thresh= 1.000E-02 alpha_mix =  0.100 |ddv_scf|^2 =  4.878E-06

      iter #   2 total cpu time : 13883.6 secs   av.it.:  11.4
      thresh= 2.209E-04 alpha_mix =  0.100 |ddv_scf|^2 =  5.552E-07

      iter #   3 total cpu time : 13890.3 secs   av.it.:  11.7
      thresh= 7.451E-05 alpha_mix =  0.100 |ddv_scf|^2 =  1.361E-07

      iter #   4 total cpu time : 13897.8 secs   av.it.:  13.8
      thresh= 3.689E-05 alpha_mix =  0.100 |ddv_scf|^2 =  6.269E-09

      iter #   5 total cpu time : 13905.0 secs   av.it.:  13.0
      thresh= 7.918E-06 alpha_mix =  0.100 |ddv_scf|^2 =  1.160E-09

      iter #   6 total cpu time : 13912.3 secs   av.it.:  12.9
      thresh= 3.405E-06 alpha_mix =  0.100 |ddv_scf|^2 =  3.599E-10

      iter #   7 total cpu time : 13919.8 secs   av.it.:  14.0
      thresh= 1.897E-06 alpha_mix =  0.100 |ddv_scf|^2 =  6.317E-11

      iter #   8 total cpu time : 13926.5 secs   av.it.:  12.0
      thresh= 7.948E-07 alpha_mix =  0.100 |ddv_scf|^2 =  4.198E-11

      iter #   9 total cpu time : 13934.5 secs   av.it.:  14.5
      thresh= 6.479E-07 alpha_mix =  0.100 |ddv_scf|^2 =  2.284E-12

      iter #  10 total cpu time : 13941.6 secs   av.it.:  12.4
      thresh= 1.511E-07 alpha_mix =  0.100 |ddv_scf|^2 =  1.286E-12

      iter #  11 total cpu time : 13949.0 secs   av.it.:  13.7
      thresh= 1.134E-07 alpha_mix =  0.100 |ddv_scf|^2 =  2.842E-13

      iter #  12 total cpu time : 13956.3 secs   av.it.:  13.4
      thresh= 5.331E-08 alpha_mix =  0.100 |ddv_scf|^2 =  1.074E-13

      iter #  13 total cpu time : 13963.9 secs   av.it.:  13.7
      thresh= 3.278E-08 alpha_mix =  0.100 |ddv_scf|^2 =  2.380E-14

      iter #  14 total cpu time : 13971.4 secs   av.it.:  13.6
      thresh= 1.543E-08 alpha_mix =  0.100 |ddv_scf|^2 =  1.112E-14

      iter #  15 total cpu time : 13978.4 secs   av.it.:  12.3
      thresh= 1.054E-08 alpha_mix =  0.100 |ddv_scf|^2 =  7.849E-15

      iter #  16 total cpu time : 13985.9 secs   av.it.:  13.7
      thresh= 8.859E-09 alpha_mix =  0.100 |ddv_scf|^2 =  6.979E-16

     End of self-consistent calculation

     Convergence has been achieved 


     Representation #  16 mode #  16

     Self-consistent Calculation

      iter #   1 total cpu time : 13991.3 secs   av.it.:   8.4
      thresh= 1.000E-02 alpha_mix =  0.100 |ddv_scf|^2 =  1.152E-05

      iter #   2 total cpu time : 13997.8 secs   av.it.:  11.3
      thresh= 3.394E-04 alpha_mix =  0.100 |ddv_scf|^2 =  4.490E-06

      iter #   3 total cpu time : 14004.7 secs   av.it.:  12.5
      thresh= 2.119E-04 alpha_mix =  0.100 |ddv_scf|^2 =  3.958E-07

      iter #   4 total cpu time : 14011.6 secs   av.it.:  12.7
      thresh= 6.291E-05 alpha_mix =  0.100 |ddv_scf|^2 =  9.152E-08

      iter #   5 total cpu time : 14019.0 secs   av.it.:  13.6
      thresh= 3.025E-05 alpha_mix =  0.100 |ddv_scf|^2 =  7.625E-09

      iter #   6 total cpu time : 14026.2 secs   av.it.:  12.8
      thresh= 8.732E-06 alpha_mix =  0.100 |ddv_scf|^2 =  2.627E-09

      iter #   7 total cpu time : 14034.0 secs   av.it.:  14.1
      thresh= 5.126E-06 alpha_mix =  0.100 |ddv_scf|^2 =  3.020E-10

      iter #   8 total cpu time : 14041.8 secs   av.it.:  14.4
      thresh= 1.738E-06 alpha_mix =  0.100 |ddv_scf|^2 =  7.368E-12

      iter #   9 total cpu time : 14049.2 secs   av.it.:  12.6
      thresh= 2.714E-07 alpha_mix =  0.100 |ddv_scf|^2 =  5.043E-12

      iter #  10 total cpu time : 14057.4 secs   av.it.:  14.3
      thresh= 2.246E-07 alpha_mix =  0.100 |ddv_scf|^2 =  7.285E-13

      iter #  11 total cpu time : 14065.0 secs   av.it.:  13.6
      thresh= 8.535E-08 alpha_mix =  0.100 |ddv_scf|^2 =  2.162E-13

      iter #  12 total cpu time : 14072.3 secs   av.it.:  13.4
      thresh= 4.650E-08 alpha_mix =  0.100 |ddv_scf|^2 =  9.527E-14

      iter #  13 total cpu time : 14079.3 secs   av.it.:  12.7
      thresh= 3.087E-08 alpha_mix =  0.100 |ddv_scf|^2 =  5.801E-14

      iter #  14 total cpu time : 14086.7 secs   av.it.:  13.8
      thresh= 2.408E-08 alpha_mix =  0.100 |ddv_scf|^2 =  6.123E-15

      iter #  15 total cpu time : 14094.3 secs   av.it.:  13.7
      thresh= 7.825E-09 alpha_mix =  0.100 |ddv_scf|^2 =  1.593E-15

      iter #  16 total cpu time : 14101.1 secs   av.it.:  12.1
      thresh= 3.992E-09 alpha_mix =  0.100 |ddv_scf|^2 =  1.108E-15

      iter #  17 total cpu time : 14108.7 secs   av.it.:  13.7
      thresh= 3.329E-09 alpha_mix =  0.100 |ddv_scf|^2 =  4.005E-16

     End of self-consistent calculation

     Convergence has been achieved 


     Representation #  17 mode #  17

     Self-consistent Calculation

      iter #   1 total cpu time : 14114.2 secs   av.it.:   8.4
      thresh= 1.000E-02 alpha_mix =  0.100 |ddv_scf|^2 =  9.826E-06

      iter #   2 total cpu time : 14121.0 secs   av.it.:  11.6
      thresh= 3.135E-04 alpha_mix =  0.100 |ddv_scf|^2 =  3.338E-06

      iter #   3 total cpu time : 14127.8 secs   av.it.:  12.3
      thresh= 1.827E-04 alpha_mix =  0.100 |ddv_scf|^2 =  5.267E-07

      iter #   4 total cpu time : 14134.8 secs   av.it.:  12.7
      thresh= 7.257E-05 alpha_mix =  0.100 |ddv_scf|^2 =  1.124E-07

      iter #   5 total cpu time : 14142.1 secs   av.it.:  13.6
      thresh= 3.352E-05 alpha_mix =  0.100 |ddv_scf|^2 =  5.672E-09

      iter #   6 total cpu time : 14149.0 secs   av.it.:  12.3
      thresh= 7.532E-06 alpha_mix =  0.100 |ddv_scf|^2 =  2.857E-09

      iter #   7 total cpu time : 14156.7 secs   av.it.:  14.1
      thresh= 5.345E-06 alpha_mix =  0.100 |ddv_scf|^2 =  2.681E-10

      iter #   8 total cpu time : 14164.5 secs   av.it.:  14.3
      thresh= 1.638E-06 alpha_mix =  0.100 |ddv_scf|^2 =  1.145E-11

      iter #   9 total cpu time : 14171.3 secs   av.it.:  12.6
      thresh= 3.384E-07 alpha_mix =  0.100 |ddv_scf|^2 =  7.389E-12

      iter #  10 total cpu time : 14179.1 secs   av.it.:  14.1
      thresh= 2.718E-07 alpha_mix =  0.100 |ddv_scf|^2 =  9.247E-13

      iter #  11 total cpu time : 14186.5 secs   av.it.:  13.5
      thresh= 9.616E-08 alpha_mix =  0.100 |ddv_scf|^2 =  4.299E-13

      iter #  12 total cpu time : 14194.3 secs   av.it.:  14.2
      thresh= 6.557E-08 alpha_mix =  0.100 |ddv_scf|^2 =  8.187E-14

      iter #  13 total cpu time : 14201.4 secs   av.it.:  12.9
      thresh= 2.861E-08 alpha_mix =  0.100 |ddv_scf|^2 =  4.381E-14

      iter #  14 total cpu time : 14208.8 secs   av.it.:  13.5
      thresh= 2.093E-08 alpha_mix =  0.100 |ddv_scf|^2 =  6.460E-15

      iter #  15 total cpu time : 14216.3 secs   av.it.:  13.5
      thresh= 8.037E-09 alpha_mix =  0.100 |ddv_scf|^2 =  2.713E-15

      iter #  16 total cpu time : 14223.5 secs   av.it.:  12.4
      thresh= 5.209E-09 alpha_mix =  0.100 |ddv_scf|^2 =  1.589E-15

      iter #  17 total cpu time : 14231.0 secs   av.it.:  13.6
      thresh= 3.987E-09 alpha_mix =  0.100 |ddv_scf|^2 =  4.942E-16

     End of self-consistent calculation

     Convergence has been achieved 


     Representation #  18 mode #  18

     Self-consistent Calculation

      iter #   1 total cpu time : 14236.5 secs   av.it.:   8.4
      thresh= 1.000E-02 alpha_mix =  0.100 |ddv_scf|^2 =  1.152E-05

      iter #   2 total cpu time : 14242.9 secs   av.it.:  11.3
      thresh= 3.394E-04 alpha_mix =  0.100 |ddv_scf|^2 =  4.490E-06

      iter #   3 total cpu time : 14249.8 secs   av.it.:  12.5
      thresh= 2.119E-04 alpha_mix =  0.100 |ddv_scf|^2 =  3.958E-07

      iter #   4 total cpu time : 14257.0 secs   av.it.:  12.7
      thresh= 6.291E-05 alpha_mix =  0.100 |ddv_scf|^2 =  9.152E-08

      iter #   5 total cpu time : 14264.3 secs   av.it.:  13.6
      thresh= 3.025E-05 alpha_mix =  0.100 |ddv_scf|^2 =  7.625E-09

      iter #   6 total cpu time : 14271.5 secs   av.it.:  12.8
      thresh= 8.732E-06 alpha_mix =  0.100 |ddv_scf|^2 =  2.627E-09

      iter #   7 total cpu time : 14279.2 secs   av.it.:  14.1
      thresh= 5.126E-06 alpha_mix =  0.100 |ddv_scf|^2 =  3.020E-10

      iter #   8 total cpu time : 14286.8 secs   av.it.:  14.4
      thresh= 1.738E-06 alpha_mix =  0.100 |ddv_scf|^2 =  7.369E-12

      iter #   9 total cpu time : 14293.7 secs   av.it.:  12.6
      thresh= 2.715E-07 alpha_mix =  0.100 |ddv_scf|^2 =  5.044E-12

      iter #  10 total cpu time : 14301.4 secs   av.it.:  14.3
      thresh= 2.246E-07 alpha_mix =  0.100 |ddv_scf|^2 =  7.188E-13

      iter #  11 total cpu time : 14308.9 secs   av.it.:  13.6
      thresh= 8.478E-08 alpha_mix =  0.100 |ddv_scf|^2 =  2.152E-13

      iter #  12 total cpu time : 14316.7 secs   av.it.:  13.4
      thresh= 4.639E-08 alpha_mix =  0.100 |ddv_scf|^2 =  9.513E-14

      iter #  13 total cpu time : 14324.2 secs   av.it.:  12.7
      thresh= 3.084E-08 alpha_mix =  0.100 |ddv_scf|^2 =  5.795E-14

      iter #  14 total cpu time : 14331.8 secs   av.it.:  13.8
      thresh= 2.407E-08 alpha_mix =  0.100 |ddv_scf|^2 =  6.022E-15

      iter #  15 total cpu time : 14339.4 secs   av.it.:  13.7
      thresh= 7.760E-09 alpha_mix =  0.100 |ddv_scf|^2 =  1.599E-15

      iter #  16 total cpu time : 14346.2 secs   av.it.:  12.1
      thresh= 3.998E-09 alpha_mix =  0.100 |ddv_scf|^2 =  1.109E-15

      iter #  17 total cpu time : 14353.7 secs   av.it.:  13.7
      thresh= 3.331E-09 alpha_mix =  0.100 |ddv_scf|^2 =  4.020E-16

     End of self-consistent calculation

     Convergence has been achieved 


     Representation #  19 mode #  19

     Self-consistent Calculation

      iter #   1 total cpu time : 14359.2 secs   av.it.:   8.4
      thresh= 1.000E-02 alpha_mix =  0.100 |ddv_scf|^2 =  1.072E-05

      iter #   2 total cpu time : 14365.8 secs   av.it.:  11.6
      thresh= 3.275E-04 alpha_mix =  0.100 |ddv_scf|^2 =  3.152E-06

      iter #   3 total cpu time : 14372.7 secs   av.it.:  12.1
      thresh= 1.775E-04 alpha_mix =  0.100 |ddv_scf|^2 =  6.772E-07

      iter #   4 total cpu time : 14379.8 secs   av.it.:  12.9
      thresh= 8.229E-05 alpha_mix =  0.100 |ddv_scf|^2 =  1.041E-07

      iter #   5 total cpu time : 14387.3 secs   av.it.:  13.5
      thresh= 3.226E-05 alpha_mix =  0.100 |ddv_scf|^2 =  6.039E-09

      iter #   6 total cpu time : 14394.1 secs   av.it.:  12.2
      thresh= 7.771E-06 alpha_mix =  0.100 |ddv_scf|^2 =  3.254E-09

      iter #   7 total cpu time : 14401.7 secs   av.it.:  14.2
      thresh= 5.704E-06 alpha_mix =  0.100 |ddv_scf|^2 =  2.646E-10

      iter #   8 total cpu time : 14409.0 secs   av.it.:  13.4
      thresh= 1.627E-06 alpha_mix =  0.100 |ddv_scf|^2 =  7.988E-11

      iter #   9 total cpu time : 14416.5 secs   av.it.:  14.1
      thresh= 8.937E-07 alpha_mix =  0.100 |ddv_scf|^2 =  1.034E-11

      iter #  10 total cpu time : 14423.7 secs   av.it.:  12.6
      thresh= 3.216E-07 alpha_mix =  0.100 |ddv_scf|^2 =  5.739E-12

      iter #  11 total cpu time : 14431.2 secs   av.it.:  13.6
      thresh= 2.396E-07 alpha_mix =  0.100 |ddv_scf|^2 =  1.615E-12

      iter #  12 total cpu time : 14438.7 secs   av.it.:  13.6
      thresh= 1.271E-07 alpha_mix =  0.100 |ddv_scf|^2 =  3.510E-13

      iter #  13 total cpu time : 14445.7 secs   av.it.:  12.6
      thresh= 5.924E-08 alpha_mix =  0.100 |ddv_scf|^2 =  2.033E-13

      iter #  14 total cpu time : 14453.2 secs   av.it.:  14.0
      thresh= 4.509E-08 alpha_mix =  0.100 |ddv_scf|^2 =  2.948E-14

      iter #  15 total cpu time : 14460.5 secs   av.it.:  13.4
      thresh= 1.717E-08 alpha_mix =  0.100 |ddv_scf|^2 =  1.100E-14

      iter #  16 total cpu time : 14467.8 secs   av.it.:  13.2
      thresh= 1.049E-08 alpha_mix =  0.100 |ddv_scf|^2 =  5.359E-15

      iter #  17 total cpu time : 14475.0 secs   av.it.:  12.8
      thresh= 7.321E-09 alpha_mix =  0.100 |ddv_scf|^2 =  2.664E-15

      iter #  18 total cpu time : 14482.4 secs   av.it.:  13.2
      thresh= 5.162E-09 alpha_mix =  0.100 |ddv_scf|^2 =  8.413E-16

     End of self-consistent calculation

     Convergence has been achieved 


     Representation #  20 mode #  20

     Self-consistent Calculation

      iter #   1 total cpu time : 14487.7 secs   av.it.:   7.2
      thresh= 1.000E-02 alpha_mix =  0.100 |ddv_scf|^2 =  4.715E-06

      iter #   2 total cpu time : 14494.2 secs   av.it.:  11.3
      thresh= 2.171E-04 alpha_mix =  0.100 |ddv_scf|^2 =  6.715E-07

      iter #   3 total cpu time : 14501.0 secs   av.it.:  11.7
      thresh= 8.195E-05 alpha_mix =  0.100 |ddv_scf|^2 =  1.818E-07

      iter #   4 total cpu time : 14508.4 secs   av.it.:  13.7
      thresh= 4.264E-05 alpha_mix =  0.100 |ddv_scf|^2 =  5.485E-09

      iter #   5 total cpu time : 14515.4 secs   av.it.:  12.8
      thresh= 7.406E-06 alpha_mix =  0.100 |ddv_scf|^2 =  1.891E-09

      iter #   6 total cpu time : 14522.8 secs   av.it.:  13.3
      thresh= 4.348E-06 alpha_mix =  0.100 |ddv_scf|^2 =  5.578E-10

      iter #   7 total cpu time : 14530.3 secs   av.it.:  13.9
      thresh= 2.362E-06 alpha_mix =  0.100 |ddv_scf|^2 =  5.241E-11

      iter #   8 total cpu time : 14537.2 secs   av.it.:  12.0
      thresh= 7.240E-07 alpha_mix =  0.100 |ddv_scf|^2 =  3.416E-11

      iter #   9 total cpu time : 14545.3 secs   av.it.:  14.3
      thresh= 5.845E-07 alpha_mix =  0.100 |ddv_scf|^2 =  2.490E-12

      iter #  10 total cpu time : 14552.6 secs   av.it.:  13.2
      thresh= 1.578E-07 alpha_mix =  0.100 |ddv_scf|^2 =  1.084E-12

      iter #  11 total cpu time : 14560.4 secs   av.it.:  13.9
      thresh= 1.041E-07 alpha_mix =  0.100 |ddv_scf|^2 =  1.764E-13

      iter #  12 total cpu time : 14567.6 secs   av.it.:  13.0
      thresh= 4.200E-08 alpha_mix =  0.100 |ddv_scf|^2 =  9.193E-14

      iter #  13 total cpu time : 14575.2 secs   av.it.:  13.6
      thresh= 3.032E-08 alpha_mix =  0.100 |ddv_scf|^2 =  2.510E-14

      iter #  14 total cpu time : 14583.1 secs   av.it.:  13.8
      thresh= 1.584E-08 alpha_mix =  0.100 |ddv_scf|^2 =  4.405E-15

      iter #  15 total cpu time : 14590.1 secs   av.it.:  12.6
      thresh= 6.637E-09 alpha_mix =  0.100 |ddv_scf|^2 =  2.699E-15

      iter #  16 total cpu time : 14597.5 secs   av.it.:  13.3
      thresh= 5.195E-09 alpha_mix =  0.100 |ddv_scf|^2 =  4.690E-16

     End of self-consistent calculation

     Convergence has been achieved 


     Representation #  21 mode #  21

     Self-consistent Calculation

      iter #   1 total cpu time : 14602.4 secs   av.it.:   6.9
      thresh= 1.000E-02 alpha_mix =  0.100 |ddv_scf|^2 =  9.700E-07

      iter #   2 total cpu time : 14608.8 secs   av.it.:  11.4
      thresh= 9.849E-05 alpha_mix =  0.100 |ddv_scf|^2 =  4.013E-07

      iter #   3 total cpu time : 14615.5 secs   av.it.:  12.2
      thresh= 6.335E-05 alpha_mix =  0.100 |ddv_scf|^2 =  1.435E-07

      iter #   4 total cpu time : 14623.0 secs   av.it.:  13.4
      thresh= 3.788E-05 alpha_mix =  0.100 |ddv_scf|^2 =  1.287E-08

      iter #   5 total cpu time : 14630.5 secs   av.it.:  13.4
      thresh= 1.135E-05 alpha_mix =  0.100 |ddv_scf|^2 =  1.515E-09

      iter #   6 total cpu time : 14637.6 secs   av.it.:  13.1
      thresh= 3.892E-06 alpha_mix =  0.100 |ddv_scf|^2 =  4.626E-10

      iter #   7 total cpu time : 14645.1 secs   av.it.:  13.9
      thresh= 2.151E-06 alpha_mix =  0.100 |ddv_scf|^2 =  7.035E-11

      iter #   8 total cpu time : 14651.8 secs   av.it.:  11.7
      thresh= 8.387E-07 alpha_mix =  0.100 |ddv_scf|^2 =  4.763E-11

      iter #   9 total cpu time : 14659.5 secs   av.it.:  14.5
      thresh= 6.902E-07 alpha_mix =  0.100 |ddv_scf|^2 =  3.508E-12

      iter #  10 total cpu time : 14666.6 secs   av.it.:  12.8
      thresh= 1.873E-07 alpha_mix =  0.100 |ddv_scf|^2 =  1.723E-12

      iter #  11 total cpu time : 14673.8 secs   av.it.:  13.3
      thresh= 1.313E-07 alpha_mix =  0.100 |ddv_scf|^2 =  5.164E-13

      iter #  12 total cpu time : 14681.4 secs   av.it.:  14.0
      thresh= 7.186E-08 alpha_mix =  0.100 |ddv_scf|^2 =  7.355E-14

      iter #  13 total cpu time : 14688.3 secs   av.it.:  12.4
      thresh= 2.712E-08 alpha_mix =  0.100 |ddv_scf|^2 =  4.364E-14

      iter #  14 total cpu time : 14695.8 secs   av.it.:  14.0
      thresh= 2.089E-08 alpha_mix =  0.100 |ddv_scf|^2 =  1.376E-14

      iter #  15 total cpu time : 14702.9 secs   av.it.:  13.2
      thresh= 1.173E-08 alpha_mix =  0.100 |ddv_scf|^2 =  8.279E-15

      iter #  16 total cpu time : 14710.4 secs   av.it.:  13.5
      thresh= 9.099E-09 alpha_mix =  0.100 |ddv_scf|^2 =  5.448E-16

     End of self-consistent calculation

     Convergence has been achieved 


     Representation #  22 mode #  22

     Self-consistent Calculation

      iter #   1 total cpu time : 14715.3 secs   av.it.:   7.0
      thresh= 1.000E-02 alpha_mix =  0.100 |ddv_scf|^2 =  1.749E-06

      iter #   2 total cpu time : 14721.8 secs   av.it.:  11.4
      thresh= 1.322E-04 alpha_mix =  0.100 |ddv_scf|^2 =  5.425E-07

      iter #   3 total cpu time : 14728.6 secs   av.it.:  12.0
      thresh= 7.366E-05 alpha_mix =  0.100 |ddv_scf|^2 =  1.804E-07

      iter #   4 total cpu time : 14735.8 secs   av.it.:  13.2
      thresh= 4.247E-05 alpha_mix =  0.100 |ddv_scf|^2 =  1.973E-08

      iter #   5 total cpu time : 14743.1 secs   av.it.:  13.4
      thresh= 1.405E-05 alpha_mix =  0.100 |ddv_scf|^2 =  1.854E-09

      iter #   6 total cpu time : 14750.2 secs   av.it.:  12.7
      thresh= 4.305E-06 alpha_mix =  0.100 |ddv_scf|^2 =  7.148E-10

      iter #   7 total cpu time : 14757.8 secs   av.it.:  14.0
      thresh= 2.674E-06 alpha_mix =  0.100 |ddv_scf|^2 =  7.258E-11

      iter #   8 total cpu time : 14764.3 secs   av.it.:  11.6
      thresh= 8.519E-07 alpha_mix =  0.100 |ddv_scf|^2 =  5.286E-11

      iter #   9 total cpu time : 14772.1 secs   av.it.:  14.6
      thresh= 7.271E-07 alpha_mix =  0.100 |ddv_scf|^2 =  2.749E-12

      iter #  10 total cpu time : 14779.6 secs   av.it.:  13.4
      thresh= 1.658E-07 alpha_mix =  0.100 |ddv_scf|^2 =  8.612E-13

      iter #  11 total cpu time : 14787.1 secs   av.it.:  13.5
      thresh= 9.280E-08 alpha_mix =  0.100 |ddv_scf|^2 =  1.983E-13

      iter #  12 total cpu time : 14794.5 secs   av.it.:  13.9
      thresh= 4.453E-08 alpha_mix =  0.100 |ddv_scf|^2 =  3.679E-14

      iter #  13 total cpu time : 14802.0 secs   av.it.:  13.6
      thresh= 1.918E-08 alpha_mix =  0.100 |ddv_scf|^2 =  1.078E-14

      iter #  14 total cpu time : 14809.8 secs   av.it.:  14.0
      thresh= 1.038E-08 alpha_mix =  0.100 |ddv_scf|^2 =  3.780E-15

      iter #  15 total cpu time : 14816.8 secs   av.it.:  12.4
      thresh= 6.148E-09 alpha_mix =  0.100 |ddv_scf|^2 =  2.588E-15

      iter #  16 total cpu time : 14824.5 secs   av.it.:  14.1
      thresh= 5.087E-09 alpha_mix =  0.100 |ddv_scf|^2 =  2.307E-16

     End of self-consistent calculation

     Convergence has been achieved 


     Representation #  23 mode #  23

     Self-consistent Calculation

      iter #   1 total cpu time : 14829.4 secs   av.it.:   7.2
      thresh= 1.000E-02 alpha_mix =  0.100 |ddv_scf|^2 =  4.715E-06

      iter #   2 total cpu time : 14836.0 secs   av.it.:  11.3
      thresh= 2.171E-04 alpha_mix =  0.100 |ddv_scf|^2 =  6.715E-07

      iter #   3 total cpu time : 14842.6 secs   av.it.:  11.7
      thresh= 8.195E-05 alpha_mix =  0.100 |ddv_scf|^2 =  1.818E-07

      iter #   4 total cpu time : 14850.0 secs   av.it.:  13.7
      thresh= 4.264E-05 alpha_mix =  0.100 |ddv_scf|^2 =  5.485E-09

      iter #   5 total cpu time : 14857.1 secs   av.it.:  12.8
      thresh= 7.406E-06 alpha_mix =  0.100 |ddv_scf|^2 =  1.891E-09

      iter #   6 total cpu time : 14864.5 secs   av.it.:  13.3
      thresh= 4.348E-06 alpha_mix =  0.100 |ddv_scf|^2 =  5.578E-10

      iter #   7 total cpu time : 14872.1 secs   av.it.:  13.9
      thresh= 2.362E-06 alpha_mix =  0.100 |ddv_scf|^2 =  5.241E-11

      iter #   8 total cpu time : 14878.8 secs   av.it.:  12.0
      thresh= 7.240E-07 alpha_mix =  0.100 |ddv_scf|^2 =  3.418E-11

      iter #   9 total cpu time : 14886.5 secs   av.it.:  14.3
      thresh= 5.847E-07 alpha_mix =  0.100 |ddv_scf|^2 =  2.490E-12

      iter #  10 total cpu time : 14893.8 secs   av.it.:  13.2
      thresh= 1.578E-07 alpha_mix =  0.100 |ddv_scf|^2 =  1.085E-12

      iter #  11 total cpu time : 14901.5 secs   av.it.:  13.9
      thresh= 1.042E-07 alpha_mix =  0.100 |ddv_scf|^2 =  1.766E-13

      iter #  12 total cpu time : 14908.6 secs   av.it.:  13.0
      thresh= 4.202E-08 alpha_mix =  0.100 |ddv_scf|^2 =  9.194E-14

      iter #  13 total cpu time : 14916.0 secs   av.it.:  13.6
      thresh= 3.032E-08 alpha_mix =  0.100 |ddv_scf|^2 =  2.512E-14

      iter #  14 total cpu time : 14923.4 secs   av.it.:  13.8
      thresh= 1.585E-08 alpha_mix =  0.100 |ddv_scf|^2 =  4.420E-15

      iter #  15 total cpu time : 14930.4 secs   av.it.:  12.6
      thresh= 6.648E-09 alpha_mix =  0.100 |ddv_scf|^2 =  2.707E-15

      iter #  16 total cpu time : 14938.0 secs   av.it.:  13.3
      thresh= 5.203E-09 alpha_mix =  0.100 |ddv_scf|^2 =  4.693E-16

     End of self-consistent calculation

     Convergence has been achieved 


     Representation #  24 mode #  24

     Self-consistent Calculation

      iter #   1 total cpu time : 14944.4 secs   av.it.:   8.1
      thresh= 1.000E-02 alpha_mix =  0.100 |ddv_scf|^2 =  3.995E-06

      iter #   2 total cpu time : 14952.9 secs   av.it.:  11.6
      thresh= 1.999E-04 alpha_mix =  0.100 |ddv_scf|^2 =  1.553E-06

      iter #   3 total cpu time : 14959.6 secs   av.it.:  12.2
      thresh= 1.246E-04 alpha_mix =  0.100 |ddv_scf|^2 =  4.630E-07

      iter #   4 total cpu time : 14966.8 secs   av.it.:  13.1
      thresh= 6.804E-05 alpha_mix =  0.100 |ddv_scf|^2 =  5.116E-08

      iter #   5 total cpu time : 14974.1 secs   av.it.:  13.4
      thresh= 2.262E-05 alpha_mix =  0.100 |ddv_scf|^2 =  4.112E-09

      iter #   6 total cpu time : 14980.9 secs   av.it.:  12.6
      thresh= 6.413E-06 alpha_mix =  0.100 |ddv_scf|^2 =  1.992E-09

      iter #   7 total cpu time : 14988.5 secs   av.it.:  14.2
      thresh= 4.464E-06 alpha_mix =  0.100 |ddv_scf|^2 =  1.836E-10

      iter #   8 total cpu time : 14995.3 secs   av.it.:  12.1
      thresh= 1.355E-06 alpha_mix =  0.100 |ddv_scf|^2 =  1.159E-10

      iter #   9 total cpu time : 15003.0 secs   av.it.:  14.3
      thresh= 1.077E-06 alpha_mix =  0.100 |ddv_scf|^2 =  3.790E-12

      iter #  10 total cpu time : 15009.6 secs   av.it.:  11.9
      thresh= 1.947E-07 alpha_mix =  0.100 |ddv_scf|^2 =  2.675E-12

      iter #  11 total cpu time : 15017.1 secs   av.it.:  13.9
      thresh= 1.636E-07 alpha_mix =  0.100 |ddv_scf|^2 =  8.078E-13

      iter #  12 total cpu time : 15024.7 secs   av.it.:  14.2
      thresh= 8.988E-08 alpha_mix =  0.100 |ddv_scf|^2 =  1.420E-13

      iter #  13 total cpu time : 15031.7 secs   av.it.:  12.5
      thresh= 3.768E-08 alpha_mix =  0.100 |ddv_scf|^2 =  8.490E-14

      iter #  14 total cpu time : 15038.9 secs   av.it.:  13.3
      thresh= 2.914E-08 alpha_mix =  0.100 |ddv_scf|^2 =  2.350E-14

      iter #  15 total cpu time : 15046.0 secs   av.it.:  13.1
      thresh= 1.533E-08 alpha_mix =  0.100 |ddv_scf|^2 =  1.150E-14

      iter #  16 total cpu time : 15053.4 secs   av.it.:  13.6
      thresh= 1.072E-08 alpha_mix =  0.100 |ddv_scf|^2 =  5.106E-15

      iter #  17 total cpu time : 15060.5 secs   av.it.:  13.0
      thresh= 7.146E-09 alpha_mix =  0.100 |ddv_scf|^2 =  2.922E-15

      iter #  18 total cpu time : 15068.0 secs   av.it.:  13.8
      thresh= 5.405E-09 alpha_mix =  0.100 |ddv_scf|^2 =  4.599E-16

     End of self-consistent calculation

     Convergence has been achieved 
 
     Number of q in the star =   12
     List of q in the star:
          1   0.250000000   0.250000000  -0.500000000
          2  -0.500000000   0.250000000   0.250000000
          3   0.250000000  -0.500000000   0.250000000
          4  -0.250000000   0.500000000   0.250000000
          5  -0.250000000  -0.500000000  -0.250000000
          6  -0.250000000  -0.250000000  -0.500000000
          7  -0.500000000  -0.250000000  -0.250000000
          8   0.500000000  -0.250000000   0.250000000
          9   0.500000000   0.250000000  -0.250000000
         10  -0.250000000   0.250000000   0.500000000
         11   0.250000000   0.500000000  -0.250000000
         12   0.250000000  -0.250000000   0.500000000

     Diagonalizing the dynamical matrix

     q = (    0.250000000   0.250000000  -0.500000000 ) 

 **************************************************************************
     freq (    1) =       2.673924 [THz] =      89.192515 [cm-1]
     freq (    2) =       3.458717 [THz] =     115.370384 [cm-1]
     freq (    3) =       3.918587 [THz] =     130.709983 [cm-1]
     freq (    4) =       4.377724 [THz] =     146.025145 [cm-1]
     freq (    5) =       4.390970 [THz] =     146.466997 [cm-1]
     freq (    6) =       4.575247 [THz] =     152.613821 [cm-1]
     freq (    7) =       4.884239 [THz] =     162.920686 [cm-1]
     freq (    8) =       5.106704 [THz] =     170.341300 [cm-1]
     freq (    9) =       5.781350 [THz] =     192.845069 [cm-1]
     freq (   10) =       5.934965 [THz] =     197.969129 [cm-1]
     freq (   11) =       6.162879 [THz] =     205.571520 [cm-1]
     freq (   12) =       7.667627 [THz] =     255.764519 [cm-1]
     freq (   13) =      14.251590 [THz] =     475.381874 [cm-1]
     freq (   14) =      14.430109 [THz] =     481.336619 [cm-1]
     freq (   15) =      14.676539 [THz] =     489.556658 [cm-1]
     freq (   16) =      14.802720 [THz] =     493.765595 [cm-1]
     freq (   17) =      14.933599 [THz] =     498.131251 [cm-1]
     freq (   18) =      15.114194 [THz] =     504.155252 [cm-1]
     freq (   19) =      15.285286 [THz] =     509.862276 [cm-1]
     freq (   20) =      15.637464 [THz] =     521.609653 [cm-1]
     freq (   21) =      16.429991 [THz] =     548.045525 [cm-1]
     freq (   22) =      16.778073 [THz] =     559.656265 [cm-1]
     freq (   23) =      16.949296 [THz] =     565.367652 [cm-1]
     freq (   24) =      17.577130 [THz] =     586.309941 [cm-1]
 **************************************************************************

     Mode symmetry, C_s (m)     point group:

     freq (   1-   1) =         89.2  [cm-1]   --> A''                
     freq (   2-   2) =        115.4  [cm-1]   --> A''                
     freq (   3-   3) =        130.7  [cm-1]   --> A'                 
     freq (   4-   4) =        146.0  [cm-1]   --> A'                 
     freq (   5-   5) =        146.5  [cm-1]   --> A''                
     freq (   6-   6) =        152.6  [cm-1]   --> A'                 
     freq (   7-   7) =        162.9  [cm-1]   --> A''                
     freq (   8-   8) =        170.3  [cm-1]   --> A'                 
     freq (   9-   9) =        192.8  [cm-1]   --> A'                 
     freq (  10-  10) =        198.0  [cm-1]   --> A''                
     freq (  11-  11) =        205.6  [cm-1]   --> A'                 
     freq (  12-  12) =        255.8  [cm-1]   --> A'                 
     freq (  13-  13) =        475.4  [cm-1]   --> A''                
     freq (  14-  14) =        481.3  [cm-1]   --> A''                
     freq (  15-  15) =        489.6  [cm-1]   --> A'                 
     freq (  16-  16) =        493.8  [cm-1]   --> A''                
     freq (  17-  17) =        498.1  [cm-1]   --> A'                 
     freq (  18-  18) =        504.2  [cm-1]   --> A''                
     freq (  19-  19) =        509.9  [cm-1]   --> A'                 
     freq (  20-  20) =        521.6  [cm-1]   --> A'                 
     freq (  21-  21) =        548.0  [cm-1]   --> A'                 
     freq (  22-  22) =        559.7  [cm-1]   --> A''                
     freq (  23-  23) =        565.4  [cm-1]   --> A'                 
     freq (  24-  24) =        586.3  [cm-1]   --> A'                 

     Calculation of q =    0.2500000  -0.5000000  -0.5000000
 
     Parallelization info
     --------------------
     sticks:   dense  smooth     PW     G-vecs:    dense   smooth      PW
     Min         139     139     43                 4933     4933     862
     Max         140     140     45                 4936     4936     865
     Sum        2225    2225    697                78949    78949   13805
 
     Using Slab Decomposition
 

     Title: 
     --                                                                         


     bravais-lattice index     =            0
     lattice parameter (alat)  =       8.3571  a.u.
     unit-cell volume          =     583.6692 (a.u.)^3
     number of atoms/cell      =            8
     number of atomic types    =            2
     number of electrons       =        72.00
     number of Kohn-Sham states=           43
     kinetic-energy cutoff     =     100.0000  Ry
     charge density cutoff     =     400.0000  Ry
     Exchange-correlation= PBE
                           (   1   4   3   4   0   0   0)

     celldm(1)=   8.357100  celldm(2)=   0.000000  celldm(3)=   0.000000
     celldm(4)=   0.000000  celldm(5)=   0.000000  celldm(6)=   0.000000

     crystal axes: (cart. coord. in units of alat)
               a(1) = (   1.000000   0.000000   0.000000 )  
               a(2) = (   0.000000   1.000000   0.000000 )  
               a(3) = (   0.000000   0.000000   1.000000 )  

     reciprocal axes: (cart. coord. in units 2 pi/alat)
               b(1) = (  1.000000  0.000000  0.000000 )  
               b(2) = (  0.000000  1.000000  0.000000 )  
               b(3) = (  0.000000  0.000000  1.000000 )  


     PseudoPot. # 1 for Nb read from file:
     /pscratch/sd/m/mhussien/NbN/2025/All_data/bulk-press-epi/pristine/June_06/pseudo/Nb_pbe.upf
     MD5 check sum: 712dd6877a67fb2d3f70e8edbadf3134
     Pseudo is Norm-conserving + core correction, Zval = 13.0
     Generated using ONCVPSP code by D. R. Hamann
     Using radial grid of 1680 points,  6 beta functions with: 
                l(1) =   0
                l(2) =   0
                l(3) =   1
                l(4) =   1
                l(5) =   2
                l(6) =   2

     PseudoPot. # 2 for N  read from file:
     /pscratch/sd/m/mhussien/NbN/2025/All_data/bulk-press-epi/pristine/June_06/pseudo/N_pbe.upf
     MD5 check sum: d34365f73bb0e2ee98afc20ec3e87676
     Pseudo is Norm-conserving + core correction, Zval =  5.0
     Generated using ONCVPSP code by D. R. Hamann
     Using radial grid of 1058 points,  4 beta functions with: 
                l(1) =   0
                l(2) =   0
                l(3) =   1
                l(4) =   1

     atomic species   valence    mass     pseudopotential
     Nb               13.00    92.91000     Nb( 1.00)
     N                 5.00    14.01000     N ( 1.00)

     24 Sym. Ops. (no inversion) found



   Cartesian axes

     site n.     atom                  positions (alat units)
         1        Nb     tau(   1) = (   0.2327065   0.7672935   0.2327065  )
         2        Nb     tau(   2) = (   0.7672935   0.2327065   0.2327065  )
         3        Nb     tau(   3) = (   0.7672935   0.7672935   0.7672935  )
         4        Nb     tau(   4) = (   0.2327065   0.2327065   0.7672935  )
         5        N      tau(   5) = (   0.7348907   0.2651093   0.7348907  )
         6        N      tau(   6) = (   0.2651093   0.7348907   0.7348907  )
         7        N      tau(   7) = (   0.2651093   0.2651093   0.2651093  )
         8        N      tau(   8) = (   0.7348907   0.7348907   0.2651093  )

     number of k points=  3276  Marzari-Vanderbilt smearing, width (Ry)=  0.0050

     Number of k-points >= 100: set verbosity='high' to print them.

     Dense  grid:    78949 G-vectors     FFT dimensions: (  54,  54,  54)

     Estimated max dynamical RAM per process >      10.98 MB

     Estimated total dynamical RAM >      21.96 GB

     The potential is recalculated from file :
     ./_ph0/nbn.q_9/nbn.save/charge-density

     Starting wfcs are   56 atomic wfcs

     Band Structure Calculation
     Davidson diagonalization with overlap

     ethr =  1.39E-11,  avg # of iterations = 26.7

     total cpu time spent up to now is      211.7 secs

     End of band structure calculation

     Number of k-points >= 100: set verbosity='high' to print the bands.

     the Fermi energy is    19.9997 ev

     Writing config to output data dir ./_ph0/nbn.q_9/nbn.save/ :
     XML data file

     --                                                                         

     bravais-lattice index     =            0
     lattice parameter (alat)  =       8.3571  a.u.
     unit-cell volume          =     583.6692 (a.u.)^3
     number of atoms/cell      =            8
     number of atomic types    =            2
     kinetic-energy cut-off    =     100.0000  Ry
     charge density cut-off    =     400.0000  Ry
     convergence threshold     =      1.0E-15
     beta                      =       0.1000
     number of iterations used =            4
     Exchange-correlation= PBE
                           (   1   4   3   4   0   0   0)


     celldm(1)=    8.35710  celldm(2)=    0.00000  celldm(3)=    0.00000
     celldm(4)=    0.00000  celldm(5)=    0.00000  celldm(6)=    0.00000

     crystal axes: (cart. coord. in units of alat)
               a(1) = (  1.0000  0.0000  0.0000 )  
               a(2) = (  0.0000  1.0000  0.0000 )  
               a(3) = (  0.0000  0.0000  1.0000 )  

     reciprocal axes: (cart. coord. in units 2 pi/alat)
               b(1) = (  1.0000  0.0000  0.0000 )  
               b(2) = (  0.0000  1.0000  0.0000 )  
               b(3) = (  0.0000  0.0000  1.0000 )  


     Atoms inside the unit cell: 

     Cartesian axes

     site n.  atom      mass           positions (alat units)
        1  Nb     92.9100   tau(    1) = (    0.23271    0.76729    0.23271  )
        2  Nb     92.9100   tau(    2) = (    0.76729    0.23271    0.23271  )
        3  Nb     92.9100   tau(    3) = (    0.76729    0.76729    0.76729  )
        4  Nb     92.9100   tau(    4) = (    0.23271    0.23271    0.76729  )
        5  N      14.0100   tau(    5) = (    0.73489    0.26511    0.73489  )
        6  N      14.0100   tau(    6) = (    0.26511    0.73489    0.73489  )
        7  N      14.0100   tau(    7) = (    0.26511    0.26511    0.26511  )
        8  N      14.0100   tau(    8) = (    0.73489    0.73489    0.26511  )

     Computing dynamical matrix for 
                    q = (   0.2500000  -0.5000000  -0.5000000 )
 
      4 Sym.Ops. (no q -> -q+G )


     G cutoff =  707.6385  (   4935 G-vectors)     FFT grid: ( 54, 54, 54)

     number of k points=  3276  Marzari-Vanderbilt smearing, width (Ry)=  0.0050

     PseudoPot. # 1 for Nb read from file:
     /pscratch/sd/m/mhussien/NbN/2025/All_data/bulk-press-epi/pristine/June_06/pseudo/Nb_pbe.upf
     MD5 check sum: 712dd6877a67fb2d3f70e8edbadf3134
     Pseudo is Norm-conserving + core correction, Zval = 13.0
     Generated using ONCVPSP code by D. R. Hamann
     Using radial grid of 1680 points,  6 beta functions with: 
                l(1) =   0
                l(2) =   0
                l(3) =   1
                l(4) =   1
                l(5) =   2
                l(6) =   2

     PseudoPot. # 2 for N  read from file:
     /pscratch/sd/m/mhussien/NbN/2025/All_data/bulk-press-epi/pristine/June_06/pseudo/N_pbe.upf
     MD5 check sum: d34365f73bb0e2ee98afc20ec3e87676
     Pseudo is Norm-conserving + core correction, Zval =  5.0
     Generated using ONCVPSP code by D. R. Hamann
     Using radial grid of 1058 points,  4 beta functions with: 
                l(1) =   0
                l(2) =   0
                l(3) =   1
                l(4) =   1

     Mode symmetry, C_2v (mm2)  point group:


     Atomic displacements:
     There are   24 irreducible representations

     Representation     1      1 modes -  To be done

     Representation     2      1 modes -  To be done

     Representation     3      1 modes -  To be done

     Representation     4      1 modes -  To be done

     Representation     5      1 modes -  To be done

     Representation     6      1 modes -  To be done

     Representation     7      1 modes -  To be done

     Representation     8      1 modes -  To be done

     Representation     9      1 modes -  To be done

     Representation    10      1 modes -  To be done

     Representation    11      1 modes -  To be done

     Representation    12      1 modes -  To be done

     Representation    13      1 modes -  To be done

     Representation    14      1 modes -  To be done

     Representation    15      1 modes -  To be done

     Representation    16      1 modes -  To be done

     Representation    17      1 modes -  To be done

     Representation    18      1 modes -  To be done

     Representation    19      1 modes -  To be done

     Representation    20      1 modes -  To be done

     Representation    21      1 modes -  To be done

     Representation    22      1 modes -  To be done

     Representation    23      1 modes -  To be done

     Representation    24      1 modes -  To be done



     Alpha used in Ewald sum =   2.8000
     PHONON       :      4h 3m CPU      4h11m WALL



     Representation #   1 mode #   1

     Self-consistent Calculation

      iter #   1 total cpu time : 15095.5 secs   av.it.:   7.4
      thresh= 1.000E-02 alpha_mix =  0.100 |ddv_scf|^2 =  2.135E-05

      iter #   2 total cpu time : 15099.1 secs   av.it.:  11.1
      thresh= 4.621E-04 alpha_mix =  0.100 |ddv_scf|^2 =  5.048E-07

      iter #   3 total cpu time : 15102.6 secs   av.it.:  11.1
      thresh= 7.105E-05 alpha_mix =  0.100 |ddv_scf|^2 =  2.459E-07

      iter #   4 total cpu time : 15106.5 secs   av.it.:  12.5
      thresh= 4.959E-05 alpha_mix =  0.100 |ddv_scf|^2 =  5.192E-08

      iter #   5 total cpu time : 15110.6 secs   av.it.:  13.1
      thresh= 2.279E-05 alpha_mix =  0.100 |ddv_scf|^2 =  8.676E-09

      iter #   6 total cpu time : 15114.7 secs   av.it.:  13.6
      thresh= 9.314E-06 alpha_mix =  0.100 |ddv_scf|^2 =  8.721E-10

      iter #   7 total cpu time : 15118.4 secs   av.it.:  12.0
      thresh= 2.953E-06 alpha_mix =  0.100 |ddv_scf|^2 =  5.106E-10

      iter #   8 total cpu time : 15122.7 secs   av.it.:  14.1
      thresh= 2.260E-06 alpha_mix =  0.100 |ddv_scf|^2 =  4.910E-11

      iter #   9 total cpu time : 15126.8 secs   av.it.:  13.3
      thresh= 7.007E-07 alpha_mix =  0.100 |ddv_scf|^2 =  1.513E-11

      iter #  10 total cpu time : 15131.0 secs   av.it.:  13.6
      thresh= 3.889E-07 alpha_mix =  0.100 |ddv_scf|^2 =  4.384E-12

      iter #  11 total cpu time : 15135.2 secs   av.it.:  13.3
      thresh= 2.094E-07 alpha_mix =  0.100 |ddv_scf|^2 =  1.647E-12

      iter #  12 total cpu time : 15139.2 secs   av.it.:  13.4
      thresh= 1.284E-07 alpha_mix =  0.100 |ddv_scf|^2 =  2.909E-13

      iter #  13 total cpu time : 15143.2 secs   av.it.:  13.2
      thresh= 5.393E-08 alpha_mix =  0.100 |ddv_scf|^2 =  1.333E-13

      iter #  14 total cpu time : 15147.4 secs   av.it.:  14.0
      thresh= 3.650E-08 alpha_mix =  0.100 |ddv_scf|^2 =  2.735E-14

      iter #  15 total cpu time : 15151.3 secs   av.it.:  13.1
      thresh= 1.654E-08 alpha_mix =  0.100 |ddv_scf|^2 =  1.489E-14

      iter #  16 total cpu time : 15155.4 secs   av.it.:  13.6
      thresh= 1.220E-08 alpha_mix =  0.100 |ddv_scf|^2 =  4.237E-15

      iter #  17 total cpu time : 15159.3 secs   av.it.:  12.1
      thresh= 6.509E-09 alpha_mix =  0.100 |ddv_scf|^2 =  2.538E-15

      iter #  18 total cpu time : 15163.5 secs   av.it.:  13.5
      thresh= 5.038E-09 alpha_mix =  0.100 |ddv_scf|^2 =  4.959E-16

     End of self-consistent calculation

     Convergence has been achieved 


     Representation #   2 mode #   2

     Self-consistent Calculation

      iter #   1 total cpu time : 15166.9 secs   av.it.:   9.0
      thresh= 1.000E-02 alpha_mix =  0.100 |ddv_scf|^2 =  1.034E-04

      iter #   2 total cpu time : 15170.5 secs   av.it.:  11.1
      thresh= 1.017E-03 alpha_mix =  0.100 |ddv_scf|^2 =  8.466E-06

      iter #   3 total cpu time : 15174.1 secs   av.it.:  11.4
      thresh= 2.910E-04 alpha_mix =  0.100 |ddv_scf|^2 =  2.336E-06

      iter #   4 total cpu time : 15177.9 secs   av.it.:  12.3
      thresh= 1.528E-04 alpha_mix =  0.100 |ddv_scf|^2 =  2.269E-07

      iter #   5 total cpu time : 15181.7 secs   av.it.:  12.5
      thresh= 4.764E-05 alpha_mix =  0.100 |ddv_scf|^2 =  5.821E-08

      iter #   6 total cpu time : 15185.8 secs   av.it.:  13.6
      thresh= 2.413E-05 alpha_mix =  0.100 |ddv_scf|^2 =  4.164E-09

      iter #   7 total cpu time : 15189.7 secs   av.it.:  12.3
      thresh= 6.453E-06 alpha_mix =  0.100 |ddv_scf|^2 =  2.093E-09

      iter #   8 total cpu time : 15194.0 secs   av.it.:  13.7
      thresh= 4.575E-06 alpha_mix =  0.100 |ddv_scf|^2 =  4.155E-10

      iter #   9 total cpu time : 15198.2 secs   av.it.:  13.8
      thresh= 2.038E-06 alpha_mix =  0.100 |ddv_scf|^2 =  8.462E-11

      iter #  10 total cpu time : 15202.1 secs   av.it.:  12.7
      thresh= 9.199E-07 alpha_mix =  0.100 |ddv_scf|^2 =  4.000E-11

      iter #  11 total cpu time : 15206.2 secs   av.it.:  13.6
      thresh= 6.324E-07 alpha_mix =  0.100 |ddv_scf|^2 =  1.009E-11

      iter #  12 total cpu time : 15210.3 secs   av.it.:  13.6
      thresh= 3.176E-07 alpha_mix =  0.100 |ddv_scf|^2 =  1.717E-12

      iter #  13 total cpu time : 15214.1 secs   av.it.:  12.5
      thresh= 1.310E-07 alpha_mix =  0.100 |ddv_scf|^2 =  1.034E-12

      iter #  14 total cpu time : 15218.1 secs   av.it.:  13.3
      thresh= 1.017E-07 alpha_mix =  0.100 |ddv_scf|^2 =  4.718E-13

      iter #  15 total cpu time : 15222.0 secs   av.it.:  12.7
      thresh= 6.869E-08 alpha_mix =  0.100 |ddv_scf|^2 =  2.811E-13

      iter #  16 total cpu time : 15226.2 secs   av.it.:  12.9
      thresh= 5.302E-08 alpha_mix =  0.100 |ddv_scf|^2 =  1.105E-13

      iter #  17 total cpu time : 15230.4 secs   av.it.:  12.6
      thresh= 3.324E-08 alpha_mix =  0.100 |ddv_scf|^2 =  6.913E-14

      iter #  18 total cpu time : 15234.3 secs   av.it.:  12.5
      thresh= 2.629E-08 alpha_mix =  0.100 |ddv_scf|^2 =  3.953E-14

      iter #  19 total cpu time : 15238.3 secs   av.it.:  13.3
      thresh= 1.988E-08 alpha_mix =  0.100 |ddv_scf|^2 =  1.692E-14

      iter #  20 total cpu time : 15242.3 secs   av.it.:  13.3
      thresh= 1.301E-08 alpha_mix =  0.100 |ddv_scf|^2 =  8.617E-15

      iter #  21 total cpu time : 15246.1 secs   av.it.:  12.4
      thresh= 9.283E-09 alpha_mix =  0.100 |ddv_scf|^2 =  5.216E-15

      iter #  22 total cpu time : 15250.2 secs   av.it.:  13.5
      thresh= 7.222E-09 alpha_mix =  0.100 |ddv_scf|^2 =  1.981E-15

      iter #  23 total cpu time : 15254.1 secs   av.it.:  12.3
      thresh= 4.451E-09 alpha_mix =  0.100 |ddv_scf|^2 =  1.250E-15

      iter #  24 total cpu time : 15258.2 secs   av.it.:  12.9
      thresh= 3.536E-09 alpha_mix =  0.100 |ddv_scf|^2 =  5.873E-16

     End of self-consistent calculation

     Convergence has been achieved 


     Representation #   3 mode #   3

     Self-consistent Calculation

      iter #   1 total cpu time : 15261.3 secs   av.it.:   8.5
      thresh= 1.000E-02 alpha_mix =  0.100 |ddv_scf|^2 =  1.910E-05

      iter #   2 total cpu time : 15264.9 secs   av.it.:  11.3
      thresh= 4.371E-04 alpha_mix =  0.100 |ddv_scf|^2 =  4.185E-06

      iter #   3 total cpu time : 15268.5 secs   av.it.:  11.6
      thresh= 2.046E-04 alpha_mix =  0.100 |ddv_scf|^2 =  1.303E-06

      iter #   4 total cpu time : 15272.4 secs   av.it.:  12.6
      thresh= 1.141E-04 alpha_mix =  0.100 |ddv_scf|^2 =  1.747E-07

      iter #   5 total cpu time : 15276.4 secs   av.it.:  13.3
      thresh= 4.180E-05 alpha_mix =  0.100 |ddv_scf|^2 =  9.672E-09

      iter #   6 total cpu time : 15280.3 secs   av.it.:  12.8
      thresh= 9.835E-06 alpha_mix =  0.100 |ddv_scf|^2 =  4.387E-09

      iter #   7 total cpu time : 15284.4 secs   av.it.:  13.4
      thresh= 6.624E-06 alpha_mix =  0.100 |ddv_scf|^2 =  9.897E-10

      iter #   8 total cpu time : 15288.7 secs   av.it.:  13.9
      thresh= 3.146E-06 alpha_mix =  0.100 |ddv_scf|^2 =  2.329E-10

      iter #   9 total cpu time : 15292.8 secs   av.it.:  13.6
      thresh= 1.526E-06 alpha_mix =  0.100 |ddv_scf|^2 =  7.551E-11

      iter #  10 total cpu time : 15296.8 secs   av.it.:  13.2
      thresh= 8.690E-07 alpha_mix =  0.100 |ddv_scf|^2 =  2.488E-11

      iter #  11 total cpu time : 15300.9 secs   av.it.:  13.7
      thresh= 4.988E-07 alpha_mix =  0.100 |ddv_scf|^2 =  6.424E-12

      iter #  12 total cpu time : 15304.9 secs   av.it.:  13.3
      thresh= 2.535E-07 alpha_mix =  0.100 |ddv_scf|^2 =  9.334E-13

      iter #  13 total cpu time : 15308.9 secs   av.it.:  12.7
      thresh= 9.661E-08 alpha_mix =  0.100 |ddv_scf|^2 =  5.739E-13

      iter #  14 total cpu time : 15313.2 secs   av.it.:  13.8
      thresh= 7.575E-08 alpha_mix =  0.100 |ddv_scf|^2 =  1.165E-13

      iter #  15 total cpu time : 15317.5 secs   av.it.:  13.7
      thresh= 3.414E-08 alpha_mix =  0.100 |ddv_scf|^2 =  5.324E-14

      iter #  16 total cpu time : 15321.7 secs   av.it.:  13.2
      thresh= 2.307E-08 alpha_mix =  0.100 |ddv_scf|^2 =  1.475E-14

      iter #  17 total cpu time : 15325.7 secs   av.it.:  13.1
      thresh= 1.214E-08 alpha_mix =  0.100 |ddv_scf|^2 =  5.407E-15

      iter #  18 total cpu time : 15329.8 secs   av.it.:  13.2
      thresh= 7.353E-09 alpha_mix =  0.100 |ddv_scf|^2 =  2.065E-15

      iter #  19 total cpu time : 15333.7 secs   av.it.:  12.6
      thresh= 4.544E-09 alpha_mix =  0.100 |ddv_scf|^2 =  8.711E-16

     End of self-consistent calculation

     Convergence has been achieved 


     Representation #   4 mode #   4

     Self-consistent Calculation

      iter #   1 total cpu time : 15336.6 secs   av.it.:   7.6
      thresh= 1.000E-02 alpha_mix =  0.100 |ddv_scf|^2 =  2.972E-05

      iter #   2 total cpu time : 15340.2 secs   av.it.:  11.2
      thresh= 5.452E-04 alpha_mix =  0.100 |ddv_scf|^2 =  5.919E-07

      iter #   3 total cpu time : 15343.8 secs   av.it.:  11.2
      thresh= 7.694E-05 alpha_mix =  0.100 |ddv_scf|^2 =  1.946E-07

      iter #   4 total cpu time : 15347.6 secs   av.it.:  12.0
      thresh= 4.411E-05 alpha_mix =  0.100 |ddv_scf|^2 =  8.046E-08

      iter #   5 total cpu time : 15351.9 secs   av.it.:  13.6
      thresh= 2.837E-05 alpha_mix =  0.100 |ddv_scf|^2 =  4.533E-09

      iter #   6 total cpu time : 15355.9 secs   av.it.:  13.3
      thresh= 6.732E-06 alpha_mix =  0.100 |ddv_scf|^2 =  7.837E-10

      iter #   7 total cpu time : 15359.7 secs   av.it.:  12.0
      thresh= 2.799E-06 alpha_mix =  0.100 |ddv_scf|^2 =  4.729E-10

      iter #   8 total cpu time : 15363.9 secs   av.it.:  14.1
      thresh= 2.175E-06 alpha_mix =  0.100 |ddv_scf|^2 =  4.043E-11

      iter #   9 total cpu time : 15368.1 secs   av.it.:  13.6
      thresh= 6.359E-07 alpha_mix =  0.100 |ddv_scf|^2 =  7.999E-12

      iter #  10 total cpu time : 15372.2 secs   av.it.:  13.6
      thresh= 2.828E-07 alpha_mix =  0.100 |ddv_scf|^2 =  1.955E-12

      iter #  11 total cpu time : 15376.3 secs   av.it.:  13.4
      thresh= 1.398E-07 alpha_mix =  0.100 |ddv_scf|^2 =  6.906E-13

      iter #  12 total cpu time : 15380.5 secs   av.it.:  13.4
      thresh= 8.310E-08 alpha_mix =  0.100 |ddv_scf|^2 =  2.292E-13

      iter #  13 total cpu time : 15389.3 secs   av.it.:  13.8
      thresh= 4.787E-08 alpha_mix =  0.100 |ddv_scf|^2 =  4.900E-14

      iter #  14 total cpu time : 15395.0 secs   av.it.:  13.3
      thresh= 2.214E-08 alpha_mix =  0.100 |ddv_scf|^2 =  2.217E-14

      iter #  15 total cpu time : 15399.0 secs   av.it.:  13.2
      thresh= 1.489E-08 alpha_mix =  0.100 |ddv_scf|^2 =  1.078E-14

      iter #  16 total cpu time : 15403.2 secs   av.it.:  13.8
      thresh= 1.038E-08 alpha_mix =  0.100 |ddv_scf|^2 =  4.551E-15

      iter #  17 total cpu time : 15407.0 secs   av.it.:  12.6
      thresh= 6.746E-09 alpha_mix =  0.100 |ddv_scf|^2 =  2.058E-15

      iter #  18 total cpu time : 15411.1 secs   av.it.:  13.4
      thresh= 4.537E-09 alpha_mix =  0.100 |ddv_scf|^2 =  5.627E-16

     End of self-consistent calculation

     Convergence has been achieved 


     Representation #   5 mode #   5

     Self-consistent Calculation

      iter #   1 total cpu time : 15414.4 secs   av.it.:   8.5
      thresh= 1.000E-02 alpha_mix =  0.100 |ddv_scf|^2 =  2.219E-05

      iter #   2 total cpu time : 15418.0 secs   av.it.:  11.3
      thresh= 4.711E-04 alpha_mix =  0.100 |ddv_scf|^2 =  4.038E-06

      iter #   3 total cpu time : 15421.6 secs   av.it.:  11.5
      thresh= 2.009E-04 alpha_mix =  0.100 |ddv_scf|^2 =  1.412E-06

      iter #   4 total cpu time : 15425.5 secs   av.it.:  12.7
      thresh= 1.188E-04 alpha_mix =  0.100 |ddv_scf|^2 =  1.680E-07

      iter #   5 total cpu time : 15429.5 secs   av.it.:  13.4
      thresh= 4.098E-05 alpha_mix =  0.100 |ddv_scf|^2 =  9.011E-09

      iter #   6 total cpu time : 15433.3 secs   av.it.:  12.7
      thresh= 9.493E-06 alpha_mix =  0.100 |ddv_scf|^2 =  4.371E-09

      iter #   7 total cpu time : 15437.4 secs   av.it.:  13.3
      thresh= 6.611E-06 alpha_mix =  0.100 |ddv_scf|^2 =  1.081E-09

      iter #   8 total cpu time : 15441.7 secs   av.it.:  13.9
      thresh= 3.288E-06 alpha_mix =  0.100 |ddv_scf|^2 =  2.366E-10

      iter #   9 total cpu time : 15445.9 secs   av.it.:  13.6
      thresh= 1.538E-06 alpha_mix =  0.100 |ddv_scf|^2 =  7.897E-11

      iter #  10 total cpu time : 15450.0 secs   av.it.:  13.0
      thresh= 8.887E-07 alpha_mix =  0.100 |ddv_scf|^2 =  2.999E-11

      iter #  11 total cpu time : 15454.1 secs   av.it.:  13.8
      thresh= 5.476E-07 alpha_mix =  0.100 |ddv_scf|^2 =  6.344E-12

      iter #  12 total cpu time : 15458.3 secs   av.it.:  13.2
      thresh= 2.519E-07 alpha_mix =  0.100 |ddv_scf|^2 =  1.167E-12

      iter #  13 total cpu time : 15462.3 secs   av.it.:  13.2
      thresh= 1.080E-07 alpha_mix =  0.100 |ddv_scf|^2 =  4.720E-13

      iter #  14 total cpu time : 15466.2 secs   av.it.:  12.7
      thresh= 6.870E-08 alpha_mix =  0.100 |ddv_scf|^2 =  2.688E-13

      iter #  15 total cpu time : 15470.4 secs   av.it.:  13.8
      thresh= 5.185E-08 alpha_mix =  0.100 |ddv_scf|^2 =  8.099E-14

      iter #  16 total cpu time : 15474.5 secs   av.it.:  13.2
      thresh= 2.846E-08 alpha_mix =  0.100 |ddv_scf|^2 =  2.782E-14

      iter #  17 total cpu time : 15478.3 secs   av.it.:  11.9
      thresh= 1.668E-08 alpha_mix =  0.100 |ddv_scf|^2 =  1.780E-14

      iter #  18 total cpu time : 15482.4 secs   av.it.:  13.6
      thresh= 1.334E-08 alpha_mix =  0.100 |ddv_scf|^2 =  4.222E-15

      iter #  19 total cpu time : 15486.3 secs   av.it.:  12.9
      thresh= 6.498E-09 alpha_mix =  0.100 |ddv_scf|^2 =  1.789E-15

      iter #  20 total cpu time : 15490.2 secs   av.it.:  12.9
      thresh= 4.230E-09 alpha_mix =  0.100 |ddv_scf|^2 =  8.704E-16

     End of self-consistent calculation

     Convergence has been achieved 


     Representation #   6 mode #   6

     Self-consistent Calculation

      iter #   1 total cpu time : 15493.1 secs   av.it.:   7.5
      thresh= 1.000E-02 alpha_mix =  0.100 |ddv_scf|^2 =  1.723E-05

      iter #   2 total cpu time : 15496.7 secs   av.it.:  11.2
      thresh= 4.150E-04 alpha_mix =  0.100 |ddv_scf|^2 =  5.941E-07

      iter #   3 total cpu time : 15500.3 secs   av.it.:  11.3
      thresh= 7.708E-05 alpha_mix =  0.100 |ddv_scf|^2 =  2.055E-07

      iter #   4 total cpu time : 15504.1 secs   av.it.:  12.4
      thresh= 4.534E-05 alpha_mix =  0.100 |ddv_scf|^2 =  5.336E-08

      iter #   5 total cpu time : 15508.3 secs   av.it.:  13.6
      thresh= 2.310E-05 alpha_mix =  0.100 |ddv_scf|^2 =  5.466E-09

      iter #   6 total cpu time : 15512.3 secs   av.it.:  13.3
      thresh= 7.393E-06 alpha_mix =  0.100 |ddv_scf|^2 =  1.066E-09

      iter #   7 total cpu time : 15516.3 secs   av.it.:  12.9
      thresh= 3.265E-06 alpha_mix =  0.100 |ddv_scf|^2 =  3.721E-10

      iter #   8 total cpu time : 15520.5 secs   av.it.:  13.8
      thresh= 1.929E-06 alpha_mix =  0.100 |ddv_scf|^2 =  5.003E-11

      iter #   9 total cpu time : 15524.7 secs   av.it.:  13.9
      thresh= 7.073E-07 alpha_mix =  0.100 |ddv_scf|^2 =  6.659E-12

      iter #  10 total cpu time : 15528.7 secs   av.it.:  13.3
      thresh= 2.581E-07 alpha_mix =  0.100 |ddv_scf|^2 =  2.814E-12

      iter #  11 total cpu time : 15532.8 secs   av.it.:  13.4
      thresh= 1.677E-07 alpha_mix =  0.100 |ddv_scf|^2 =  1.141E-12

      iter #  12 total cpu time : 15537.1 secs   av.it.:  13.8
      thresh= 1.068E-07 alpha_mix =  0.100 |ddv_scf|^2 =  1.251E-13

      iter #  13 total cpu time : 15541.3 secs   av.it.:  13.2
      thresh= 3.537E-08 alpha_mix =  0.100 |ddv_scf|^2 =  5.539E-14

      iter #  14 total cpu time : 15545.4 secs   av.it.:  13.6
      thresh= 2.353E-08 alpha_mix =  0.100 |ddv_scf|^2 =  1.384E-14

      iter #  15 total cpu time : 15549.5 secs   av.it.:  13.4
      thresh= 1.176E-08 alpha_mix =  0.100 |ddv_scf|^2 =  5.604E-15

      iter #  16 total cpu time : 15553.6 secs   av.it.:  13.8
      thresh= 7.486E-09 alpha_mix =  0.100 |ddv_scf|^2 =  1.866E-15

      iter #  17 total cpu time : 15557.3 secs   av.it.:  12.0
      thresh= 4.320E-09 alpha_mix =  0.100 |ddv_scf|^2 =  1.141E-15

      iter #  18 total cpu time : 15561.5 secs   av.it.:  13.4
      thresh= 3.377E-09 alpha_mix =  0.100 |ddv_scf|^2 =  2.264E-16

     End of self-consistent calculation

     Convergence has been achieved 


     Representation #   7 mode #   7

     Self-consistent Calculation

      iter #   1 total cpu time : 15564.4 secs   av.it.:   7.2
      thresh= 1.000E-02 alpha_mix =  0.100 |ddv_scf|^2 =  8.854E-06

      iter #   2 total cpu time : 15568.3 secs   av.it.:  11.2
      thresh= 2.976E-04 alpha_mix =  0.100 |ddv_scf|^2 =  5.068E-07

      iter #   3 total cpu time : 15571.9 secs   av.it.:  11.1
      thresh= 7.119E-05 alpha_mix =  0.100 |ddv_scf|^2 =  2.622E-07

      iter #   4 total cpu time : 15575.9 secs   av.it.:  12.7
      thresh= 5.120E-05 alpha_mix =  0.100 |ddv_scf|^2 =  4.059E-08

      iter #   5 total cpu time : 15579.8 secs   av.it.:  12.9
      thresh= 2.015E-05 alpha_mix =  0.100 |ddv_scf|^2 =  9.072E-09

      iter #   6 total cpu time : 15583.9 secs   av.it.:  13.4
      thresh= 9.525E-06 alpha_mix =  0.100 |ddv_scf|^2 =  1.167E-09

      iter #   7 total cpu time : 15587.8 secs   av.it.:  12.7
      thresh= 3.416E-06 alpha_mix =  0.100 |ddv_scf|^2 =  4.931E-10

      iter #   8 total cpu time : 15592.0 secs   av.it.:  14.0
      thresh= 2.221E-06 alpha_mix =  0.100 |ddv_scf|^2 =  5.193E-11

      iter #   9 total cpu time : 15596.2 secs   av.it.:  13.5
      thresh= 7.206E-07 alpha_mix =  0.100 |ddv_scf|^2 =  1.601E-11

      iter #  10 total cpu time : 15600.2 secs   av.it.:  13.2
      thresh= 4.001E-07 alpha_mix =  0.100 |ddv_scf|^2 =  6.384E-12

      iter #  11 total cpu time : 15604.3 secs   av.it.:  13.7
      thresh= 2.527E-07 alpha_mix =  0.100 |ddv_scf|^2 =  1.952E-12

      iter #  12 total cpu time : 15608.5 secs   av.it.:  13.2
      thresh= 1.397E-07 alpha_mix =  0.100 |ddv_scf|^2 =  3.939E-13

      iter #  13 total cpu time : 15612.6 secs   av.it.:  13.2
      thresh= 6.276E-08 alpha_mix =  0.100 |ddv_scf|^2 =  1.502E-13

      iter #  14 total cpu time : 15616.6 secs   av.it.:  13.3
      thresh= 3.876E-08 alpha_mix =  0.100 |ddv_scf|^2 =  4.580E-14

      iter #  15 total cpu time : 15620.6 secs   av.it.:  13.1
      thresh= 2.140E-08 alpha_mix =  0.100 |ddv_scf|^2 =  2.148E-14

      iter #  16 total cpu time : 15624.9 secs   av.it.:  13.8
      thresh= 1.466E-08 alpha_mix =  0.100 |ddv_scf|^2 =  4.318E-15

      iter #  17 total cpu time : 15629.2 secs   av.it.:  13.6
      thresh= 6.571E-09 alpha_mix =  0.100 |ddv_scf|^2 =  8.016E-16

     End of self-consistent calculation

     Convergence has been achieved 


     Representation #   8 mode #   8

     Self-consistent Calculation

      iter #   1 total cpu time : 15632.6 secs   av.it.:   9.0
      thresh= 1.000E-02 alpha_mix =  0.100 |ddv_scf|^2 =  1.065E-04

      iter #   2 total cpu time : 15636.2 secs   av.it.:  11.1
      thresh= 1.032E-03 alpha_mix =  0.100 |ddv_scf|^2 =  8.319E-06

      iter #   3 total cpu time : 15639.7 secs   av.it.:  11.4
      thresh= 2.884E-04 alpha_mix =  0.100 |ddv_scf|^2 =  2.338E-06

      iter #   4 total cpu time : 15643.5 secs   av.it.:  12.3
      thresh= 1.529E-04 alpha_mix =  0.100 |ddv_scf|^2 =  2.265E-07

      iter #   5 total cpu time : 15647.3 secs   av.it.:  12.5
      thresh= 4.759E-05 alpha_mix =  0.100 |ddv_scf|^2 =  5.828E-08

      iter #   6 total cpu time : 15651.4 secs   av.it.:  13.6
      thresh= 2.414E-05 alpha_mix =  0.100 |ddv_scf|^2 =  4.122E-09

      iter #   7 total cpu time : 15655.2 secs   av.it.:  12.3
      thresh= 6.420E-06 alpha_mix =  0.100 |ddv_scf|^2 =  2.100E-09

      iter #   8 total cpu time : 15659.4 secs   av.it.:  13.7
      thresh= 4.583E-06 alpha_mix =  0.100 |ddv_scf|^2 =  4.241E-10

      iter #   9 total cpu time : 15663.6 secs   av.it.:  13.9
      thresh= 2.059E-06 alpha_mix =  0.100 |ddv_scf|^2 =  8.395E-11

      iter #  10 total cpu time : 15667.6 secs   av.it.:  12.7
      thresh= 9.162E-07 alpha_mix =  0.100 |ddv_scf|^2 =  4.107E-11

      iter #  11 total cpu time : 15671.6 secs   av.it.:  13.5
      thresh= 6.408E-07 alpha_mix =  0.100 |ddv_scf|^2 =  1.049E-11

      iter #  12 total cpu time : 15675.7 secs   av.it.:  13.6
      thresh= 3.238E-07 alpha_mix =  0.100 |ddv_scf|^2 =  1.811E-12

      iter #  13 total cpu time : 15679.5 secs   av.it.:  12.5
      thresh= 1.346E-07 alpha_mix =  0.100 |ddv_scf|^2 =  1.091E-12

      iter #  14 total cpu time : 15683.5 secs   av.it.:  13.3
      thresh= 1.045E-07 alpha_mix =  0.100 |ddv_scf|^2 =  5.032E-13

      iter #  15 total cpu time : 15687.4 secs   av.it.:  12.7
      thresh= 7.094E-08 alpha_mix =  0.100 |ddv_scf|^2 =  2.982E-13

      iter #  16 total cpu time : 15691.6 secs   av.it.:  12.9
      thresh= 5.461E-08 alpha_mix =  0.100 |ddv_scf|^2 =  1.194E-13

      iter #  17 total cpu time : 15695.7 secs   av.it.:  12.6
      thresh= 3.456E-08 alpha_mix =  0.100 |ddv_scf|^2 =  7.415E-14

      iter #  18 total cpu time : 15699.6 secs   av.it.:  12.5
      thresh= 2.723E-08 alpha_mix =  0.100 |ddv_scf|^2 =  4.223E-14

      iter #  19 total cpu time : 15703.6 secs   av.it.:  13.3
      thresh= 2.055E-08 alpha_mix =  0.100 |ddv_scf|^2 =  1.810E-14

      iter #  20 total cpu time : 15707.6 secs   av.it.:  13.3
      thresh= 1.345E-08 alpha_mix =  0.100 |ddv_scf|^2 =  8.993E-15

      iter #  21 total cpu time : 15711.4 secs   av.it.:  12.4
      thresh= 9.483E-09 alpha_mix =  0.100 |ddv_scf|^2 =  5.424E-15

      iter #  22 total cpu time : 15715.4 secs   av.it.:  13.5
      thresh= 7.365E-09 alpha_mix =  0.100 |ddv_scf|^2 =  2.000E-15

      iter #  23 total cpu time : 15719.2 secs   av.it.:  12.3
      thresh= 4.472E-09 alpha_mix =  0.100 |ddv_scf|^2 =  1.270E-15

      iter #  24 total cpu time : 15723.3 secs   av.it.:  12.9
      thresh= 3.564E-09 alpha_mix =  0.100 |ddv_scf|^2 =  5.979E-16

     End of self-consistent calculation

     Convergence has been achieved 


     Representation #   9 mode #   9

     Self-consistent Calculation

      iter #   1 total cpu time : 15726.2 secs   av.it.:   7.6
      thresh= 1.000E-02 alpha_mix =  0.100 |ddv_scf|^2 =  1.268E-06

      iter #   2 total cpu time : 15729.6 secs   av.it.:  10.7
      thresh= 1.126E-04 alpha_mix =  0.100 |ddv_scf|^2 =  8.509E-07

      iter #   3 total cpu time : 15733.7 secs   av.it.:  13.4
      thresh= 9.225E-05 alpha_mix =  0.100 |ddv_scf|^2 =  5.431E-09

      iter #   4 total cpu time : 15737.6 secs   av.it.:  13.3
      thresh= 7.369E-06 alpha_mix =  0.100 |ddv_scf|^2 =  1.566E-09

      iter #   5 total cpu time : 15741.9 secs   av.it.:  14.3
      thresh= 3.957E-06 alpha_mix =  0.100 |ddv_scf|^2 =  6.780E-11

      iter #   6 total cpu time : 15746.1 secs   av.it.:  14.1
      thresh= 8.234E-07 alpha_mix =  0.100 |ddv_scf|^2 =  4.884E-12

      iter #   7 total cpu time : 15750.1 secs   av.it.:  13.2
      thresh= 2.210E-07 alpha_mix =  0.100 |ddv_scf|^2 =  2.792E-12

      iter #   8 total cpu time : 15754.5 secs   av.it.:  14.2
      thresh= 1.671E-07 alpha_mix =  0.100 |ddv_scf|^2 =  5.356E-14

      iter #   9 total cpu time : 15758.3 secs   av.it.:  12.2
      thresh= 2.314E-08 alpha_mix =  0.100 |ddv_scf|^2 =  2.983E-14

      iter #  10 total cpu time : 15762.6 secs   av.it.:  13.7
      thresh= 1.727E-08 alpha_mix =  0.100 |ddv_scf|^2 =  7.073E-15

      iter #  11 total cpu time : 15766.9 secs   av.it.:  13.9
      thresh= 8.410E-09 alpha_mix =  0.100 |ddv_scf|^2 =  1.905E-15

      iter #  12 total cpu time : 15770.8 secs   av.it.:  13.0
      thresh= 4.365E-09 alpha_mix =  0.100 |ddv_scf|^2 =  1.139E-15

      iter #  13 total cpu time : 15774.8 secs   av.it.:  13.1
      thresh= 3.376E-09 alpha_mix =  0.100 |ddv_scf|^2 =  7.498E-16

     End of self-consistent calculation

     Convergence has been achieved 


     Representation #  10 mode #  10

     Self-consistent Calculation

      iter #   1 total cpu time : 15777.7 secs   av.it.:   7.6
      thresh= 1.000E-02 alpha_mix =  0.100 |ddv_scf|^2 =  1.268E-06

      iter #   2 total cpu time : 15781.2 secs   av.it.:  10.7
      thresh= 1.126E-04 alpha_mix =  0.100 |ddv_scf|^2 =  8.509E-07

      iter #   3 total cpu time : 15785.3 secs   av.it.:  13.4
      thresh= 9.225E-05 alpha_mix =  0.100 |ddv_scf|^2 =  5.431E-09

      iter #   4 total cpu time : 15789.3 secs   av.it.:  13.3
      thresh= 7.369E-06 alpha_mix =  0.100 |ddv_scf|^2 =  1.566E-09

      iter #   5 total cpu time : 15793.6 secs   av.it.:  14.3
      thresh= 3.957E-06 alpha_mix =  0.100 |ddv_scf|^2 =  6.780E-11

      iter #   6 total cpu time : 15797.8 secs   av.it.:  14.1
      thresh= 8.234E-07 alpha_mix =  0.100 |ddv_scf|^2 =  4.884E-12

      iter #   7 total cpu time : 15801.8 secs   av.it.:  13.2
      thresh= 2.210E-07 alpha_mix =  0.100 |ddv_scf|^2 =  2.792E-12

      iter #   8 total cpu time : 15806.0 secs   av.it.:  14.2
      thresh= 1.671E-07 alpha_mix =  0.100 |ddv_scf|^2 =  5.356E-14

      iter #   9 total cpu time : 15809.7 secs   av.it.:  12.2
      thresh= 2.314E-08 alpha_mix =  0.100 |ddv_scf|^2 =  2.983E-14

      iter #  10 total cpu time : 15814.0 secs   av.it.:  13.7
      thresh= 1.727E-08 alpha_mix =  0.100 |ddv_scf|^2 =  7.062E-15

      iter #  11 total cpu time : 15818.3 secs   av.it.:  13.9
      thresh= 8.403E-09 alpha_mix =  0.100 |ddv_scf|^2 =  1.899E-15

      iter #  12 total cpu time : 15822.4 secs   av.it.:  13.0
      thresh= 4.358E-09 alpha_mix =  0.100 |ddv_scf|^2 =  1.137E-15

      iter #  13 total cpu time : 15827.2 secs   av.it.:  13.1
      thresh= 3.372E-09 alpha_mix =  0.100 |ddv_scf|^2 =  7.479E-16

     End of self-consistent calculation

     Convergence has been achieved 


     Representation #  11 mode #  11

     Self-consistent Calculation

      iter #   1 total cpu time : 15833.2 secs   av.it.:   6.4
      thresh= 1.000E-02 alpha_mix =  0.100 |ddv_scf|^2 =  3.203E-07

      iter #   2 total cpu time : 15837.8 secs   av.it.:  11.0
      thresh= 5.660E-05 alpha_mix =  0.100 |ddv_scf|^2 =  2.229E-07

      iter #   3 total cpu time : 15841.9 secs   av.it.:  13.6
      thresh= 4.722E-05 alpha_mix =  0.100 |ddv_scf|^2 =  1.135E-09

      iter #   4 total cpu time : 15846.2 secs   av.it.:  13.3
      thresh= 3.370E-06 alpha_mix =  0.100 |ddv_scf|^2 =  5.498E-10

      iter #   5 total cpu time : 15850.7 secs   av.it.:  14.3
      thresh= 2.345E-06 alpha_mix =  0.100 |ddv_scf|^2 =  5.021E-11

      iter #   6 total cpu time : 15855.0 secs   av.it.:  14.0
      thresh= 7.086E-07 alpha_mix =  0.100 |ddv_scf|^2 =  2.514E-12

      iter #   7 total cpu time : 15859.0 secs   av.it.:  13.4
      thresh= 1.585E-07 alpha_mix =  0.100 |ddv_scf|^2 =  7.191E-13

      iter #   8 total cpu time : 15863.4 secs   av.it.:  14.7
      thresh= 8.480E-08 alpha_mix =  0.100 |ddv_scf|^2 =  2.002E-14

      iter #   9 total cpu time : 15867.0 secs   av.it.:  11.7
      thresh= 1.415E-08 alpha_mix =  0.100 |ddv_scf|^2 =  1.526E-14

      iter #  10 total cpu time : 15871.3 secs   av.it.:  14.5
      thresh= 1.235E-08 alpha_mix =  0.100 |ddv_scf|^2 =  4.769E-16

     End of self-consistent calculation

     Convergence has been achieved 


     Representation #  12 mode #  12

     Self-consistent Calculation

      iter #   1 total cpu time : 15874.0 secs   av.it.:   6.4
      thresh= 1.000E-02 alpha_mix =  0.100 |ddv_scf|^2 =  3.203E-07

      iter #   2 total cpu time : 15877.5 secs   av.it.:  11.0
      thresh= 5.660E-05 alpha_mix =  0.100 |ddv_scf|^2 =  2.229E-07

      iter #   3 total cpu time : 15881.6 secs   av.it.:  13.6
      thresh= 4.722E-05 alpha_mix =  0.100 |ddv_scf|^2 =  1.135E-09

      iter #   4 total cpu time : 15885.7 secs   av.it.:  13.3
      thresh= 3.370E-06 alpha_mix =  0.100 |ddv_scf|^2 =  5.498E-10

      iter #   5 total cpu time : 15890.0 secs   av.it.:  14.3
      thresh= 2.345E-06 alpha_mix =  0.100 |ddv_scf|^2 =  5.021E-11

      iter #   6 total cpu time : 15894.2 secs   av.it.:  14.0
      thresh= 7.086E-07 alpha_mix =  0.100 |ddv_scf|^2 =  2.514E-12

      iter #   7 total cpu time : 15898.2 secs   av.it.:  13.4
      thresh= 1.586E-07 alpha_mix =  0.100 |ddv_scf|^2 =  7.191E-13

      iter #   8 total cpu time : 15902.5 secs   av.it.:  14.7
      thresh= 8.480E-08 alpha_mix =  0.100 |ddv_scf|^2 =  2.002E-14

      iter #   9 total cpu time : 15906.3 secs   av.it.:  11.7
      thresh= 1.415E-08 alpha_mix =  0.100 |ddv_scf|^2 =  1.526E-14

      iter #  10 total cpu time : 15910.8 secs   av.it.:  14.5
      thresh= 1.235E-08 alpha_mix =  0.100 |ddv_scf|^2 =  4.769E-16

     End of self-consistent calculation

     Convergence has been achieved 


     Representation #  13 mode #  13

     Self-consistent Calculation

      iter #   1 total cpu time : 15914.1 secs   av.it.:   9.0
      thresh= 1.000E-02 alpha_mix =  0.100 |ddv_scf|^2 =  1.063E-04

      iter #   2 total cpu time : 15917.7 secs   av.it.:  11.1
      thresh= 1.031E-03 alpha_mix =  0.100 |ddv_scf|^2 =  8.489E-06

      iter #   3 total cpu time : 15921.2 secs   av.it.:  11.3
      thresh= 2.914E-04 alpha_mix =  0.100 |ddv_scf|^2 =  2.229E-06

      iter #   4 total cpu time : 15925.1 secs   av.it.:  12.6
      thresh= 1.493E-04 alpha_mix =  0.100 |ddv_scf|^2 =  1.626E-07

      iter #   5 total cpu time : 15929.2 secs   av.it.:  13.6
      thresh= 4.032E-05 alpha_mix =  0.100 |ddv_scf|^2 =  5.912E-09

      iter #   6 total cpu time : 15932.8 secs   av.it.:  11.7
      thresh= 7.689E-06 alpha_mix =  0.100 |ddv_scf|^2 =  3.767E-09

      iter #   7 total cpu time : 15937.2 secs   av.it.:  13.9
      thresh= 6.137E-06 alpha_mix =  0.100 |ddv_scf|^2 =  2.778E-10

      iter #   8 total cpu time : 15941.3 secs   av.it.:  13.1
      thresh= 1.667E-06 alpha_mix =  0.100 |ddv_scf|^2 =  9.214E-11

      iter #   9 total cpu time : 15945.6 secs   av.it.:  14.0
      thresh= 9.599E-07 alpha_mix =  0.100 |ddv_scf|^2 =  6.962E-12

      iter #  10 total cpu time : 15949.5 secs   av.it.:  12.3
      thresh= 2.639E-07 alpha_mix =  0.100 |ddv_scf|^2 =  4.516E-12

      iter #  11 total cpu time : 15953.4 secs   av.it.:  12.7
      thresh= 2.125E-07 alpha_mix =  0.100 |ddv_scf|^2 =  2.420E-12

      iter #  12 total cpu time : 15957.6 secs   av.it.:  13.9
      thresh= 1.556E-07 alpha_mix =  0.100 |ddv_scf|^2 =  5.561E-13

      iter #  13 total cpu time : 15961.3 secs   av.it.:  11.8
      thresh= 7.457E-08 alpha_mix =  0.100 |ddv_scf|^2 =  3.706E-13

      iter #  14 total cpu time : 15965.4 secs   av.it.:  13.7
      thresh= 6.087E-08 alpha_mix =  0.100 |ddv_scf|^2 =  2.045E-14

      iter #  15 total cpu time : 15969.1 secs   av.it.:  11.8
      thresh= 1.430E-08 alpha_mix =  0.100 |ddv_scf|^2 =  1.479E-14

      iter #  16 total cpu time : 15973.5 secs   av.it.:  14.4
      thresh= 1.216E-08 alpha_mix =  0.100 |ddv_scf|^2 =  7.660E-16

     End of self-consistent calculation

     Convergence has been achieved 


     Representation #  14 mode #  14

     Self-consistent Calculation

      iter #   1 total cpu time : 15976.7 secs   av.it.:   8.1
      thresh= 1.000E-02 alpha_mix =  0.100 |ddv_scf|^2 =  6.254E-06

      iter #   2 total cpu time : 15980.2 secs   av.it.:  11.3
      thresh= 2.501E-04 alpha_mix =  0.100 |ddv_scf|^2 =  2.469E-06

      iter #   3 total cpu time : 15984.0 secs   av.it.:  12.2
      thresh= 1.571E-04 alpha_mix =  0.100 |ddv_scf|^2 =  4.648E-07

      iter #   4 total cpu time : 15987.8 secs   av.it.:  12.5
      thresh= 6.818E-05 alpha_mix =  0.100 |ddv_scf|^2 =  1.104E-07

      iter #   5 total cpu time : 15991.9 secs   av.it.:  13.5
      thresh= 3.323E-05 alpha_mix =  0.100 |ddv_scf|^2 =  6.099E-09

      iter #   6 total cpu time : 15995.9 secs   av.it.:  13.3
      thresh= 7.810E-06 alpha_mix =  0.100 |ddv_scf|^2 =  1.199E-09

      iter #   7 total cpu time : 16000.1 secs   av.it.:  14.0
      thresh= 3.463E-06 alpha_mix =  0.100 |ddv_scf|^2 =  2.572E-10

      iter #   8 total cpu time : 16004.5 secs   av.it.:  14.2
      thresh= 1.604E-06 alpha_mix =  0.100 |ddv_scf|^2 =  1.049E-11

      iter #   9 total cpu time : 16008.7 secs   av.it.:  13.1
      thresh= 3.239E-07 alpha_mix =  0.100 |ddv_scf|^2 =  6.199E-12

      iter #  10 total cpu time : 16013.0 secs   av.it.:  14.0
      thresh= 2.490E-07 alpha_mix =  0.100 |ddv_scf|^2 =  1.246E-12

      iter #  11 total cpu time : 16017.1 secs   av.it.:  13.5
      thresh= 1.116E-07 alpha_mix =  0.100 |ddv_scf|^2 =  5.009E-13

      iter #  12 total cpu time : 16021.0 secs   av.it.:  13.1
      thresh= 7.078E-08 alpha_mix =  0.100 |ddv_scf|^2 =  2.523E-13

      iter #  13 total cpu time : 16025.1 secs   av.it.:  13.2
      thresh= 5.023E-08 alpha_mix =  0.100 |ddv_scf|^2 =  1.375E-13

      iter #  14 total cpu time : 16029.1 secs   av.it.:  13.2
      thresh= 3.708E-08 alpha_mix =  0.100 |ddv_scf|^2 =  8.153E-14

      iter #  15 total cpu time : 16032.9 secs   av.it.:  12.4
      thresh= 2.855E-08 alpha_mix =  0.100 |ddv_scf|^2 =  5.684E-14

      iter #  16 total cpu time : 16037.0 secs   av.it.:  13.3
      thresh= 2.384E-08 alpha_mix =  0.100 |ddv_scf|^2 =  2.685E-14

      iter #  17 total cpu time : 16040.8 secs   av.it.:  12.0
      thresh= 1.639E-08 alpha_mix =  0.100 |ddv_scf|^2 =  1.828E-14

      iter #  18 total cpu time : 16044.9 secs   av.it.:  13.8
      thresh= 1.352E-08 alpha_mix =  0.100 |ddv_scf|^2 =  4.653E-15

      iter #  19 total cpu time : 16049.0 secs   av.it.:  13.6
      thresh= 6.821E-09 alpha_mix =  0.100 |ddv_scf|^2 =  2.128E-15

      iter #  20 total cpu time : 16052.9 secs   av.it.:  13.0
      thresh= 4.613E-09 alpha_mix =  0.100 |ddv_scf|^2 =  1.297E-15

      iter #  21 total cpu time : 16056.9 secs   av.it.:  13.0
      thresh= 3.602E-09 alpha_mix =  0.100 |ddv_scf|^2 =  7.920E-16

     End of self-consistent calculation

     Convergence has been achieved 


     Representation #  15 mode #  15

     Self-consistent Calculation

      iter #   1 total cpu time : 16059.7 secs   av.it.:   7.0
      thresh= 1.000E-02 alpha_mix =  0.100 |ddv_scf|^2 =  5.077E-06

      iter #   2 total cpu time : 16063.4 secs   av.it.:  11.3
      thresh= 2.253E-04 alpha_mix =  0.100 |ddv_scf|^2 =  4.334E-07

      iter #   3 total cpu time : 16066.9 secs   av.it.:  11.2
      thresh= 6.583E-05 alpha_mix =  0.100 |ddv_scf|^2 =  2.279E-07

      iter #   4 total cpu time : 16070.9 secs   av.it.:  13.1
      thresh= 4.774E-05 alpha_mix =  0.100 |ddv_scf|^2 =  2.321E-08

      iter #   5 total cpu time : 16075.0 secs   av.it.:  13.5
      thresh= 1.523E-05 alpha_mix =  0.100 |ddv_scf|^2 =  1.674E-09

      iter #   6 total cpu time : 16078.9 secs   av.it.:  12.8
      thresh= 4.092E-06 alpha_mix =  0.100 |ddv_scf|^2 =  6.456E-10

      iter #   7 total cpu time : 16083.0 secs   av.it.:  14.0
      thresh= 2.541E-06 alpha_mix =  0.100 |ddv_scf|^2 =  6.406E-11

      iter #   8 total cpu time : 16087.0 secs   av.it.:  13.1
      thresh= 8.004E-07 alpha_mix =  0.100 |ddv_scf|^2 =  2.365E-11

      iter #   9 total cpu time : 16091.4 secs   av.it.:  14.2
      thresh= 4.864E-07 alpha_mix =  0.100 |ddv_scf|^2 =  3.316E-12

      iter #  10 total cpu time : 16095.5 secs   av.it.:  13.0
      thresh= 1.821E-07 alpha_mix =  0.100 |ddv_scf|^2 =  1.600E-12

      iter #  11 total cpu time : 16099.5 secs   av.it.:  13.0
      thresh= 1.265E-07 alpha_mix =  0.100 |ddv_scf|^2 =  8.007E-13

      iter #  12 total cpu time : 16103.8 secs   av.it.:  13.9
      thresh= 8.948E-08 alpha_mix =  0.100 |ddv_scf|^2 =  2.520E-14

      iter #  13 total cpu time : 16107.5 secs   av.it.:  12.1
      thresh= 1.588E-08 alpha_mix =  0.100 |ddv_scf|^2 =  1.766E-14

      iter #  14 total cpu time : 16111.5 secs   av.it.:  13.6
      thresh= 1.329E-08 alpha_mix =  0.100 |ddv_scf|^2 =  6.825E-15

      iter #  15 total cpu time : 16115.3 secs   av.it.:  12.3
      thresh= 8.262E-09 alpha_mix =  0.100 |ddv_scf|^2 =  4.466E-15

      iter #  16 total cpu time : 16119.7 secs   av.it.:  14.8
      thresh= 6.683E-09 alpha_mix =  0.100 |ddv_scf|^2 =  2.446E-16

     End of self-consistent calculation

     Convergence has been achieved 


     Representation #  16 mode #  16

     Self-consistent Calculation

      iter #   1 total cpu time : 16122.6 secs   av.it.:   7.6
      thresh= 1.000E-02 alpha_mix =  0.100 |ddv_scf|^2 =  3.155E-05

      iter #   2 total cpu time : 16126.3 secs   av.it.:  11.1
      thresh= 5.617E-04 alpha_mix =  0.100 |ddv_scf|^2 =  5.395E-07

      iter #   3 total cpu time : 16130.0 secs   av.it.:  11.2
      thresh= 7.345E-05 alpha_mix =  0.100 |ddv_scf|^2 =  1.814E-07

      iter #   4 total cpu time : 16134.2 secs   av.it.:  13.3
      thresh= 4.259E-05 alpha_mix =  0.100 |ddv_scf|^2 =  1.470E-08

      iter #   5 total cpu time : 16138.2 secs   av.it.:  13.5
      thresh= 1.212E-05 alpha_mix =  0.100 |ddv_scf|^2 =  1.142E-09

      iter #   6 total cpu time : 16141.9 secs   av.it.:  12.0
      thresh= 3.380E-06 alpha_mix =  0.100 |ddv_scf|^2 =  7.217E-10

      iter #   7 total cpu time : 16146.1 secs   av.it.:  14.0
      thresh= 2.686E-06 alpha_mix =  0.100 |ddv_scf|^2 =  5.410E-11

      iter #   8 total cpu time : 16149.9 secs   av.it.:  12.4
      thresh= 7.355E-07 alpha_mix =  0.100 |ddv_scf|^2 =  2.995E-11

      iter #   9 total cpu time : 16154.2 secs   av.it.:  14.0
      thresh= 5.473E-07 alpha_mix =  0.100 |ddv_scf|^2 =  2.540E-12

      iter #  10 total cpu time : 16158.2 secs   av.it.:  12.9
      thresh= 1.594E-07 alpha_mix =  0.100 |ddv_scf|^2 =  1.279E-12

      iter #  11 total cpu time : 16162.3 secs   av.it.:  12.8
      thresh= 1.131E-07 alpha_mix =  0.100 |ddv_scf|^2 =  5.932E-13

      iter #  12 total cpu time : 16166.7 secs   av.it.:  14.1
      thresh= 7.702E-08 alpha_mix =  0.100 |ddv_scf|^2 =  9.198E-14

      iter #  13 total cpu time : 16170.4 secs   av.it.:  12.1
      thresh= 3.033E-08 alpha_mix =  0.100 |ddv_scf|^2 =  6.023E-14

      iter #  14 total cpu time : 16174.5 secs   av.it.:  13.9
      thresh= 2.454E-08 alpha_mix =  0.100 |ddv_scf|^2 =  8.400E-15

      iter #  15 total cpu time : 16178.2 secs   av.it.:  11.6
      thresh= 9.165E-09 alpha_mix =  0.100 |ddv_scf|^2 =  5.885E-15

      iter #  16 total cpu time : 16182.5 secs   av.it.:  13.9
      thresh= 7.672E-09 alpha_mix =  0.100 |ddv_scf|^2 =  5.901E-16

     End of self-consistent calculation

     Convergence has been achieved 


     Representation #  17 mode #  17

     Self-consistent Calculation

      iter #   1 total cpu time : 16185.7 secs   av.it.:   8.2
      thresh= 1.000E-02 alpha_mix =  0.100 |ddv_scf|^2 =  1.148E-05

      iter #   2 total cpu time : 16189.3 secs   av.it.:  11.3
      thresh= 3.388E-04 alpha_mix =  0.100 |ddv_scf|^2 =  2.482E-06

      iter #   3 total cpu time : 16193.0 secs   av.it.:  11.6
      thresh= 1.575E-04 alpha_mix =  0.100 |ddv_scf|^2 =  8.310E-07

      iter #   4 total cpu time : 16196.9 secs   av.it.:  12.8
      thresh= 9.116E-05 alpha_mix =  0.100 |ddv_scf|^2 =  1.234E-07

      iter #   5 total cpu time : 16201.0 secs   av.it.:  13.5
      thresh= 3.513E-05 alpha_mix =  0.100 |ddv_scf|^2 =  6.026E-09

      iter #   6 total cpu time : 16204.9 secs   av.it.:  12.6
      thresh= 7.763E-06 alpha_mix =  0.100 |ddv_scf|^2 =  2.494E-09

      iter #   7 total cpu time : 16209.1 secs   av.it.:  14.1
      thresh= 4.994E-06 alpha_mix =  0.100 |ddv_scf|^2 =  2.618E-10

      iter #   8 total cpu time : 16213.3 secs   av.it.:  14.2
      thresh= 1.618E-06 alpha_mix =  0.100 |ddv_scf|^2 =  1.179E-11

      iter #   9 total cpu time : 16217.5 secs   av.it.:  13.7
      thresh= 3.434E-07 alpha_mix =  0.100 |ddv_scf|^2 =  5.006E-12

      iter #  10 total cpu time : 16221.7 secs   av.it.:  13.4
      thresh= 2.237E-07 alpha_mix =  0.100 |ddv_scf|^2 =  1.894E-12

      iter #  11 total cpu time : 16225.9 secs   av.it.:  13.9
      thresh= 1.376E-07 alpha_mix =  0.100 |ddv_scf|^2 =  3.413E-13

      iter #  12 total cpu time : 16229.9 secs   av.it.:  13.1
      thresh= 5.842E-08 alpha_mix =  0.100 |ddv_scf|^2 =  1.244E-13

      iter #  13 total cpu time : 16234.0 secs   av.it.:  13.6
      thresh= 3.527E-08 alpha_mix =  0.100 |ddv_scf|^2 =  1.699E-14

      iter #  14 total cpu time : 16238.3 secs   av.it.:  14.2
      thresh= 1.303E-08 alpha_mix =  0.100 |ddv_scf|^2 =  3.546E-15

      iter #  15 total cpu time : 16242.2 secs   av.it.:  13.1
      thresh= 5.955E-09 alpha_mix =  0.100 |ddv_scf|^2 =  1.111E-15

      iter #  16 total cpu time : 16246.6 secs   av.it.:  14.2
      thresh= 3.333E-09 alpha_mix =  0.100 |ddv_scf|^2 =  2.429E-16

     End of self-consistent calculation

     Convergence has been achieved 


     Representation #  18 mode #  18

     Self-consistent Calculation

      iter #   1 total cpu time : 16249.3 secs   av.it.:   6.8
      thresh= 1.000E-02 alpha_mix =  0.100 |ddv_scf|^2 =  2.271E-06

      iter #   2 total cpu time : 16253.0 secs   av.it.:  11.3
      thresh= 1.507E-04 alpha_mix =  0.100 |ddv_scf|^2 =  2.912E-07

      iter #   3 total cpu time : 16256.5 secs   av.it.:  11.2
      thresh= 5.397E-05 alpha_mix =  0.100 |ddv_scf|^2 =  1.697E-07

      iter #   4 total cpu time : 16260.6 secs   av.it.:  13.5
      thresh= 4.119E-05 alpha_mix =  0.100 |ddv_scf|^2 =  1.352E-08

      iter #   5 total cpu time : 16264.6 secs   av.it.:  13.4
      thresh= 1.163E-05 alpha_mix =  0.100 |ddv_scf|^2 =  1.123E-09

      iter #   6 total cpu time : 16268.6 secs   av.it.:  13.0
      thresh= 3.351E-06 alpha_mix =  0.100 |ddv_scf|^2 =  3.817E-10

      iter #   7 total cpu time : 16273.5 secs   av.it.:  14.0
      thresh= 1.954E-06 alpha_mix =  0.100 |ddv_scf|^2 =  6.070E-11

      iter #   8 total cpu time : 16277.7 secs   av.it.:  12.4
      thresh= 7.791E-07 alpha_mix =  0.100 |ddv_scf|^2 =  3.244E-11

      iter #   9 total cpu time : 16282.6 secs   av.it.:  14.4
      thresh= 5.696E-07 alpha_mix =  0.100 |ddv_scf|^2 =  2.062E-12

      iter #  10 total cpu time : 16286.3 secs   av.it.:  12.2
      thresh= 1.436E-07 alpha_mix =  0.100 |ddv_scf|^2 =  1.307E-12

      iter #  11 total cpu time : 16290.5 secs   av.it.:  13.3
      thresh= 1.143E-07 alpha_mix =  0.100 |ddv_scf|^2 =  5.814E-13

      iter #  12 total cpu time : 16294.6 secs   av.it.:  13.7
      thresh= 7.625E-08 alpha_mix =  0.100 |ddv_scf|^2 =  1.593E-13

      iter #  13 total cpu time : 16298.5 secs   av.it.:  13.1
      thresh= 3.992E-08 alpha_mix =  0.100 |ddv_scf|^2 =  6.993E-14

      iter #  14 total cpu time : 16302.6 secs   av.it.:  13.4
      thresh= 2.644E-08 alpha_mix =  0.100 |ddv_scf|^2 =  2.059E-14

      iter #  15 total cpu time : 16306.2 secs   av.it.:  11.9
      thresh= 1.435E-08 alpha_mix =  0.100 |ddv_scf|^2 =  1.459E-14

      iter #  16 total cpu time : 16310.5 secs   av.it.:  13.5
      thresh= 1.208E-08 alpha_mix =  0.100 |ddv_scf|^2 =  5.317E-16

     End of self-consistent calculation

     Convergence has been achieved 


     Representation #  19 mode #  19

     Self-consistent Calculation

      iter #   1 total cpu time : 16313.7 secs   av.it.:   8.4
      thresh= 1.000E-02 alpha_mix =  0.100 |ddv_scf|^2 =  1.544E-05

      iter #   2 total cpu time : 16317.3 secs   av.it.:  11.2
      thresh= 3.930E-04 alpha_mix =  0.100 |ddv_scf|^2 =  3.995E-06

      iter #   3 total cpu time : 16320.9 secs   av.it.:  11.7
      thresh= 1.999E-04 alpha_mix =  0.100 |ddv_scf|^2 =  1.036E-06

      iter #   4 total cpu time : 16324.8 secs   av.it.:  12.6
      thresh= 1.018E-04 alpha_mix =  0.100 |ddv_scf|^2 =  1.429E-07

      iter #   5 total cpu time : 16328.8 secs   av.it.:  13.5
      thresh= 3.781E-05 alpha_mix =  0.100 |ddv_scf|^2 =  6.467E-09

      iter #   6 total cpu time : 16332.6 secs   av.it.:  12.5
      thresh= 8.042E-06 alpha_mix =  0.100 |ddv_scf|^2 =  3.001E-09

      iter #   7 total cpu time : 16336.8 secs   av.it.:  14.1
      thresh= 5.478E-06 alpha_mix =  0.100 |ddv_scf|^2 =  2.655E-10

      iter #   8 total cpu time : 16341.1 secs   av.it.:  14.0
      thresh= 1.629E-06 alpha_mix =  0.100 |ddv_scf|^2 =  1.487E-11

      iter #   9 total cpu time : 16345.3 secs   av.it.:  13.6
      thresh= 3.857E-07 alpha_mix =  0.100 |ddv_scf|^2 =  6.062E-12

      iter #  10 total cpu time : 16349.6 secs   av.it.:  14.1
      thresh= 2.462E-07 alpha_mix =  0.100 |ddv_scf|^2 =  8.934E-13

      iter #  11 total cpu time : 16353.8 secs   av.it.:  13.8
      thresh= 9.452E-08 alpha_mix =  0.100 |ddv_scf|^2 =  3.206E-13

      iter #  12 total cpu time : 16357.8 secs   av.it.:  13.1
      thresh= 5.662E-08 alpha_mix =  0.100 |ddv_scf|^2 =  1.204E-13

      iter #  13 total cpu time : 16361.9 secs   av.it.:  13.8
      thresh= 3.470E-08 alpha_mix =  0.100 |ddv_scf|^2 =  3.225E-14

      iter #  14 total cpu time : 16366.0 secs   av.it.:  13.6
      thresh= 1.796E-08 alpha_mix =  0.100 |ddv_scf|^2 =  1.714E-14

      iter #  15 total cpu time : 16370.2 secs   av.it.:  13.8
      thresh= 1.309E-08 alpha_mix =  0.100 |ddv_scf|^2 =  3.483E-15

      iter #  16 total cpu time : 16373.9 secs   av.it.:  11.8
      thresh= 5.902E-09 alpha_mix =  0.100 |ddv_scf|^2 =  2.560E-15

      iter #  17 total cpu time : 16378.2 secs   av.it.:  13.9
      thresh= 5.060E-09 alpha_mix =  0.100 |ddv_scf|^2 =  1.101E-16

     End of self-consistent calculation

     Convergence has been achieved 


     Representation #  20 mode #  20

     Self-consistent Calculation

      iter #   1 total cpu time : 16380.9 secs   av.it.:   6.7
      thresh= 1.000E-02 alpha_mix =  0.100 |ddv_scf|^2 =  1.688E-06

      iter #   2 total cpu time : 16384.5 secs   av.it.:  11.3
      thresh= 1.299E-04 alpha_mix =  0.100 |ddv_scf|^2 =  2.446E-07

      iter #   3 total cpu time : 16388.0 secs   av.it.:  11.2
      thresh= 4.946E-05 alpha_mix =  0.100 |ddv_scf|^2 =  1.504E-07

      iter #   4 total cpu time : 16392.1 secs   av.it.:  13.7
      thresh= 3.878E-05 alpha_mix =  0.100 |ddv_scf|^2 =  3.769E-09

      iter #   5 total cpu time : 16396.1 secs   av.it.:  13.1
      thresh= 6.139E-06 alpha_mix =  0.100 |ddv_scf|^2 =  6.633E-10

      iter #   6 total cpu time : 16399.9 secs   av.it.:  12.8
      thresh= 2.576E-06 alpha_mix =  0.100 |ddv_scf|^2 =  2.763E-10

      iter #   7 total cpu time : 16404.2 secs   av.it.:  14.1
      thresh= 1.662E-06 alpha_mix =  0.100 |ddv_scf|^2 =  4.661E-11

      iter #   8 total cpu time : 16408.0 secs   av.it.:  12.3
      thresh= 6.827E-07 alpha_mix =  0.100 |ddv_scf|^2 =  2.603E-11

      iter #   9 total cpu time : 16412.4 secs   av.it.:  14.3
      thresh= 5.102E-07 alpha_mix =  0.100 |ddv_scf|^2 =  1.437E-12

      iter #  10 total cpu time : 16416.5 secs   av.it.:  13.4
      thresh= 1.199E-07 alpha_mix =  0.100 |ddv_scf|^2 =  6.010E-13

      iter #  11 total cpu time : 16420.3 secs   av.it.:  12.6
      thresh= 7.753E-08 alpha_mix =  0.100 |ddv_scf|^2 =  3.991E-13

      iter #  12 total cpu time : 16424.5 secs   av.it.:  14.0
      thresh= 6.318E-08 alpha_mix =  0.100 |ddv_scf|^2 =  7.028E-14

      iter #  13 total cpu time : 16428.6 secs   av.it.:  13.4
      thresh= 2.651E-08 alpha_mix =  0.100 |ddv_scf|^2 =  2.593E-14

      iter #  14 total cpu time : 16432.5 secs   av.it.:  13.0
      thresh= 1.610E-08 alpha_mix =  0.100 |ddv_scf|^2 =  1.581E-14

      iter #  15 total cpu time : 16436.5 secs   av.it.:  12.4
      thresh= 1.257E-08 alpha_mix =  0.100 |ddv_scf|^2 =  1.110E-14

      iter #  16 total cpu time : 16440.7 secs   av.it.:  13.7
      thresh= 1.054E-08 alpha_mix =  0.100 |ddv_scf|^2 =  3.910E-16

     End of self-consistent calculation

     Convergence has been achieved 


     Representation #  21 mode #  21

     Self-consistent Calculation

      iter #   1 total cpu time : 16443.8 secs   av.it.:   7.7
      thresh= 1.000E-02 alpha_mix =  0.100 |ddv_scf|^2 =  2.290E-06

      iter #   2 total cpu time : 16447.5 secs   av.it.:  11.4
      thresh= 1.513E-04 alpha_mix =  0.100 |ddv_scf|^2 =  9.565E-07

      iter #   3 total cpu time : 16451.0 secs   av.it.:  11.4
      thresh= 9.780E-05 alpha_mix =  0.100 |ddv_scf|^2 =  4.891E-07

      iter #   4 total cpu time : 16455.0 secs   av.it.:  13.1
      thresh= 6.994E-05 alpha_mix =  0.100 |ddv_scf|^2 =  3.198E-08

      iter #   5 total cpu time : 16459.0 secs   av.it.:  13.3
      thresh= 1.788E-05 alpha_mix =  0.100 |ddv_scf|^2 =  2.708E-09

      iter #   6 total cpu time : 16462.9 secs   av.it.:  12.9
      thresh= 5.204E-06 alpha_mix =  0.100 |ddv_scf|^2 =  1.102E-09

      iter #   7 total cpu time : 16467.3 secs   av.it.:  14.2
      thresh= 3.319E-06 alpha_mix =  0.100 |ddv_scf|^2 =  1.377E-10

      iter #   8 total cpu time : 16471.2 secs   av.it.:  13.0
      thresh= 1.173E-06 alpha_mix =  0.100 |ddv_scf|^2 =  4.853E-11

      iter #   9 total cpu time : 16475.6 secs   av.it.:  14.2
      thresh= 6.966E-07 alpha_mix =  0.100 |ddv_scf|^2 =  4.002E-12

      iter #  10 total cpu time : 16479.5 secs   av.it.:  12.1
      thresh= 2.001E-07 alpha_mix =  0.100 |ddv_scf|^2 =  2.562E-12

      iter #  11 total cpu time : 16483.8 secs   av.it.:  14.2
      thresh= 1.601E-07 alpha_mix =  0.100 |ddv_scf|^2 =  2.176E-13

      iter #  12 total cpu time : 16487.8 secs   av.it.:  13.0
      thresh= 4.665E-08 alpha_mix =  0.100 |ddv_scf|^2 =  1.191E-13

      iter #  13 total cpu time : 16491.9 secs   av.it.:  13.2
      thresh= 3.451E-08 alpha_mix =  0.100 |ddv_scf|^2 =  3.313E-14

      iter #  14 total cpu time : 16496.0 secs   av.it.:  13.3
      thresh= 1.820E-08 alpha_mix =  0.100 |ddv_scf|^2 =  1.477E-14

      iter #  15 total cpu time : 16500.3 secs   av.it.:  13.8
      thresh= 1.215E-08 alpha_mix =  0.100 |ddv_scf|^2 =  4.674E-15

      iter #  16 total cpu time : 16504.3 secs   av.it.:  13.0
      thresh= 6.836E-09 alpha_mix =  0.100 |ddv_scf|^2 =  2.688E-15

      iter #  17 total cpu time : 16508.6 secs   av.it.:  13.6
      thresh= 5.185E-09 alpha_mix =  0.100 |ddv_scf|^2 =  3.141E-16

     End of self-consistent calculation

     Convergence has been achieved 


     Representation #  22 mode #  22

     Self-consistent Calculation

      iter #   1 total cpu time : 16511.6 secs   av.it.:   7.6
      thresh= 1.000E-02 alpha_mix =  0.100 |ddv_scf|^2 =  3.155E-05

      iter #   2 total cpu time : 16515.1 secs   av.it.:  11.1
      thresh= 5.617E-04 alpha_mix =  0.100 |ddv_scf|^2 =  5.395E-07

      iter #   3 total cpu time : 16518.6 secs   av.it.:  11.2
      thresh= 7.345E-05 alpha_mix =  0.100 |ddv_scf|^2 =  1.814E-07

      iter #   4 total cpu time : 16522.8 secs   av.it.:  13.3
      thresh= 4.259E-05 alpha_mix =  0.100 |ddv_scf|^2 =  1.470E-08

      iter #   5 total cpu time : 16527.0 secs   av.it.:  13.5
      thresh= 1.212E-05 alpha_mix =  0.100 |ddv_scf|^2 =  1.142E-09

      iter #   6 total cpu time : 16530.7 secs   av.it.:  12.0
      thresh= 3.380E-06 alpha_mix =  0.100 |ddv_scf|^2 =  7.217E-10

      iter #   7 total cpu time : 16535.1 secs   av.it.:  14.0
      thresh= 2.686E-06 alpha_mix =  0.100 |ddv_scf|^2 =  5.410E-11

      iter #   8 total cpu time : 16538.9 secs   av.it.:  12.4
      thresh= 7.355E-07 alpha_mix =  0.100 |ddv_scf|^2 =  2.996E-11

      iter #   9 total cpu time : 16543.2 secs   av.it.:  14.0
      thresh= 5.474E-07 alpha_mix =  0.100 |ddv_scf|^2 =  2.540E-12

      iter #  10 total cpu time : 16547.2 secs   av.it.:  12.9
      thresh= 1.594E-07 alpha_mix =  0.100 |ddv_scf|^2 =  1.279E-12

      iter #  11 total cpu time : 16551.0 secs   av.it.:  12.8
      thresh= 1.131E-07 alpha_mix =  0.100 |ddv_scf|^2 =  5.934E-13

      iter #  12 total cpu time : 16555.2 secs   av.it.:  14.1
      thresh= 7.703E-08 alpha_mix =  0.100 |ddv_scf|^2 =  9.190E-14

      iter #  13 total cpu time : 16559.1 secs   av.it.:  12.1
      thresh= 3.032E-08 alpha_mix =  0.100 |ddv_scf|^2 =  6.018E-14

      iter #  14 total cpu time : 16563.5 secs   av.it.:  13.9
      thresh= 2.453E-08 alpha_mix =  0.100 |ddv_scf|^2 =  8.392E-15

      iter #  15 total cpu time : 16567.2 secs   av.it.:  11.6
      thresh= 9.161E-09 alpha_mix =  0.100 |ddv_scf|^2 =  5.879E-15

      iter #  16 total cpu time : 16571.4 secs   av.it.:  13.9
      thresh= 7.668E-09 alpha_mix =  0.100 |ddv_scf|^2 =  5.892E-16

     End of self-consistent calculation

     Convergence has been achieved 


     Representation #  23 mode #  23

     Self-consistent Calculation

      iter #   1 total cpu time : 16574.7 secs   av.it.:   9.0
      thresh= 1.000E-02 alpha_mix =  0.100 |ddv_scf|^2 =  1.063E-04

      iter #   2 total cpu time : 16578.2 secs   av.it.:  11.1
      thresh= 1.031E-03 alpha_mix =  0.100 |ddv_scf|^2 =  8.489E-06

      iter #   3 total cpu time : 16581.7 secs   av.it.:  11.3
      thresh= 2.914E-04 alpha_mix =  0.100 |ddv_scf|^2 =  2.229E-06

      iter #   4 total cpu time : 16585.6 secs   av.it.:  12.6
      thresh= 1.493E-04 alpha_mix =  0.100 |ddv_scf|^2 =  1.626E-07

      iter #   5 total cpu time : 16589.7 secs   av.it.:  13.6
      thresh= 4.032E-05 alpha_mix =  0.100 |ddv_scf|^2 =  5.912E-09

      iter #   6 total cpu time : 16593.5 secs   av.it.:  11.7
      thresh= 7.689E-06 alpha_mix =  0.100 |ddv_scf|^2 =  3.767E-09

      iter #   7 total cpu time : 16597.8 secs   av.it.:  13.9
      thresh= 6.137E-06 alpha_mix =  0.100 |ddv_scf|^2 =  2.778E-10

      iter #   8 total cpu time : 16601.7 secs   av.it.:  13.1
      thresh= 1.667E-06 alpha_mix =  0.100 |ddv_scf|^2 =  9.228E-11

      iter #   9 total cpu time : 16606.0 secs   av.it.:  14.0
      thresh= 9.606E-07 alpha_mix =  0.100 |ddv_scf|^2 =  6.964E-12

      iter #  10 total cpu time : 16609.7 secs   av.it.:  12.3
      thresh= 2.639E-07 alpha_mix =  0.100 |ddv_scf|^2 =  4.516E-12

      iter #  11 total cpu time : 16613.6 secs   av.it.:  12.7
      thresh= 2.125E-07 alpha_mix =  0.100 |ddv_scf|^2 =  2.421E-12

      iter #  12 total cpu time : 16617.8 secs   av.it.:  13.9
      thresh= 1.556E-07 alpha_mix =  0.100 |ddv_scf|^2 =  5.564E-13

      iter #  13 total cpu time : 16621.5 secs   av.it.:  11.8
      thresh= 7.459E-08 alpha_mix =  0.100 |ddv_scf|^2 =  3.708E-13

      iter #  14 total cpu time : 16625.6 secs   av.it.:  13.7
      thresh= 6.089E-08 alpha_mix =  0.100 |ddv_scf|^2 =  2.045E-14

      iter #  15 total cpu time : 16629.3 secs   av.it.:  11.8
      thresh= 1.430E-08 alpha_mix =  0.100 |ddv_scf|^2 =  1.480E-14

      iter #  16 total cpu time : 16633.6 secs   av.it.:  14.4
      thresh= 1.216E-08 alpha_mix =  0.100 |ddv_scf|^2 =  7.675E-16

     End of self-consistent calculation

     Convergence has been achieved 


     Representation #  24 mode #  24

     Self-consistent Calculation

      iter #   1 total cpu time : 16636.4 secs   av.it.:   7.1
      thresh= 1.000E-02 alpha_mix =  0.100 |ddv_scf|^2 =  5.660E-06

      iter #   2 total cpu time : 16640.1 secs   av.it.:  11.3
      thresh= 2.379E-04 alpha_mix =  0.100 |ddv_scf|^2 =  4.799E-07

      iter #   3 total cpu time : 16643.6 secs   av.it.:  11.2
      thresh= 6.928E-05 alpha_mix =  0.100 |ddv_scf|^2 =  2.467E-07

      iter #   4 total cpu time : 16647.5 secs   av.it.:  13.0
      thresh= 4.967E-05 alpha_mix =  0.100 |ddv_scf|^2 =  2.529E-08

      iter #   5 total cpu time : 16651.7 secs   av.it.:  13.4
      thresh= 1.590E-05 alpha_mix =  0.100 |ddv_scf|^2 =  1.854E-09

      iter #   6 total cpu time : 16655.5 secs   av.it.:  12.8
      thresh= 4.305E-06 alpha_mix =  0.100 |ddv_scf|^2 =  7.220E-10

      iter #   7 total cpu time : 16659.8 secs   av.it.:  14.0
      thresh= 2.687E-06 alpha_mix =  0.100 |ddv_scf|^2 =  6.616E-11

      iter #   8 total cpu time : 16663.7 secs   av.it.:  13.0
      thresh= 8.134E-07 alpha_mix =  0.100 |ddv_scf|^2 =  2.686E-11

      iter #   9 total cpu time : 16668.2 secs   av.it.:  14.1
      thresh= 5.183E-07 alpha_mix =  0.100 |ddv_scf|^2 =  3.710E-12

      iter #  10 total cpu time : 16672.1 secs   av.it.:  13.1
      thresh= 1.926E-07 alpha_mix =  0.100 |ddv_scf|^2 =  1.516E-12

      iter #  11 total cpu time : 16676.1 secs   av.it.:  13.3
      thresh= 1.231E-07 alpha_mix =  0.100 |ddv_scf|^2 =  6.003E-13

      iter #  12 total cpu time : 16680.4 secs   av.it.:  13.7
      thresh= 7.748E-08 alpha_mix =  0.100 |ddv_scf|^2 =  4.236E-14

      iter #  13 total cpu time : 16684.2 secs   av.it.:  12.1
      thresh= 2.058E-08 alpha_mix =  0.100 |ddv_scf|^2 =  2.936E-14

      iter #  14 total cpu time : 16688.6 secs   av.it.:  14.2
      thresh= 1.714E-08 alpha_mix =  0.100 |ddv_scf|^2 =  3.913E-15

      iter #  15 total cpu time : 16692.3 secs   av.it.:  12.0
      thresh= 6.255E-09 alpha_mix =  0.100 |ddv_scf|^2 =  2.613E-15

      iter #  16 total cpu time : 16696.6 secs   av.it.:  14.3
      thresh= 5.112E-09 alpha_mix =  0.100 |ddv_scf|^2 =  3.456E-16

     End of self-consistent calculation

     Convergence has been achieved 
 
     Number of q in the star =    6
     List of q in the star:
          1   0.250000000  -0.500000000  -0.500000000
          2  -0.500000000  -0.500000000   0.250000000
          3  -0.500000000   0.250000000  -0.500000000
          4  -0.250000000   0.500000000  -0.500000000
          5  -0.500000000  -0.250000000   0.500000000
          6   0.500000000  -0.500000000  -0.250000000

     Diagonalizing the dynamical matrix

     q = (    0.250000000  -0.500000000  -0.500000000 ) 

 **************************************************************************
     freq (    1) =       3.999684 [THz] =     133.415083 [cm-1]
     freq (    2) =       3.999684 [THz] =     133.415083 [cm-1]
     freq (    3) =       4.044016 [THz] =     134.893840 [cm-1]
     freq (    4) =       4.561202 [THz] =     152.145326 [cm-1]
     freq (    5) =       4.561202 [THz] =     152.145326 [cm-1]
     freq (    6) =       4.642499 [THz] =     154.857093 [cm-1]
     freq (    7) =       4.652188 [THz] =     155.180282 [cm-1]
     freq (    8) =       5.119090 [THz] =     170.754467 [cm-1]
     freq (    9) =       6.037424 [THz] =     201.386779 [cm-1]
     freq (   10) =       6.037424 [THz] =     201.386779 [cm-1]
     freq (   11) =       6.391111 [THz] =     213.184529 [cm-1]
     freq (   12) =       8.313715 [THz] =     277.315693 [cm-1]
     freq (   13) =      14.341679 [THz] =     478.386915 [cm-1]
     freq (   14) =      14.551828 [THz] =     485.396745 [cm-1]
     freq (   15) =      14.551828 [THz] =     485.396745 [cm-1]
     freq (   16) =      14.988913 [THz] =     499.976331 [cm-1]
     freq (   17) =      15.684921 [THz] =     523.192657 [cm-1]
     freq (   18) =      15.820691 [THz] =     527.721454 [cm-1]
     freq (   19) =      15.820691 [THz] =     527.721454 [cm-1]
     freq (   20) =      16.032741 [THz] =     534.794678 [cm-1]
     freq (   21) =      16.598777 [THz] =     553.675603 [cm-1]
     freq (   22) =      16.598777 [THz] =     553.675603 [cm-1]
     freq (   23) =      16.898719 [THz] =     563.680589 [cm-1]
     freq (   24) =      17.622737 [THz] =     587.831248 [cm-1]
 **************************************************************************

     Mode symmetry, C_2v (mm2)  point group:

     freq (   1-   1) =        133.4  [cm-1]   --> B_1  D_3  S_3      
     freq (   2-   2) =        133.4  [cm-1]   --> B_2  D_4  S_4      
     freq (   3-   3) =        134.9  [cm-1]   --> A_1  D_1  S_1      
     freq (   4-   4) =        152.1  [cm-1]   --> B_1  D_3  S_3      
     freq (   5-   5) =        152.1  [cm-1]   --> B_2  D_4  S_4      
     freq (   6-   6) =        154.9  [cm-1]   --> A_1  D_1  S_1      
     freq (   7-   7) =        155.2  [cm-1]   --> A_2  D_2  S_2      
     freq (   8-   8) =        170.8  [cm-1]   --> A_2  D_2  S_2      
     freq (   9-   9) =        201.4  [cm-1]   --> B_1  D_3  S_3      
     freq (  10-  10) =        201.4  [cm-1]   --> B_2  D_4  S_4      
     freq (  11-  11) =        213.2  [cm-1]   --> A_1  D_1  S_1      
     freq (  12-  12) =        277.3  [cm-1]   --> A_1  D_1  S_1      
     freq (  13-  13) =        478.4  [cm-1]   --> A_1  D_1  S_1      
     freq (  14-  14) =        485.4  [cm-1]   --> B_1  D_3  S_3      
     freq (  15-  15) =        485.4  [cm-1]   --> B_2  D_4  S_4      
     freq (  16-  16) =        500.0  [cm-1]   --> A_1  D_1  S_1      
     freq (  17-  17) =        523.2  [cm-1]   --> A_2  D_2  S_2      
     freq (  18-  18) =        527.7  [cm-1]   --> B_1  D_3  S_3      
     freq (  19-  19) =        527.7  [cm-1]   --> B_2  D_4  S_4      
     freq (  20-  20) =        534.8  [cm-1]   --> A_2  D_2  S_2      
     freq (  21-  21) =        553.7  [cm-1]   --> B_1  D_3  S_3      
     freq (  22-  22) =        553.7  [cm-1]   --> B_2  D_4  S_4      
     freq (  23-  23) =        563.7  [cm-1]   --> A_1  D_1  S_1      
     freq (  24-  24) =        587.8  [cm-1]   --> A_1  D_1  S_1      

     Calculation of q =   -0.5000000  -0.5000000  -0.5000000
 
     Parallelization info
     --------------------
     sticks:   dense  smooth     PW     G-vecs:    dense   smooth      PW
     Min         139     139     44                 4933     4933     882
     Max         140     140     45                 4936     4936     886
     Sum        2225    2225    709                78949    78949   14147
 
     Using Slab Decomposition
 

     Title: 
     --                                                                         


     bravais-lattice index     =            0
     lattice parameter (alat)  =       8.3571  a.u.
     unit-cell volume          =     583.6692 (a.u.)^3
     number of atoms/cell      =            8
     number of atomic types    =            2
     number of electrons       =        72.00
     number of Kohn-Sham states=           43
     kinetic-energy cutoff     =     100.0000  Ry
     charge density cutoff     =     400.0000  Ry
     Exchange-correlation= PBE
                           (   1   4   3   4   0   0   0)

     celldm(1)=   8.357100  celldm(2)=   0.000000  celldm(3)=   0.000000
     celldm(4)=   0.000000  celldm(5)=   0.000000  celldm(6)=   0.000000

     crystal axes: (cart. coord. in units of alat)
               a(1) = (   1.000000   0.000000   0.000000 )  
               a(2) = (   0.000000   1.000000   0.000000 )  
               a(3) = (   0.000000   0.000000   1.000000 )  

     reciprocal axes: (cart. coord. in units 2 pi/alat)
               b(1) = (  1.000000  0.000000  0.000000 )  
               b(2) = (  0.000000  1.000000  0.000000 )  
               b(3) = (  0.000000  0.000000  1.000000 )  


     PseudoPot. # 1 for Nb read from file:
     /pscratch/sd/m/mhussien/NbN/2025/All_data/bulk-press-epi/pristine/June_06/pseudo/Nb_pbe.upf
     MD5 check sum: 712dd6877a67fb2d3f70e8edbadf3134
     Pseudo is Norm-conserving + core correction, Zval = 13.0
     Generated using ONCVPSP code by D. R. Hamann
     Using radial grid of 1680 points,  6 beta functions with: 
                l(1) =   0
                l(2) =   0
                l(3) =   1
                l(4) =   1
                l(5) =   2
                l(6) =   2

     PseudoPot. # 2 for N  read from file:
     /pscratch/sd/m/mhussien/NbN/2025/All_data/bulk-press-epi/pristine/June_06/pseudo/N_pbe.upf
     MD5 check sum: d34365f73bb0e2ee98afc20ec3e87676
     Pseudo is Norm-conserving + core correction, Zval =  5.0
     Generated using ONCVPSP code by D. R. Hamann
     Using radial grid of 1058 points,  4 beta functions with: 
                l(1) =   0
                l(2) =   0
                l(3) =   1
                l(4) =   1

     atomic species   valence    mass     pseudopotential
     Nb               13.00    92.91000     Nb( 1.00)
     N                 5.00    14.01000     N ( 1.00)

     24 Sym. Ops. (no inversion) found



   Cartesian axes

     site n.     atom                  positions (alat units)
         1        Nb     tau(   1) = (   0.2327065   0.7672935   0.2327065  )
         2        Nb     tau(   2) = (   0.7672935   0.2327065   0.2327065  )
         3        Nb     tau(   3) = (   0.7672935   0.7672935   0.7672935  )
         4        Nb     tau(   4) = (   0.2327065   0.2327065   0.7672935  )
         5        N      tau(   5) = (   0.7348907   0.2651093   0.7348907  )
         6        N      tau(   6) = (   0.2651093   0.7348907   0.7348907  )
         7        N      tau(   7) = (   0.2651093   0.2651093   0.2651093  )
         8        N      tau(   8) = (   0.7348907   0.7348907   0.2651093  )

     number of k points=   440  Marzari-Vanderbilt smearing, width (Ry)=  0.0050

     Number of k-points >= 100: set verbosity='high' to print them.

     Dense  grid:    78949 G-vectors     FFT dimensions: (  54,  54,  54)

     Estimated max dynamical RAM per process >      11.00 MB

     Estimated total dynamical RAM >      21.99 GB

     The potential is recalculated from file :
     ./_ph0/nbn.q_10/nbn.save/charge-density

     Starting wfcs are   56 atomic wfcs

     Band Structure Calculation
     Davidson diagonalization with overlap

     ethr =  1.39E-11,  avg # of iterations = 26.1

     total cpu time spent up to now is      215.6 secs

     End of band structure calculation

     Number of k-points >= 100: set verbosity='high' to print the bands.

     the Fermi energy is    19.9997 ev

     Writing config to output data dir ./_ph0/nbn.q_10/nbn.save/ :
     XML data file

     --                                                                         

     bravais-lattice index     =            0
     lattice parameter (alat)  =       8.3571  a.u.
     unit-cell volume          =     583.6692 (a.u.)^3
     number of atoms/cell      =            8
     number of atomic types    =            2
     kinetic-energy cut-off    =     100.0000  Ry
     charge density cut-off    =     400.0000  Ry
     convergence threshold     =      1.0E-15
     beta                      =       0.1000
     number of iterations used =            4
     Exchange-correlation= PBE
                           (   1   4   3   4   0   0   0)


     celldm(1)=    8.35710  celldm(2)=    0.00000  celldm(3)=    0.00000
     celldm(4)=    0.00000  celldm(5)=    0.00000  celldm(6)=    0.00000

     crystal axes: (cart. coord. in units of alat)
               a(1) = (  1.0000  0.0000  0.0000 )  
               a(2) = (  0.0000  1.0000  0.0000 )  
               a(3) = (  0.0000  0.0000  1.0000 )  

     reciprocal axes: (cart. coord. in units 2 pi/alat)
               b(1) = (  1.0000  0.0000  0.0000 )  
               b(2) = (  0.0000  1.0000  0.0000 )  
               b(3) = (  0.0000  0.0000  1.0000 )  


     Atoms inside the unit cell: 

     Cartesian axes

     site n.  atom      mass           positions (alat units)
        1  Nb     92.9100   tau(    1) = (    0.23271    0.76729    0.23271  )
        2  Nb     92.9100   tau(    2) = (    0.76729    0.23271    0.23271  )
        3  Nb     92.9100   tau(    3) = (    0.76729    0.76729    0.76729  )
        4  Nb     92.9100   tau(    4) = (    0.23271    0.23271    0.76729  )
        5  N      14.0100   tau(    5) = (    0.73489    0.26511    0.73489  )
        6  N      14.0100   tau(    6) = (    0.26511    0.73489    0.73489  )
        7  N      14.0100   tau(    7) = (    0.26511    0.26511    0.26511  )
        8  N      14.0100   tau(    8) = (    0.73489    0.73489    0.26511  )

     Computing dynamical matrix for 
                    q = (  -0.5000000  -0.5000000  -0.5000000 )
 
     25 Sym.Ops. (with q -> -q+G )


     G cutoff =  707.6385  (   4935 G-vectors)     FFT grid: ( 54, 54, 54)

     number of k points=   440  Marzari-Vanderbilt smearing, width (Ry)=  0.0050

     PseudoPot. # 1 for Nb read from file:
     /pscratch/sd/m/mhussien/NbN/2025/All_data/bulk-press-epi/pristine/June_06/pseudo/Nb_pbe.upf
     MD5 check sum: 712dd6877a67fb2d3f70e8edbadf3134
     Pseudo is Norm-conserving + core correction, Zval = 13.0
     Generated using ONCVPSP code by D. R. Hamann
     Using radial grid of 1680 points,  6 beta functions with: 
                l(1) =   0
                l(2) =   0
                l(3) =   1
                l(4) =   1
                l(5) =   2
                l(6) =   2

     PseudoPot. # 2 for N  read from file:
     /pscratch/sd/m/mhussien/NbN/2025/All_data/bulk-press-epi/pristine/June_06/pseudo/N_pbe.upf
     MD5 check sum: d34365f73bb0e2ee98afc20ec3e87676
     Pseudo is Norm-conserving + core correction, Zval =  5.0
     Generated using ONCVPSP code by D. R. Hamann
     Using radial grid of 1058 points,  4 beta functions with: 
                l(1) =   0
                l(2) =   0
                l(3) =   1
                l(4) =   1

     Mode symmetry, T_d (-43m)  point group:


     Atomic displacements:
     There are   10 irreducible representations

     Representation     1      1 modes -  To be done

     Representation     2      1 modes -  To be done

     Representation     3      2 modes -  To be done

     Representation     4      2 modes -  To be done

     Representation     5      3 modes -  To be done

     Representation     6      3 modes -  To be done

     Representation     7      3 modes -  To be done

     Representation     8      3 modes -  To be done

     Representation     9      3 modes -  To be done

     Representation    10      3 modes -  To be done



     Alpha used in Ewald sum =   2.8000
     PHONON       :      4h29m CPU      4h38m WALL



     Representation #   1 mode #   1

     Self-consistent Calculation

      iter #   1 total cpu time : 16701.2 secs   av.it.:   7.3
      thresh= 1.000E-02 alpha_mix =  0.100 |ddv_scf|^2 =  3.276E-05

      iter #   2 total cpu time : 16701.9 secs   av.it.:  10.8
      thresh= 5.723E-04 alpha_mix =  0.100 |ddv_scf|^2 =  8.950E-07

      iter #   3 total cpu time : 16702.6 secs   av.it.:  11.0
      thresh= 9.460E-05 alpha_mix =  0.100 |ddv_scf|^2 =  2.533E-07

      iter #   4 total cpu time : 16703.4 secs   av.it.:  12.4
      thresh= 5.033E-05 alpha_mix =  0.100 |ddv_scf|^2 =  4.261E-08

      iter #   5 total cpu time : 16704.2 secs   av.it.:  13.4
      thresh= 2.064E-05 alpha_mix =  0.100 |ddv_scf|^2 =  7.905E-10

      iter #   6 total cpu time : 16704.9 secs   av.it.:  11.4
      thresh= 2.812E-06 alpha_mix =  0.100 |ddv_scf|^2 =  5.646E-10

      iter #   7 total cpu time : 16705.8 secs   av.it.:  14.1
      thresh= 2.376E-06 alpha_mix =  0.100 |ddv_scf|^2 =  1.724E-11

      iter #   8 total cpu time : 16706.5 secs   av.it.:  11.4
      thresh= 4.152E-07 alpha_mix =  0.100 |ddv_scf|^2 =  1.266E-11

      iter #   9 total cpu time : 16707.3 secs   av.it.:  14.2
      thresh= 3.559E-07 alpha_mix =  0.100 |ddv_scf|^2 =  7.588E-13

      iter #  10 total cpu time : 16708.1 secs   av.it.:  12.9
      thresh= 8.711E-08 alpha_mix =  0.100 |ddv_scf|^2 =  2.944E-13

      iter #  11 total cpu time : 16708.9 secs   av.it.:  12.9
      thresh= 5.426E-08 alpha_mix =  0.100 |ddv_scf|^2 =  8.570E-14

      iter #  12 total cpu time : 16709.7 secs   av.it.:  13.4
      thresh= 2.927E-08 alpha_mix =  0.100 |ddv_scf|^2 =  1.093E-14

      iter #  13 total cpu time : 16710.4 secs   av.it.:  11.5
      thresh= 1.045E-08 alpha_mix =  0.100 |ddv_scf|^2 =  8.398E-15

      iter #  14 total cpu time : 16711.3 secs   av.it.:  14.1
      thresh= 9.164E-09 alpha_mix =  0.100 |ddv_scf|^2 =  2.391E-15

      iter #  15 total cpu time : 16712.0 secs   av.it.:  11.8
      thresh= 4.889E-09 alpha_mix =  0.100 |ddv_scf|^2 =  1.634E-15

      iter #  16 total cpu time : 16712.9 secs   av.it.:  13.8
      thresh= 4.042E-09 alpha_mix =  0.100 |ddv_scf|^2 =  2.897E-17

     End of self-consistent calculation

     Convergence has been achieved 


     Representation #   2 mode #   2

     Self-consistent Calculation

      iter #   1 total cpu time : 16713.7 secs   av.it.:   8.9
      thresh= 1.000E-02 alpha_mix =  0.100 |ddv_scf|^2 =  7.639E-05

      iter #   2 total cpu time : 16714.5 secs   av.it.:  10.9
      thresh= 8.740E-04 alpha_mix =  0.100 |ddv_scf|^2 =  1.619E-05

      iter #   3 total cpu time : 16716.8 secs   av.it.:  11.4
      thresh= 4.024E-04 alpha_mix =  0.100 |ddv_scf|^2 =  2.022E-06

      iter #   4 total cpu time : 16718.4 secs   av.it.:  11.8
      thresh= 1.422E-04 alpha_mix =  0.100 |ddv_scf|^2 =  2.176E-07

      iter #   5 total cpu time : 16719.2 secs   av.it.:  13.4
      thresh= 4.665E-05 alpha_mix =  0.100 |ddv_scf|^2 =  3.169E-09

      iter #   6 total cpu time : 16719.9 secs   av.it.:  11.2
      thresh= 5.630E-06 alpha_mix =  0.100 |ddv_scf|^2 =  2.372E-09

      iter #   7 total cpu time : 16722.9 secs   av.it.:  14.0
      thresh= 4.870E-06 alpha_mix =  0.100 |ddv_scf|^2 =  7.434E-11

      iter #   8 total cpu time : 16724.4 secs   av.it.:  13.4
      thresh= 8.622E-07 alpha_mix =  0.100 |ddv_scf|^2 =  6.481E-12

      iter #   9 total cpu time : 16725.4 secs   av.it.:  13.6
      thresh= 2.546E-07 alpha_mix =  0.100 |ddv_scf|^2 =  1.657E-12

      iter #  10 total cpu time : 16727.3 secs   av.it.:  12.3
      thresh= 1.287E-07 alpha_mix =  0.100 |ddv_scf|^2 =  7.860E-13

      iter #  11 total cpu time : 16728.2 secs   av.it.:  14.2
      thresh= 8.865E-08 alpha_mix =  0.100 |ddv_scf|^2 =  5.378E-14

      iter #  12 total cpu time : 16729.0 secs   av.it.:  12.4
      thresh= 2.319E-08 alpha_mix =  0.100 |ddv_scf|^2 =  3.740E-14

      iter #  13 total cpu time : 16729.8 secs   av.it.:  12.7
      thresh= 1.934E-08 alpha_mix =  0.100 |ddv_scf|^2 =  1.507E-14

      iter #  14 total cpu time : 16730.6 secs   av.it.:  12.9
      thresh= 1.228E-08 alpha_mix =  0.100 |ddv_scf|^2 =  5.758E-15

      iter #  15 total cpu time : 16731.4 secs   av.it.:  11.7
      thresh= 7.588E-09 alpha_mix =  0.100 |ddv_scf|^2 =  4.057E-15

      iter #  16 total cpu time : 16732.2 secs   av.it.:  13.4
      thresh= 6.370E-09 alpha_mix =  0.100 |ddv_scf|^2 =  1.037E-15

      iter #  17 total cpu time : 16733.0 secs   av.it.:  11.4
      thresh= 3.220E-09 alpha_mix =  0.100 |ddv_scf|^2 =  7.896E-16

     End of self-consistent calculation

     Convergence has been achieved 


     Representation #   3 modes #   3   4

     Self-consistent Calculation

      iter #   1 total cpu time : 16734.3 secs   av.it.:   7.6
      thresh= 1.000E-02 alpha_mix =  0.100 |ddv_scf|^2 =  3.218E-07

      iter #   2 total cpu time : 16735.7 secs   av.it.:  11.9
      thresh= 5.673E-05 alpha_mix =  0.100 |ddv_scf|^2 =  2.159E-07

      iter #   3 total cpu time : 16737.4 secs   av.it.:  14.4
      thresh= 4.647E-05 alpha_mix =  0.100 |ddv_scf|^2 =  1.279E-09

      iter #   4 total cpu time : 16738.9 secs   av.it.:  14.1
      thresh= 3.577E-06 alpha_mix =  0.100 |ddv_scf|^2 =  3.994E-10

      iter #   5 total cpu time : 16740.6 secs   av.it.:  15.3
      thresh= 1.999E-06 alpha_mix =  0.100 |ddv_scf|^2 =  1.429E-11

      iter #   6 total cpu time : 16742.2 secs   av.it.:  14.8
      thresh= 3.780E-07 alpha_mix =  0.100 |ddv_scf|^2 =  9.235E-13

      iter #   7 total cpu time : 16743.7 secs   av.it.:  14.7
      thresh= 9.610E-08 alpha_mix =  0.100 |ddv_scf|^2 =  3.355E-13

      iter #   8 total cpu time : 16745.3 secs   av.it.:  15.1
      thresh= 5.792E-08 alpha_mix =  0.100 |ddv_scf|^2 =  5.479E-15

      iter #   9 total cpu time : 16746.7 secs   av.it.:  12.1
      thresh= 7.402E-09 alpha_mix =  0.100 |ddv_scf|^2 =  4.150E-15

      iter #  10 total cpu time : 16748.4 secs   av.it.:  15.0
      thresh= 6.442E-09 alpha_mix =  0.100 |ddv_scf|^2 =  3.884E-16

     End of self-consistent calculation

     Convergence has been achieved 


     Representation #   4 modes #   5   6

     Self-consistent Calculation

      iter #   1 total cpu time : 16749.5 secs   av.it.:   6.4
      thresh= 1.000E-02 alpha_mix =  0.100 |ddv_scf|^2 =  7.992E-08

      iter #   2 total cpu time : 16750.9 secs   av.it.:  11.8
      thresh= 2.827E-05 alpha_mix =  0.100 |ddv_scf|^2 =  5.569E-08

      iter #   3 total cpu time : 16752.4 secs   av.it.:  14.6
      thresh= 2.360E-05 alpha_mix =  0.100 |ddv_scf|^2 =  2.337E-10

      iter #   4 total cpu time : 16754.0 secs   av.it.:  14.3
      thresh= 1.529E-06 alpha_mix =  0.100 |ddv_scf|^2 =  1.148E-10

      iter #   5 total cpu time : 16755.6 secs   av.it.:  15.1
      thresh= 1.071E-06 alpha_mix =  0.100 |ddv_scf|^2 =  7.525E-12

      iter #   6 total cpu time : 16757.2 secs   av.it.:  14.8
      thresh= 2.743E-07 alpha_mix =  0.100 |ddv_scf|^2 =  4.264E-13

      iter #   7 total cpu time : 16758.9 secs   av.it.:  14.6
      thresh= 6.530E-08 alpha_mix =  0.100 |ddv_scf|^2 =  1.653E-13

      iter #   8 total cpu time : 16760.5 secs   av.it.:  15.5
      thresh= 4.065E-08 alpha_mix =  0.100 |ddv_scf|^2 =  4.686E-15

      iter #   9 total cpu time : 16761.9 secs   av.it.:  12.2
      thresh= 6.845E-09 alpha_mix =  0.100 |ddv_scf|^2 =  3.657E-15

      iter #  10 total cpu time : 16763.6 secs   av.it.:  15.4
      thresh= 6.047E-09 alpha_mix =  0.100 |ddv_scf|^2 =  2.929E-17

     End of self-consistent calculation

     Convergence has been achieved 


     Representation #   5 modes #   7   8   9

     Self-consistent Calculation

      iter #   1 total cpu time : 16765.4 secs   av.it.:   6.5
      thresh= 1.000E-02 alpha_mix =  0.100 |ddv_scf|^2 =  3.451E-08

      iter #   2 total cpu time : 16767.5 secs   av.it.:  12.7
      thresh= 1.858E-05 alpha_mix =  0.100 |ddv_scf|^2 =  2.411E-08

      iter #   3 total cpu time : 16770.0 secs   av.it.:  15.4
      thresh= 1.553E-05 alpha_mix =  0.100 |ddv_scf|^2 =  8.653E-11

      iter #   4 total cpu time : 16772.3 secs   av.it.:  14.8
      thresh= 9.302E-07 alpha_mix =  0.100 |ddv_scf|^2 =  4.802E-11

      iter #   5 total cpu time : 16774.8 secs   av.it.:  16.0
      thresh= 6.929E-07 alpha_mix =  0.100 |ddv_scf|^2 =  1.221E-12

      iter #   6 total cpu time : 16777.2 secs   av.it.:  15.6
      thresh= 1.105E-07 alpha_mix =  0.100 |ddv_scf|^2 =  2.152E-13

      iter #   7 total cpu time : 16779.7 secs   av.it.:  16.3
      thresh= 4.638E-08 alpha_mix =  0.100 |ddv_scf|^2 =  1.193E-14

      iter #   8 total cpu time : 16782.3 secs   av.it.:  15.9
      thresh= 1.092E-08 alpha_mix =  0.100 |ddv_scf|^2 =  7.003E-16

     End of self-consistent calculation

     Convergence has been achieved 


     Representation #   6 modes #  10  11  12

     Self-consistent Calculation

      iter #   1 total cpu time : 16784.0 secs   av.it.:   7.7
      thresh= 1.000E-02 alpha_mix =  0.100 |ddv_scf|^2 =  1.353E-07

      iter #   2 total cpu time : 16786.1 secs   av.it.:  12.5
      thresh= 3.679E-05 alpha_mix =  0.100 |ddv_scf|^2 =  9.123E-08

      iter #   3 total cpu time : 16788.5 secs   av.it.:  15.1
      thresh= 3.020E-05 alpha_mix =  0.100 |ddv_scf|^2 =  5.280E-10

      iter #   4 total cpu time : 16791.1 secs   av.it.:  14.8
      thresh= 2.298E-06 alpha_mix =  0.100 |ddv_scf|^2 =  1.696E-10

      iter #   5 total cpu time : 16794.1 secs   av.it.:  16.1
      thresh= 1.302E-06 alpha_mix =  0.100 |ddv_scf|^2 =  4.818E-12

      iter #   6 total cpu time : 16796.6 secs   av.it.:  15.3
      thresh= 2.195E-07 alpha_mix =  0.100 |ddv_scf|^2 =  3.344E-13

      iter #   7 total cpu time : 16799.2 secs   av.it.:  15.9
      thresh= 5.783E-08 alpha_mix =  0.100 |ddv_scf|^2 =  1.649E-14

      iter #   8 total cpu time : 16801.8 secs   av.it.:  15.6
      thresh= 1.284E-08 alpha_mix =  0.100 |ddv_scf|^2 =  7.902E-16

     End of self-consistent calculation

     Convergence has been achieved 


     Representation #   7 modes #  13  14  15

     Self-consistent Calculation

      iter #   1 total cpu time : 16803.6 secs   av.it.:   7.3
      thresh= 1.000E-02 alpha_mix =  0.100 |ddv_scf|^2 =  2.646E-06

      iter #   2 total cpu time : 16805.8 secs   av.it.:  12.7
      thresh= 1.627E-04 alpha_mix =  0.100 |ddv_scf|^2 =  9.501E-08

      iter #   3 total cpu time : 16807.9 secs   av.it.:  13.0
      thresh= 3.082E-05 alpha_mix =  0.100 |ddv_scf|^2 =  1.799E-08

      iter #   4 total cpu time : 16810.3 secs   av.it.:  15.5
      thresh= 1.341E-05 alpha_mix =  0.100 |ddv_scf|^2 =  4.169E-10

      iter #   5 total cpu time : 16812.6 secs   av.it.:  14.5
      thresh= 2.042E-06 alpha_mix =  0.100 |ddv_scf|^2 =  1.207E-10

      iter #   6 total cpu time : 16815.0 secs   av.it.:  14.1
      thresh= 1.099E-06 alpha_mix =  0.100 |ddv_scf|^2 =  6.893E-11

      iter #   7 total cpu time : 16817.5 secs   av.it.:  16.0
      thresh= 8.302E-07 alpha_mix =  0.100 |ddv_scf|^2 =  3.577E-12

      iter #   8 total cpu time : 16819.8 secs   av.it.:  14.8
      thresh= 1.891E-07 alpha_mix =  0.100 |ddv_scf|^2 =  1.372E-12

      iter #   9 total cpu time : 16822.3 secs   av.it.:  15.7
      thresh= 1.171E-07 alpha_mix =  0.100 |ddv_scf|^2 =  1.691E-13

      iter #  10 total cpu time : 16824.6 secs   av.it.:  14.7
      thresh= 4.112E-08 alpha_mix =  0.100 |ddv_scf|^2 =  9.274E-14

      iter #  11 total cpu time : 16827.1 secs   av.it.:  15.8
      thresh= 3.045E-08 alpha_mix =  0.100 |ddv_scf|^2 =  8.469E-15

      iter #  12 total cpu time : 16829.8 secs   av.it.:  15.8
      thresh= 9.203E-09 alpha_mix =  0.100 |ddv_scf|^2 =  2.860E-15

      iter #  13 total cpu time : 16832.2 secs   av.it.:  14.2
      thresh= 5.348E-09 alpha_mix =  0.100 |ddv_scf|^2 =  1.987E-15

      iter #  14 total cpu time : 16834.7 secs   av.it.:  15.7
      thresh= 4.458E-09 alpha_mix =  0.100 |ddv_scf|^2 =  5.200E-16

     End of self-consistent calculation

     Convergence has been achieved 


     Representation #   8 modes #  16  17  18

     Self-consistent Calculation

      iter #   1 total cpu time : 16836.4 secs   av.it.:   7.0
      thresh= 1.000E-02 alpha_mix =  0.100 |ddv_scf|^2 =  8.870E-07

      iter #   2 total cpu time : 16838.5 secs   av.it.:  12.8
      thresh= 9.418E-05 alpha_mix =  0.100 |ddv_scf|^2 =  5.266E-08

      iter #   3 total cpu time : 16840.7 secs   av.it.:  13.0
      thresh= 2.295E-05 alpha_mix =  0.100 |ddv_scf|^2 =  1.761E-08

      iter #   4 total cpu time : 16843.0 secs   av.it.:  15.0
      thresh= 1.327E-05 alpha_mix =  0.100 |ddv_scf|^2 =  2.021E-09

      iter #   5 total cpu time : 16845.4 secs   av.it.:  15.3
      thresh= 4.496E-06 alpha_mix =  0.100 |ddv_scf|^2 =  9.776E-11

      iter #   6 total cpu time : 16847.6 secs   av.it.:  13.6
      thresh= 9.887E-07 alpha_mix =  0.100 |ddv_scf|^2 =  5.704E-11

      iter #   7 total cpu time : 16850.0 secs   av.it.:  15.8
      thresh= 7.552E-07 alpha_mix =  0.100 |ddv_scf|^2 =  6.202E-12

      iter #   8 total cpu time : 16852.5 secs   av.it.:  15.2
      thresh= 2.490E-07 alpha_mix =  0.100 |ddv_scf|^2 =  1.624E-12

      iter #   9 total cpu time : 16855.3 secs   av.it.:  15.8
      thresh= 1.274E-07 alpha_mix =  0.100 |ddv_scf|^2 =  2.641E-13

      iter #  10 total cpu time : 16857.7 secs   av.it.:  13.9
      thresh= 5.139E-08 alpha_mix =  0.100 |ddv_scf|^2 =  1.706E-13

      iter #  11 total cpu time : 16860.3 secs   av.it.:  15.7
      thresh= 4.130E-08 alpha_mix =  0.100 |ddv_scf|^2 =  2.351E-14

      iter #  12 total cpu time : 16862.8 secs   av.it.:  15.8
      thresh= 1.533E-08 alpha_mix =  0.100 |ddv_scf|^2 =  3.979E-15

      iter #  13 total cpu time : 16865.0 secs   av.it.:  13.8
      thresh= 6.308E-09 alpha_mix =  0.100 |ddv_scf|^2 =  2.666E-15

      iter #  14 total cpu time : 16867.6 secs   av.it.:  15.4
      thresh= 5.164E-09 alpha_mix =  0.100 |ddv_scf|^2 =  5.901E-16

     End of self-consistent calculation

     Convergence has been achieved 


     Representation #   9 modes #  19  20  21

     Self-consistent Calculation

      iter #   1 total cpu time : 16869.4 secs   av.it.:   7.8
      thresh= 1.000E-02 alpha_mix =  0.100 |ddv_scf|^2 =  3.212E-07

      iter #   2 total cpu time : 16871.5 secs   av.it.:  13.2
      thresh= 5.667E-05 alpha_mix =  0.100 |ddv_scf|^2 =  1.038E-07

      iter #   3 total cpu time : 16873.7 secs   av.it.:  13.1
      thresh= 3.222E-05 alpha_mix =  0.100 |ddv_scf|^2 =  5.203E-08

      iter #   4 total cpu time : 16876.1 secs   av.it.:  15.0
      thresh= 2.281E-05 alpha_mix =  0.100 |ddv_scf|^2 =  2.592E-09

      iter #   5 total cpu time : 16878.4 secs   av.it.:  14.8
      thresh= 5.091E-06 alpha_mix =  0.100 |ddv_scf|^2 =  2.500E-10

      iter #   6 total cpu time : 16880.7 secs   av.it.:  14.3
      thresh= 1.581E-06 alpha_mix =  0.100 |ddv_scf|^2 =  1.260E-10

      iter #   7 total cpu time : 16883.2 secs   av.it.:  16.2
      thresh= 1.122E-06 alpha_mix =  0.100 |ddv_scf|^2 =  7.716E-12

      iter #   8 total cpu time : 16885.5 secs   av.it.:  14.5
      thresh= 2.778E-07 alpha_mix =  0.100 |ddv_scf|^2 =  3.378E-12

      iter #   9 total cpu time : 16888.1 secs   av.it.:  15.8
      thresh= 1.838E-07 alpha_mix =  0.100 |ddv_scf|^2 =  4.752E-13

      iter #  10 total cpu time : 16890.4 secs   av.it.:  13.9
      thresh= 6.893E-08 alpha_mix =  0.100 |ddv_scf|^2 =  2.820E-13

      iter #  11 total cpu time : 16892.9 secs   av.it.:  15.0
      thresh= 5.311E-08 alpha_mix =  0.100 |ddv_scf|^2 =  1.030E-13

      iter #  12 total cpu time : 16895.5 secs   av.it.:  15.4
      thresh= 3.210E-08 alpha_mix =  0.100 |ddv_scf|^2 =  1.828E-14

      iter #  13 total cpu time : 16897.8 secs   av.it.:  14.7
      thresh= 1.352E-08 alpha_mix =  0.100 |ddv_scf|^2 =  5.622E-15

      iter #  14 total cpu time : 16900.2 secs   av.it.:  15.1
      thresh= 7.498E-09 alpha_mix =  0.100 |ddv_scf|^2 =  1.727E-15

      iter #  15 total cpu time : 16902.6 secs   av.it.:  14.9
      thresh= 4.156E-09 alpha_mix =  0.100 |ddv_scf|^2 =  6.357E-16

     End of self-consistent calculation

     Convergence has been achieved 


     Representation #  10 modes #  22  23  24

     Self-consistent Calculation

      iter #   1 total cpu time : 16904.6 secs   av.it.:   8.9
      thresh= 1.000E-02 alpha_mix =  0.100 |ddv_scf|^2 =  6.816E-06

      iter #   2 total cpu time : 16906.7 secs   av.it.:  12.6
      thresh= 2.611E-04 alpha_mix =  0.100 |ddv_scf|^2 =  1.966E-06

      iter #   3 total cpu time : 16908.9 secs   av.it.:  13.6
      thresh= 1.402E-04 alpha_mix =  0.100 |ddv_scf|^2 =  6.931E-08

      iter #   4 total cpu time : 16911.1 secs   av.it.:  13.5
      thresh= 2.633E-05 alpha_mix =  0.100 |ddv_scf|^2 =  2.046E-08

      iter #   5 total cpu time : 16913.5 secs   av.it.:  15.3
      thresh= 1.430E-05 alpha_mix =  0.100 |ddv_scf|^2 =  3.321E-10

      iter #   6 total cpu time : 16915.6 secs   av.it.:  13.2
      thresh= 1.822E-06 alpha_mix =  0.100 |ddv_scf|^2 =  2.357E-10

      iter #   7 total cpu time : 16918.1 secs   av.it.:  15.9
      thresh= 1.535E-06 alpha_mix =  0.100 |ddv_scf|^2 =  5.532E-12

      iter #   8 total cpu time : 16920.5 secs   av.it.:  14.6
      thresh= 2.352E-07 alpha_mix =  0.100 |ddv_scf|^2 =  2.262E-12

      iter #   9 total cpu time : 16923.1 secs   av.it.:  15.8
      thresh= 1.504E-07 alpha_mix =  0.100 |ddv_scf|^2 =  1.319E-13

      iter #  10 total cpu time : 16925.6 secs   av.it.:  14.0
      thresh= 3.632E-08 alpha_mix =  0.100 |ddv_scf|^2 =  8.025E-14

      iter #  11 total cpu time : 16928.2 secs   av.it.:  16.0
      thresh= 2.833E-08 alpha_mix =  0.100 |ddv_scf|^2 =  5.499E-15

      iter #  12 total cpu time : 16930.6 secs   av.it.:  14.7
      thresh= 7.415E-09 alpha_mix =  0.100 |ddv_scf|^2 =  3.171E-15

      iter #  13 total cpu time : 16932.9 secs   av.it.:  14.7
      thresh= 5.631E-09 alpha_mix =  0.100 |ddv_scf|^2 =  1.060E-15

      iter #  14 total cpu time : 16935.4 secs   av.it.:  15.5
      thresh= 3.255E-09 alpha_mix =  0.100 |ddv_scf|^2 =  1.991E-16

     End of self-consistent calculation

     Convergence has been achieved 
 
     Number of q in the star =    1
     List of q in the star:
          1  -0.500000000  -0.500000000  -0.500000000

     Diagonalizing the dynamical matrix

     q = (   -0.500000000  -0.500000000  -0.500000000 ) 

 **************************************************************************
     freq (    1) =       3.892418 [THz] =     129.837088 [cm-1]
     freq (    2) =       3.892418 [THz] =     129.837088 [cm-1]
     freq (    3) =       3.892418 [THz] =     129.837088 [cm-1]
     freq (    4) =       4.071024 [THz] =     135.794743 [cm-1]
     freq (    5) =       4.071024 [THz] =     135.794743 [cm-1]
     freq (    6) =       4.071024 [THz] =     135.794743 [cm-1]
     freq (    7) =       4.600078 [THz] =     153.442098 [cm-1]
     freq (    8) =       4.600078 [THz] =     153.442098 [cm-1]
     freq (    9) =       6.101004 [THz] =     203.507588 [cm-1]
     freq (   10) =       6.101004 [THz] =     203.507588 [cm-1]
     freq (   11) =       6.101004 [THz] =     203.507588 [cm-1]
     freq (   12) =       8.900438 [THz] =     296.886643 [cm-1]
     freq (   13) =      15.340939 [THz] =     511.718641 [cm-1]
     freq (   14) =      15.340939 [THz] =     511.718641 [cm-1]
     freq (   15) =      15.340939 [THz] =     511.718641 [cm-1]
     freq (   16) =      15.551968 [THz] =     518.757807 [cm-1]
     freq (   17) =      15.551968 [THz] =     518.757807 [cm-1]
     freq (   18) =      15.551968 [THz] =     518.757807 [cm-1]
     freq (   19) =      15.838899 [THz] =     528.328814 [cm-1]
     freq (   20) =      15.838899 [THz] =     528.328814 [cm-1]
     freq (   21) =      16.541624 [THz] =     551.769196 [cm-1]
     freq (   22) =      16.541624 [THz] =     551.769196 [cm-1]
     freq (   23) =      16.541624 [THz] =     551.769196 [cm-1]
     freq (   24) =      17.565453 [THz] =     585.920430 [cm-1]
 **************************************************************************

     Mode symmetry, T_d (-43m)  point group:

     freq (   1-   3) =        129.8  [cm-1]   --> T_2  G_15 P_4      
     freq (   4-   6) =        135.8  [cm-1]   --> T_1  G_25 P_5      
     freq (   7-   8) =        153.4  [cm-1]   --> E    G_12 P_3      
     freq (   9-  11) =        203.5  [cm-1]   --> T_2  G_15 P_4      
     freq (  12-  12) =        296.9  [cm-1]   --> A_1  G_1  P_1      
     freq (  13-  15) =        511.7  [cm-1]   --> T_1  G_25 P_5      
     freq (  16-  18) =        518.8  [cm-1]   --> T_2  G_15 P_4      
     freq (  19-  20) =        528.3  [cm-1]   --> E    G_12 P_3      
     freq (  21-  23) =        551.8  [cm-1]   --> T_2  G_15 P_4      
     freq (  24-  24) =        585.9  [cm-1]   --> A_1  G_1  P_1      
 
     init_run     :      0.58s CPU      0.89s WALL (       9 calls)
     electrons    :    207.46s CPU    209.70s WALL (       9 calls)

     Called by init_run:
     wfcinit      :      0.00s CPU      0.13s WALL (       9 calls)
     potinit      :      0.13s CPU      0.20s WALL (       9 calls)
     hinit0       :      0.07s CPU      0.09s WALL (       9 calls)

     Called by electrons:
     c_bands      :    207.38s CPU    209.60s WALL (       9 calls)
     v_of_rho     :      0.07s CPU      0.09s WALL (      10 calls)

     Called by c_bands:
     init_us_2    :     20.80s CPU     23.46s WALL (   60953 calls)
     cegterg      :    116.29s CPU    118.03s WALL (     466 calls)

     Called by *egterg:
     cdiaghg      :     34.97s CPU     35.19s WALL (    6636 calls)
     h_psi        :  11943.70s CPU  12198.09s WALL ( 1611221 calls)
     g_psi        :      0.29s CPU      0.29s WALL (    6394 calls)

     Called by h_psi:
     h_psi:calbec :    951.80s CPU    978.04s WALL ( 1611221 calls)
     vloc_psi     :  10279.57s CPU  10490.13s WALL ( 1611221 calls)
                                        0.00s GPU  ( 1611221 calls)
     add_vuspsi   :    676.65s CPU    694.56s WALL ( 1611221 calls)

     General routines
     calbec       :    959.54s CPU    987.55s WALL ( 1624279 calls)
     fft          :     27.51s CPU     31.55s WALL (   54417 calls)
     ffts         :      5.06s CPU      6.02s WALL (    8320 calls)
     fftw         :  11189.49s CPU  11462.72s WALL (66255538 calls)
     davcio       :     54.28s CPU     67.06s WALL (  324497 calls)
 
     Parallel routines
 
     PHONON       :      4h32m CPU      4h42m WALL

     INITIALIZATION: 
     phq_setup    :      0.20s CPU      0.31s WALL (      10 calls)
     phq_init     :      2.57s CPU      2.75s WALL (      10 calls)
 
     phq_init     :      2.57s CPU      2.75s WALL (      10 calls)
     set_drhoc    :      0.01s CPU      0.01s WALL (      30 calls)
     init_vloc    :      0.01s CPU      0.03s WALL (      10 calls)
     init_us_1    :      0.00s CPU      0.00s WALL (      10 calls)
     init_us_2    :     20.80s CPU     23.46s WALL (   60953 calls)
 
     DYNAMICAL MATRIX:
     dynmat0      :      1.91s CPU      2.02s WALL (      10 calls)
     dynmat_us    :      1.70s CPU      1.74s WALL (      10 calls)
     d2ionq       :      0.11s CPU      0.11s WALL (      10 calls)
     dynmatcc     :      0.07s CPU      0.09s WALL (      10 calls)
     phqscf       :  16149.98s CPU  16712.69s WALL (      10 calls)
     dynmatrix    :      0.18s CPU      0.28s WALL (      10 calls)
 
     phqscf       :  16149.98s CPU  16712.69s WALL (      10 calls)
     solve_linter :  16131.15s CPU  16686.08s WALL (     192 calls)
     dfpt_kernel  :  16064.03s CPU  16613.73s WALL (     192 calls)
     sth_kernel   :  15498.07s CPU  15875.66s WALL (    3490 calls)
     h_prec       :     10.67s CPU     11.59s WALL (   54917 calls)
     apply_dpot_b :    747.63s CPU    783.00s WALL (   54666 calls)
     ortho        :     62.27s CPU     64.47s WALL (   57618 calls)
     cgsolve      :  13113.99s CPU  13399.42s WALL (   57618 calls)
     incdrhoscf   :    806.27s CPU    848.74s WALL (   57618 calls)
                                        0.00s GPU  (   57618 calls)
     dv_of_drho   :     26.69s CPU     30.57s WALL (    4131 calls)
     mix_pot      :      9.14s CPU     54.65s WALL (    3490 calls)
     ef_shift     :      0.44s CPU      0.47s WALL (     123 calls)
     ef_shift_wfc :      0.01s CPU      0.03s WALL (      10 calls)
     localdos     :      0.58s CPU      0.64s WALL (      10 calls)
     drhodv       :     18.32s CPU     19.68s WALL (     192 calls)
     psymdvscf    :    110.45s CPU    118.34s WALL (    3490 calls)
     com_dvloc    :      5.41s CPU      6.42s WALL (    7560 calls)
                                        0.00s GPU  (    7560 calls)
     addcore      :      3.16s CPU      3.64s WALL (    6240 calls)
                                        0.00s GPU  (    6240 calls)
 
     dvqpsi_us    :     59.70s CPU     62.83s WALL (    2952 calls)
                                        0.00s GPU  (    2952 calls)
     dvqpsi_us_on :     11.50s CPU     11.68s WALL (    2952 calls)
 
     add_vuspsi   :    676.65s CPU    694.56s WALL ( 1611221 calls)
 
 
      General routines
     calbec       :    959.54s CPU    987.55s WALL ( 1624279 calls)
     fft          :     27.51s CPU     31.55s WALL (   54417 calls)
     ffts         :      5.06s CPU      6.02s WALL (    8320 calls)
     fftw         :  11189.49s CPU  11462.72s WALL (66255538 calls)
     davcio       :     54.28s CPU     67.06s WALL (  324497 calls)
     write_rec    :      5.05s CPU    112.41s WALL (    3682 calls)
 
      Additional routines
     ch_psi       :  12771.22s CPU  13046.85s WALL ( 1604119 calls)
     last         :    807.48s CPU    828.41s WALL ( 1604119 calls)
     Hesh         :     37.21s CPU     38.79s WALL ( 1604119 calls)
     ch_psi_all_k :    759.97s CPU    780.28s WALL ( 1604119 calls)
                                        0.00s GPU  ( 1604119 calls)
     h_psi_bgrp   :  11949.23s CPU  12203.09s WALL ( 1611221 calls)
     h_psi        :  11943.70s CPU  12198.09s WALL ( 1611221 calls)
     h_psi:pot    :  11920.22s CPU  12173.62s WALL ( 1611221 calls)
     h_psi:calbec :    951.80s CPU    978.04s WALL ( 1611221 calls)
     s_psi_bgrp   :     57.44s CPU     58.30s WALL ( 3265856 calls)
 
 
     PHONON       :      4h32m CPU      4h42m WALL

 
   This run was terminated on:  19:37:37   6Jun2026            

=------------------------------------------------------------------------------=
   JOB DONE.
=------------------------------------------------------------------------------=
