   8  512
1 1
    12.996696073078166    -0.258848617646184     0.258848617646184
    -0.258848617646184    12.996696073078160    -0.258848617646184
     0.258848617646184    -0.258848617646184    12.996696073078164
1 2
    -0.012242024147586     0.199077117007574    -0.199077117007574
    -0.068046221880708    -0.111402969951526     0.087312670499267
     0.068046221880708     0.087312670499267    -0.111402969951526
1 3
     0.155710970421016    -0.000866071706877     0.000866071706877
    -0.000866071706877    -0.053936178200762    -0.023548561944937
     0.000866071706877    -0.023548561944937    -0.053936178200762
1 4
    -0.012242024147586    -0.068046221880708     0.068046221880708
     0.199077117007574    -0.111402969951526     0.087312670499267
    -0.199077117007574     0.087312670499267    -0.111402969951526
1 5
    -0.111402969951526     0.199077117007574    -0.087312670499267
    -0.068046221880708    -0.012242024147586    -0.068046221880708
    -0.087312670499267     0.199077117007574    -0.111402969951526
1 6
    -0.232852837453244    -0.395920852877393     0.027296398500067
    -0.105701367591513    -0.232852837453244     0.003235112599860
    -0.003235112599860    -0.027296398500067     0.042599332467864
1 7
    -0.025790386942991    -0.000357079068638     0.008717597827381
     0.044183413198144     0.034115251316433     0.009572278199150
     0.012661998493559    -0.003701432332638     0.011072140485025
1 8
    -0.096269841275500     0.078824960518660     0.036569195804166
     0.078824960518660    -0.096269841275500    -0.036569195804166
     0.004719949027615    -0.004719949027615     0.020335630373702
1 9
    -0.053936178200762    -0.000866071706877     0.023548561944937
    -0.000866071706877     0.155710970421016    -0.000866071706877
     0.023548561944937    -0.000866071706877    -0.053936178200762
1 10
     0.034115251316433    -0.000357079068638     0.003701432332638
     0.044183413198144    -0.025790386942991    -0.012661998493559
    -0.009572278199150    -0.008717597827381     0.011072140485025
1 11
    -0.104327011171691    -0.013378639114393    -0.003948428059230
    -0.013378639114393    -0.104327011171692     0.003948428059230
    -0.003948428059230     0.003948428059230    -0.037373685596574
1 12
     0.034115251316433     0.044183413198144    -0.009572278199150
    -0.000357079068638    -0.025790386942991    -0.008717597827381
     0.003701432332638    -0.012661998493559     0.011072140485025
1 13
    -0.111402969951526    -0.068046221880708    -0.087312670499267
     0.199077117007574    -0.012242024147586     0.199077117007574
    -0.087312670499267    -0.068046221880708    -0.111402969951526
1 14
    -0.096269841275500     0.078824960518660     0.004719949027615
     0.078824960518660    -0.096269841275500    -0.004719949027615
     0.036569195804166    -0.036569195804166     0.020335630373702
1 15
    -0.025790386942991     0.044183413198144     0.012661998493559
    -0.000357079068638     0.034115251316433    -0.003701432332638
     0.008717597827381     0.009572278199150     0.011072140485025
1 16
    -0.232852837453244    -0.105701367591513    -0.003235112599860
    -0.395920852877393    -0.232852837453244    -0.027296398500067
     0.027296398500067     0.003235112599860     0.042599332467864
1 17
    -0.111402969951526     0.087312670499267     0.068046221880708
     0.087312670499267    -0.111402969951526    -0.068046221880708
    -0.199077117007574     0.199077117007574    -0.012242024147586
1 18
    -0.096269841275500    -0.004719949027615    -0.078824960518660
    -0.036569195804166     0.020335630373702    -0.036569195804166
    -0.078824960518660    -0.004719949027615    -0.096269841275500
1 19
    -0.025790386942991    -0.012661998493559    -0.044183413198144
    -0.008717597827381     0.011072140485025     0.009572278199150
     0.000357079068638    -0.003701432332638     0.034115251316433
1 20
    -0.232852837453244     0.003235112599860     0.105701367591513
    -0.027296398500067     0.042599332467864     0.003235112599860
     0.395920852877393    -0.027296398500067    -0.232852837453244
1 21
     0.042599332467864    -0.027296398500067    -0.003235112599860
     0.003235112599860    -0.232852837453244    -0.105701367591513
     0.027296398500067    -0.395920852877393    -0.232852837453244
1 22
    -0.009243244741727    -0.011939724836636    -0.018327504252099
    -0.002065422525334    -0.006150632012344    -0.002065422525334
    -0.018327504252099    -0.011939724836636    -0.009243244741727
1 23
    -0.043728995341755    -0.005942393775695     0.011742841874489
    -0.011742841874489    -0.009957364920539    -0.005522937562827
     0.005942393775695    -0.003211297459417    -0.009957364920539
1 24
    -0.009243244741727     0.018327504252099     0.002065422525334
     0.018327504252099    -0.009243244741727    -0.002065422525334
     0.011939724836636    -0.011939724836636    -0.006150632012344
1 25
     0.011072140485025    -0.008717597827381    -0.009572278199150
    -0.012661998493559    -0.025790386942991     0.044183413198144
     0.003701432332638    -0.000357079068638     0.034115251316433
1 26
    -0.025740129936379     0.000255798294442     0.007480167077632
    -0.009922930899796    -0.042826009028437    -0.009922930899796
     0.007480167077632     0.000255798294442    -0.025740129936379
1 27
     0.017461946882476     0.000840616760780    -0.005085709197016
     0.000840616760780     0.017461946882476     0.005085709197016
     0.007208915892412    -0.007208915892412    -0.002831665369208
1 28
    -0.009957364920539    -0.011742841874489     0.005522937562827
    -0.005942393775695    -0.043728995341755    -0.011742841874489
     0.003211297459417    -0.005942393775695    -0.009957364920539
1 29
     0.020335630373702    -0.036569195804166     0.036569195804166
    -0.004719949027615    -0.096269841275500     0.078824960518660
     0.004719949027615     0.078824960518660    -0.096269841275500
1 30
    -0.001880213688793     0.000427810870840    -0.000427810870840
     0.000427810870840    -0.001880213688793     0.000427810870840
    -0.000427810870840     0.000427810870840    -0.001880213688793
1 31
    -0.042826009028437    -0.009922930899796     0.009922930899796
     0.000255798294442    -0.025740129936379    -0.007480167077632
    -0.000255798294442    -0.007480167077632    -0.025740129936379
1 32
    -0.006150632012344    -0.002065422525334     0.002065422525334
    -0.011939724836636    -0.009243244741727     0.018327504252099
     0.011939724836636     0.018327504252099    -0.009243244741727
1 33
    -0.053936178200762    -0.023548561944937     0.000866071706877
    -0.023548561944937    -0.053936178200762    -0.000866071706877
     0.000866071706877    -0.000866071706877     0.155710970421016
1 34
     0.034115251316433    -0.003701432332638     0.000357079068638
     0.009572278199150     0.011072140485025    -0.008717597827381
    -0.044183413198144    -0.012661998493559    -0.025790386942991
1 35
    -0.104327011171691     0.003948428059230     0.013378639114393
     0.003948428059230    -0.037373685596574     0.003948428059230
     0.013378639114393     0.003948428059230    -0.104327011171691
1 36
     0.034115251316433     0.009572278199150    -0.044183413198144
    -0.003701432332638     0.011072140485025    -0.012661998493559
     0.000357079068638    -0.008717597827381    -0.025790386942991
1 37
     0.011072140485025    -0.003701432332638     0.012661998493559
     0.009572278199150     0.034115251316433     0.044183413198144
     0.008717597827381    -0.000357079068638    -0.025790386942991
1 38
    -0.009957364920539    -0.003211297459417     0.005942393775695
    -0.005522937562827    -0.009957364920539    -0.011742841874489
     0.011742841874489    -0.005942393775695    -0.043728995341755
1 39
     0.017461946882476    -0.007208915892412    -0.000840616760780
     0.005085709197016    -0.002831665369208     0.005085709197016
    -0.000840616760780    -0.007208915892412     0.017461946882476
1 40
    -0.025740129936379    -0.007480167077632     0.009922930899796
    -0.007480167077632    -0.025740129936379    -0.009922930899796
    -0.000255798294442     0.000255798294442    -0.042826009028437
1 41
    -0.037373685596574     0.003948428059230    -0.003948428059230
     0.003948428059230    -0.104327011171691    -0.013378639114393
    -0.003948428059230    -0.013378639114393    -0.104327011171691
1 42
    -0.002831665369208    -0.007208915892412     0.007208915892412
     0.005085709197016     0.017461946882476     0.000840616760780
    -0.005085709197016     0.000840616760780     0.017461946882476
1 43
    -0.026211437411356    -0.006524767716938     0.006524767716938
    -0.006524767716938    -0.026211437411356    -0.006524767716938
     0.006524767716938    -0.006524767716938    -0.026211437411356
1 44
    -0.002831665369208     0.005085709197016    -0.005085709197016
    -0.007208915892412     0.017461946882476     0.000840616760780
     0.007208915892412     0.000840616760780     0.017461946882476
1 45
     0.011072140485025     0.009572278199150     0.008717597827381
    -0.003701432332638     0.034115251316433    -0.000357079068638
     0.012661998493559     0.044183413198144    -0.025790386942991
1 46
    -0.025740129936379    -0.007480167077632    -0.000255798294442
    -0.007480167077632    -0.025740129936379     0.000255798294442
     0.009922930899796    -0.009922930899796    -0.042826009028437
1 47
     0.017461946882476     0.005085709197016    -0.000840616760780
    -0.007208915892412    -0.002831665369208    -0.007208915892412
    -0.000840616760780     0.005085709197016     0.017461946882476
1 48
    -0.009957364920539    -0.005522937562827     0.011742841874489
    -0.003211297459417    -0.009957364920539    -0.005942393775695
     0.005942393775695    -0.011742841874489    -0.043728995341755
1 49
    -0.111402969951526     0.087312670499267    -0.199077117007574
     0.087312670499267    -0.111402969951526     0.199077117007574
     0.068046221880708    -0.068046221880708    -0.012242024147586
1 50
    -0.232852837453244    -0.027296398500067     0.395920852877393
     0.003235112599860     0.042599332467864    -0.027296398500067
     0.105701367591513     0.003235112599860    -0.232852837453244
1 51
    -0.025790386942991    -0.008717597827381     0.000357079068638
    -0.012661998493559     0.011072140485025    -0.003701432332638
    -0.044183413198144     0.009572278199150     0.034115251316433
1 52
    -0.096269841275500    -0.036569195804166    -0.078824960518660
    -0.004719949027615     0.020335630373702    -0.004719949027615
    -0.078824960518660    -0.036569195804166    -0.096269841275500
1 53
     0.020335630373702    -0.004719949027615     0.004719949027615
    -0.036569195804166    -0.096269841275500     0.078824960518660
     0.036569195804166     0.078824960518660    -0.096269841275500
1 54
    -0.006150632012344    -0.011939724836636     0.011939724836636
    -0.002065422525334    -0.009243244741727     0.018327504252099
     0.002065422525334     0.018327504252099    -0.009243244741727
1 55
    -0.042826009028437     0.000255798294442    -0.000255798294442
    -0.009922930899796    -0.025740129936379    -0.007480167077632
     0.009922930899796    -0.007480167077632    -0.025740129936379
1 56
    -0.001880213688793     0.000427810870840    -0.000427810870840
     0.000427810870840    -0.001880213688793     0.000427810870840
    -0.000427810870840     0.000427810870840    -0.001880213688793
1 57
     0.011072140485025    -0.012661998493559     0.003701432332638
    -0.008717597827381    -0.025790386942991    -0.000357079068638
    -0.009572278199150     0.044183413198144     0.034115251316433
1 58
    -0.009957364920539    -0.005942393775695     0.003211297459417
    -0.011742841874489    -0.043728995341755    -0.005942393775695
     0.005522937562827    -0.011742841874489    -0.009957364920539
1 59
     0.017461946882476     0.000840616760780     0.007208915892412
     0.000840616760780     0.017461946882476    -0.007208915892412
    -0.005085709197016     0.005085709197016    -0.002831665369208
1 60
    -0.025740129936379    -0.009922930899796     0.007480167077632
     0.000255798294442    -0.042826009028437     0.000255798294442
     0.007480167077632    -0.009922930899796    -0.025740129936379
1 61
     0.042599332467864     0.003235112599860     0.027296398500067
    -0.027296398500067    -0.232852837453244    -0.395920852877393
    -0.003235112599860    -0.105701367591513    -0.232852837453244
1 62
    -0.009243244741727     0.018327504252099     0.011939724836636
     0.018327504252099    -0.009243244741727    -0.011939724836636
     0.002065422525334    -0.002065422525334    -0.006150632012344
1 63
    -0.043728995341755    -0.011742841874489     0.005942393775695
    -0.005942393775695    -0.009957364920539    -0.003211297459417
     0.011742841874489    -0.005522937562827    -0.009957364920539
1 64
    -0.009243244741727    -0.002065422525334    -0.018327504252099
    -0.011939724836636    -0.006150632012344    -0.011939724836636
    -0.018327504252099    -0.002065422525334    -0.009243244741727
1 65
    -0.416538127463684     1.404395734842824     0.215163606674766
     1.404395734842825    -0.416538127463684    -0.215163606674766
    -0.215163606674766     0.215163606674766     0.367745228164741
1 66
     0.013825055326528     0.061941506324526     0.027719062203161
     0.061941506324526    -0.072943104799541     0.003383253098119
    -0.027719062203161    -0.003383253098119    -0.004014170221248
1 67
    -0.064620377487762    -0.031145705621714    -0.018500287385321
    -0.031145705621714    -0.122141328375256     0.006908258284971
     0.018500287385321    -0.006908258284971    -0.042881937029599
1 68
    -0.675590995811535    -0.945573368122656    -0.027000948793915
    -0.945573368122656     0.651474081778927    -0.013361318667176
     0.027000948793915     0.013361318667176     0.165842517244247
1 69
     0.651474081778927    -0.945573368122656     0.013361318667176
    -0.945573368122656    -0.675590995811536     0.027000948793915
    -0.013361318667176    -0.027000948793915     0.165842517244247
1 70
    -0.162660318743364    -0.102679008387685     0.047103538870324
    -0.102679008387685    -0.065380700709204     0.026520485737374
    -0.047103538870324    -0.026520485737374    -0.024212992596114
1 71
    -0.125701695667364    -0.016674602928223    -0.096872521097235
    -0.016674602928223    -0.064044851253460     0.014836111285302
     0.096872521097235    -0.014836111285302    -0.028071758967039
1 72
    -0.820039486824613     1.229282589620772     0.403040847271554
     1.229282589620773    -0.820039486824613    -0.403040847271554
    -0.403040847271554     0.403040847271554     0.520829102767574
1 73
    -0.122141328375256    -0.031145705621714    -0.006908258284971
    -0.031145705621714    -0.064620377487762     0.018500287385321
     0.006908258284971    -0.018500287385321    -0.042881937029599
1 74
     0.074862812372607     0.034983101377294     0.007881513307228
     0.034983101377294     0.048699530966801    -0.019030491213358
    -0.007881513307228     0.019030491213358     0.019416435796167
1 75
     0.000440005027529    -0.013469390210619    -0.011091007739594
    -0.013469390210619     0.000440005027529     0.011091007739594
     0.011091007739594    -0.011091007739594     0.040629751268806
1 76
    -0.064044851253460    -0.016674602928223    -0.014836111285302
    -0.016674602928223    -0.125701695667364     0.096872521097235
     0.014836111285302    -0.096872521097235    -0.028071758967039
1 77
    -0.072943104799541     0.061941506324526    -0.003383253098119
     0.061941506324526     0.013825055326528    -0.027719062203161
     0.003383253098119     0.027719062203161    -0.004014170221248
1 78
     0.010694043814754     0.009386099523909    -0.011462514820477
     0.009386099523909     0.010694043814754     0.011462514820477
     0.011462514820477    -0.011462514820477     0.009694513943575
1 79
     0.048699530966802     0.034983101377294     0.019030491213358
     0.034983101377294     0.074862812372607    -0.007881513307228
    -0.019030491213358     0.007881513307228     0.019416435796167
1 80
    -0.065380700709205    -0.102679008387685    -0.026520485737374
    -0.102679008387685    -0.162660318743365    -0.047103538870324
     0.026520485737374     0.047103538870324    -0.024212992596114
1 81
    -0.003214696639823    -0.036130623708723     0.031804349505088
    -0.036130623708723    -0.003214696639823    -0.031804349505088
    -0.027069714347672     0.027069714347672     0.047645690125037
1 82
     0.011875842639363     0.016803213796648    -0.013727557113227
     0.007154232928876     0.011314877271933    -0.006871468941462
     0.012596060845386    -0.009649330085643    -0.008012046771801
1 83
     0.002388914046983    -0.006744941992722     0.031181921792414
    -0.011983938855744     0.011390870117274     0.006090465948718
    -0.010900471432663    -0.020335123628139     0.008850348066392
1 84
     0.009310609628283     0.002547532979222    -0.035451641680228
     0.040308491704850    -0.067039470411648    -0.102280220558577
     0.005405391586718    -0.036290402272108     0.088407948698549
1 85
    -0.067039470411648     0.040308491704850     0.102280220558577
     0.002547532979222     0.009310609628283     0.035451641680228
     0.036290402272108    -0.005405391586718     0.088407948698549
1 86
    -0.069986428922175    -0.023221982502289    -0.047839705325147
    -0.019576816001145     0.001700499340131    -0.010145523129751
    -0.025218555965245     0.014089680861758    -0.000966864714742
1 87
    -0.066304564177836     0.002454064056959     0.092127728254798
     0.028969782211229     0.012827263953008    -0.007437596660025
     0.034232051408656     0.021760539876025    -0.028777270166172
1 88
     0.033572673029065     0.007158028775297    -0.035951903871699
     0.007158028775297     0.033572673029065     0.035951903871699
     0.144225416710626    -0.144225416710626    -0.139122282680550
1 89
     0.011390870117274    -0.011983938855744    -0.006090465948718
    -0.006744941992722     0.002388914046983    -0.031181921792414
     0.020335123628139     0.010900471432663     0.008850348066392
1 90
    -0.015678054694342    -0.015043208870167     0.009892689391364
    -0.011405937729577    -0.007677685843990    -0.008190388922170
    -0.005765996996680    -0.005205547864363     0.010279651261012
1 91
     0.007691073794444    -0.000171204061111    -0.000625267005797
    -0.000171204061111     0.007691073794444     0.000625267005797
     0.011299278241003    -0.011299278241003     0.000095091646671
1 92
     0.012827263953008     0.028969782211229     0.007437596660025
     0.002454064056959    -0.066304564177836    -0.092127728254798
    -0.021760539876025    -0.034232051408656    -0.028777270166172
1 93
     0.011314877271933     0.007154232928876     0.006871468941462
     0.016803213796648     0.011875842639363     0.013727557113227
     0.009649330085643    -0.012596060845386    -0.008012046771801
1 94
     0.003438420032138     0.026993603831091    -0.011941201420894
     0.026993603831091     0.003438420032138     0.011941201420894
    -0.008870726067837     0.008870726067837     0.004431162929917
1 95
    -0.007677685843990    -0.011405937729577     0.008190388922170
    -0.015043208870167    -0.015678054694342    -0.009892689391364
     0.005205547864363     0.005765996996680     0.010279651261012
1 96
     0.001700499340131    -0.019576816001145     0.010145523129751
    -0.023221982502289    -0.069986428922175     0.047839705325147
    -0.014089680861758     0.025218555965245    -0.000966864714742
1 97
    -0.000666347553620     0.008087403812932     0.018201569455401
     0.008087403812932    -0.000666347553620    -0.018201569455401
    -0.018201569455401     0.018201569455401    -0.111057616252481
1 98
     0.002463813688555     0.012190136825007     0.000226019879272
     0.012190136825007    -0.007220787402030     0.000167381643765
    -0.000226019879272    -0.000167381643765     0.004179817163328
1 99
     0.025405378036516     0.002210401083524    -0.003165918115458
     0.002210401083524    -0.006376333040518    -0.006860825388098
     0.003165918115458     0.006860825388098     0.009728615827818
1 100
    -0.044591411648528    -0.022303296568175    -0.012406982143480
    -0.022303296568175    -0.013181906088117    -0.028575465889204
     0.012406982143480     0.028575465889204    -0.077299058726339
1 101
    -0.013181906088117    -0.022303296568175     0.028575465889204
    -0.022303296568175    -0.044591411648528     0.012406982143480
    -0.028575465889204    -0.012406982143480    -0.077299058726339
1 102
     0.045373078914521     0.001174651245798    -0.058297186297134
     0.001174651245798     0.002504459612028     0.012799168995662
     0.058297186297134    -0.012799168995662    -0.030243104586745
1 103
     0.076663561914567     0.000863209638676     0.039468482279497
     0.000863209638676    -0.007538180896339     0.002223333532280
    -0.039468482279497    -0.002223333532280     0.085849973345824
1 104
    -0.059944866434194     0.025959524165790    -0.032074021618197
     0.025959524165790    -0.059944866434194     0.032074021618197
     0.032074021618197    -0.032074021618197    -0.045094186690330
1 105
    -0.006376333040518     0.002210401083524     0.006860825388098
     0.002210401083524     0.025405378036516     0.003165918115458
    -0.006860825388098    -0.003165918115458     0.009728615827818
1 106
     0.012204077071052     0.003330266877933    -0.003630408250261
     0.003330266877933    -0.001969249062434    -0.006579173583685
     0.003630408250261     0.006579173583685    -0.016548814271545
1 107
     0.005356446045109     0.002509270847301     0.009858359756335
     0.002509270847301     0.005356446045109    -0.009858359756335
    -0.009858359756335     0.009858359756335    -0.013831231168527
1 108
    -0.007538180896339     0.000863209638676    -0.002223333532280
     0.000863209638676     0.076663561914567    -0.039468482279497
     0.002223333532280     0.039468482279497     0.085849973345824
1 109
    -0.007220787402030     0.012190136825007    -0.000167381643765
     0.012190136825007     0.002463813688555    -0.000226019879272
     0.000167381643765     0.000226019879272     0.004179817163328
1 110
    -0.007753162454219    -0.002021512173940    -0.005188830956726
    -0.002021512173940    -0.007753162454219     0.005188830956726
     0.005188830956726    -0.005188830956726    -0.007255124628751
1 111
    -0.001969249062434     0.003330266877933     0.006579173583685
     0.003330266877933     0.012204077071052     0.003630408250261
    -0.006579173583685    -0.003630408250261    -0.016548814271545
1 112
     0.002504459612028     0.001174651245798    -0.012799168995662
     0.001174651245798     0.045373078914521     0.058297186297134
     0.012799168995662    -0.058297186297134    -0.030243104586745
1 113
    -0.003214696639823    -0.036130623708723     0.027069714347672
    -0.036130623708723    -0.003214696639823    -0.027069714347672
    -0.031804349505088     0.031804349505088     0.047645690125037
1 114
     0.011875842639363     0.007154232928876    -0.012596060845386
     0.016803213796648     0.011314877271933     0.009649330085643
     0.013727557113227     0.006871468941462    -0.008012046771801
1 115
     0.002388914046983    -0.011983938855744     0.010900471432663
    -0.006744941992722     0.011390870117274     0.020335123628139
    -0.031181921792414    -0.006090465948718     0.008850348066392
1 116
     0.009310609628283     0.040308491704850    -0.005405391586718
     0.002547532979222    -0.067039470411648     0.036290402272108
     0.035451641680228     0.102280220558577     0.088407948698549
1 117
    -0.067039470411648     0.002547532979222    -0.036290402272108
     0.040308491704850     0.009310609628283     0.005405391586718
    -0.102280220558577    -0.035451641680228     0.088407948698549
1 118
    -0.069986428922175    -0.019576816001145     0.025218555965245
    -0.023221982502289     0.001700499340131    -0.014089680861758
     0.047839705325147     0.010145523129751    -0.000966864714742
1 119
    -0.066304564177836     0.028969782211229    -0.034232051408656
     0.002454064056959     0.012827263953008    -0.021760539876025
    -0.092127728254798     0.007437596660025    -0.028777270166172
1 120
     0.033572673029065     0.007158028775297    -0.144225416710626
     0.007158028775297     0.033572673029065     0.144225416710626
     0.035951903871699    -0.035951903871699    -0.139122282680550
1 121
     0.011390870117274    -0.006744941992722    -0.020335123628139
    -0.011983938855744     0.002388914046983    -0.010900471432663
     0.006090465948718     0.031181921792414     0.008850348066392
1 122
    -0.015678054694342    -0.011405937729577     0.005765996996680
    -0.015043208870167    -0.007677685843990     0.005205547864363
    -0.009892689391364     0.008190388922170     0.010279651261012
1 123
     0.007691073794444    -0.000171204061111    -0.011299278241003
    -0.000171204061111     0.007691073794444     0.011299278241003
     0.000625267005797    -0.000625267005797     0.000095091646671
1 124
     0.012827263953008     0.002454064056959     0.021760539876025
     0.028969782211229    -0.066304564177836     0.034232051408656
    -0.007437596660025     0.092127728254798    -0.028777270166172
1 125
     0.011314877271933     0.016803213796648    -0.009649330085643
     0.007154232928876     0.011875842639363     0.012596060845386
    -0.006871468941462    -0.013727557113227    -0.008012046771801
1 126
     0.003438420032138     0.026993603831091     0.008870726067837
     0.026993603831091     0.003438420032138    -0.008870726067837
     0.011941201420894    -0.011941201420894     0.004431162929917
1 127
    -0.007677685843990    -0.015043208870167    -0.005205547864363
    -0.011405937729577    -0.015678054694342    -0.005765996996680
    -0.008190388922170     0.009892689391364     0.010279651261012
1 128
     0.001700499340131    -0.023221982502289     0.014089680861758
    -0.019576816001145    -0.069986428922175    -0.025218555965245
    -0.010145523129751    -0.047839705325147    -0.000966864714742
1 129
    -0.416538127463684    -0.215163606674766    -1.404395734842824
     0.215163606674766     0.367745228164741     0.215163606674766
    -1.404395734842824    -0.215163606674766    -0.416538127463684
1 130
     0.013825055326528    -0.027719062203161    -0.061941506324526
     0.027719062203161    -0.004014170221248    -0.003383253098119
    -0.061941506324526     0.003383253098119    -0.072943104799541
1 131
    -0.064620377487762     0.018500287385321     0.031145705621714
    -0.018500287385321    -0.042881937029599    -0.006908258284971
     0.031145705621714     0.006908258284971    -0.122141328375256
1 132
    -0.675590995811536     0.027000948793915     0.945573368122656
    -0.027000948793915     0.165842517244247     0.013361318667176
     0.945573368122656    -0.013361318667176     0.651474081778927
1 133
    -0.003214696639823    -0.027069714347672     0.036130623708723
     0.031804349505088     0.047645690125037     0.031804349505088
     0.036130623708723    -0.027069714347672    -0.003214696639823
1 134
     0.011875842639363     0.012596060845386    -0.007154232928876
    -0.013727557113227    -0.008012046771801     0.006871468941462
    -0.016803213796648     0.009649330085643     0.011314877271933
1 135
     0.002388914046983    -0.010900471432663     0.011983938855744
     0.031181921792414     0.008850348066392    -0.006090465948718
     0.006744941992722     0.020335123628139     0.011390870117274
1 136
     0.009310609628283     0.005405391586718    -0.040308491704850
    -0.035451641680228     0.088407948698549     0.102280220558577
    -0.002547532979222     0.036290402272108    -0.067039470411648
1 137
    -0.000666347553620    -0.018201569455401    -0.008087403812932
     0.018201569455401    -0.111057616252481     0.018201569455401
    -0.008087403812932    -0.018201569455401    -0.000666347553620
1 138
     0.002463813688555    -0.000226019879272    -0.012190136825007
     0.000226019879272     0.004179817163328    -0.000167381643765
    -0.012190136825007     0.000167381643765    -0.007220787402030
1 139
     0.025405378036516     0.003165918115458    -0.002210401083524
    -0.003165918115458     0.009728615827818     0.006860825388098
    -0.002210401083524    -0.006860825388098    -0.006376333040518
1 140
    -0.044591411648528     0.012406982143480     0.022303296568175
    -0.012406982143480    -0.077299058726339     0.028575465889204
     0.022303296568175    -0.028575465889204    -0.013181906088117
1 141
    -0.003214696639823    -0.031804349505088     0.036130623708723
     0.027069714347672     0.047645690125037     0.027069714347672
     0.036130623708723    -0.031804349505088    -0.003214696639823
1 142
     0.011875842639363     0.013727557113227    -0.016803213796648
    -0.012596060845386    -0.008012046771801    -0.009649330085643
    -0.007154232928876    -0.006871468941462     0.011314877271933
1 143
     0.002388914046983    -0.031181921792414     0.006744941992722
     0.010900471432663     0.008850348066392    -0.020335123628139
     0.011983938855744     0.006090465948718     0.011390870117274
1 144
     0.009310609628283     0.035451641680228    -0.002547532979222
    -0.005405391586718     0.088407948698549    -0.036290402272108
    -0.040308491704850    -0.102280220558577    -0.067039470411648
1 145
    -0.072943104799541     0.003383253098119    -0.061941506324526
    -0.003383253098119    -0.004014170221248     0.027719062203161
    -0.061941506324526    -0.027719062203161     0.013825055326528
1 146
     0.010694043814754     0.011462514820477    -0.009386099523909
    -0.011462514820477     0.009694513943575    -0.011462514820477
    -0.009386099523909     0.011462514820477     0.010694043814754
1 147
     0.048699530966801    -0.019030491213358    -0.034983101377294
     0.019030491213358     0.019416435796167     0.007881513307228
    -0.034983101377294    -0.007881513307228     0.074862812372607
1 148
    -0.065380700709204     0.026520485737374     0.102679008387685
    -0.026520485737374    -0.024212992596114     0.047103538870324
     0.102679008387685    -0.047103538870324    -0.162660318743364
1 149
     0.011314877271933     0.009649330085643    -0.016803213796648
     0.006871468941462    -0.008012046771801    -0.013727557113227
    -0.007154232928876     0.012596060845386     0.011875842639363
1 150
     0.003438420032138    -0.008870726067837    -0.026993603831091
    -0.011941201420894     0.004431162929917    -0.011941201420894
    -0.026993603831091    -0.008870726067837     0.003438420032138
1 151
    -0.007677685843990     0.005205547864363     0.015043208870167
     0.008190388922170     0.010279651261012     0.009892689391364
     0.011405937729577    -0.005765996996680    -0.015678054694342
1 152
     0.001700499340131    -0.014089680861758     0.023221982502289
     0.010145523129751    -0.000966864714742    -0.047839705325147
     0.019576816001145    -0.025218555965245    -0.069986428922175
1 153
    -0.007220787402030     0.000167381643765    -0.012190136825007
    -0.000167381643765     0.004179817163328     0.000226019879272
    -0.012190136825007    -0.000226019879272     0.002463813688555
1 154
    -0.007753162454219     0.005188830956726     0.002021512173940
    -0.005188830956726    -0.007255124628751    -0.005188830956726
     0.002021512173940     0.005188830956726    -0.007753162454219
1 155
    -0.001969249062434    -0.006579173583685    -0.003330266877933
     0.006579173583685    -0.016548814271545    -0.003630408250261
    -0.003330266877933     0.003630408250261     0.012204077071052
1 156
     0.002504459612028     0.012799168995662    -0.001174651245798
    -0.012799168995662    -0.030243104586745    -0.058297186297134
    -0.001174651245798     0.058297186297134     0.045373078914521
1 157
     0.011314877271933    -0.006871468941462    -0.007154232928876
    -0.009649330085643    -0.008012046771801    -0.012596060845386
    -0.016803213796648     0.013727557113227     0.011875842639363
1 158
     0.003438420032138     0.011941201420894    -0.026993603831091
     0.008870726067837     0.004431162929917     0.008870726067837
    -0.026993603831091     0.011941201420894     0.003438420032138
1 159
    -0.007677685843990    -0.008190388922170     0.011405937729577
    -0.005205547864363     0.010279651261012     0.005765996996680
     0.015043208870167    -0.009892689391364    -0.015678054694342
1 160
     0.001700499340131    -0.010145523129751     0.019576816001145
     0.014089680861758    -0.000966864714742     0.025218555965245
     0.023221982502289     0.047839705325147    -0.069986428922175
1 161
    -0.122141328375256     0.006908258284971     0.031145705621714
    -0.006908258284971    -0.042881937029599    -0.018500287385321
     0.031145705621714     0.018500287385321    -0.064620377487762
1 162
     0.074862812372607    -0.007881513307228    -0.034983101377294
     0.007881513307228     0.019416435796167     0.019030491213358
    -0.034983101377294    -0.019030491213358     0.048699530966801
1 163
     0.000440005027529     0.011091007739594     0.013469390210619
    -0.011091007739594     0.040629751268806    -0.011091007739594
     0.013469390210619     0.011091007739594     0.000440005027529
1 164
    -0.064044851253460     0.014836111285302     0.016674602928223
    -0.014836111285302    -0.028071758967039    -0.096872521097235
     0.016674602928223     0.096872521097235    -0.125701695667364
1 165
     0.011390870117274     0.020335123628139     0.006744941992722
    -0.006090465948718     0.008850348066392     0.031181921792414
     0.011983938855744    -0.010900471432663     0.002388914046983
1 166
    -0.015678054694342    -0.005765996996680     0.011405937729577
     0.009892689391364     0.010279651261012     0.008190388922170
     0.015043208870167     0.005205547864363    -0.007677685843990
1 167
     0.007691073794444     0.011299278241003     0.000171204061111
    -0.000625267005797     0.000095091646671    -0.000625267005797
     0.000171204061111     0.011299278241003     0.007691073794444
1 168
     0.012827263953008    -0.021760539876025    -0.002454064056959
     0.007437596660025    -0.028777270166172     0.092127728254798
    -0.028969782211229     0.034232051408656    -0.066304564177836
1 169
    -0.006376333040518    -0.006860825388098    -0.002210401083524
     0.006860825388098     0.009728615827818    -0.003165918115458
    -0.002210401083524     0.003165918115458     0.025405378036516
1 170
     0.012204077071052     0.003630408250261    -0.003330266877933
    -0.003630408250261    -0.016548814271545     0.006579173583685
    -0.003330266877933    -0.006579173583685    -0.001969249062434
1 171
     0.005356446045109    -0.009858359756335    -0.002509270847301
     0.009858359756335    -0.013831231168527     0.009858359756335
    -0.002509270847301    -0.009858359756335     0.005356446045109
1 172
    -0.007538180896339     0.002223333532280    -0.000863209638676
    -0.002223333532280     0.085849973345824     0.039468482279497
    -0.000863209638676    -0.039468482279497     0.076663561914567
1 173
     0.011390870117274     0.006090465948718     0.011983938855744
    -0.020335123628139     0.008850348066392     0.010900471432663
     0.006744941992722    -0.031181921792414     0.002388914046983
1 174
    -0.015678054694342    -0.009892689391364     0.015043208870167
     0.005765996996680     0.010279651261012    -0.005205547864363
     0.011405937729577    -0.008190388922170    -0.007677685843990
1 175
     0.007691073794444     0.000625267005797     0.000171204061111
    -0.011299278241003     0.000095091646671    -0.011299278241003
     0.000171204061111     0.000625267005797     0.007691073794444
1 176
     0.012827263953008    -0.007437596660025    -0.028969782211229
     0.021760539876025    -0.028777270166172    -0.034232051408656
    -0.002454064056959    -0.092127728254798    -0.066304564177836
1 177
     0.651474081778927    -0.013361318667176     0.945573368122656
     0.013361318667176     0.165842517244247    -0.027000948793915
     0.945573368122656     0.027000948793915    -0.675590995811536
1 178
    -0.162660318743364    -0.047103538870324     0.102679008387685
     0.047103538870324    -0.024212992596114    -0.026520485737374
     0.102679008387685     0.026520485737374    -0.065380700709204
1 179
    -0.125701695667364     0.096872521097235     0.016674602928223
    -0.096872521097235    -0.028071758967039    -0.014836111285302
     0.016674602928223     0.014836111285302    -0.064044851253460
1 180
    -0.820039486824613    -0.403040847271554    -1.229282589620772
     0.403040847271554     0.520829102767573     0.403040847271554
    -1.229282589620772    -0.403040847271554    -0.820039486824613
1 181
    -0.067039470411648     0.036290402272108    -0.002547532979222
     0.102280220558577     0.088407948698549    -0.035451641680228
    -0.040308491704850     0.005405391586718     0.009310609628283
1 182
    -0.069986428922175    -0.025218555965245     0.019576816001145
    -0.047839705325147    -0.000966864714742     0.010145523129751
     0.023221982502289    -0.014089680861758     0.001700499340131
1 183
    -0.066304564177836     0.034232051408656    -0.028969782211229
     0.092127728254798    -0.028777270166172     0.007437596660025
    -0.002454064056959    -0.021760539876025     0.012827263953008
1 184
     0.033572673029065     0.144225416710626    -0.007158028775297
    -0.035951903871699    -0.139122282680550    -0.035951903871699
    -0.007158028775297     0.144225416710626     0.033572673029065
1 185
    -0.013181906088117    -0.028575465889204     0.022303296568175
     0.028575465889204    -0.077299058726339    -0.012406982143480
     0.022303296568175     0.012406982143480    -0.044591411648528
1 186
     0.045373078914521     0.058297186297134    -0.001174651245798
    -0.058297186297134    -0.030243104586745    -0.012799168995662
    -0.001174651245798     0.012799168995662     0.002504459612028
1 187
     0.076663561914567    -0.039468482279497    -0.000863209638676
     0.039468482279497     0.085849973345824    -0.002223333532280
    -0.000863209638676     0.002223333532280    -0.007538180896339
1 188
    -0.059944866434194     0.032074021618197    -0.025959524165790
    -0.032074021618197    -0.045094186690330    -0.032074021618197
    -0.025959524165790     0.032074021618197    -0.059944866434194
1 189
    -0.067039470411648    -0.102280220558577    -0.040308491704850
    -0.036290402272108     0.088407948698549    -0.005405391586718
    -0.002547532979222     0.035451641680228     0.009310609628283
1 190
    -0.069986428922175     0.047839705325147     0.023221982502289
     0.025218555965245    -0.000966864714742     0.014089680861758
     0.019576816001145    -0.010145523129751     0.001700499340131
1 191
    -0.066304564177836    -0.092127728254798    -0.002454064056959
    -0.034232051408656    -0.028777270166172     0.021760539876025
    -0.028969782211229    -0.007437596660025     0.012827263953008
1 192
     0.033572673029065     0.035951903871699    -0.007158028775297
    -0.144225416710626    -0.139122282680550    -0.144225416710626
    -0.007158028775297     0.035951903871699     0.033572673029065
1 193
     0.367745228164741     0.215163606674766    -0.215163606674766
    -0.215163606674766    -0.416538127463684     1.404395734842824
     0.215163606674766     1.404395734842824    -0.416538127463684
1 194
     0.047645690125037     0.027069714347672    -0.027069714347672
    -0.031804349505088    -0.003214696639823    -0.036130623708723
     0.031804349505088    -0.036130623708723    -0.003214696639823
1 195
    -0.111057616252481     0.018201569455401    -0.018201569455401
    -0.018201569455401    -0.000666347553620     0.008087403812932
     0.018201569455401     0.008087403812932    -0.000666347553620
1 196
     0.047645690125037     0.031804349505088    -0.031804349505088
    -0.027069714347672    -0.003214696639823    -0.036130623708723
     0.027069714347672    -0.036130623708723    -0.003214696639823
1 197
     0.165842517244247    -0.027000948793915    -0.013361318667176
     0.027000948793915    -0.675590995811536    -0.945573368122656
     0.013361318667176    -0.945573368122656     0.651474081778927
1 198
     0.088407948698549    -0.005405391586718     0.036290402272108
     0.035451641680228     0.009310609628283     0.002547532979222
     0.102280220558577     0.040308491704850    -0.067039470411648
1 199
    -0.077299058726339    -0.012406982143480    -0.028575465889204
     0.012406982143480    -0.044591411648528    -0.022303296568175
     0.028575465889204    -0.022303296568175    -0.013181906088117
1 200
     0.088407948698549    -0.035451641680228    -0.102280220558577
     0.005405391586718     0.009310609628283     0.040308491704850
    -0.036290402272108     0.002547532979222    -0.067039470411648
1 201
    -0.042881937029599    -0.018500287385321     0.006908258284971
     0.018500287385321    -0.064620377487762    -0.031145705621714
    -0.006908258284971    -0.031145705621714    -0.122141328375256
1 202
     0.008850348066392     0.010900471432663     0.020335123628139
    -0.031181921792414     0.002388914046983    -0.006744941992722
    -0.006090465948718    -0.011983938855744     0.011390870117274
1 203
     0.009728615827818    -0.003165918115458    -0.006860825388098
     0.003165918115458     0.025405378036516     0.002210401083524
     0.006860825388098     0.002210401083524    -0.006376333040518
1 204
     0.008850348066392     0.031181921792414     0.006090465948718
    -0.010900471432663     0.002388914046983    -0.011983938855744
    -0.020335123628139    -0.006744941992722     0.011390870117274
1 205
    -0.004014170221248     0.027719062203161     0.003383253098119
    -0.027719062203161     0.013825055326528     0.061941506324526
    -0.003383253098119     0.061941506324526    -0.072943104799541
1 206
    -0.008012046771801    -0.012596060845386     0.009649330085643
     0.013727557113227     0.011875842639363     0.016803213796648
     0.006871468941462     0.007154232928876     0.011314877271933
1 207
     0.004179817163328     0.000226019879272     0.000167381643765
    -0.000226019879272     0.002463813688555     0.012190136825007
    -0.000167381643765     0.012190136825007    -0.007220787402030
1 208
    -0.008012046771801    -0.013727557113227    -0.006871468941462
     0.012596060845386     0.011875842639363     0.007154232928876
    -0.009649330085643     0.016803213796648     0.011314877271933
1 209
    -0.004014170221248    -0.003383253098119    -0.027719062203161
     0.003383253098119    -0.072943104799541     0.061941506324526
     0.027719062203161     0.061941506324526     0.013825055326528
1 210
    -0.008012046771801    -0.009649330085643     0.012596060845386
    -0.006871468941462     0.011314877271933     0.007154232928876
    -0.013727557113227     0.016803213796648     0.011875842639363
1 211
     0.004179817163328    -0.000167381643765    -0.000226019879272
     0.000167381643765    -0.007220787402030     0.012190136825007
     0.000226019879272     0.012190136825007     0.002463813688555
1 212
    -0.008012046771801     0.006871468941462     0.013727557113227
     0.009649330085643     0.011314877271933     0.016803213796648
    -0.012596060845386     0.007154232928876     0.011875842639363
1 213
    -0.024212992596114    -0.026520485737374    -0.047103538870324
     0.026520485737374    -0.065380700709204    -0.102679008387685
     0.047103538870324    -0.102679008387685    -0.162660318743364
1 214
    -0.000966864714742     0.014089680861758    -0.025218555965245
    -0.010145523129751     0.001700499340131    -0.019576816001145
    -0.047839705325147    -0.023221982502289    -0.069986428922175
1 215
    -0.030243104586745    -0.012799168995662     0.058297186297134
     0.012799168995662     0.002504459612028     0.001174651245798
    -0.058297186297134     0.001174651245798     0.045373078914521
1 216
    -0.000966864714742     0.010145523129751     0.047839705325147
    -0.014089680861758     0.001700499340131    -0.023221982502289
     0.025218555965245    -0.019576816001145    -0.069986428922175
1 217
     0.019416435796167     0.019030491213358    -0.007881513307228
    -0.019030491213358     0.048699530966801     0.034983101377294
     0.007881513307228     0.034983101377294     0.074862812372607
1 218
     0.010279651261012    -0.005205547864363    -0.005765996996680
    -0.008190388922170    -0.007677685843990    -0.011405937729577
     0.009892689391364    -0.015043208870167    -0.015678054694342
1 219
    -0.016548814271545     0.006579173583685     0.003630408250261
    -0.006579173583685    -0.001969249062434     0.003330266877933
    -0.003630408250261     0.003330266877933     0.012204077071052
1 220
     0.010279651261012     0.008190388922170    -0.009892689391364
     0.005205547864363    -0.007677685843990    -0.015043208870167
     0.005765996996680    -0.011405937729577    -0.015678054694342
1 221
     0.009694513943575    -0.011462514820477     0.011462514820477
     0.011462514820477     0.010694043814754     0.009386099523909
    -0.011462514820477     0.009386099523909     0.010694043814754
1 222
     0.004431162929917     0.008870726067837    -0.008870726067837
     0.011941201420894     0.003438420032138     0.026993603831091
    -0.011941201420894     0.026993603831091     0.003438420032138
1 223
    -0.007255124628751    -0.005188830956726     0.005188830956726
     0.005188830956726    -0.007753162454219    -0.002021512173940
    -0.005188830956726    -0.002021512173940    -0.007753162454219
1 224
     0.004431162929917    -0.011941201420894     0.011941201420894
    -0.008870726067837     0.003438420032138     0.026993603831091
     0.008870726067837     0.026993603831091     0.003438420032138
1 225
    -0.042881937029599    -0.006908258284971     0.018500287385321
     0.006908258284971    -0.122141328375256    -0.031145705621714
    -0.018500287385321    -0.031145705621714    -0.064620377487762
1 226
     0.008850348066392    -0.020335123628139    -0.010900471432663
     0.006090465948718     0.011390870117274    -0.011983938855744
     0.031181921792414    -0.006744941992722     0.002388914046983
1 227
     0.009728615827818     0.006860825388098     0.003165918115458
    -0.006860825388098    -0.006376333040518     0.002210401083524
    -0.003165918115458     0.002210401083524     0.025405378036516
1 228
     0.008850348066392    -0.006090465948718    -0.031181921792414
     0.020335123628139     0.011390870117274    -0.006744941992722
     0.010900471432663    -0.011983938855744     0.002388914046983
1 229
    -0.028071758967039    -0.014836111285302     0.096872521097235
     0.014836111285302    -0.064044851253460    -0.016674602928223
    -0.096872521097235    -0.016674602928223    -0.125701695667364
1 230
    -0.028777270166172     0.021760539876025     0.034232051408656
    -0.007437596660025     0.012827263953008     0.028969782211229
     0.092127728254798     0.002454064056959    -0.066304564177836
1 231
     0.085849973345824    -0.002223333532280    -0.039468482279497
     0.002223333532280    -0.007538180896339     0.000863209638676
     0.039468482279497     0.000863209638676     0.076663561914567
1 232
    -0.028777270166172     0.007437596660025    -0.092127728254798
    -0.021760539876025     0.012827263953008     0.002454064056959
    -0.034232051408656     0.028969782211229    -0.066304564177836
1 233
     0.040629751268806    -0.011091007739594     0.011091007739594
     0.011091007739594     0.000440005027529    -0.013469390210619
    -0.011091007739594    -0.013469390210619     0.000440005027529
1 234
     0.000095091646671    -0.011299278241003     0.011299278241003
     0.000625267005797     0.007691073794444    -0.000171204061111
    -0.000625267005797    -0.000171204061111     0.007691073794444
1 235
    -0.013831231168527     0.009858359756335    -0.009858359756335
    -0.009858359756335     0.005356446045109     0.002509270847301
     0.009858359756335     0.002509270847301     0.005356446045109
1 236
     0.000095091646671    -0.000625267005797     0.000625267005797
     0.011299278241003     0.007691073794444    -0.000171204061111
    -0.011299278241003    -0.000171204061111     0.007691073794444
1 237
     0.019416435796167     0.007881513307228    -0.019030491213358
    -0.007881513307228     0.074862812372607     0.034983101377294
     0.019030491213358     0.034983101377294     0.048699530966801
1 238
     0.010279651261012     0.005765996996680     0.005205547864363
    -0.009892689391364    -0.015678054694342    -0.015043208870167
     0.008190388922170    -0.011405937729577    -0.007677685843990
1 239
    -0.016548814271545    -0.003630408250261    -0.006579173583685
     0.003630408250261     0.012204077071052     0.003330266877933
     0.006579173583685     0.003330266877933    -0.001969249062434
1 240
     0.010279651261012     0.009892689391364    -0.008190388922170
    -0.005765996996680    -0.015678054694342    -0.011405937729577
    -0.005205547864363    -0.015043208870167    -0.007677685843990
1 241
     0.165842517244247     0.013361318667176     0.027000948793915
    -0.013361318667176     0.651474081778927    -0.945573368122656
    -0.027000948793915    -0.945573368122656    -0.675590995811536
1 242
     0.088407948698549    -0.036290402272108     0.005405391586718
    -0.102280220558577    -0.067039470411648     0.040308491704850
    -0.035451641680228     0.002547532979222     0.009310609628283
1 243
    -0.077299058726339     0.028575465889204     0.012406982143480
    -0.028575465889204    -0.013181906088117    -0.022303296568175
    -0.012406982143480    -0.022303296568175    -0.044591411648528
1 244
     0.088407948698549     0.102280220558577     0.035451641680228
     0.036290402272108    -0.067039470411648     0.002547532979222
    -0.005405391586718     0.040308491704850     0.009310609628283
1 245
     0.520829102767574     0.403040847271554    -0.403040847271554
    -0.403040847271554    -0.820039486824613     1.229282589620772
     0.403040847271554     1.229282589620772    -0.820039486824613
1 246
    -0.139122282680550    -0.144225416710626     0.144225416710626
     0.035951903871699     0.033572673029065     0.007158028775297
    -0.035951903871699     0.007158028775297     0.033572673029065
1 247
    -0.045094186690330    -0.032074021618197     0.032074021618197
     0.032074021618197    -0.059944866434194     0.025959524165790
    -0.032074021618197     0.025959524165790    -0.059944866434194
1 248
    -0.139122282680550    -0.035951903871699     0.035951903871699
     0.144225416710626     0.033572673029065     0.007158028775297
    -0.144225416710626     0.007158028775297     0.033572673029065
1 249
    -0.028071758967039    -0.096872521097235     0.014836111285302
     0.096872521097235    -0.125701695667364    -0.016674602928223
    -0.014836111285302    -0.016674602928223    -0.064044851253460
1 250
    -0.028777270166172    -0.034232051408656    -0.021760539876025
    -0.092127728254798    -0.066304564177836     0.002454064056959
     0.007437596660025     0.028969782211229     0.012827263953008
1 251
     0.085849973345824     0.039468482279497     0.002223333532280
    -0.039468482279497     0.076663561914567     0.000863209638676
    -0.002223333532280     0.000863209638676    -0.007538180896339
1 252
    -0.028777270166172     0.092127728254798    -0.007437596660025
     0.034232051408656    -0.066304564177836     0.028969782211229
     0.021760539876025     0.002454064056959     0.012827263953008
1 253
    -0.024212992596114     0.047103538870324     0.026520485737374
    -0.047103538870324    -0.162660318743364    -0.102679008387685
    -0.026520485737374    -0.102679008387685    -0.065380700709204
1 254
    -0.000966864714742     0.025218555965245    -0.014089680861758
     0.047839705325147    -0.069986428922175    -0.023221982502289
     0.010145523129751    -0.019576816001145     0.001700499340131
1 255
    -0.030243104586745    -0.058297186297134     0.012799168995662
     0.058297186297134     0.045373078914521     0.001174651245798
    -0.012799168995662     0.001174651245798     0.002504459612028
1 256
    -0.000966864714742    -0.047839705325147    -0.010145523129751
    -0.025218555965245    -0.069986428922175    -0.019576816001145
     0.014089680861758    -0.023221982502289     0.001700499340131
1 257
     0.075116276221503    -0.112790170566675     0.112790170566675
    -0.112790170566675     0.075116276221503    -0.112790170566675
     0.112790170566675    -0.112790170566675     0.075116276221503
1 258
    -0.020046276796767     0.005601747875174    -0.005601747875174
    -0.026507438464264    -0.007861488319368     0.004884105150884
     0.026507438464264     0.004884105150884    -0.007861488319368
1 259
    -0.005997196308324     0.001333774076713    -0.001333774076713
    -0.000043389371473     0.003016542069257     0.003546388138701
     0.000043389371473     0.003546388138701     0.003016542069257
1 260
     0.034545616791917     0.066029831252551    -0.066029831252551
     0.011546559605039     0.055395624211942    -0.035184424530791
    -0.011546559605039    -0.035184424530791     0.055395624211942
1 261
     0.055395624211942     0.011546559605039     0.035184424530791
     0.066029831252551     0.034545616791917     0.066029831252551
     0.035184424530791     0.011546559605039     0.055395624211942
1 262
    -0.012403157828142    -0.000563875832674     0.001984752248240
     0.017350363232069     0.003759738431651    -0.001185650659763
     0.014791330736116    -0.005063760664051    -0.013395088414789
1 263
    -0.006184179703006    -0.007736826080250     0.012816351843447
    -0.001996139787502    -0.024937209726400    -0.009682121453909
    -0.004262163306552    -0.001528612975563    -0.021809189341606
1 264
    -0.004890631159774     0.015867280485360    -0.014398333470723
     0.015867280485360    -0.004890631159774     0.014398333470723
     0.086074927541150    -0.086074927541150     0.042095783073395
1 265
     0.003016542069257    -0.000043389371473    -0.003546388138701
     0.001333774076713    -0.005997196308324     0.001333774076713
    -0.003546388138701    -0.000043389371473     0.003016542069257
1 266
     0.007282147259551    -0.000427969347428    -0.000020396031780
     0.000842394165866     0.006327142666885    -0.003289627597192
    -0.000907287956274     0.004367475269647    -0.002427384950323
1 267
     0.012910522048403    -0.010016414056484    -0.000200364702276
    -0.010016414056484     0.012910522048403     0.000200364702276
    -0.005041465760099     0.005041465760099    -0.006405325715472
1 268
    -0.024937209726400    -0.001996139787502     0.009682121453909
    -0.007736826080250    -0.006184179703006    -0.012816351843447
     0.001528612975563     0.004262163306552    -0.021809189341606
1 269
    -0.007861488319368    -0.026507438464264    -0.004884105150884
     0.005601747875174    -0.020046276796767     0.005601747875174
    -0.004884105150884    -0.026507438464264    -0.007861488319368
1 270
    -0.001094420337858     0.002981232156822     0.009943032753479
     0.002981232156822    -0.001094420337858    -0.009943032753479
     0.001851776156432    -0.001851776156432    -0.004070758699683
1 271
     0.006327142666885     0.000842394165866     0.003289627597192
    -0.000427969347428     0.007282147259551     0.000020396031780
    -0.004367475269647     0.000907287956274    -0.002427384950323
1 272
     0.003759738431651     0.017350363232069     0.001185650659763
    -0.000563875832674    -0.012403157828142    -0.001984752248240
     0.005063760664051    -0.014791330736116    -0.013395088414789
1 273
    -0.007861488319368     0.004884105150884     0.026507438464264
     0.004884105150884    -0.007861488319368    -0.026507438464264
    -0.005601747875174     0.005601747875174    -0.020046276796767
1 274
    -0.001094420337858    -0.009943032753479    -0.002981232156822
    -0.001851776156432    -0.004070758699683    -0.001851776156432
    -0.002981232156822    -0.009943032753479    -0.001094420337858
1 275
     0.006327142666885    -0.003289627597192    -0.000842394165866
     0.004367475269647    -0.002427384950323     0.000907287956274
     0.000427969347428     0.000020396031780     0.007282147259551
1 276
     0.003759738431651    -0.001185650659763    -0.017350363232069
    -0.005063760664051    -0.013395088414789    -0.014791330736116
     0.000563875832674    -0.001984752248240    -0.012403157828142
1 277
    -0.013395088414789    -0.005063760664051     0.014791330736116
    -0.001185650659763     0.003759738431651     0.017350363232069
     0.001984752248240    -0.000563875832674    -0.012403157828142
1 278
    -0.007435199582941    -0.005620155832391    -0.022418486272618
     0.005420959301851     0.002718659225551     0.005420959301851
    -0.022418486272618    -0.005620155832391    -0.007435199582941
1 279
     0.020452686685625     0.007806284375978     0.009526036249092
    -0.004660884708347    -0.002795627603283     0.001531977993415
     0.013608727192067     0.001562739532808     0.033343684797896
1 280
     0.004429128356242    -0.000744102620727    -0.023186522653989
    -0.000744102620727     0.004429128356242     0.023186522653989
     0.025382577335966    -0.025382577335966    -0.024192525392211
1 281
    -0.002427384950323     0.004367475269647    -0.000907287956274
    -0.003289627597192     0.006327142666885     0.000842394165866
    -0.000020396031780    -0.000427969347428     0.007282147259551
1 282
    -0.004621794132877    -0.000801662835849    -0.003963566843717
    -0.002393944492387     0.000058211202855    -0.002393944492387
    -0.003963566843717    -0.000801662835849    -0.004621794132877
1 283
     0.000574188198506     0.001063600911877     0.004835858044954
     0.001063600911877     0.000574188198506    -0.004835858044954
     0.000589338370463    -0.000589338370463    -0.001286960851701
1 284
    -0.002795627603283    -0.004660884708347    -0.001531977993415
     0.007806284375978     0.020452686685625    -0.009526036249092
    -0.001562739532808    -0.013608727192067     0.033343684797896
1 285
    -0.004070758699683    -0.001851776156432     0.001851776156432
    -0.009943032753479    -0.001094420337858     0.002981232156822
     0.009943032753479     0.002981232156822    -0.001094420337858
1 286
    -0.000346532309288     0.000867644136257    -0.000867644136257
     0.000867644136257    -0.000346532309288     0.000867644136257
    -0.000867644136257     0.000867644136257    -0.000346532309288
1 287
     0.000058211202855    -0.002393944492387     0.002393944492387
    -0.000801662835849    -0.004621794132877     0.003963566843717
     0.000801662835849     0.003963566843717    -0.004621794132877
1 288
     0.002718659225551     0.005420959301851    -0.005420959301851
    -0.005620155832391    -0.007435199582941     0.022418486272618
     0.005620155832391     0.022418486272618    -0.007435199582941
1 289
     0.003016542069257     0.003546388138701     0.000043389371473
     0.003546388138701     0.003016542069257    -0.000043389371473
    -0.001333774076713     0.001333774076713    -0.005997196308324
1 290
     0.007282147259551     0.000020396031780     0.000427969347428
     0.000907287956274    -0.002427384950323     0.004367475269647
    -0.000842394165866    -0.003289627597192     0.006327142666885
1 291
     0.012910522048403     0.000200364702276     0.010016414056484
     0.005041465760099    -0.006405325715472     0.005041465760099
     0.010016414056484     0.000200364702276     0.012910522048403
1 292
    -0.024937209726400    -0.009682121453909     0.001996139787502
    -0.001528612975563    -0.021809189341606     0.004262163306552
     0.007736826080250    -0.012816351843447    -0.006184179703006
1 293
    -0.021809189341606    -0.001528612975563    -0.004262163306552
    -0.009682121453909    -0.024937209726400    -0.001996139787502
     0.012816351843447    -0.007736826080250    -0.006184179703006
1 294
     0.033343684797896     0.001562739532808     0.013608727192067
     0.001531977993415    -0.002795627603283    -0.004660884708347
     0.009526036249092     0.007806284375978     0.020452686685625
1 295
     0.004851074644363     0.002722613548490     0.018180065036466
    -0.009368280871849    -0.005408005026909    -0.009368280871849
     0.018180065036466     0.002722613548490     0.004851074644363
1 296
    -0.024980467192210    -0.000107858027081    -0.014349017834025
    -0.000107858027081    -0.024980467192210     0.014349017834025
     0.000546673056695    -0.000546673056695    -0.002481483353511
1 297
    -0.006405325715472     0.005041465760099    -0.005041465760099
     0.000200364702276     0.012910522048403    -0.010016414056484
    -0.000200364702276    -0.010016414056484     0.012910522048403
1 298
    -0.001286960851701    -0.000589338370463     0.000589338370463
    -0.004835858044954     0.000574188198506     0.001063600911877
     0.004835858044954     0.001063600911877     0.000574188198506
1 299
    -0.003685009603033     0.001495993369347    -0.001495993369347
     0.001495993369347    -0.003685009603033     0.001495993369347
    -0.001495993369347     0.001495993369347    -0.003685009603033
1 300
    -0.005408005026909    -0.009368280871849     0.009368280871849
     0.002722613548490     0.004851074644363    -0.018180065036466
    -0.002722613548490    -0.018180065036466     0.004851074644363
1 301
    -0.002427384950323     0.000907287956274    -0.004367475269647
     0.000020396031780     0.007282147259551    -0.000427969347428
     0.003289627597192     0.000842394165866     0.006327142666885
1 302
    -0.004621794132877     0.003963566843717     0.000801662835849
     0.003963566843717    -0.004621794132877    -0.000801662835849
     0.002393944492387    -0.002393944492387     0.000058211202855
1 303
     0.000574188198506    -0.004835858044954    -0.001063600911877
    -0.000589338370463    -0.001286960851701    -0.000589338370463
    -0.001063600911877    -0.004835858044954     0.000574188198506
1 304
    -0.002795627603283     0.001531977993415     0.004660884708347
     0.001562739532808     0.033343684797896    -0.013608727192067
    -0.007806284375978    -0.009526036249092     0.020452686685625
1 305
     0.055395624211942    -0.035184424530791    -0.011546559605039
    -0.035184424530791     0.055395624211942     0.011546559605039
    -0.066029831252551     0.066029831252551     0.034545616791917
1 306
    -0.012403157828142    -0.001984752248240     0.000563875832674
    -0.014791330736116    -0.013395088414789    -0.005063760664051
    -0.017350363232069    -0.001185650659763     0.003759738431651
1 307
    -0.006184179703006    -0.012816351843447     0.007736826080250
     0.004262163306552    -0.021809189341606    -0.001528612975563
     0.001996139787502    -0.009682121453909    -0.024937209726400
1 308
    -0.004890631159774     0.014398333470723    -0.015867280485360
    -0.086074927541150     0.042095783073395    -0.086074927541150
    -0.015867280485360     0.014398333470723    -0.004890631159774
1 309
     0.042095783073395    -0.086074927541150     0.086074927541150
     0.014398333470723    -0.004890631159774     0.015867280485360
    -0.014398333470723     0.015867280485360    -0.004890631159774
1 310
    -0.024192525392211    -0.025382577335966     0.025382577335966
     0.023186522653989     0.004429128356242    -0.000744102620727
    -0.023186522653989    -0.000744102620727     0.004429128356242
1 311
    -0.002481483353511    -0.000546673056695     0.000546673056695
     0.014349017834025    -0.024980467192210    -0.000107858027081
    -0.014349017834025    -0.000107858027081    -0.024980467192210
1 312
     0.142596571563510    -0.136078568993786     0.136078568993786
    -0.136078568993786     0.142596571563510    -0.136078568993786
     0.136078568993786    -0.136078568993786     0.142596571563510
1 313
    -0.021809189341606     0.004262163306552     0.001528612975563
    -0.012816351843447    -0.006184179703006    -0.007736826080250
     0.009682121453909    -0.001996139787502    -0.024937209726400
1 314
     0.033343684797896    -0.013608727192067    -0.001562739532808
    -0.009526036249092     0.020452686685625     0.007806284375978
    -0.001531977993415    -0.004660884708347    -0.002795627603283
1 315
     0.004851074644363    -0.018180065036466    -0.002722613548490
    -0.018180065036466     0.004851074644363     0.002722613548490
     0.009368280871849    -0.009368280871849    -0.005408005026909
1 316
    -0.024980467192210     0.014349017834025     0.000107858027081
    -0.000546673056695    -0.002481483353511    -0.000546673056695
     0.000107858027081     0.014349017834025    -0.024980467192210
1 317
    -0.013395088414789    -0.014791330736116     0.005063760664051
    -0.001984752248240    -0.012403157828142    -0.000563875832674
     0.001185650659763     0.017350363232069     0.003759738431651
1 318
    -0.007435199582941     0.022418486272618     0.005620155832391
     0.022418486272618    -0.007435199582941    -0.005620155832391
    -0.005420959301851     0.005420959301851     0.002718659225551
1 319
     0.020452686685625    -0.009526036249092    -0.007806284375978
    -0.013608727192067     0.033343684797896     0.001562739532808
     0.004660884708347     0.001531977993415    -0.002795627603283
1 320
     0.004429128356242     0.023186522653989     0.000744102620727
    -0.025382577335966    -0.024192525392211    -0.025382577335966
     0.000744102620727     0.023186522653989     0.004429128356242
1 321
    -0.097716681280580     0.128132930555051    -0.391914210768494
     0.128132930555051    -0.097716681280580     0.391914210768494
    -0.776333288385880     0.776333288385880    -3.227295678573934
1 322
     0.067157213771902     0.010529895283115     0.042901120288512
     0.008371015223058    -0.038761507781503    -0.001701337273165
     0.016552100525650    -0.028853573322022    -0.022148841679327
1 323
     0.026658842441552     0.005035574606454    -0.000577719284571
    -0.001671686018850     0.000351440338849     0.005750121817988
     0.020655623073782    -0.000370103566669     0.014139526019100
1 324
     0.038486548054468    -0.001141603657898     0.041828839224832
    -0.005192728342039    -0.018548625591496     0.008611066448624
    -0.129889194674885    -0.064693803392025    -0.149260472235013
1 325
    -0.018548625591496    -0.005192728342039    -0.008611066448624
    -0.001141603657898     0.038486548054468    -0.041828839224832
     0.064693803392025     0.129889194674885    -0.149260472235013
1 326
    -0.004583554776036     0.006535161693399     0.009250972136142
     0.001232364243739    -0.003440883536332     0.016779849412967
     0.015028979190897     0.011696026751622     0.003392391598446
1 327
     0.011183540985783    -0.002274906748635    -0.007782509091922
    -0.001612744115630     0.012355091025055     0.004321547425880
    -0.000642673808520     0.005825659161759     0.001696635168480
1 328
    -0.010012920928746     0.015828760235884    -0.007148876040615
     0.015828760235884    -0.010012920928746     0.007148876040615
     0.001919613625739    -0.001919613625739     0.009753865798217
1 329
     0.000351440338849    -0.001671686018850    -0.005750121817988
     0.005035574606454     0.026658842441552     0.000577719284571
     0.000370103566669    -0.020655623073782     0.014139526019100
1 330
     0.003063223388539     0.004885775323309     0.003043396733653
     0.004970544165575     0.005074019888033     0.005095991196008
     0.002238874676487     0.002053908774178     0.001418384442460
1 331
    -0.004727068137508    -0.004330114651251     0.004547948787717
    -0.004330114651251    -0.004727068137508    -0.004547948787717
    -0.004266052151210     0.004266052151210    -0.004093867812691
1 332
     0.012355091025055    -0.001612744115630    -0.004321547425880
    -0.002274906748635     0.011183540985783     0.007782509091922
    -0.005825659161759     0.000642673808520     0.001696635168480
1 333
    -0.038761507781503     0.008371015223058     0.001701337273165
     0.010529895283115     0.067157213771902    -0.042901120288512
     0.028853573322022    -0.016552100525650    -0.022148841679327
1 334
    -0.012936785509650     0.011668239257899     0.010459903670965
     0.011668239257899    -0.012936785509650    -0.010459903670965
     0.005622294791849    -0.005622294791849    -0.009307963923195
1 335
     0.005074019888033     0.004970544165575    -0.005095991196008
     0.004885775323309     0.003063223388539    -0.003043396733653
    -0.002053908774178    -0.002238874676487     0.001418384442460
1 336
    -0.003440883536332     0.001232364243739    -0.016779849412967
     0.006535161693399    -0.004583554776036    -0.009250972136142
    -0.011696026751622    -0.015028979190897     0.003392391598446
1 337
     0.027190185023516    -0.009896495676362     0.079911852744174
    -0.009896495676362     0.027190185023516    -0.079911852744174
     0.027819964341677    -0.027819964341677     0.566268739951908
1 338
    -0.003891875641262    -0.001047254099266     0.012008988595235
    -0.004258008752644    -0.001043867255229    -0.007311734933370
     0.030046364917864    -0.003206769963598    -0.002327447905760
1 339
     0.001783643560135     0.009629277577964     0.011530286811433
     0.003219095076926    -0.001621655813995     0.008917239420914
    -0.009105725970778     0.005919765786220    -0.007527256450335
1 340
     0.018898781036400    -0.000960071098676    -0.007398749018794
     0.001772255071842    -0.005521781727522    -0.001623127653514
    -0.051131090399231     0.009927223053137     0.005144842790550
1 341
    -0.005521781727522     0.001772255071842     0.001623127653514
    -0.000960071098676     0.018898781036400     0.007398749018794
    -0.009927223053137     0.051131090399231     0.005144842790550
1 342
     0.000033879827297     0.003660855683363    -0.001766016598250
     0.001162217001885     0.000022097520007    -0.009979880932608
    -0.006068851450237     0.001461695999013    -0.009196396405199
1 343
     0.001387903795702    -0.000795376914177    -0.003300024420538
    -0.003184072699926    -0.003867308923228    -0.000463238454446
    -0.004483068282772    -0.006840594475638     0.004855842227466
1 344
    -0.000827321808622     0.001204092779598     0.001932990188525
     0.001204092779598    -0.000827321808622    -0.001932990188525
    -0.000553182933307     0.000553182933307    -0.006289233548545
1 345
    -0.001621655813995     0.003219095076926    -0.008917239420914
     0.009629277577964     0.001783643560135    -0.011530286811433
    -0.005919765786220     0.009105725970778    -0.007527256450335
1 346
     0.001952027307356     0.000475275083446     0.002226910168570
     0.002510683851132     0.002821731639257     0.000194050311755
    -0.000555931126115     0.004743190046287     0.005531077755545
1 347
     0.001650363800611    -0.001168964118898     0.002798655739835
    -0.001168964118898     0.001650363800611    -0.002798655739835
    -0.002611488246602     0.002611488246602     0.012922456189551
1 348
    -0.003867308923228    -0.003184072699926     0.000463238454446
    -0.000795376914177     0.001387903795702     0.003300024420538
     0.006840594475638     0.004483068282772     0.004855842227466
1 349
    -0.001043867255229    -0.004258008752644     0.007311734933370
    -0.001047254099266    -0.003891875641262    -0.012008988595235
     0.003206769963598    -0.030046364917864    -0.002327447905760
1 350
     0.001557623680863     0.002004560872787    -0.002195220544727
     0.002004560872787     0.001557623680863     0.002195220544727
     0.003690057129877    -0.003690057129877    -0.011034709643338
1 351
     0.002821731639257     0.002510683851132    -0.000194050311755
     0.000475275083446     0.001952027307356    -0.002226910168570
    -0.004743190046287     0.000555931126115     0.005531077755545
1 352
     0.000022097520007     0.001162217001885     0.009979880932608
     0.003660855683363     0.000033879827297     0.001766016598250
    -0.001461695999013     0.006068851450237    -0.009196396405199
1 353
     0.061986845812167    -0.002582506959180    -0.086578632565325
    -0.002582506959180     0.061986845812167     0.086578632565325
     0.018111525335572    -0.018111525335572     0.371412850893318
1 354
    -0.010233383688858     0.001211760389368     0.019992488704093
     0.003356064399169     0.001323541423794    -0.004634554819651
     0.008553705515438     0.004829856811763    -0.006854981682465
1 355
    -0.000024439557110    -0.000772890319981    -0.007386496026548
     0.000747179154251     0.002159903040735    -0.005620351318481
    -0.001832459093997    -0.000601407264158    -0.009319989164655
1 356
    -0.000492027102593    -0.011259174174607    -0.005586444920329
    -0.001082342903579    -0.003896111805869     0.003956538834069
     0.008444111837581    -0.012621046055488     0.033093325951375
1 357
    -0.003896111805869    -0.001082342903579    -0.003956538834069
    -0.011259174174607    -0.000492027102593     0.005586444920329
     0.012621046055488    -0.008444111837581     0.033093325951375
1 358
    -0.000737694282938    -0.002258933826897    -0.004086630082598
     0.004384738779168    -0.003379087156603     0.004731620306396
     0.003806027829721    -0.002068987774084    -0.007756070072573
1 359
     0.001454209640978     0.001904471994367    -0.001319458041938
     0.005060444992202    -0.000206640185303     0.001948202043056
     0.001528125209298     0.000429271322751     0.001720989319115
1 360
    -0.002822160569764    -0.000953739626847    -0.002154179853226
    -0.000953739626847    -0.002822160569764     0.002154179853226
    -0.001787440355448     0.001787440355448    -0.008007871340733
1 361
     0.002159903040735     0.000747179154251     0.005620351318481
    -0.000772890319981    -0.000024439557110     0.007386496026548
     0.000601407264158     0.001832459093997    -0.009319989164655
1 362
    -0.004210073855014    -0.000028570387047     0.001390897769498
     0.000368338498083    -0.000367280405824     0.004042355329948
     0.000484798862115     0.001119341018641    -0.001939694602197
1 363
     0.005191448192901    -0.001179228087619     0.001323969405409
    -0.001179228087619     0.005191448192901    -0.001323969405409
     0.001165561142582    -0.001165561142582     0.007308520800475
1 364
    -0.000206640185303     0.005060444992202    -0.001948202043056
     0.001904471994367     0.001454209640978     0.001319458041938
    -0.000429271322751    -0.001528125209298     0.001720989319115
1 365
     0.001323541423794     0.003356064399169     0.004634554819651
     0.001211760389368    -0.010233383688858    -0.019992488704093
    -0.004829856811763    -0.008553705515438    -0.006854981682465
1 366
    -0.000380459584597     0.000874127441943    -0.000529800519355
     0.000874127441943    -0.000380459584597     0.000529800519355
    -0.000199258213045     0.000199258213045    -0.011877326815174
1 367
    -0.000367280405824     0.000368338498083    -0.004042355329948
    -0.000028570387047    -0.004210073855014    -0.001390897769498
    -0.001119341018641    -0.000484798862115    -0.001939694602197
1 368
    -0.003379087156603     0.004384738779168    -0.004731620306396
    -0.002258933826897    -0.000737694282938     0.004086630082598
     0.002068987774084    -0.003806027829721    -0.007756070072573
1 369
    -0.268589638299972     0.386130447312640     1.024672609858512
     0.386130447312640    -0.268589638299972    -1.024672609858512
     0.783838787044600    -0.783838787044600    -5.141374436415795
1 370
     0.084063260843933    -0.002061048761296    -0.049735008452484
    -0.026822098949151     0.029738503742947    -0.011151673906051
    -0.194294019329944     0.004535724264319     0.055771686308530
1 371
    -0.014428143201557     0.000872927954474    -0.013580451932079
    -0.006986539076742    -0.020337243608297    -0.008705296438094
     0.014341763971516    -0.005290887032554     0.012756046282469
1 372
    -0.188657585010108     0.065231261082573    -0.055926337632293
    -0.018851094766710     0.008273174434750    -0.048256467436019
     0.224543106170711     0.066476528357257     0.089980218652763
1 373
     0.008273174434750    -0.018851094766710     0.048256467436019
     0.065231261082573    -0.188657585010108     0.055926337632293
    -0.066476528357257    -0.224543106170711     0.089980218652763
1 374
     0.009524862383654    -0.027208485748003    -0.004827898155010
     0.009695461956155    -0.022732847834532    -0.003680658614139
    -0.007440761446978     0.013122779137447     0.004300358062267
1 375
    -0.007233951397410    -0.000501730235075     0.001901135445363
    -0.008704903567989     0.018452237663474    -0.008010990577598
     0.003877207541801    -0.006092751997225    -0.001907961326120
1 376
    -0.019873694843405     0.049790015960890    -0.024011954131163
     0.049790015960890    -0.019873694843405     0.024011954131163
    -0.003106481803241     0.003106481803241     0.004314600078034
1 377
    -0.020337243608297    -0.006986539076742     0.008705296438094
     0.000872927954474    -0.014428143201557     0.013580451932079
     0.005290887032554    -0.014341763971516     0.012756046282469
1 378
     0.003191629281256     0.007059914685977    -0.011061619347644
     0.033602249315348    -0.016389745531440     0.001750651011939
    -0.004905697823248    -0.007200729200644    -0.002305887498090
1 379
     0.014295269597740    -0.012678000833107     0.004568583008860
    -0.012678000833107     0.014295269597740    -0.004568583008860
     0.001796461184467    -0.001796461184467    -0.002943392312747
1 380
     0.018452237663474    -0.008704903567989     0.008010990577598
    -0.000501730235075    -0.007233951397410    -0.001901135445363
     0.006092751997225    -0.003877207541801    -0.001907961326120
1 381
     0.029738503742947    -0.026822098949151     0.011151673906051
    -0.002061048761296     0.084063260843933     0.049735008452483
    -0.004535724264319     0.194294019329944     0.055771686308530
1 382
    -0.001983050760013     0.006042551928312    -0.007404397238268
     0.006042551928312    -0.001983050760013     0.007404397238268
     0.009759402989111    -0.009759402989111    -0.007466735475005
1 383
    -0.016389745531440     0.033602249315348    -0.001750651011939
     0.007059914685977     0.003191629281256     0.011061619347644
     0.007200729200644     0.004905697823248    -0.002305887498090
1 384
    -0.022732847834532     0.009695461956155     0.003680658614139
    -0.027208485748003     0.009524862383654     0.004827898155010
    -0.013122779137447     0.007440761446978     0.004300358062267
1 385
    -0.097716681280580     0.391914210768494    -0.128132930555051
     0.776333288385880    -3.227295678573936     0.776333288385880
    -0.128132930555051     0.391914210768494    -0.097716681280580
1 386
     0.067157213771902    -0.042901120288512    -0.010529895283115
    -0.016552100525650    -0.022148841679327    -0.028853573322022
    -0.008371015223058    -0.001701337273165    -0.038761507781503
1 387
     0.026658842441552     0.000577719284571    -0.005035574606454
    -0.020655623073782     0.014139526019100    -0.000370103566669
     0.001671686018850     0.005750121817988     0.000351440338849
1 388
     0.038486548054468    -0.041828839224832     0.001141603657898
     0.129889194674885    -0.149260472235013    -0.064693803392025
     0.005192728342039     0.008611066448624    -0.018548625591496
1 389
    -0.268589638299972    -1.024672609858512    -0.386130447312640
    -0.783838787044600    -5.141374436415798    -0.783838787044600
    -0.386130447312640    -1.024672609858512    -0.268589638299972
1 390
     0.084063260843933     0.049735008452484     0.002061048761296
     0.194294019329944     0.055771686308530     0.004535724264319
     0.026822098949151    -0.011151673906051     0.029738503742947
1 391
    -0.014428143201557     0.013580451932079    -0.000872927954474
    -0.014341763971516     0.012756046282469    -0.005290887032554
     0.006986539076742    -0.008705296438094    -0.020337243608297
1 392
    -0.188657585010108     0.055926337632293    -0.065231261082573
    -0.224543106170711     0.089980218652763     0.066476528357257
     0.018851094766710    -0.048256467436019     0.008273174434750
1 393
     0.061986845812167     0.086578632565325     0.002582506959180
    -0.018111525335572     0.371412850893318    -0.018111525335572
     0.002582506959180     0.086578632565325     0.061986845812167
1 394
    -0.010233383688858    -0.019992488704093    -0.001211760389368
    -0.008553705515438    -0.006854981682465     0.004829856811763
    -0.003356064399169    -0.004634554819651     0.001323541423794
1 395
    -0.000024439557110     0.007386496026548     0.000772890319981
     0.001832459093997    -0.009319989164655    -0.000601407264158
    -0.000747179154251    -0.005620351318481     0.002159903040735
1 396
    -0.000492027102593     0.005586444920329     0.011259174174607
    -0.008444111837581     0.033093325951375    -0.012621046055488
     0.001082342903579     0.003956538834069    -0.003896111805869
1 397
     0.027190185023516    -0.079911852744174     0.009896495676362
    -0.027819964341677     0.566268739951909    -0.027819964341677
     0.009896495676362    -0.079911852744174     0.027190185023516
1 398
    -0.003891875641262    -0.012008988595235     0.001047254099266
    -0.030046364917864    -0.002327447905760    -0.003206769963598
     0.004258008752644    -0.007311734933370    -0.001043867255229
1 399
     0.001783643560135    -0.011530286811433    -0.009629277577964
     0.009105725970778    -0.007527256450335     0.005919765786220
    -0.003219095076926     0.008917239420914    -0.001621655813995
1 400
     0.018898781036400     0.007398749018794     0.000960071098676
     0.051131090399231     0.005144842790550     0.009927223053137
    -0.001772255071842    -0.001623127653514    -0.005521781727522
1 401
    -0.038761507781503    -0.001701337273165    -0.008371015223058
    -0.028853573322022    -0.022148841679327    -0.016552100525650
    -0.010529895283115    -0.042901120288512     0.067157213771902
1 402
    -0.012936785509650    -0.010459903670965    -0.011668239257899
    -0.005622294791849    -0.009307963923195    -0.005622294791849
    -0.011668239257899    -0.010459903670965    -0.012936785509650
1 403
     0.005074019888033     0.005095991196008    -0.004970544165575
     0.002053908774178     0.001418384442460    -0.002238874676487
    -0.004885775323309    -0.003043396733653     0.003063223388539
1 404
    -0.003440883536332     0.016779849412967    -0.001232364243739
     0.011696026751622     0.003392391598446    -0.015028979190897
    -0.006535161693399    -0.009250972136142    -0.004583554776036
1 405
     0.029738503742947    -0.011151673906051     0.026822098949151
     0.004535724264319     0.055771686308530     0.194294019329944
     0.002061048761296     0.049735008452484     0.084063260843933
1 406
    -0.001983050760013     0.007404397238268    -0.006042551928312
    -0.009759402989111    -0.007466735475005    -0.009759402989111
    -0.006042551928312     0.007404397238268    -0.001983050760013
1 407
    -0.016389745531440     0.001750651011939    -0.033602249315348
    -0.007200729200644    -0.002305887498090     0.004905697823248
    -0.007059914685977     0.011061619347644     0.003191629281256
1 408
    -0.022732847834532    -0.003680658614139    -0.009695461956155
     0.013122779137447     0.004300358062267     0.007440761446978
     0.027208485748003     0.004827898155010     0.009524862383654
1 409
     0.001323541423794    -0.004634554819651    -0.003356064399169
     0.004829856811763    -0.006854981682465    -0.008553705515438
    -0.001211760389368    -0.019992488704093    -0.010233383688858
1 410
    -0.000380459584597     0.000529800519355    -0.000874127441943
     0.000199258213045    -0.011877326815174     0.000199258213045
    -0.000874127441943     0.000529800519355    -0.000380459584597
1 411
    -0.000367280405824     0.004042355329948    -0.000368338498083
     0.001119341018641    -0.001939694602197    -0.000484798862115
     0.000028570387047    -0.001390897769498    -0.004210073855014
1 412
    -0.003379087156603     0.004731620306396    -0.004384738779168
    -0.002068987774084    -0.007756070072573    -0.003806027829721
     0.002258933826897     0.004086630082598    -0.000737694282938
1 413
    -0.001043867255229    -0.007311734933370     0.004258008752644
    -0.003206769963598    -0.002327447905760    -0.030046364917864
     0.001047254099266    -0.012008988595235    -0.003891875641262
1 414
     0.001557623680863     0.002195220544727    -0.002004560872787
    -0.003690057129877    -0.011034709643338    -0.003690057129877
    -0.002004560872787     0.002195220544727     0.001557623680863
1 415
     0.002821731639257     0.000194050311755    -0.002510683851132
     0.004743190046287     0.005531077755545     0.000555931126115
    -0.000475275083446    -0.002226910168570     0.001952027307356
1 416
     0.000022097520007    -0.009979880932608    -0.001162217001885
     0.001461695999013    -0.009196396405199     0.006068851450237
    -0.003660855683363     0.001766016598250     0.000033879827297
1 417
     0.000351440338849     0.005750121817988     0.001671686018850
    -0.000370103566669     0.014139526019100    -0.020655623073782
    -0.005035574606454     0.000577719284571     0.026658842441552
1 418
     0.003063223388539    -0.003043396733653    -0.004885775323309
    -0.002238874676487     0.001418384442460     0.002053908774178
    -0.004970544165575     0.005095991196008     0.005074019888033
1 419
    -0.004727068137508    -0.004547948787717     0.004330114651251
     0.004266052151210    -0.004093867812691     0.004266052151210
     0.004330114651251    -0.004547948787717    -0.004727068137508
1 420
     0.012355091025055     0.004321547425880     0.001612744115630
     0.005825659161759     0.001696635168480     0.000642673808520
     0.002274906748635     0.007782509091922     0.011183540985783
1 421
    -0.020337243608297    -0.008705296438094     0.006986539076742
    -0.005290887032554     0.012756046282469    -0.014341763971516
    -0.000872927954474     0.013580451932079    -0.014428143201557
1 422
     0.003191629281256     0.011061619347644    -0.007059914685977
     0.004905697823248    -0.002305887498090    -0.007200729200644
    -0.033602249315348     0.001750651011939    -0.016389745531440
1 423
     0.014295269597740    -0.004568583008860     0.012678000833107
    -0.001796461184467    -0.002943392312747    -0.001796461184467
     0.012678000833107    -0.004568583008860     0.014295269597740
1 424
     0.018452237663474    -0.008010990577598     0.008704903567989
    -0.006092751997225    -0.001907961326120    -0.003877207541801
     0.000501730235075    -0.001901135445363    -0.007233951397410
1 425
     0.002159903040735    -0.005620351318481    -0.000747179154251
    -0.000601407264158    -0.009319989164655     0.001832459093997
     0.000772890319981     0.007386496026548    -0.000024439557110
1 426
    -0.004210073855014    -0.001390897769498     0.000028570387047
    -0.000484798862115    -0.001939694602197     0.001119341018641
    -0.000368338498083     0.004042355329948    -0.000367280405824
1 427
     0.005191448192901    -0.001323969405409     0.001179228087619
    -0.001165561142582     0.007308520800475    -0.001165561142582
     0.001179228087619    -0.001323969405409     0.005191448192901
1 428
    -0.000206640185303     0.001948202043056    -0.005060444992202
     0.000429271322751     0.001720989319115    -0.001528125209298
    -0.001904471994367     0.001319458041938     0.001454209640978
1 429
    -0.001621655813995     0.008917239420914    -0.003219095076926
     0.005919765786220    -0.007527256450335     0.009105725970778
    -0.009629277577964    -0.011530286811433     0.001783643560135
1 430
     0.001952027307356    -0.002226910168570    -0.000475275083446
     0.000555931126115     0.005531077755545     0.004743190046287
    -0.002510683851132     0.000194050311755     0.002821731639257
1 431
     0.001650363800611    -0.002798655739835     0.001168964118898
     0.002611488246602     0.012922456189551     0.002611488246602
     0.001168964118898    -0.002798655739835     0.001650363800611
1 432
    -0.003867308923228    -0.000463238454446     0.003184072699926
    -0.006840594475638     0.004855842227466     0.004483068282772
     0.000795376914177     0.003300024420538     0.001387903795702
1 433
    -0.018548625591496     0.008611066448624     0.005192728342039
    -0.064693803392025    -0.149260472235013     0.129889194674885
     0.001141603657898    -0.041828839224832     0.038486548054468
1 434
    -0.004583554776036    -0.009250972136142    -0.006535161693399
    -0.015028979190897     0.003392391598446     0.011696026751622
    -0.001232364243739     0.016779849412967    -0.003440883536332
1 435
     0.011183540985783     0.007782509091922     0.002274906748635
     0.000642673808520     0.001696635168480     0.005825659161759
     0.001612744115630     0.004321547425880     0.012355091025055
1 436
    -0.010012920928746     0.007148876040615    -0.015828760235884
    -0.001919613625739     0.009753865798217    -0.001919613625739
    -0.015828760235884     0.007148876040615    -0.010012920928746
1 437
     0.008273174434750    -0.048256467436019     0.018851094766710
     0.066476528357257     0.089980218652763    -0.224543106170711
    -0.065231261082573     0.055926337632293    -0.188657585010108
1 438
     0.009524862383654     0.004827898155010     0.027208485748003
     0.007440761446978     0.004300358062267     0.013122779137447
    -0.009695461956155    -0.003680658614139    -0.022732847834532
1 439
    -0.007233951397410    -0.001901135445363     0.000501730235075
    -0.003877207541801    -0.001907961326120    -0.006092751997225
     0.008704903567989    -0.008010990577598     0.018452237663474
1 440
    -0.019873694843405     0.024011954131163    -0.049790015960890
     0.003106481803241     0.004314600078034     0.003106481803241
    -0.049790015960890     0.024011954131163    -0.019873694843405
1 441
    -0.003896111805869     0.003956538834069     0.001082342903579
    -0.012621046055488     0.033093325951375    -0.008444111837581
     0.011259174174607     0.005586444920329    -0.000492027102593
1 442
    -0.000737694282938     0.004086630082598     0.002258933826897
    -0.003806027829721    -0.007756070072573    -0.002068987774084
    -0.004384738779168     0.004731620306396    -0.003379087156603
1 443
     0.001454209640978     0.001319458041938    -0.001904471994367
    -0.001528125209298     0.001720989319115     0.000429271322751
    -0.005060444992202     0.001948202043056    -0.000206640185303
1 444
    -0.002822160569764     0.002154179853226     0.000953739626847
     0.001787440355448    -0.008007871340733     0.001787440355448
     0.000953739626847     0.002154179853226    -0.002822160569764
1 445
    -0.005521781727522    -0.001623127653514    -0.001772255071842
     0.009927223053137     0.005144842790550     0.051131090399231
     0.000960071098676     0.007398749018794     0.018898781036400
1 446
     0.000033879827297     0.001766016598250    -0.003660855683363
     0.006068851450237    -0.009196396405199     0.001461695999013
    -0.001162217001885    -0.009979880932608     0.000022097520007
1 447
     0.001387903795702     0.003300024420538     0.000795376914177
     0.004483068282772     0.004855842227466    -0.006840594475638
     0.003184072699926    -0.000463238454446    -0.003867308923228
1 448
    -0.000827321808622    -0.001932990188525    -0.001204092779598
     0.000553182933307    -0.006289233548545     0.000553182933307
    -0.001204092779598    -0.001932990188525    -0.000827321808622
1 449
    -3.227295678573934     0.776333288385880    -0.776333288385880
     0.391914210768494    -0.097716681280580     0.128132930555051
    -0.391914210768494     0.128132930555051    -0.097716681280580
1 450
     0.566268739951909    -0.027819964341677     0.027819964341677
    -0.079911852744174     0.027190185023516    -0.009896495676362
     0.079911852744174    -0.009896495676362     0.027190185023516
1 451
     0.371412850893318    -0.018111525335572     0.018111525335572
     0.086578632565325     0.061986845812167    -0.002582506959180
    -0.086578632565325    -0.002582506959180     0.061986845812167
1 452
    -5.141374436415796    -0.783838787044600     0.783838787044600
    -1.024672609858512    -0.268589638299972     0.386130447312640
     1.024672609858512     0.386130447312640    -0.268589638299972
1 453
    -0.149260472235013     0.129889194674885     0.064693803392025
    -0.041828839224832     0.038486548054468    -0.001141603657898
    -0.008611066448624    -0.005192728342039    -0.018548625591496
1 454
     0.005144842790550     0.051131090399231    -0.009927223053137
     0.007398749018794     0.018898781036400    -0.000960071098676
     0.001623127653514     0.001772255071842    -0.005521781727522
1 455
     0.033093325951375    -0.008444111837581     0.012621046055488
     0.005586444920329    -0.000492027102593    -0.011259174174607
    -0.003956538834069    -0.001082342903579    -0.003896111805869
1 456
     0.089980218652763    -0.224543106170711    -0.066476528357257
     0.055926337632293    -0.188657585010108     0.065231261082573
     0.048256467436019    -0.018851094766710     0.008273174434750
1 457
     0.014139526019100    -0.020655623073782     0.000370103566669
     0.000577719284571     0.026658842441552     0.005035574606454
    -0.005750121817988    -0.001671686018850     0.000351440338849
1 458
    -0.007527256450335     0.009105725970778    -0.005919765786220
    -0.011530286811433     0.001783643560135     0.009629277577964
    -0.008917239420914     0.003219095076926    -0.001621655813995
1 459
    -0.009319989164655     0.001832459093997     0.000601407264158
     0.007386496026548    -0.000024439557110    -0.000772890319981
     0.005620351318481     0.000747179154251     0.002159903040735
1 460
     0.012756046282469    -0.014341763971516     0.005290887032554
     0.013580451932079    -0.014428143201557     0.000872927954474
     0.008705296438094    -0.006986539076742    -0.020337243608297
1 461
    -0.022148841679327    -0.016552100525650     0.028853573322022
    -0.042901120288512     0.067157213771902     0.010529895283115
     0.001701337273165     0.008371015223058    -0.038761507781503
1 462
    -0.002327447905760    -0.030046364917864     0.003206769963598
    -0.012008988595235    -0.003891875641262    -0.001047254099266
     0.007311734933370    -0.004258008752644    -0.001043867255229
1 463
    -0.006854981682465    -0.008553705515438    -0.004829856811763
    -0.019992488704093    -0.010233383688858     0.001211760389368
     0.004634554819651     0.003356064399169     0.001323541423794
1 464
     0.055771686308530     0.194294019329944    -0.004535724264319
     0.049735008452483     0.084063260843933    -0.002061048761296
     0.011151673906051    -0.026822098949151     0.029738503742947
1 465
    -0.022148841679327    -0.028853573322022     0.016552100525650
    -0.001701337273165    -0.038761507781503     0.008371015223058
     0.042901120288512     0.010529895283115     0.067157213771902
1 466
    -0.002327447905760    -0.003206769963598     0.030046364917864
    -0.007311734933370    -0.001043867255229    -0.004258008752644
     0.012008988595235    -0.001047254099266    -0.003891875641262
1 467
    -0.006854981682465     0.004829856811763     0.008553705515438
    -0.004634554819651     0.001323541423794     0.003356064399169
     0.019992488704093     0.001211760389368    -0.010233383688858
1 468
     0.055771686308530     0.004535724264319    -0.194294019329944
    -0.011151673906051     0.029738503742947    -0.026822098949151
    -0.049735008452483    -0.002061048761296     0.084063260843933
1 469
     0.003392391598446     0.011696026751622     0.015028979190897
     0.016779849412967    -0.003440883536332     0.001232364243739
     0.009250972136142     0.006535161693399    -0.004583554776036
1 470
    -0.009196396405199     0.001461695999013    -0.006068851450237
    -0.009979880932608     0.000022097520007     0.001162217001885
    -0.001766016598250     0.003660855683363     0.000033879827297
1 471
    -0.007756070072573    -0.002068987774084     0.003806027829721
     0.004731620306396    -0.003379087156603     0.004384738779168
    -0.004086630082598    -0.002258933826897    -0.000737694282938
1 472
     0.004300358062267     0.013122779137447    -0.007440761446978
    -0.003680658614139    -0.022732847834532     0.009695461956155
    -0.004827898155010    -0.027208485748003     0.009524862383654
1 473
     0.001418384442460     0.002053908774178     0.002238874676487
     0.005095991196008     0.005074019888033     0.004970544165575
     0.003043396733653     0.004885775323309     0.003063223388539
1 474
     0.005531077755545     0.004743190046287    -0.000555931126115
     0.000194050311755     0.002821731639257     0.002510683851132
     0.002226910168570     0.000475275083446     0.001952027307356
1 475
    -0.001939694602197     0.001119341018641     0.000484798862115
     0.004042355329948    -0.000367280405824     0.000368338498083
     0.001390897769498    -0.000028570387047    -0.004210073855014
1 476
    -0.002305887498090    -0.007200729200644    -0.004905697823248
     0.001750651011939    -0.016389745531440     0.033602249315348
    -0.011061619347644     0.007059914685977     0.003191629281256
1 477
    -0.009307963923195    -0.005622294791849     0.005622294791849
    -0.010459903670965    -0.012936785509650     0.011668239257899
     0.010459903670965     0.011668239257899    -0.012936785509650
1 478
    -0.011034709643338    -0.003690057129877     0.003690057129877
     0.002195220544727     0.001557623680863     0.002004560872787
    -0.002195220544727     0.002004560872787     0.001557623680863
1 479
    -0.011877326815174     0.000199258213045    -0.000199258213045
     0.000529800519355    -0.000380459584597     0.000874127441943
    -0.000529800519355     0.000874127441943    -0.000380459584597
1 480
    -0.007466735475005    -0.009759402989111     0.009759402989111
     0.007404397238268    -0.001983050760013     0.006042551928312
    -0.007404397238268     0.006042551928312    -0.001983050760013
1 481
     0.014139526019100    -0.000370103566669     0.020655623073782
     0.005750121817988     0.000351440338849    -0.001671686018850
    -0.000577719284571     0.005035574606454     0.026658842441552
1 482
    -0.007527256450335     0.005919765786220    -0.009105725970778
     0.008917239420914    -0.001621655813995     0.003219095076926
     0.011530286811433     0.009629277577964     0.001783643560135
1 483
    -0.009319989164655    -0.000601407264158    -0.001832459093997
    -0.005620351318481     0.002159903040735     0.000747179154251
    -0.007386496026548    -0.000772890319981    -0.000024439557110
1 484
     0.012756046282469    -0.005290887032554     0.014341763971516
    -0.008705296438094    -0.020337243608297    -0.006986539076742
    -0.013580451932079     0.000872927954474    -0.014428143201557
1 485
     0.001696635168480     0.005825659161759    -0.000642673808520
     0.004321547425880     0.012355091025055    -0.001612744115630
    -0.007782509091922    -0.002274906748635     0.011183540985783
1 486
     0.004855842227466    -0.006840594475638    -0.004483068282772
    -0.000463238454446    -0.003867308923228    -0.003184072699926
    -0.003300024420538    -0.000795376914177     0.001387903795702
1 487
     0.001720989319115     0.000429271322751     0.001528125209298
     0.001948202043056    -0.000206640185303     0.005060444992202
    -0.001319458041938     0.001904471994367     0.001454209640978
1 488
    -0.001907961326120    -0.006092751997225     0.003877207541801
    -0.008010990577598     0.018452237663474    -0.008704903567989
     0.001901135445363    -0.000501730235075    -0.007233951397410
1 489
    -0.004093867812691     0.004266052151210    -0.004266052151210
    -0.004547948787717    -0.004727068137508    -0.004330114651251
     0.004547948787717    -0.004330114651251    -0.004727068137508
1 490
     0.012922456189551     0.002611488246602    -0.002611488246602
    -0.002798655739835     0.001650363800611    -0.001168964118898
     0.002798655739835    -0.001168964118898     0.001650363800611
1 491
     0.007308520800475    -0.001165561142582     0.001165561142582
    -0.001323969405409     0.005191448192901    -0.001179228087619
     0.001323969405409    -0.001179228087619     0.005191448192901
1 492
    -0.002943392312747    -0.001796461184467     0.001796461184467
    -0.004568583008860     0.014295269597740    -0.012678000833107
     0.004568583008860    -0.012678000833107     0.014295269597740
1 493
     0.001418384442460    -0.002238874676487    -0.002053908774178
    -0.003043396733653     0.003063223388539     0.004885775323309
    -0.005095991196008     0.004970544165575     0.005074019888033
1 494
     0.005531077755545     0.000555931126115    -0.004743190046287
    -0.002226910168570     0.001952027307356     0.000475275083446
    -0.000194050311755     0.002510683851132     0.002821731639257
1 495
    -0.001939694602197    -0.000484798862115    -0.001119341018641
    -0.001390897769498    -0.004210073855014    -0.000028570387047
    -0.004042355329948     0.000368338498083    -0.000367280405824
1 496
    -0.002305887498090     0.004905697823248     0.007200729200644
     0.011061619347644     0.003191629281256     0.007059914685977
    -0.001750651011939     0.033602249315348    -0.016389745531440
1 497
    -0.149260472235013    -0.064693803392025    -0.129889194674885
     0.008611066448624    -0.018548625591496    -0.005192728342039
     0.041828839224832    -0.001141603657898     0.038486548054468
1 498
     0.005144842790550     0.009927223053137    -0.051131090399231
    -0.001623127653514    -0.005521781727522     0.001772255071842
    -0.007398749018794    -0.000960071098676     0.018898781036400
1 499
     0.033093325951375    -0.012621046055488     0.008444111837581
     0.003956538834069    -0.003896111805869    -0.001082342903579
    -0.005586444920329    -0.011259174174607    -0.000492027102593
1 500
     0.089980218652763     0.066476528357257     0.224543106170711
    -0.048256467436019     0.008273174434750    -0.018851094766710
    -0.055926337632293     0.065231261082573    -0.188657585010108
1 501
     0.009753865798217    -0.001919613625739     0.001919613625739
     0.007148876040615    -0.010012920928746     0.015828760235884
    -0.007148876040615     0.015828760235884    -0.010012920928746
1 502
    -0.006289233548545     0.000553182933307    -0.000553182933307
    -0.001932990188525    -0.000827321808622     0.001204092779598
     0.001932990188525     0.001204092779598    -0.000827321808622
1 503
    -0.008007871340733     0.001787440355448    -0.001787440355448
     0.002154179853226    -0.002822160569764    -0.000953739626847
    -0.002154179853226    -0.000953739626847    -0.002822160569764
1 504
     0.004314600078034     0.003106481803241    -0.003106481803241
     0.024011954131163    -0.019873694843405     0.049790015960890
    -0.024011954131163     0.049790015960890    -0.019873694843405
1 505
     0.001696635168480     0.000642673808520    -0.005825659161759
     0.007782509091922     0.011183540985783    -0.002274906748635
    -0.004321547425880    -0.001612744115630     0.012355091025055
1 506
     0.004855842227466     0.004483068282772     0.006840594475638
     0.003300024420538     0.001387903795702    -0.000795376914177
     0.000463238454446    -0.003184072699926    -0.003867308923228
1 507
     0.001720989319115    -0.001528125209298    -0.000429271322751
     0.001319458041938     0.001454209640978     0.001904471994367
    -0.001948202043056     0.005060444992202    -0.000206640185303
1 508
    -0.001907961326120    -0.003877207541801     0.006092751997225
    -0.001901135445363    -0.007233951397410    -0.000501730235075
     0.008010990577598    -0.008704903567989     0.018452237663474
1 509
     0.003392391598446    -0.015028979190897    -0.011696026751622
    -0.009250972136142    -0.004583554776036     0.006535161693399
    -0.016779849412967     0.001232364243739    -0.003440883536332
1 510
    -0.009196396405199     0.006068851450237    -0.001461695999013
     0.001766016598250     0.000033879827297     0.003660855683363
     0.009979880932608     0.001162217001885     0.000022097520007
1 511
    -0.007756070072573    -0.003806027829721     0.002068987774084
     0.004086630082598    -0.000737694282938    -0.002258933826897
    -0.004731620306396     0.004384738779168    -0.003379087156603
1 512
     0.004300358062267     0.007440761446978    -0.013122779137447
     0.004827898155010     0.009524862383654    -0.027208485748003
     0.003680658614139     0.009695461956155    -0.022732847834532
65 1
    -0.416538127463684     1.404395734842825    -0.215163606674766
     1.404395734842824    -0.416538127463684     0.215163606674766
     0.215163606674766    -0.215163606674766     0.367745228164741
65 2
    -0.675590995811535    -0.945573368122656     0.027000948793915
    -0.945573368122656     0.651474081778927     0.013361318667176
    -0.027000948793915    -0.013361318667176     0.165842517244247
65 3
    -0.064620377487762    -0.031145705621714     0.018500287385321
    -0.031145705621714    -0.122141328375256    -0.006908258284971
    -0.018500287385321     0.006908258284971    -0.042881937029599
65 4
     0.013825055326528     0.061941506324526    -0.027719062203161
     0.061941506324526    -0.072943104799541    -0.003383253098119
     0.027719062203161     0.003383253098119    -0.004014170221248
65 5
    -0.072943104799541     0.061941506324526     0.003383253098119
     0.061941506324526     0.013825055326528     0.027719062203161
    -0.003383253098119    -0.027719062203161    -0.004014170221248
65 6
    -0.065380700709205    -0.102679008387685     0.026520485737374
    -0.102679008387685    -0.162660318743365     0.047103538870324
    -0.026520485737374    -0.047103538870324    -0.024212992596114
65 7
     0.048699530966802     0.034983101377294    -0.019030491213358
     0.034983101377294     0.074862812372607     0.007881513307228
     0.019030491213358    -0.007881513307228     0.019416435796167
65 8
     0.010694043814754     0.009386099523909     0.011462514820477
     0.009386099523909     0.010694043814754    -0.011462514820477
    -0.011462514820477     0.011462514820477     0.009694513943575
65 9
    -0.122141328375256    -0.031145705621714     0.006908258284971
    -0.031145705621714    -0.064620377487762    -0.018500287385321
    -0.006908258284971     0.018500287385321    -0.042881937029599
65 10
    -0.064044851253460    -0.016674602928223     0.014836111285302
    -0.016674602928223    -0.125701695667364    -0.096872521097235
    -0.014836111285302     0.096872521097235    -0.028071758967039
65 11
     0.000440005027529    -0.013469390210619     0.011091007739594
    -0.013469390210619     0.000440005027529    -0.011091007739594
    -0.011091007739594     0.011091007739594     0.040629751268806
65 12
     0.074862812372607     0.034983101377294    -0.007881513307228
     0.034983101377294     0.048699530966801     0.019030491213358
     0.007881513307228    -0.019030491213358     0.019416435796167
65 13
     0.651474081778927    -0.945573368122656    -0.013361318667176
    -0.945573368122656    -0.675590995811536    -0.027000948793915
     0.013361318667176     0.027000948793915     0.165842517244247
65 14
    -0.820039486824613     1.229282589620773    -0.403040847271554
     1.229282589620772    -0.820039486824613     0.403040847271554
     0.403040847271554    -0.403040847271554     0.520829102767574
65 15
    -0.125701695667364    -0.016674602928223     0.096872521097235
    -0.016674602928223    -0.064044851253460    -0.014836111285302
    -0.096872521097235     0.014836111285302    -0.028071758967039
65 16
    -0.162660318743364    -0.102679008387685    -0.047103538870324
    -0.102679008387685    -0.065380700709204    -0.026520485737374
     0.047103538870324     0.026520485737374    -0.024212992596114
65 17
    -0.003214696639823    -0.036130623708723    -0.031804349505088
    -0.036130623708723    -0.003214696639823     0.031804349505088
     0.027069714347672    -0.027069714347672     0.047645690125037
65 18
     0.009310609628283     0.002547532979222     0.035451641680228
     0.040308491704850    -0.067039470411648     0.102280220558577
    -0.005405391586718     0.036290402272108     0.088407948698549
65 19
     0.002388914046983    -0.006744941992722    -0.031181921792414
    -0.011983938855744     0.011390870117274    -0.006090465948718
     0.010900471432663     0.020335123628139     0.008850348066392
65 20
     0.011875842639363     0.016803213796648     0.013727557113227
     0.007154232928876     0.011314877271933     0.006871468941462
    -0.012596060845386     0.009649330085643    -0.008012046771801
65 21
     0.011314877271933     0.007154232928876    -0.006871468941462
     0.016803213796648     0.011875842639363    -0.013727557113227
    -0.009649330085643     0.012596060845386    -0.008012046771801
65 22
     0.001700499340131    -0.019576816001145    -0.010145523129751
    -0.023221982502289    -0.069986428922175    -0.047839705325147
     0.014089680861758    -0.025218555965245    -0.000966864714742
65 23
    -0.007677685843990    -0.011405937729577    -0.008190388922170
    -0.015043208870167    -0.015678054694342     0.009892689391364
    -0.005205547864363    -0.005765996996680     0.010279651261012
65 24
     0.003438420032138     0.026993603831091     0.011941201420894
     0.026993603831091     0.003438420032138    -0.011941201420894
     0.008870726067837    -0.008870726067837     0.004431162929917
65 25
     0.011390870117274    -0.011983938855744     0.006090465948718
    -0.006744941992722     0.002388914046983     0.031181921792414
    -0.020335123628139    -0.010900471432663     0.008850348066392
65 26
     0.012827263953008     0.028969782211229    -0.007437596660025
     0.002454064056959    -0.066304564177836     0.092127728254798
     0.021760539876025     0.034232051408656    -0.028777270166172
65 27
     0.007691073794444    -0.000171204061111     0.000625267005797
    -0.000171204061111     0.007691073794444    -0.000625267005797
    -0.011299278241003     0.011299278241003     0.000095091646671
65 28
    -0.015678054694342    -0.015043208870167    -0.009892689391364
    -0.011405937729577    -0.007677685843990     0.008190388922170
     0.005765996996680     0.005205547864363     0.010279651261012
65 29
    -0.067039470411648     0.040308491704850    -0.102280220558577
     0.002547532979222     0.009310609628283    -0.035451641680228
    -0.036290402272108     0.005405391586718     0.088407948698549
65 30
     0.033572673029065     0.007158028775297     0.035951903871699
     0.007158028775297     0.033572673029065    -0.035951903871699
    -0.144225416710626     0.144225416710626    -0.139122282680550
65 31
    -0.066304564177836     0.002454064056959    -0.092127728254798
     0.028969782211229     0.012827263953008     0.007437596660025
    -0.034232051408656    -0.021760539876025    -0.028777270166172
65 32
    -0.069986428922175    -0.023221982502289     0.047839705325147
    -0.019576816001145     0.001700499340131     0.010145523129751
     0.025218555965245    -0.014089680861758    -0.000966864714742
65 33
    -0.000666347553620     0.008087403812932    -0.018201569455401
     0.008087403812932    -0.000666347553620     0.018201569455401
     0.018201569455401    -0.018201569455401    -0.111057616252481
65 34
    -0.044591411648528    -0.022303296568175     0.012406982143480
    -0.022303296568175    -0.013181906088117     0.028575465889204
    -0.012406982143480    -0.028575465889204    -0.077299058726339
65 35
     0.025405378036516     0.002210401083524     0.003165918115458
     0.002210401083524    -0.006376333040518     0.006860825388098
    -0.003165918115458    -0.006860825388098     0.009728615827818
65 36
     0.002463813688555     0.012190136825007    -0.000226019879272
     0.012190136825007    -0.007220787402030    -0.000167381643765
     0.000226019879272     0.000167381643765     0.004179817163328
65 37
    -0.007220787402030     0.012190136825007     0.000167381643765
     0.012190136825007     0.002463813688555     0.000226019879272
    -0.000167381643765    -0.000226019879272     0.004179817163328
65 38
     0.002504459612028     0.001174651245798     0.012799168995662
     0.001174651245798     0.045373078914521    -0.058297186297134
    -0.012799168995662     0.058297186297134    -0.030243104586745
65 39
    -0.001969249062434     0.003330266877933    -0.006579173583685
     0.003330266877933     0.012204077071052    -0.003630408250261
     0.006579173583685     0.003630408250261    -0.016548814271545
65 40
    -0.007753162454219    -0.002021512173940     0.005188830956726
    -0.002021512173940    -0.007753162454219    -0.005188830956726
    -0.005188830956726     0.005188830956726    -0.007255124628751
65 41
    -0.006376333040518     0.002210401083524    -0.006860825388098
     0.002210401083524     0.025405378036516    -0.003165918115458
     0.006860825388098     0.003165918115458     0.009728615827818
65 42
    -0.007538180896339     0.000863209638676     0.002223333532280
     0.000863209638676     0.076663561914567     0.039468482279497
    -0.002223333532280    -0.039468482279497     0.085849973345824
65 43
     0.005356446045109     0.002509270847301    -0.009858359756335
     0.002509270847301     0.005356446045109     0.009858359756335
     0.009858359756335    -0.009858359756335    -0.013831231168527
65 44
     0.012204077071052     0.003330266877933     0.003630408250261
     0.003330266877933    -0.001969249062434     0.006579173583685
    -0.003630408250261    -0.006579173583685    -0.016548814271545
65 45
    -0.013181906088117    -0.022303296568175    -0.028575465889204
    -0.022303296568175    -0.044591411648528    -0.012406982143480
     0.028575465889204     0.012406982143480    -0.077299058726339
65 46
    -0.059944866434194     0.025959524165790     0.032074021618197
     0.025959524165790    -0.059944866434194    -0.032074021618197
    -0.032074021618197     0.032074021618197    -0.045094186690330
65 47
     0.076663561914567     0.000863209638676    -0.039468482279497
     0.000863209638676    -0.007538180896339    -0.002223333532280
     0.039468482279497     0.002223333532280     0.085849973345824
65 48
     0.045373078914521     0.001174651245798     0.058297186297134
     0.001174651245798     0.002504459612028    -0.012799168995662
    -0.058297186297134     0.012799168995662    -0.030243104586745
65 49
    -0.003214696639823    -0.036130623708723    -0.027069714347672
    -0.036130623708723    -0.003214696639823     0.027069714347672
     0.031804349505088    -0.031804349505088     0.047645690125037
65 50
     0.009310609628283     0.040308491704850     0.005405391586718
     0.002547532979222    -0.067039470411648    -0.036290402272108
    -0.035451641680228    -0.102280220558577     0.088407948698549
65 51
     0.002388914046983    -0.011983938855744    -0.010900471432663
    -0.006744941992722     0.011390870117274    -0.020335123628139
     0.031181921792414     0.006090465948718     0.008850348066392
65 52
     0.011875842639363     0.007154232928876     0.012596060845386
     0.016803213796648     0.011314877271933    -0.009649330085643
    -0.013727557113227    -0.006871468941462    -0.008012046771801
65 53
     0.011314877271933     0.016803213796648     0.009649330085643
     0.007154232928876     0.011875842639363    -0.012596060845386
     0.006871468941462     0.013727557113227    -0.008012046771801
65 54
     0.001700499340131    -0.023221982502289    -0.014089680861758
    -0.019576816001145    -0.069986428922175     0.025218555965245
     0.010145523129751     0.047839705325147    -0.000966864714742
65 55
    -0.007677685843990    -0.015043208870167     0.005205547864363
    -0.011405937729577    -0.015678054694342     0.005765996996680
     0.008190388922170    -0.009892689391364     0.010279651261012
65 56
     0.003438420032138     0.026993603831091    -0.008870726067837
     0.026993603831091     0.003438420032138     0.008870726067837
    -0.011941201420894     0.011941201420894     0.004431162929917
65 57
     0.011390870117274    -0.006744941992722     0.020335123628139
    -0.011983938855744     0.002388914046983     0.010900471432663
    -0.006090465948718    -0.031181921792414     0.008850348066392
65 58
     0.012827263953008     0.002454064056959    -0.021760539876025
     0.028969782211229    -0.066304564177836    -0.034232051408656
     0.007437596660025    -0.092127728254798    -0.028777270166172
65 59
     0.007691073794444    -0.000171204061111     0.011299278241003
    -0.000171204061111     0.007691073794444    -0.011299278241003
    -0.000625267005797     0.000625267005797     0.000095091646671
65 60
    -0.015678054694342    -0.011405937729577    -0.005765996996680
    -0.015043208870167    -0.007677685843990    -0.005205547864363
     0.009892689391364    -0.008190388922170     0.010279651261012
65 61
    -0.067039470411648     0.002547532979222     0.036290402272108
     0.040308491704850     0.009310609628283    -0.005405391586718
     0.102280220558577     0.035451641680228     0.088407948698549
65 62
     0.033572673029065     0.007158028775297     0.144225416710626
     0.007158028775297     0.033572673029065    -0.144225416710626
    -0.035951903871699     0.035951903871699    -0.139122282680550
65 63
    -0.066304564177836     0.028969782211229     0.034232051408656
     0.002454064056959     0.012827263953008     0.021760539876025
     0.092127728254798    -0.007437596660025    -0.028777270166172
65 64
    -0.069986428922175    -0.019576816001145    -0.025218555965245
    -0.023221982502289     0.001700499340131     0.014089680861758
    -0.047839705325147    -0.010145523129751    -0.000966864714742
65 65
    12.996696073078164    -0.258848617646184    -0.258848617646184
    -0.258848617646184    12.996696073078164     0.258848617646184
    -0.258848617646184     0.258848617646184    12.996696073078164
65 66
    -0.012242024147586    -0.068046221880708    -0.068046221880708
     0.199077117007574    -0.111402969951526    -0.087312670499267
     0.199077117007574    -0.087312670499267    -0.111402969951526
65 67
     0.155710970421016    -0.000866071706877    -0.000866071706877
    -0.000866071706877    -0.053936178200762     0.023548561944937
    -0.000866071706877     0.023548561944937    -0.053936178200762
65 68
    -0.012242024147586     0.199077117007574     0.199077117007574
    -0.068046221880708    -0.111402969951526    -0.087312670499267
    -0.068046221880708    -0.087312670499267    -0.111402969951526
65 69
    -0.111402969951526    -0.068046221880708     0.087312670499267
     0.199077117007574    -0.012242024147586    -0.199077117007574
     0.087312670499267     0.068046221880708    -0.111402969951526
65 70
    -0.232852837453244    -0.105701367591513     0.003235112599860
    -0.395920852877393    -0.232852837453244     0.027296398500067
    -0.027296398500067    -0.003235112599860     0.042599332467864
65 71
    -0.025790386942991     0.044183413198144    -0.012661998493559
    -0.000357079068638     0.034115251316433     0.003701432332638
    -0.008717597827381    -0.009572278199150     0.011072140485025
65 72
    -0.096269841275500     0.078824960518660    -0.004719949027615
     0.078824960518660    -0.096269841275500     0.004719949027615
    -0.036569195804166     0.036569195804166     0.020335630373702
65 73
    -0.053936178200762    -0.000866071706877    -0.023548561944937
    -0.000866071706877     0.155710970421016     0.000866071706877
    -0.023548561944937     0.000866071706877    -0.053936178200762
65 74
     0.034115251316433     0.044183413198144     0.009572278199150
    -0.000357079068638    -0.025790386942991     0.008717597827381
    -0.003701432332638     0.012661998493559     0.011072140485025
65 75
    -0.104327011171691    -0.013378639114393     0.003948428059230
    -0.013378639114393    -0.104327011171691    -0.003948428059230
     0.003948428059230    -0.003948428059230    -0.037373685596574
65 76
     0.034115251316433    -0.000357079068638    -0.003701432332638
     0.044183413198144    -0.025790386942991     0.012661998493559
     0.009572278199150     0.008717597827381     0.011072140485025
65 77
    -0.111402969951526     0.199077117007574     0.087312670499267
    -0.068046221880708    -0.012242024147586     0.068046221880708
     0.087312670499267    -0.199077117007574    -0.111402969951526
65 78
    -0.096269841275500     0.078824960518660    -0.036569195804166
     0.078824960518660    -0.096269841275500     0.036569195804166
    -0.004719949027615     0.004719949027615     0.020335630373702
65 79
    -0.025790386942991    -0.000357079068638    -0.008717597827381
     0.044183413198144     0.034115251316433    -0.009572278199150
    -0.012661998493559     0.003701432332638     0.011072140485025
65 80
    -0.232852837453244    -0.395920852877393    -0.027296398500067
    -0.105701367591513    -0.232852837453244    -0.003235112599860
     0.003235112599860     0.027296398500067     0.042599332467864
65 81
    -0.111402969951526     0.087312670499267    -0.068046221880708
     0.087312670499267    -0.111402969951526     0.068046221880708
     0.199077117007574    -0.199077117007574    -0.012242024147586
65 82
    -0.232852837453244     0.003235112599860    -0.105701367591513
    -0.027296398500067     0.042599332467864    -0.003235112599860
    -0.395920852877393     0.027296398500067    -0.232852837453244
65 83
    -0.025790386942991    -0.012661998493559     0.044183413198144
    -0.008717597827381     0.011072140485025    -0.009572278199150
    -0.000357079068638     0.003701432332638     0.034115251316433
65 84
    -0.096269841275500    -0.004719949027615     0.078824960518660
    -0.036569195804166     0.020335630373702     0.036569195804166
     0.078824960518660     0.004719949027615    -0.096269841275500
65 85
     0.020335630373702    -0.036569195804166    -0.036569195804166
    -0.004719949027615    -0.096269841275500    -0.078824960518660
    -0.004719949027615    -0.078824960518660    -0.096269841275500
65 86
    -0.006150632012344    -0.002065422525334    -0.002065422525334
    -0.011939724836636    -0.009243244741727    -0.018327504252099
    -0.011939724836636    -0.018327504252099    -0.009243244741727
65 87
    -0.042826009028437    -0.009922930899796    -0.009922930899796
     0.000255798294442    -0.025740129936379     0.007480167077632
     0.000255798294442     0.007480167077632    -0.025740129936379
65 88
    -0.001880213688793     0.000427810870840     0.000427810870840
     0.000427810870840    -0.001880213688793    -0.000427810870840
     0.000427810870840    -0.000427810870840    -0.001880213688793
65 89
     0.011072140485025    -0.008717597827381     0.009572278199150
    -0.012661998493559    -0.025790386942991    -0.044183413198144
    -0.003701432332638     0.000357079068638     0.034115251316433
65 90
    -0.009957364920539    -0.011742841874489    -0.005522937562827
    -0.005942393775695    -0.043728995341755     0.011742841874489
    -0.003211297459417     0.005942393775695    -0.009957364920539
65 91
     0.017461946882476     0.000840616760780     0.005085709197016
     0.000840616760780     0.017461946882476    -0.005085709197016
    -0.007208915892412     0.007208915892412    -0.002831665369208
65 92
    -0.025740129936379     0.000255798294442    -0.007480167077632
    -0.009922930899796    -0.042826009028437     0.009922930899796
    -0.007480167077632    -0.000255798294442    -0.025740129936379
65 93
     0.042599332467864    -0.027296398500067     0.003235112599860
     0.003235112599860    -0.232852837453244     0.105701367591513
    -0.027296398500067     0.395920852877393    -0.232852837453244
65 94
    -0.009243244741727     0.018327504252099    -0.002065422525334
     0.018327504252099    -0.009243244741727     0.002065422525334
    -0.011939724836636     0.011939724836636    -0.006150632012344
65 95
    -0.043728995341755    -0.005942393775695    -0.011742841874489
    -0.011742841874489    -0.009957364920539     0.005522937562827
    -0.005942393775695     0.003211297459417    -0.009957364920539
65 96
    -0.009243244741727    -0.011939724836636     0.018327504252099
    -0.002065422525334    -0.006150632012344     0.002065422525334
     0.018327504252099     0.011939724836636    -0.009243244741727
65 97
    -0.053936178200762    -0.023548561944937    -0.000866071706877
    -0.023548561944937    -0.053936178200762     0.000866071706877
    -0.000866071706877     0.000866071706877     0.155710970421016
65 98
     0.034115251316433     0.009572278199150     0.044183413198144
    -0.003701432332638     0.011072140485025     0.012661998493559
    -0.000357079068638     0.008717597827381    -0.025790386942991
65 99
    -0.104327011171691     0.003948428059230    -0.013378639114393
     0.003948428059230    -0.037373685596574    -0.003948428059230
    -0.013378639114393    -0.003948428059230    -0.104327011171691
65 100
     0.034115251316433    -0.003701432332638    -0.000357079068638
     0.009572278199150     0.011072140485025     0.008717597827381
     0.044183413198144     0.012661998493559    -0.025790386942991
65 101
     0.011072140485025     0.009572278199150    -0.008717597827381
    -0.003701432332638     0.034115251316433     0.000357079068638
    -0.012661998493559    -0.044183413198144    -0.025790386942991
65 102
    -0.009957364920539    -0.005522937562827    -0.011742841874489
    -0.003211297459417    -0.009957364920539     0.005942393775695
    -0.005942393775695     0.011742841874489    -0.043728995341755
65 103
     0.017461946882476     0.005085709197016     0.000840616760780
    -0.007208915892412    -0.002831665369208     0.007208915892412
     0.000840616760780    -0.005085709197016     0.017461946882476
65 104
    -0.025740129936379    -0.007480167077632     0.000255798294442
    -0.007480167077632    -0.025740129936379    -0.000255798294442
    -0.009922930899796     0.009922930899796    -0.042826009028437
65 105
    -0.037373685596574     0.003948428059230     0.003948428059230
     0.003948428059230    -0.104327011171691     0.013378639114393
     0.003948428059230     0.013378639114393    -0.104327011171691
65 106
    -0.002831665369208     0.005085709197016     0.005085709197016
    -0.007208915892412     0.017461946882476    -0.000840616760780
    -0.007208915892412    -0.000840616760780     0.017461946882476
65 107
    -0.026211437411356    -0.006524767716938    -0.006524767716938
    -0.006524767716938    -0.026211437411356     0.006524767716938
    -0.006524767716938     0.006524767716938    -0.026211437411356
65 108
    -0.002831665369208    -0.007208915892412    -0.007208915892412
     0.005085709197016     0.017461946882476    -0.000840616760780
     0.005085709197016    -0.000840616760780     0.017461946882476
65 109
     0.011072140485025    -0.003701432332638    -0.012661998493559
     0.009572278199150     0.034115251316433    -0.044183413198144
    -0.008717597827381     0.000357079068638    -0.025790386942991
65 110
    -0.025740129936379    -0.007480167077632    -0.009922930899796
    -0.007480167077632    -0.025740129936379     0.009922930899796
     0.000255798294442    -0.000255798294442    -0.042826009028437
65 111
     0.017461946882476    -0.007208915892412     0.000840616760780
     0.005085709197016    -0.002831665369208    -0.005085709197016
     0.000840616760780     0.007208915892412     0.017461946882476
65 112
    -0.009957364920539    -0.003211297459417    -0.005942393775695
    -0.005522937562827    -0.009957364920539     0.011742841874489
    -0.011742841874489     0.005942393775695    -0.043728995341755
65 113
    -0.111402969951526     0.087312670499267     0.199077117007574
     0.087312670499267    -0.111402969951526    -0.199077117007574
    -0.068046221880708     0.068046221880708    -0.012242024147586
65 114
    -0.096269841275500    -0.036569195804166     0.078824960518660
    -0.004719949027615     0.020335630373702     0.004719949027615
     0.078824960518660     0.036569195804166    -0.096269841275500
65 115
    -0.025790386942991    -0.008717597827381    -0.000357079068638
    -0.012661998493559     0.011072140485025     0.003701432332638
     0.044183413198144    -0.009572278199150     0.034115251316433
65 116
    -0.232852837453244    -0.027296398500067    -0.395920852877393
     0.003235112599860     0.042599332467864     0.027296398500067
    -0.105701367591513    -0.003235112599860    -0.232852837453244
65 117
     0.042599332467864     0.003235112599860    -0.027296398500067
    -0.027296398500067    -0.232852837453244     0.395920852877393
     0.003235112599860     0.105701367591513    -0.232852837453244
65 118
    -0.009243244741727    -0.002065422525334     0.018327504252099
    -0.011939724836636    -0.006150632012344     0.011939724836636
     0.018327504252099     0.002065422525334    -0.009243244741727
65 119
    -0.043728995341755    -0.011742841874489    -0.005942393775695
    -0.005942393775695    -0.009957364920539     0.003211297459417
    -0.011742841874489     0.005522937562827    -0.009957364920539
65 120
    -0.009243244741727     0.018327504252099    -0.011939724836636
     0.018327504252099    -0.009243244741727     0.011939724836636
    -0.002065422525334     0.002065422525334    -0.006150632012344
65 121
     0.011072140485025    -0.012661998493559    -0.003701432332638
    -0.008717597827381    -0.025790386942991     0.000357079068638
     0.009572278199150    -0.044183413198144     0.034115251316433
65 122
    -0.025740129936379    -0.009922930899796    -0.007480167077632
     0.000255798294442    -0.042826009028437    -0.000255798294442
    -0.007480167077632     0.009922930899796    -0.025740129936379
65 123
     0.017461946882476     0.000840616760780    -0.007208915892412
     0.000840616760780     0.017461946882476     0.007208915892412
     0.005085709197016    -0.005085709197016    -0.002831665369208
65 124
    -0.009957364920539    -0.005942393775695    -0.003211297459417
    -0.011742841874489    -0.043728995341755     0.005942393775695
    -0.005522937562827     0.011742841874489    -0.009957364920539
65 125
     0.020335630373702    -0.004719949027615    -0.004719949027615
    -0.036569195804166    -0.096269841275500    -0.078824960518660
    -0.036569195804166    -0.078824960518660    -0.096269841275500
65 126
    -0.001880213688793     0.000427810870840     0.000427810870840
     0.000427810870840    -0.001880213688793    -0.000427810870840
     0.000427810870840    -0.000427810870840    -0.001880213688793
65 127
    -0.042826009028437     0.000255798294442     0.000255798294442
    -0.009922930899796    -0.025740129936379     0.007480167077632
    -0.009922930899796     0.007480167077632    -0.025740129936379
65 128
    -0.006150632012344    -0.011939724836636    -0.011939724836636
    -0.002065422525334    -0.009243244741727    -0.018327504252099
    -0.002065422525334    -0.018327504252099    -0.009243244741727
65 129
     0.367745228164741     0.215163606674766     0.215163606674766
    -0.215163606674766    -0.416538127463684    -1.404395734842824
    -0.215163606674766    -1.404395734842824    -0.416538127463684
65 130
     0.047645690125037     0.031804349505088     0.031804349505088
    -0.027069714347672    -0.003214696639823     0.036130623708723
    -0.027069714347672     0.036130623708723    -0.003214696639823
65 131
    -0.111057616252481     0.018201569455401     0.018201569455401
    -0.018201569455401    -0.000666347553620    -0.008087403812932
    -0.018201569455401    -0.008087403812932    -0.000666347553620
65 132
     0.047645690125037     0.027069714347672     0.027069714347672
    -0.031804349505088    -0.003214696639823     0.036130623708723
    -0.031804349505088     0.036130623708723    -0.003214696639823
65 133
    -0.004014170221248     0.027719062203161    -0.003383253098119
    -0.027719062203161     0.013825055326528    -0.061941506324526
     0.003383253098119    -0.061941506324526    -0.072943104799541
65 134
    -0.008012046771801    -0.013727557113227     0.006871468941462
     0.012596060845386     0.011875842639363    -0.007154232928876
     0.009649330085643    -0.016803213796648     0.011314877271933
65 135
     0.004179817163328     0.000226019879272    -0.000167381643765
    -0.000226019879272     0.002463813688555    -0.012190136825007
     0.000167381643765    -0.012190136825007    -0.007220787402030
65 136
    -0.008012046771801    -0.012596060845386    -0.009649330085643
     0.013727557113227     0.011875842639363    -0.016803213796648
    -0.006871468941462    -0.007154232928876     0.011314877271933
65 137
    -0.042881937029599    -0.018500287385321    -0.006908258284971
     0.018500287385321    -0.064620377487762     0.031145705621714
     0.006908258284971     0.031145705621714    -0.122141328375256
65 138
     0.008850348066392     0.031181921792414    -0.006090465948718
    -0.010900471432663     0.002388914046983     0.011983938855744
     0.020335123628139     0.006744941992722     0.011390870117274
65 139
     0.009728615827818    -0.003165918115458     0.006860825388098
     0.003165918115458     0.025405378036516    -0.002210401083524
    -0.006860825388098    -0.002210401083524    -0.006376333040518
65 140
     0.008850348066392     0.010900471432663    -0.020335123628139
    -0.031181921792414     0.002388914046983     0.006744941992722
     0.006090465948718     0.011983938855744     0.011390870117274
65 141
     0.165842517244247    -0.027000948793915     0.013361318667176
     0.027000948793915    -0.675590995811536     0.945573368122656
    -0.013361318667176     0.945573368122656     0.651474081778927
65 142
     0.088407948698549    -0.035451641680228     0.102280220558577
     0.005405391586718     0.009310609628283    -0.040308491704850
     0.036290402272108    -0.002547532979222    -0.067039470411648
65 143
    -0.077299058726339    -0.012406982143480     0.028575465889204
     0.012406982143480    -0.044591411648528     0.022303296568175
    -0.028575465889204     0.022303296568175    -0.013181906088117
65 144
     0.088407948698549    -0.005405391586718    -0.036290402272108
     0.035451641680228     0.009310609628283    -0.002547532979222
    -0.102280220558577    -0.040308491704850    -0.067039470411648
65 145
    -0.004014170221248    -0.003383253098119     0.027719062203161
     0.003383253098119    -0.072943104799541    -0.061941506324526
    -0.027719062203161    -0.061941506324526     0.013825055326528
65 146
    -0.008012046771801     0.006871468941462    -0.013727557113227
     0.009649330085643     0.011314877271933    -0.016803213796648
     0.012596060845386    -0.007154232928876     0.011875842639363
65 147
     0.004179817163328    -0.000167381643765     0.000226019879272
     0.000167381643765    -0.007220787402030    -0.012190136825007
    -0.000226019879272    -0.012190136825007     0.002463813688555
65 148
    -0.008012046771801    -0.009649330085643    -0.012596060845386
    -0.006871468941462     0.011314877271933    -0.007154232928876
     0.013727557113227    -0.016803213796648     0.011875842639363
65 149
     0.009694513943575    -0.011462514820477    -0.011462514820477
     0.011462514820477     0.010694043814754    -0.009386099523909
     0.011462514820477    -0.009386099523909     0.010694043814754
65 150
     0.004431162929917    -0.011941201420894    -0.011941201420894
    -0.008870726067837     0.003438420032138    -0.026993603831091
    -0.008870726067837    -0.026993603831091     0.003438420032138
65 151
    -0.007255124628751    -0.005188830956726    -0.005188830956726
     0.005188830956726    -0.007753162454219     0.002021512173940
     0.005188830956726     0.002021512173940    -0.007753162454219
65 152
     0.004431162929917     0.008870726067837     0.008870726067837
     0.011941201420894     0.003438420032138    -0.026993603831091
     0.011941201420894    -0.026993603831091     0.003438420032138
65 153
     0.019416435796167     0.019030491213358     0.007881513307228
    -0.019030491213358     0.048699530966801    -0.034983101377294
    -0.007881513307228    -0.034983101377294     0.074862812372607
65 154
     0.010279651261012     0.008190388922170     0.009892689391364
     0.005205547864363    -0.007677685843990     0.015043208870167
    -0.005765996996680     0.011405937729577    -0.015678054694342
65 155
    -0.016548814271545     0.006579173583685    -0.003630408250261
    -0.006579173583685    -0.001969249062434    -0.003330266877933
     0.003630408250261    -0.003330266877933     0.012204077071052
65 156
     0.010279651261012    -0.005205547864363     0.005765996996680
    -0.008190388922170    -0.007677685843990     0.011405937729577
    -0.009892689391364     0.015043208870167    -0.015678054694342
65 157
    -0.024212992596114    -0.026520485737374     0.047103538870324
     0.026520485737374    -0.065380700709204     0.102679008387685
    -0.047103538870324     0.102679008387685    -0.162660318743364
65 158
    -0.000966864714742     0.010145523129751    -0.047839705325147
    -0.014089680861758     0.001700499340131     0.023221982502289
    -0.025218555965245     0.019576816001145    -0.069986428922175
65 159
    -0.030243104586745    -0.012799168995662    -0.058297186297134
     0.012799168995662     0.002504459612028    -0.001174651245798
     0.058297186297134    -0.001174651245798     0.045373078914521
65 160
    -0.000966864714742     0.014089680861758     0.025218555965245
    -0.010145523129751     0.001700499340131     0.019576816001145
     0.047839705325147     0.023221982502289    -0.069986428922175
65 161
    -0.042881937029599    -0.006908258284971    -0.018500287385321
     0.006908258284971    -0.122141328375256     0.031145705621714
     0.018500287385321     0.031145705621714    -0.064620377487762
65 162
     0.008850348066392    -0.006090465948718     0.031181921792414
     0.020335123628139     0.011390870117274     0.006744941992722
    -0.010900471432663     0.011983938855744     0.002388914046983
65 163
     0.009728615827818     0.006860825388098    -0.003165918115458
    -0.006860825388098    -0.006376333040518    -0.002210401083524
     0.003165918115458    -0.002210401083524     0.025405378036516
65 164
     0.008850348066392    -0.020335123628139     0.010900471432663
     0.006090465948718     0.011390870117274     0.011983938855744
    -0.031181921792414     0.006744941992722     0.002388914046983
65 165
     0.019416435796167     0.007881513307228     0.019030491213358
    -0.007881513307228     0.074862812372607    -0.034983101377294
    -0.019030491213358    -0.034983101377294     0.048699530966801
65 166
     0.010279651261012     0.009892689391364     0.008190388922170
    -0.005765996996680    -0.015678054694342     0.011405937729577
     0.005205547864363     0.015043208870167    -0.007677685843990
65 167
    -0.016548814271545    -0.003630408250261     0.006579173583685
     0.003630408250261     0.012204077071052    -0.003330266877933
    -0.006579173583685    -0.003330266877933    -0.001969249062434
65 168
     0.010279651261012     0.005765996996680    -0.005205547864363
    -0.009892689391364    -0.015678054694342     0.015043208870167
    -0.008190388922170     0.011405937729577    -0.007677685843990
65 169
     0.040629751268806    -0.011091007739594    -0.011091007739594
     0.011091007739594     0.000440005027529     0.013469390210619
     0.011091007739594     0.013469390210619     0.000440005027529
65 170
     0.000095091646671    -0.000625267005797    -0.000625267005797
     0.011299278241003     0.007691073794444     0.000171204061111
     0.011299278241003     0.000171204061111     0.007691073794444
65 171
    -0.013831231168527     0.009858359756335     0.009858359756335
    -0.009858359756335     0.005356446045109    -0.002509270847301
    -0.009858359756335    -0.002509270847301     0.005356446045109
65 172
     0.000095091646671    -0.011299278241003    -0.011299278241003
     0.000625267005797     0.007691073794444     0.000171204061111
     0.000625267005797     0.000171204061111     0.007691073794444
65 173
    -0.028071758967039    -0.014836111285302    -0.096872521097235
     0.014836111285302    -0.064044851253460     0.016674602928223
     0.096872521097235     0.016674602928223    -0.125701695667364
65 174
    -0.028777270166172     0.007437596660025     0.092127728254798
    -0.021760539876025     0.012827263953008    -0.002454064056959
     0.034232051408656    -0.028969782211229    -0.066304564177836
65 175
     0.085849973345824    -0.002223333532280     0.039468482279497
     0.002223333532280    -0.007538180896339    -0.000863209638676
    -0.039468482279497    -0.000863209638676     0.076663561914567
65 176
    -0.028777270166172     0.021760539876025    -0.034232051408656
    -0.007437596660025     0.012827263953008    -0.028969782211229
    -0.092127728254798    -0.002454064056959    -0.066304564177836
65 177
     0.165842517244247     0.013361318667176    -0.027000948793915
    -0.013361318667176     0.651474081778927     0.945573368122656
     0.027000948793915     0.945573368122656    -0.675590995811536
65 178
     0.088407948698549     0.102280220558577    -0.035451641680228
     0.036290402272108    -0.067039470411648    -0.002547532979222
     0.005405391586718    -0.040308491704850     0.009310609628283
65 179
    -0.077299058726339     0.028575465889204    -0.012406982143480
    -0.028575465889204    -0.013181906088117     0.022303296568175
     0.012406982143480     0.022303296568175    -0.044591411648528
65 180
     0.088407948698549    -0.036290402272108    -0.005405391586718
    -0.102280220558577    -0.067039470411648    -0.040308491704850
     0.035451641680228    -0.002547532979222     0.009310609628283
65 181
    -0.024212992596114     0.047103538870324    -0.026520485737374
    -0.047103538870324    -0.162660318743364     0.102679008387685
     0.026520485737374     0.102679008387685    -0.065380700709204
65 182
    -0.000966864714742    -0.047839705325147     0.010145523129751
    -0.025218555965245    -0.069986428922175     0.019576816001145
    -0.014089680861758     0.023221982502289     0.001700499340131
65 183
    -0.030243104586745    -0.058297186297134    -0.012799168995662
     0.058297186297134     0.045373078914521    -0.001174651245798
     0.012799168995662    -0.001174651245798     0.002504459612028
65 184
    -0.000966864714742     0.025218555965245     0.014089680861758
     0.047839705325147    -0.069986428922175     0.023221982502289
    -0.010145523129751     0.019576816001145     0.001700499340131
65 185
    -0.028071758967039    -0.096872521097235    -0.014836111285302
     0.096872521097235    -0.125701695667364     0.016674602928223
     0.014836111285302     0.016674602928223    -0.064044851253460
65 186
    -0.028777270166172     0.092127728254798     0.007437596660025
     0.034232051408656    -0.066304564177836    -0.028969782211229
    -0.021760539876025    -0.002454064056959     0.012827263953008
65 187
     0.085849973345824     0.039468482279497    -0.002223333532280
    -0.039468482279497     0.076663561914567    -0.000863209638676
     0.002223333532280    -0.000863209638676    -0.007538180896339
65 188
    -0.028777270166172    -0.034232051408656     0.021760539876025
    -0.092127728254798    -0.066304564177836    -0.002454064056959
    -0.007437596660025    -0.028969782211229     0.012827263953008
65 189
     0.520829102767574     0.403040847271554     0.403040847271554
    -0.403040847271554    -0.820039486824613    -1.229282589620772
    -0.403040847271554    -1.229282589620772    -0.820039486824613
65 190
    -0.139122282680550    -0.035951903871699    -0.035951903871699
     0.144225416710626     0.033572673029065    -0.007158028775297
     0.144225416710626    -0.007158028775297     0.033572673029065
65 191
    -0.045094186690330    -0.032074021618197    -0.032074021618197
     0.032074021618197    -0.059944866434194    -0.025959524165790
     0.032074021618197    -0.025959524165790    -0.059944866434194
65 192
    -0.139122282680550    -0.144225416710626    -0.144225416710626
     0.035951903871699     0.033572673029065    -0.007158028775297
     0.035951903871699    -0.007158028775297     0.033572673029065
65 193
    -0.416538127463684    -0.215163606674766     1.404395734842824
     0.215163606674766     0.367745228164741    -0.215163606674766
     1.404395734842824     0.215163606674766    -0.416538127463684
65 194
    -0.675590995811535     0.027000948793915    -0.945573368122656
    -0.027000948793915     0.165842517244247    -0.013361318667176
    -0.945573368122656     0.013361318667176     0.651474081778927
65 195
    -0.064620377487762     0.018500287385321    -0.031145705621714
    -0.018500287385321    -0.042881937029599     0.006908258284971
    -0.031145705621714    -0.006908258284971    -0.122141328375256
65 196
     0.013825055326528    -0.027719062203161     0.061941506324526
     0.027719062203161    -0.004014170221248     0.003383253098119
     0.061941506324526    -0.003383253098119    -0.072943104799541
65 197
    -0.003214696639823    -0.031804349505088    -0.036130623708723
     0.027069714347672     0.047645690125037    -0.027069714347672
    -0.036130623708723     0.031804349505088    -0.003214696639823
65 198
     0.009310609628283     0.035451641680228     0.002547532979222
    -0.005405391586718     0.088407948698549     0.036290402272108
     0.040308491704850     0.102280220558577    -0.067039470411648
65 199
     0.002388914046983    -0.031181921792414    -0.006744941992722
     0.010900471432663     0.008850348066392     0.020335123628139
    -0.011983938855744    -0.006090465948718     0.011390870117274
65 200
     0.011875842639363     0.013727557113227     0.016803213796648
    -0.012596060845386    -0.008012046771801     0.009649330085643
     0.007154232928876     0.006871468941462     0.011314877271933
65 201
    -0.000666347553620    -0.018201569455401     0.008087403812932
     0.018201569455401    -0.111057616252481    -0.018201569455401
     0.008087403812932     0.018201569455401    -0.000666347553620
65 202
    -0.044591411648528     0.012406982143480    -0.022303296568175
    -0.012406982143480    -0.077299058726339    -0.028575465889204
    -0.022303296568175     0.028575465889204    -0.013181906088117
65 203
     0.025405378036516     0.003165918115458     0.002210401083524
    -0.003165918115458     0.009728615827818    -0.006860825388098
     0.002210401083524     0.006860825388098    -0.006376333040518
65 204
     0.002463813688555    -0.000226019879272     0.012190136825007
     0.000226019879272     0.004179817163328     0.000167381643765
     0.012190136825007    -0.000167381643765    -0.007220787402030
65 205
    -0.003214696639823    -0.027069714347672    -0.036130623708723
     0.031804349505088     0.047645690125037    -0.031804349505088
    -0.036130623708723     0.027069714347672    -0.003214696639823
65 206
     0.009310609628283     0.005405391586718     0.040308491704850
    -0.035451641680228     0.088407948698549    -0.102280220558577
     0.002547532979222    -0.036290402272108    -0.067039470411648
65 207
     0.002388914046983    -0.010900471432663    -0.011983938855744
     0.031181921792414     0.008850348066392     0.006090465948718
    -0.006744941992722    -0.020335123628139     0.011390870117274
65 208
     0.011875842639363     0.012596060845386     0.007154232928876
    -0.013727557113227    -0.008012046771801    -0.006871468941462
     0.016803213796648    -0.009649330085643     0.011314877271933
65 209
    -0.072943104799541     0.003383253098119     0.061941506324526
    -0.003383253098119    -0.004014170221248    -0.027719062203161
     0.061941506324526     0.027719062203161     0.013825055326528
65 210
    -0.065380700709204     0.026520485737374    -0.102679008387685
    -0.026520485737374    -0.024212992596114    -0.047103538870324
    -0.102679008387685     0.047103538870324    -0.162660318743364
65 211
     0.048699530966801    -0.019030491213358     0.034983101377294
     0.019030491213358     0.019416435796167    -0.007881513307228
     0.034983101377294     0.007881513307228     0.074862812372607
65 212
     0.010694043814754     0.011462514820477     0.009386099523909
    -0.011462514820477     0.009694513943575     0.011462514820477
     0.009386099523909    -0.011462514820477     0.010694043814754
65 213
     0.011314877271933    -0.006871468941462     0.007154232928876
    -0.009649330085643    -0.008012046771801     0.012596060845386
     0.016803213796648    -0.013727557113227     0.011875842639363
65 214
     0.001700499340131    -0.010145523129751    -0.019576816001145
     0.014089680861758    -0.000966864714742    -0.025218555965245
    -0.023221982502289    -0.047839705325147    -0.069986428922175
65 215
    -0.007677685843990    -0.008190388922170    -0.011405937729577
    -0.005205547864363     0.010279651261012    -0.005765996996680
    -0.015043208870167     0.009892689391364    -0.015678054694342
65 216
     0.003438420032138     0.011941201420894     0.026993603831091
     0.008870726067837     0.004431162929917    -0.008870726067837
     0.026993603831091    -0.011941201420894     0.003438420032138
65 217
    -0.007220787402030     0.000167381643765     0.012190136825007
    -0.000167381643765     0.004179817163328    -0.000226019879272
     0.012190136825007     0.000226019879272     0.002463813688555
65 218
     0.002504459612028     0.012799168995662     0.001174651245798
    -0.012799168995662    -0.030243104586745     0.058297186297134
     0.001174651245798    -0.058297186297134     0.045373078914521
65 219
    -0.001969249062434    -0.006579173583685     0.003330266877933
     0.006579173583685    -0.016548814271545     0.003630408250261
     0.003330266877933    -0.003630408250261     0.012204077071052
65 220
    -0.007753162454219     0.005188830956726    -0.002021512173940
    -0.005188830956726    -0.007255124628751     0.005188830956726
    -0.002021512173940    -0.005188830956726    -0.007753162454219
65 221
     0.011314877271933     0.009649330085643     0.016803213796648
     0.006871468941462    -0.008012046771801     0.013727557113227
     0.007154232928876    -0.012596060845386     0.011875842639363
65 222
     0.001700499340131    -0.014089680861758    -0.023221982502289
     0.010145523129751    -0.000966864714742     0.047839705325147
    -0.019576816001145     0.025218555965245    -0.069986428922175
65 223
    -0.007677685843990     0.005205547864363    -0.015043208870167
     0.008190388922170     0.010279651261012    -0.009892689391364
    -0.011405937729577     0.005765996996680    -0.015678054694342
65 224
     0.003438420032138    -0.008870726067837     0.026993603831091
    -0.011941201420894     0.004431162929917     0.011941201420894
     0.026993603831091     0.008870726067837     0.003438420032138
65 225
    -0.122141328375256     0.006908258284971    -0.031145705621714
    -0.006908258284971    -0.042881937029599     0.018500287385321
    -0.031145705621714    -0.018500287385321    -0.064620377487762
65 226
    -0.064044851253460     0.014836111285302    -0.016674602928223
    -0.014836111285302    -0.028071758967039     0.096872521097235
    -0.016674602928223    -0.096872521097235    -0.125701695667364
65 227
     0.000440005027529     0.011091007739594    -0.013469390210619
    -0.011091007739594     0.040629751268806     0.011091007739594
    -0.013469390210619    -0.011091007739594     0.000440005027529
65 228
     0.074862812372607    -0.007881513307228     0.034983101377294
     0.007881513307228     0.019416435796167    -0.019030491213358
     0.034983101377294     0.019030491213358     0.048699530966801
65 229
     0.011390870117274     0.006090465948718    -0.011983938855744
    -0.020335123628139     0.008850348066392    -0.010900471432663
    -0.006744941992722     0.031181921792414     0.002388914046983
65 230
     0.012827263953008    -0.007437596660025     0.028969782211229
     0.021760539876025    -0.028777270166172     0.034232051408656
     0.002454064056959     0.092127728254798    -0.066304564177836
65 231
     0.007691073794444     0.000625267005797    -0.000171204061111
    -0.011299278241003     0.000095091646671     0.011299278241003
    -0.000171204061111    -0.000625267005797     0.007691073794444
65 232
    -0.015678054694342    -0.009892689391364    -0.015043208870167
     0.005765996996680     0.010279651261012     0.005205547864363
    -0.011405937729577     0.008190388922170    -0.007677685843990
65 233
    -0.006376333040518    -0.006860825388098     0.002210401083524
     0.006860825388098     0.009728615827818     0.003165918115458
     0.002210401083524    -0.003165918115458     0.025405378036516
65 234
    -0.007538180896339     0.002223333532280     0.000863209638676
    -0.002223333532280     0.085849973345824    -0.039468482279497
     0.000863209638676     0.039468482279497     0.076663561914567
65 235
     0.005356446045109    -0.009858359756335     0.002509270847301
     0.009858359756335    -0.013831231168527    -0.009858359756335
     0.002509270847301     0.009858359756335     0.005356446045109
65 236
     0.012204077071052     0.003630408250261     0.003330266877933
    -0.003630408250261    -0.016548814271545    -0.006579173583685
     0.003330266877933     0.006579173583685    -0.001969249062434
65 237
     0.011390870117274     0.020335123628139    -0.006744941992722
    -0.006090465948718     0.008850348066392    -0.031181921792414
    -0.011983938855744     0.010900471432663     0.002388914046983
65 238
     0.012827263953008    -0.021760539876025     0.002454064056959
     0.007437596660025    -0.028777270166172    -0.092127728254798
     0.028969782211229    -0.034232051408656    -0.066304564177836
65 239
     0.007691073794444     0.011299278241003    -0.000171204061111
    -0.000625267005797     0.000095091646671     0.000625267005797
    -0.000171204061111    -0.011299278241003     0.007691073794444
65 240
    -0.015678054694342    -0.005765996996680    -0.011405937729577
     0.009892689391364     0.010279651261012    -0.008190388922170
    -0.015043208870167    -0.005205547864363    -0.007677685843990
65 241
     0.651474081778927    -0.013361318667176    -0.945573368122656
     0.013361318667176     0.165842517244247     0.027000948793915
    -0.945573368122657    -0.027000948793915    -0.675590995811535
65 242
    -0.820039486824613    -0.403040847271554     1.229282589620772
     0.403040847271554     0.520829102767574    -0.403040847271554
     1.229282589620772     0.403040847271554    -0.820039486824613
65 243
    -0.125701695667364     0.096872521097235    -0.016674602928223
    -0.096872521097235    -0.028071758967039     0.014836111285302
    -0.016674602928223    -0.014836111285302    -0.064044851253460
65 244
    -0.162660318743364    -0.047103538870324    -0.102679008387685
     0.047103538870324    -0.024212992596114     0.026520485737374
    -0.102679008387685    -0.026520485737374    -0.065380700709204
65 245
    -0.067039470411648    -0.102280220558577     0.040308491704850
    -0.036290402272108     0.088407948698549     0.005405391586718
     0.002547532979222    -0.035451641680228     0.009310609628283
65 246
     0.033572673029065     0.035951903871699     0.007158028775297
    -0.144225416710626    -0.139122282680550     0.144225416710626
     0.007158028775297    -0.035951903871699     0.033572673029065
65 247
    -0.066304564177836    -0.092127728254798     0.002454064056959
    -0.034232051408656    -0.028777270166172    -0.021760539876025
     0.028969782211229     0.007437596660025     0.012827263953008
65 248
    -0.069986428922175     0.047839705325147    -0.023221982502289
     0.025218555965245    -0.000966864714742    -0.014089680861758
    -0.019576816001145     0.010145523129751     0.001700499340131
65 249
    -0.013181906088117    -0.028575465889204    -0.022303296568175
     0.028575465889204    -0.077299058726339     0.012406982143480
    -0.022303296568175    -0.012406982143480    -0.044591411648528
65 250
    -0.059944866434194     0.032074021618197     0.025959524165790
    -0.032074021618197    -0.045094186690330     0.032074021618197
     0.025959524165790    -0.032074021618197    -0.059944866434194
65 251
     0.076663561914567    -0.039468482279497     0.000863209638676
     0.039468482279497     0.085849973345824     0.002223333532280
     0.000863209638676    -0.002223333532280    -0.007538180896339
65 252
     0.045373078914521     0.058297186297134     0.001174651245798
    -0.058297186297134    -0.030243104586745     0.012799168995662
     0.001174651245798    -0.012799168995662     0.002504459612028
65 253
    -0.067039470411648     0.036290402272108     0.002547532979222
     0.102280220558577     0.088407948698549     0.035451641680228
     0.040308491704850    -0.005405391586718     0.009310609628283
65 254
     0.033572673029065     0.144225416710626     0.007158028775297
    -0.035951903871699    -0.139122282680550     0.035951903871699
     0.007158028775297    -0.144225416710626     0.033572673029065
65 255
    -0.066304564177836     0.034232051408656     0.028969782211229
     0.092127728254798    -0.028777270166172    -0.007437596660025
     0.002454064056959     0.021760539876025     0.012827263953008
65 256
    -0.069986428922175    -0.025218555965245    -0.019576816001145
    -0.047839705325147    -0.000966864714742    -0.010145523129751
    -0.023221982502289     0.014089680861758     0.001700499340131
65 257
    -0.097716681280580     0.128132930555051     0.391914210768494
     0.128132930555051    -0.097716681280580    -0.391914210768494
     0.776333288385880    -0.776333288385880    -3.227295678573934
65 258
     0.038486548054468    -0.001141603657898    -0.041828839224832
    -0.005192728342039    -0.018548625591496    -0.008611066448624
     0.129889194674885     0.064693803392025    -0.149260472235013
65 259
     0.026658842441552     0.005035574606454     0.000577719284571
    -0.001671686018850     0.000351440338849    -0.005750121817988
    -0.020655623073782     0.000370103566669     0.014139526019100
65 260
     0.067157213771902     0.010529895283115    -0.042901120288512
     0.008371015223058    -0.038761507781503     0.001701337273165
    -0.016552100525650     0.028853573322022    -0.022148841679327
65 261
    -0.038761507781503     0.008371015223058    -0.001701337273165
     0.010529895283115     0.067157213771902     0.042901120288512
    -0.028853573322022     0.016552100525650    -0.022148841679327
65 262
    -0.003440883536332     0.001232364243739     0.016779849412967
     0.006535161693399    -0.004583554776036     0.009250972136142
     0.011696026751622     0.015028979190897     0.003392391598446
65 263
     0.005074019888033     0.004970544165575     0.005095991196008
     0.004885775323309     0.003063223388539     0.003043396733653
     0.002053908774178     0.002238874676487     0.001418384442460
65 264
    -0.012936785509650     0.011668239257899    -0.010459903670965
     0.011668239257899    -0.012936785509650     0.010459903670965
    -0.005622294791849     0.005622294791849    -0.009307963923195
65 265
     0.000351440338849    -0.001671686018850     0.005750121817988
     0.005035574606454     0.026658842441552    -0.000577719284571
    -0.000370103566669     0.020655623073782     0.014139526019100
65 266
     0.012355091025055    -0.001612744115630     0.004321547425880
    -0.002274906748635     0.011183540985783    -0.007782509091922
     0.005825659161759    -0.000642673808520     0.001696635168480
65 267
    -0.004727068137508    -0.004330114651251    -0.004547948787717
    -0.004330114651251    -0.004727068137508     0.004547948787717
     0.004266052151210    -0.004266052151210    -0.004093867812691
65 268
     0.003063223388539     0.004885775323309    -0.003043396733653
     0.004970544165575     0.005074019888033    -0.005095991196008
    -0.002238874676487    -0.002053908774178     0.001418384442460
65 269
    -0.018548625591496    -0.005192728342039     0.008611066448624
    -0.001141603657898     0.038486548054468     0.041828839224832
    -0.064693803392025    -0.129889194674885    -0.149260472235013
65 270
    -0.010012920928746     0.015828760235884     0.007148876040615
     0.015828760235884    -0.010012920928746    -0.007148876040615
    -0.001919613625739     0.001919613625739     0.009753865798217
65 271
     0.011183540985783    -0.002274906748635     0.007782509091922
    -0.001612744115630     0.012355091025055    -0.004321547425880
     0.000642673808520    -0.005825659161759     0.001696635168480
65 272
    -0.004583554776036     0.006535161693399    -0.009250972136142
     0.001232364243739    -0.003440883536332    -0.016779849412967
    -0.015028979190897    -0.011696026751622     0.003392391598446
65 273
     0.027190185023516    -0.009896495676362    -0.079911852744174
    -0.009896495676362     0.027190185023516     0.079911852744174
    -0.027819964341677     0.027819964341677     0.566268739951909
65 274
     0.018898781036400    -0.000960071098676     0.007398749018794
     0.001772255071842    -0.005521781727522     0.001623127653514
     0.051131090399231    -0.009927223053137     0.005144842790550
65 275
     0.001783643560135     0.009629277577964    -0.011530286811433
     0.003219095076926    -0.001621655813995    -0.008917239420914
     0.009105725970778    -0.005919765786220    -0.007527256450335
65 276
    -0.003891875641262    -0.001047254099266    -0.012008988595235
    -0.004258008752644    -0.001043867255229     0.007311734933370
    -0.030046364917864     0.003206769963598    -0.002327447905760
65 277
    -0.001043867255229    -0.004258008752644    -0.007311734933370
    -0.001047254099266    -0.003891875641262     0.012008988595235
    -0.003206769963598     0.030046364917864    -0.002327447905760
65 278
     0.000022097520007     0.001162217001885    -0.009979880932608
     0.003660855683363     0.000033879827297    -0.001766016598250
     0.001461695999013    -0.006068851450237    -0.009196396405199
65 279
     0.002821731639257     0.002510683851132     0.000194050311755
     0.000475275083446     0.001952027307356     0.002226910168570
     0.004743190046287    -0.000555931126115     0.005531077755545
65 280
     0.001557623680863     0.002004560872787     0.002195220544727
     0.002004560872787     0.001557623680863    -0.002195220544727
    -0.003690057129877     0.003690057129877    -0.011034709643338
65 281
    -0.001621655813995     0.003219095076926     0.008917239420914
     0.009629277577964     0.001783643560135     0.011530286811433
     0.005919765786220    -0.009105725970778    -0.007527256450335
65 282
    -0.003867308923228    -0.003184072699926    -0.000463238454446
    -0.000795376914177     0.001387903795702    -0.003300024420538
    -0.006840594475638    -0.004483068282772     0.004855842227466
65 283
     0.001650363800611    -0.001168964118898    -0.002798655739835
    -0.001168964118898     0.001650363800611     0.002798655739835
     0.002611488246602    -0.002611488246602     0.012922456189551
65 284
     0.001952027307356     0.000475275083446    -0.002226910168570
     0.002510683851132     0.002821731639257    -0.000194050311755
     0.000555931126115    -0.004743190046287     0.005531077755545
65 285
    -0.005521781727522     0.001772255071842    -0.001623127653514
    -0.000960071098676     0.018898781036400    -0.007398749018794
     0.009927223053137    -0.051131090399231     0.005144842790550
65 286
    -0.000827321808622     0.001204092779598    -0.001932990188525
     0.001204092779598    -0.000827321808622     0.001932990188525
     0.000553182933307    -0.000553182933307    -0.006289233548545
65 287
     0.001387903795702    -0.000795376914177     0.003300024420538
    -0.003184072699926    -0.003867308923228     0.000463238454446
     0.004483068282772     0.006840594475638     0.004855842227466
65 288
     0.000033879827297     0.003660855683363     0.001766016598250
     0.001162217001885     0.000022097520007     0.009979880932608
     0.006068851450237    -0.001461695999013    -0.009196396405199
65 289
     0.061986845812167    -0.002582506959180     0.086578632565325
    -0.002582506959180     0.061986845812167    -0.086578632565325
    -0.018111525335572     0.018111525335572     0.371412850893318
65 290
    -0.000492027102593    -0.011259174174607     0.005586444920329
    -0.001082342903579    -0.003896111805869    -0.003956538834069
    -0.008444111837581     0.012621046055488     0.033093325951375
65 291
    -0.000024439557110    -0.000772890319981     0.007386496026548
     0.000747179154251     0.002159903040735     0.005620351318481
     0.001832459093997     0.000601407264158    -0.009319989164655
65 292
    -0.010233383688858     0.001211760389368    -0.019992488704093
     0.003356064399169     0.001323541423794     0.004634554819651
    -0.008553705515438    -0.004829856811763    -0.006854981682465
65 293
     0.001323541423794     0.003356064399169    -0.004634554819651
     0.001211760389368    -0.010233383688858     0.019992488704093
     0.004829856811763     0.008553705515438    -0.006854981682465
65 294
    -0.003379087156603     0.004384738779168     0.004731620306396
    -0.002258933826897    -0.000737694282938    -0.004086630082598
    -0.002068987774084     0.003806027829721    -0.007756070072573
65 295
    -0.000367280405824     0.000368338498083     0.004042355329948
    -0.000028570387047    -0.004210073855014     0.001390897769498
     0.001119341018641     0.000484798862115    -0.001939694602197
65 296
    -0.000380459584597     0.000874127441943     0.000529800519355
     0.000874127441943    -0.000380459584597    -0.000529800519355
     0.000199258213045    -0.000199258213045    -0.011877326815174
65 297
     0.002159903040735     0.000747179154251    -0.005620351318481
    -0.000772890319981    -0.000024439557110    -0.007386496026548
    -0.000601407264158    -0.001832459093997    -0.009319989164655
65 298
    -0.000206640185303     0.005060444992202     0.001948202043056
     0.001904471994367     0.001454209640978    -0.001319458041938
     0.000429271322751     0.001528125209298     0.001720989319115
65 299
     0.005191448192901    -0.001179228087619    -0.001323969405409
    -0.001179228087619     0.005191448192901     0.001323969405409
    -0.001165561142582     0.001165561142582     0.007308520800475
65 300
    -0.004210073855014    -0.000028570387047    -0.001390897769498
     0.000368338498083    -0.000367280405824    -0.004042355329948
    -0.000484798862115    -0.001119341018641    -0.001939694602197
65 301
    -0.003896111805869    -0.001082342903579     0.003956538834069
    -0.011259174174607    -0.000492027102593    -0.005586444920329
    -0.012621046055488     0.008444111837581     0.033093325951375
65 302
    -0.002822160569764    -0.000953739626847     0.002154179853226
    -0.000953739626847    -0.002822160569764    -0.002154179853226
     0.001787440355448    -0.001787440355448    -0.008007871340733
65 303
     0.001454209640978     0.001904471994367     0.001319458041938
     0.005060444992202    -0.000206640185303    -0.001948202043056
    -0.001528125209298    -0.000429271322751     0.001720989319115
65 304
    -0.000737694282938    -0.002258933826897     0.004086630082598
     0.004384738779168    -0.003379087156603    -0.004731620306396
    -0.003806027829721     0.002068987774084    -0.007756070072573
65 305
    -0.268589638299972     0.386130447312640    -1.024672609858512
     0.386130447312640    -0.268589638299972     1.024672609858512
    -0.783838787044600     0.783838787044600    -5.141374436415796
65 306
    -0.188657585010108     0.065231261082573     0.055926337632293
    -0.018851094766710     0.008273174434750     0.048256467436019
    -0.224543106170711    -0.066476528357257     0.089980218652763
65 307
    -0.014428143201557     0.000872927954474     0.013580451932079
    -0.006986539076742    -0.020337243608297     0.008705296438094
    -0.014341763971516     0.005290887032554     0.012756046282469
65 308
     0.084063260843933    -0.002061048761296     0.049735008452483
    -0.026822098949151     0.029738503742947     0.011151673906051
     0.194294019329944    -0.004535724264319     0.055771686308530
65 309
     0.029738503742947    -0.026822098949151    -0.011151673906051
    -0.002061048761296     0.084063260843933    -0.049735008452483
     0.004535724264319    -0.194294019329944     0.055771686308530
65 310
    -0.022732847834532     0.009695461956155    -0.003680658614139
    -0.027208485748003     0.009524862383654    -0.004827898155010
     0.013122779137447    -0.007440761446978     0.004300358062267
65 311
    -0.016389745531440     0.033602249315348     0.001750651011939
     0.007059914685977     0.003191629281256    -0.011061619347644
    -0.007200729200644    -0.004905697823248    -0.002305887498090
65 312
    -0.001983050760013     0.006042551928312     0.007404397238268
     0.006042551928312    -0.001983050760013    -0.007404397238268
    -0.009759402989111     0.009759402989111    -0.007466735475005
65 313
    -0.020337243608297    -0.006986539076742    -0.008705296438094
     0.000872927954474    -0.014428143201557    -0.013580451932079
    -0.005290887032554     0.014341763971516     0.012756046282469
65 314
     0.018452237663474    -0.008704903567989    -0.008010990577598
    -0.000501730235075    -0.007233951397410     0.001901135445363
    -0.006092751997225     0.003877207541801    -0.001907961326120
65 315
     0.014295269597740    -0.012678000833107    -0.004568583008860
    -0.012678000833107     0.014295269597740     0.004568583008860
    -0.001796461184467     0.001796461184467    -0.002943392312747
65 316
     0.003191629281256     0.007059914685977     0.011061619347644
     0.033602249315348    -0.016389745531440    -0.001750651011939
     0.004905697823248     0.007200729200644    -0.002305887498090
65 317
     0.008273174434750    -0.018851094766710    -0.048256467436019
     0.065231261082573    -0.188657585010108    -0.055926337632293
     0.066476528357257     0.224543106170711     0.089980218652763
65 318
    -0.019873694843405     0.049790015960890     0.024011954131163
     0.049790015960890    -0.019873694843405    -0.024011954131163
     0.003106481803241    -0.003106481803241     0.004314600078034
65 319
    -0.007233951397410    -0.000501730235075    -0.001901135445363
    -0.008704903567989     0.018452237663474     0.008010990577598
    -0.003877207541801     0.006092751997225    -0.001907961326120
65 320
     0.009524862383654    -0.027208485748003     0.004827898155010
     0.009695461956155    -0.022732847834532     0.003680658614139
     0.007440761446978    -0.013122779137447     0.004300358062267
65 321
     0.075116276221503    -0.112790170566675    -0.112790170566675
    -0.112790170566675     0.075116276221503     0.112790170566675
    -0.112790170566675     0.112790170566675     0.075116276221503
65 322
     0.034545616791917     0.066029831252551     0.066029831252551
     0.011546559605039     0.055395624211942     0.035184424530791
     0.011546559605039     0.035184424530791     0.055395624211942
65 323
    -0.005997196308324     0.001333774076713     0.001333774076713
    -0.000043389371473     0.003016542069257    -0.003546388138701
    -0.000043389371473    -0.003546388138701     0.003016542069257
65 324
    -0.020046276796767     0.005601747875174     0.005601747875174
    -0.026507438464264    -0.007861488319368    -0.004884105150884
    -0.026507438464264    -0.004884105150884    -0.007861488319368
65 325
    -0.007861488319368    -0.026507438464264     0.004884105150884
     0.005601747875174    -0.020046276796767    -0.005601747875174
     0.004884105150884     0.026507438464264    -0.007861488319368
65 326
     0.003759738431651     0.017350363232069    -0.001185650659763
    -0.000563875832674    -0.012403157828142     0.001984752248240
    -0.005063760664051     0.014791330736116    -0.013395088414789
65 327
     0.006327142666885     0.000842394165866    -0.003289627597192
    -0.000427969347428     0.007282147259551    -0.000020396031780
     0.004367475269647    -0.000907287956274    -0.002427384950323
65 328
    -0.001094420337858     0.002981232156822    -0.009943032753479
     0.002981232156822    -0.001094420337858     0.009943032753479
    -0.001851776156432     0.001851776156432    -0.004070758699683
65 329
     0.003016542069257    -0.000043389371473     0.003546388138701
     0.001333774076713    -0.005997196308324    -0.001333774076713
     0.003546388138701     0.000043389371473     0.003016542069257
65 330
    -0.024937209726400    -0.001996139787502    -0.009682121453909
    -0.007736826080250    -0.006184179703006     0.012816351843447
    -0.001528612975563    -0.004262163306552    -0.021809189341606
65 331
     0.012910522048403    -0.010016414056484     0.000200364702276
    -0.010016414056484     0.012910522048403    -0.000200364702276
     0.005041465760099    -0.005041465760099    -0.006405325715472
65 332
     0.007282147259551    -0.000427969347428     0.000020396031780
     0.000842394165866     0.006327142666885     0.003289627597192
     0.000907287956274    -0.004367475269647    -0.002427384950323
65 333
     0.055395624211942     0.011546559605039    -0.035184424530791
     0.066029831252551     0.034545616791917    -0.066029831252551
    -0.035184424530791    -0.011546559605039     0.055395624211942
65 334
    -0.004890631159774     0.015867280485360     0.014398333470723
     0.015867280485360    -0.004890631159774    -0.014398333470723
    -0.086074927541150     0.086074927541150     0.042095783073395
65 335
    -0.006184179703006    -0.007736826080250    -0.012816351843447
    -0.001996139787502    -0.024937209726400     0.009682121453909
     0.004262163306552     0.001528612975563    -0.021809189341606
65 336
    -0.012403157828142    -0.000563875832674    -0.001984752248240
     0.017350363232069     0.003759738431651     0.001185650659763
    -0.014791330736116     0.005063760664051    -0.013395088414789
65 337
    -0.007861488319368     0.004884105150884    -0.026507438464264
     0.004884105150884    -0.007861488319368     0.026507438464264
     0.005601747875174    -0.005601747875174    -0.020046276796767
65 338
     0.003759738431651    -0.001185650659763     0.017350363232069
    -0.005063760664051    -0.013395088414789     0.014791330736116
    -0.000563875832674     0.001984752248240    -0.012403157828142
65 339
     0.006327142666885    -0.003289627597192     0.000842394165866
     0.004367475269647    -0.002427384950323    -0.000907287956274
    -0.000427969347428    -0.000020396031780     0.007282147259551
65 340
    -0.001094420337858    -0.009943032753479     0.002981232156822
    -0.001851776156432    -0.004070758699683     0.001851776156432
     0.002981232156822     0.009943032753479    -0.001094420337858
65 341
    -0.004070758699683    -0.001851776156432    -0.001851776156432
    -0.009943032753479    -0.001094420337858    -0.002981232156822
    -0.009943032753479    -0.002981232156822    -0.001094420337858
65 342
     0.002718659225551     0.005420959301851     0.005420959301851
    -0.005620155832391    -0.007435199582941    -0.022418486272618
    -0.005620155832391    -0.022418486272618    -0.007435199582941
65 343
     0.000058211202855    -0.002393944492387    -0.002393944492387
    -0.000801662835849    -0.004621794132877    -0.003963566843717
    -0.000801662835849    -0.003963566843717    -0.004621794132877
65 344
    -0.000346532309288     0.000867644136257     0.000867644136257
     0.000867644136257    -0.000346532309288    -0.000867644136257
     0.000867644136257    -0.000867644136257    -0.000346532309288
65 345
    -0.002427384950323     0.004367475269647     0.000907287956274
    -0.003289627597192     0.006327142666885    -0.000842394165866
     0.000020396031780     0.000427969347428     0.007282147259551
65 346
    -0.002795627603283    -0.004660884708347     0.001531977993415
     0.007806284375978     0.020452686685625     0.009526036249092
     0.001562739532808     0.013608727192067     0.033343684797896
65 347
     0.000574188198506     0.001063600911877    -0.004835858044954
     0.001063600911877     0.000574188198506     0.004835858044954
    -0.000589338370463     0.000589338370463    -0.001286960851701
65 348
    -0.004621794132877    -0.000801662835849     0.003963566843717
    -0.002393944492387     0.000058211202855     0.002393944492387
     0.003963566843717     0.000801662835849    -0.004621794132877
65 349
    -0.013395088414789    -0.005063760664051    -0.014791330736116
    -0.001185650659763     0.003759738431651    -0.017350363232069
    -0.001984752248240     0.000563875832674    -0.012403157828142
65 350
     0.004429128356242    -0.000744102620727     0.023186522653989
    -0.000744102620727     0.004429128356242    -0.023186522653989
    -0.025382577335966     0.025382577335966    -0.024192525392211
65 351
     0.020452686685625     0.007806284375978    -0.009526036249092
    -0.004660884708347    -0.002795627603283    -0.001531977993415
    -0.013608727192067    -0.001562739532808     0.033343684797896
65 352
    -0.007435199582941    -0.005620155832391     0.022418486272618
     0.005420959301851     0.002718659225551    -0.005420959301851
     0.022418486272618     0.005620155832391    -0.007435199582941
65 353
     0.003016542069257     0.003546388138701    -0.000043389371473
     0.003546388138701     0.003016542069257     0.000043389371473
     0.001333774076713    -0.001333774076713    -0.005997196308324
65 354
    -0.024937209726400    -0.009682121453909    -0.001996139787502
    -0.001528612975563    -0.021809189341606    -0.004262163306552
    -0.007736826080250     0.012816351843447    -0.006184179703006
65 355
     0.012910522048403     0.000200364702276    -0.010016414056484
     0.005041465760099    -0.006405325715472    -0.005041465760099
    -0.010016414056484    -0.000200364702276     0.012910522048403
65 356
     0.007282147259551     0.000020396031780    -0.000427969347428
     0.000907287956274    -0.002427384950323    -0.004367475269647
     0.000842394165866     0.003289627597192     0.006327142666885
65 357
    -0.002427384950323     0.000907287956274     0.004367475269647
     0.000020396031780     0.007282147259551     0.000427969347428
    -0.003289627597192    -0.000842394165866     0.006327142666885
65 358
    -0.002795627603283     0.001531977993415    -0.004660884708347
     0.001562739532808     0.033343684797896     0.013608727192067
     0.007806284375978     0.009526036249092     0.020452686685625
65 359
     0.000574188198506    -0.004835858044954     0.001063600911877
    -0.000589338370463    -0.001286960851701     0.000589338370463
     0.001063600911877     0.004835858044954     0.000574188198506
65 360
    -0.004621794132877     0.003963566843717    -0.000801662835849
     0.003963566843717    -0.004621794132877     0.000801662835849
    -0.002393944492387     0.002393944492387     0.000058211202855
65 361
    -0.006405325715472     0.005041465760099     0.005041465760099
     0.000200364702276     0.012910522048403     0.010016414056484
     0.000200364702276     0.010016414056484     0.012910522048403
65 362
    -0.005408005026909    -0.009368280871849    -0.009368280871849
     0.002722613548490     0.004851074644363     0.018180065036466
     0.002722613548490     0.018180065036466     0.004851074644363
65 363
    -0.003685009603033     0.001495993369347     0.001495993369347
     0.001495993369347    -0.003685009603033    -0.001495993369347
     0.001495993369347    -0.001495993369347    -0.003685009603033
65 364
    -0.001286960851701    -0.000589338370463    -0.000589338370463
    -0.004835858044954     0.000574188198506    -0.001063600911877
    -0.004835858044954    -0.001063600911877     0.000574188198506
65 365
    -0.021809189341606    -0.001528612975563     0.004262163306552
    -0.009682121453909    -0.024937209726400     0.001996139787502
    -0.012816351843447     0.007736826080250    -0.006184179703006
65 366
    -0.024980467192210    -0.000107858027081     0.014349017834025
    -0.000107858027081    -0.024980467192210    -0.014349017834025
    -0.000546673056695     0.000546673056695    -0.002481483353511
65 367
     0.004851074644363     0.002722613548490    -0.018180065036466
    -0.009368280871849    -0.005408005026909     0.009368280871849
    -0.018180065036466    -0.002722613548490     0.004851074644363
65 368
     0.033343684797896     0.001562739532808    -0.013608727192067
     0.001531977993415    -0.002795627603283     0.004660884708347
    -0.009526036249092    -0.007806284375978     0.020452686685625
65 369
     0.055395624211942    -0.035184424530791     0.011546559605039
    -0.035184424530791     0.055395624211942    -0.011546559605039
     0.066029831252551    -0.066029831252551     0.034545616791917
65 370
    -0.004890631159774     0.014398333470723     0.015867280485360
    -0.086074927541150     0.042095783073395     0.086074927541150
     0.015867280485360    -0.014398333470723    -0.004890631159774
65 371
    -0.006184179703006    -0.012816351843447    -0.007736826080250
     0.004262163306552    -0.021809189341606     0.001528612975563
    -0.001996139787502     0.009682121453909    -0.024937209726400
65 372
    -0.012403157828142    -0.001984752248240    -0.000563875832674
    -0.014791330736116    -0.013395088414789     0.005063760664051
     0.017350363232069     0.001185650659763     0.003759738431651
65 373
    -0.013395088414789    -0.014791330736116    -0.005063760664051
    -0.001984752248240    -0.012403157828142     0.000563875832674
    -0.001185650659763    -0.017350363232069     0.003759738431651
65 374
     0.004429128356242     0.023186522653989    -0.000744102620727
    -0.025382577335966    -0.024192525392211     0.025382577335966
    -0.000744102620727    -0.023186522653989     0.004429128356242
65 375
     0.020452686685625    -0.009526036249092     0.007806284375978
    -0.013608727192067     0.033343684797896    -0.001562739532808
    -0.004660884708347    -0.001531977993415    -0.002795627603283
65 376
    -0.007435199582941     0.022418486272618    -0.005620155832391
     0.022418486272618    -0.007435199582941     0.005620155832391
     0.005420959301851    -0.005420959301851     0.002718659225551
65 377
    -0.021809189341606     0.004262163306552    -0.001528612975563
    -0.012816351843447    -0.006184179703006     0.007736826080250
    -0.009682121453909     0.001996139787502    -0.024937209726400
65 378
    -0.024980467192210     0.014349017834025    -0.000107858027081
    -0.000546673056695    -0.002481483353511     0.000546673056695
    -0.000107858027081    -0.014349017834025    -0.024980467192210
65 379
     0.004851074644363    -0.018180065036466     0.002722613548490
    -0.018180065036466     0.004851074644363    -0.002722613548490
    -0.009368280871849     0.009368280871849    -0.005408005026909
65 380
     0.033343684797896    -0.013608727192067     0.001562739532808
    -0.009526036249092     0.020452686685625    -0.007806284375978
     0.001531977993415     0.004660884708347    -0.002795627603283
65 381
     0.042095783073395    -0.086074927541150    -0.086074927541150
     0.014398333470723    -0.004890631159774    -0.015867280485360
     0.014398333470723    -0.015867280485360    -0.004890631159774
65 382
     0.142596571563510    -0.136078568993786    -0.136078568993786
    -0.136078568993786     0.142596571563510     0.136078568993786
    -0.136078568993786     0.136078568993786     0.142596571563510
65 383
    -0.002481483353511    -0.000546673056695    -0.000546673056695
     0.014349017834025    -0.024980467192210     0.000107858027081
     0.014349017834025     0.000107858027081    -0.024980467192210
65 384
    -0.024192525392211    -0.025382577335966    -0.025382577335966
     0.023186522653989     0.004429128356242     0.000744102620727
     0.023186522653989     0.000744102620727     0.004429128356242
65 385
    -3.227295678573934     0.776333288385880     0.776333288385880
     0.391914210768494    -0.097716681280580    -0.128132930555051
     0.391914210768494    -0.128132930555051    -0.097716681280580
65 386
    -5.141374436415796    -0.783838787044600    -0.783838787044600
    -1.024672609858512    -0.268589638299972    -0.386130447312640
    -1.024672609858512    -0.386130447312640    -0.268589638299972
65 387
     0.371412850893318    -0.018111525335572    -0.018111525335572
     0.086578632565325     0.061986845812167     0.002582506959180
     0.086578632565325     0.002582506959180     0.061986845812167
65 388
     0.566268739951909    -0.027819964341677    -0.027819964341677
    -0.079911852744174     0.027190185023516     0.009896495676362
    -0.079911852744174     0.009896495676362     0.027190185023516
65 389
    -0.022148841679327    -0.016552100525650    -0.028853573322022
    -0.042901120288512     0.067157213771902    -0.010529895283115
    -0.001701337273165    -0.008371015223058    -0.038761507781503
65 390
     0.055771686308530     0.194294019329944     0.004535724264319
     0.049735008452483     0.084063260843933     0.002061048761296
    -0.011151673906051     0.026822098949151     0.029738503742947
65 391
    -0.006854981682465    -0.008553705515438     0.004829856811763
    -0.019992488704093    -0.010233383688858    -0.001211760389368
    -0.004634554819651    -0.003356064399169     0.001323541423794
65 392
    -0.002327447905760    -0.030046364917864    -0.003206769963598
    -0.012008988595235    -0.003891875641262     0.001047254099266
    -0.007311734933370     0.004258008752644    -0.001043867255229
65 393
     0.014139526019100    -0.020655623073782    -0.000370103566669
     0.000577719284571     0.026658842441552    -0.005035574606454
     0.005750121817988     0.001671686018850     0.000351440338849
65 394
     0.012756046282469    -0.014341763971516    -0.005290887032554
     0.013580451932079    -0.014428143201557    -0.000872927954474
    -0.008705296438094     0.006986539076742    -0.020337243608297
65 395
    -0.009319989164655     0.001832459093997    -0.000601407264158
     0.007386496026548    -0.000024439557110     0.000772890319981
    -0.005620351318481    -0.000747179154251     0.002159903040735
65 396
    -0.007527256450335     0.009105725970778     0.005919765786220
    -0.011530286811433     0.001783643560135    -0.009629277577964
     0.008917239420914    -0.003219095076926    -0.001621655813995
65 397
    -0.149260472235013     0.129889194674885    -0.064693803392025
    -0.041828839224832     0.038486548054468     0.001141603657898
     0.008611066448624     0.005192728342039    -0.018548625591496
65 398
     0.089980218652763    -0.224543106170711     0.066476528357257
     0.055926337632293    -0.188657585010108    -0.065231261082573
    -0.048256467436019     0.018851094766710     0.008273174434750
65 399
     0.033093325951375    -0.008444111837581    -0.012621046055488
     0.005586444920329    -0.000492027102593     0.011259174174607
     0.003956538834069     0.001082342903579    -0.003896111805869
65 400
     0.005144842790550     0.051131090399231     0.009927223053137
     0.007398749018794     0.018898781036400     0.000960071098676
    -0.001623127653514    -0.001772255071842    -0.005521781727522
65 401
    -0.022148841679327    -0.028853573322022    -0.016552100525650
    -0.001701337273165    -0.038761507781503    -0.008371015223058
    -0.042901120288512    -0.010529895283115     0.067157213771902
65 402
     0.055771686308530     0.004535724264319     0.194294019329944
    -0.011151673906051     0.029738503742947     0.026822098949151
     0.049735008452483     0.002061048761296     0.084063260843933
65 403
    -0.006854981682465     0.004829856811763    -0.008553705515438
    -0.004634554819651     0.001323541423794    -0.003356064399169
    -0.019992488704093    -0.001211760389368    -0.010233383688858
65 404
    -0.002327447905760    -0.003206769963598    -0.030046364917864
    -0.007311734933370    -0.001043867255229     0.004258008752644
    -0.012008988595235     0.001047254099266    -0.003891875641262
65 405
    -0.009307963923195    -0.005622294791849    -0.005622294791849
    -0.010459903670965    -0.012936785509650    -0.011668239257899
    -0.010459903670965    -0.011668239257899    -0.012936785509650
65 406
    -0.007466735475005    -0.009759402989111    -0.009759402989111
     0.007404397238268    -0.001983050760013    -0.006042551928312
     0.007404397238268    -0.006042551928312    -0.001983050760013
65 407
    -0.011877326815174     0.000199258213045     0.000199258213045
     0.000529800519355    -0.000380459584597    -0.000874127441943
     0.000529800519355    -0.000874127441943    -0.000380459584597
65 408
    -0.011034709643338    -0.003690057129877    -0.003690057129877
     0.002195220544727     0.001557623680863    -0.002004560872787
     0.002195220544727    -0.002004560872787     0.001557623680863
65 409
     0.001418384442460     0.002053908774178    -0.002238874676487
     0.005095991196008     0.005074019888033    -0.004970544165575
    -0.003043396733653    -0.004885775323309     0.003063223388539
65 410
    -0.002305887498090    -0.007200729200644     0.004905697823248
     0.001750651011939    -0.016389745531440    -0.033602249315348
     0.011061619347644    -0.007059914685977     0.003191629281256
65 411
    -0.001939694602197     0.001119341018641    -0.000484798862115
     0.004042355329948    -0.000367280405824    -0.000368338498083
    -0.001390897769498     0.000028570387047    -0.004210073855014
65 412
     0.005531077755545     0.004743190046287     0.000555931126115
     0.000194050311755     0.002821731639257    -0.002510683851132
    -0.002226910168570    -0.000475275083446     0.001952027307356
65 413
     0.003392391598446     0.011696026751622    -0.015028979190897
     0.016779849412967    -0.003440883536332    -0.001232364243739
    -0.009250972136142    -0.006535161693399    -0.004583554776036
65 414
     0.004300358062267     0.013122779137447     0.007440761446978
    -0.003680658614139    -0.022732847834532    -0.009695461956155
     0.004827898155010     0.027208485748003     0.009524862383654
65 415
    -0.007756070072573    -0.002068987774084    -0.003806027829721
     0.004731620306396    -0.003379087156603    -0.004384738779168
     0.004086630082598     0.002258933826897    -0.000737694282938
65 416
    -0.009196396405199     0.001461695999013     0.006068851450237
    -0.009979880932608     0.000022097520007    -0.001162217001885
     0.001766016598250    -0.003660855683363     0.000033879827297
65 417
     0.014139526019100    -0.000370103566669    -0.020655623073782
     0.005750121817988     0.000351440338849     0.001671686018850
     0.000577719284571    -0.005035574606454     0.026658842441552
65 418
     0.012756046282469    -0.005290887032554    -0.014341763971516
    -0.008705296438094    -0.020337243608297     0.006986539076742
     0.013580451932079    -0.000872927954474    -0.014428143201557
65 419
    -0.009319989164655    -0.000601407264158     0.001832459093997
    -0.005620351318481     0.002159903040735    -0.000747179154251
     0.007386496026548     0.000772890319981    -0.000024439557110
65 420
    -0.007527256450335     0.005919765786220     0.009105725970778
     0.008917239420914    -0.001621655813995    -0.003219095076926
    -0.011530286811433    -0.009629277577964     0.001783643560135
65 421
     0.001418384442460    -0.002238874676487     0.002053908774178
    -0.003043396733653     0.003063223388539    -0.004885775323309
     0.005095991196008    -0.004970544165575     0.005074019888033
65 422
    -0.002305887498090     0.004905697823248    -0.007200729200644
     0.011061619347644     0.003191629281256    -0.007059914685977
     0.001750651011939    -0.033602249315348    -0.016389745531440
65 423
    -0.001939694602197    -0.000484798862115     0.001119341018641
    -0.001390897769498    -0.004210073855014     0.000028570387047
     0.004042355329948    -0.000368338498083    -0.000367280405824
65 424
     0.005531077755545     0.000555931126115     0.004743190046287
    -0.002226910168570     0.001952027307356    -0.000475275083446
     0.000194050311755    -0.002510683851132     0.002821731639257
65 425
    -0.004093867812691     0.004266052151210     0.004266052151210
    -0.004547948787717    -0.004727068137508     0.004330114651251
    -0.004547948787717     0.004330114651251    -0.004727068137508
65 426
    -0.002943392312747    -0.001796461184467    -0.001796461184467
    -0.004568583008860     0.014295269597740     0.012678000833107
    -0.004568583008860     0.012678000833107     0.014295269597740
65 427
     0.007308520800475    -0.001165561142582    -0.001165561142582
    -0.001323969405409     0.005191448192901     0.001179228087619
    -0.001323969405409     0.001179228087619     0.005191448192901
65 428
     0.012922456189551     0.002611488246602     0.002611488246602
    -0.002798655739835     0.001650363800611     0.001168964118898
    -0.002798655739835     0.001168964118898     0.001650363800611
65 429
     0.001696635168480     0.005825659161759     0.000642673808520
     0.004321547425880     0.012355091025055     0.001612744115630
     0.007782509091922     0.002274906748635     0.011183540985783
65 430
    -0.001907961326120    -0.006092751997225    -0.003877207541801
    -0.008010990577598     0.018452237663474     0.008704903567989
    -0.001901135445363     0.000501730235075    -0.007233951397410
65 431
     0.001720989319115     0.000429271322751    -0.001528125209298
     0.001948202043056    -0.000206640185303    -0.005060444992202
     0.001319458041938    -0.001904471994367     0.001454209640978
65 432
     0.004855842227466    -0.006840594475638     0.004483068282772
    -0.000463238454446    -0.003867308923228     0.003184072699926
     0.003300024420538     0.000795376914177     0.001387903795702
65 433
    -0.149260472235013    -0.064693803392025     0.129889194674885
     0.008611066448624    -0.018548625591496     0.005192728342039
    -0.041828839224832     0.001141603657898     0.038486548054468
65 434
     0.089980218652763     0.066476528357257    -0.224543106170711
    -0.048256467436019     0.008273174434750     0.018851094766710
     0.055926337632293    -0.065231261082573    -0.188657585010108
65 435
     0.033093325951375    -0.012621046055488    -0.008444111837581
     0.003956538834069    -0.003896111805869     0.001082342903579
     0.005586444920329     0.011259174174607    -0.000492027102593
65 436
     0.005144842790550     0.009927223053137     0.051131090399231
    -0.001623127653514    -0.005521781727522    -0.001772255071842
     0.007398749018794     0.000960071098676     0.018898781036400
65 437
     0.003392391598446    -0.015028979190897     0.011696026751622
    -0.009250972136142    -0.004583554776036    -0.006535161693399
     0.016779849412967    -0.001232364243739    -0.003440883536332
65 438
     0.004300358062267     0.007440761446978     0.013122779137447
     0.004827898155010     0.009524862383654     0.027208485748003
    -0.003680658614139    -0.009695461956155    -0.022732847834532
65 439
    -0.007756070072573    -0.003806027829721    -0.002068987774084
     0.004086630082598    -0.000737694282938     0.002258933826897
     0.004731620306396    -0.004384738779168    -0.003379087156603
65 440
    -0.009196396405199     0.006068851450237     0.001461695999013
     0.001766016598250     0.000033879827297    -0.003660855683363
    -0.009979880932608    -0.001162217001885     0.000022097520007
65 441
     0.001696635168480     0.000642673808520     0.005825659161759
     0.007782509091922     0.011183540985783     0.002274906748635
     0.004321547425880     0.001612744115630     0.012355091025055
65 442
    -0.001907961326120    -0.003877207541801    -0.006092751997225
    -0.001901135445363    -0.007233951397410     0.000501730235075
    -0.008010990577598     0.008704903567989     0.018452237663474
65 443
     0.001720989319115    -0.001528125209298     0.000429271322751
     0.001319458041938     0.001454209640978    -0.001904471994367
     0.001948202043056    -0.005060444992202    -0.000206640185303
65 444
     0.004855842227466     0.004483068282772    -0.006840594475638
     0.003300024420538     0.001387903795702     0.000795376914177
    -0.000463238454446     0.003184072699926    -0.003867308923228
65 445
     0.009753865798217    -0.001919613625739    -0.001919613625739
     0.007148876040615    -0.010012920928746    -0.015828760235884
     0.007148876040615    -0.015828760235884    -0.010012920928746
65 446
     0.004314600078034     0.003106481803241     0.003106481803241
     0.024011954131163    -0.019873694843405    -0.049790015960890
     0.024011954131163    -0.049790015960890    -0.019873694843405
65 447
    -0.008007871340733     0.001787440355448     0.001787440355448
     0.002154179853226    -0.002822160569764     0.000953739626847
     0.002154179853226     0.000953739626847    -0.002822160569764
65 448
    -0.006289233548545     0.000553182933307     0.000553182933307
    -0.001932990188525    -0.000827321808622    -0.001204092779598
    -0.001932990188525    -0.001204092779598    -0.000827321808622
65 449
    -0.097716681280580     0.391914210768494     0.128132930555051
     0.776333288385880    -3.227295678573934    -0.776333288385880
     0.128132930555051    -0.391914210768494    -0.097716681280580
65 450
     0.038486548054468    -0.041828839224832    -0.001141603657898
     0.129889194674885    -0.149260472235013     0.064693803392025
    -0.005192728342039    -0.008611066448624    -0.018548625591496
65 451
     0.026658842441552     0.000577719284571     0.005035574606454
    -0.020655623073782     0.014139526019100     0.000370103566669
    -0.001671686018850    -0.005750121817988     0.000351440338849
65 452
     0.067157213771902    -0.042901120288512     0.010529895283115
    -0.016552100525650    -0.022148841679327     0.028853573322022
     0.008371015223058     0.001701337273165    -0.038761507781503
65 453
     0.027190185023516    -0.079911852744174    -0.009896495676362
    -0.027819964341677     0.566268739951909     0.027819964341677
    -0.009896495676362     0.079911852744174     0.027190185023516
65 454
     0.018898781036400     0.007398749018794    -0.000960071098676
     0.051131090399231     0.005144842790550    -0.009927223053137
     0.001772255071842     0.001623127653514    -0.005521781727522
65 455
     0.001783643560135    -0.011530286811433     0.009629277577964
     0.009105725970778    -0.007527256450335    -0.005919765786220
     0.003219095076926    -0.008917239420914    -0.001621655813995
65 456
    -0.003891875641262    -0.012008988595235    -0.001047254099266
    -0.030046364917864    -0.002327447905760     0.003206769963598
    -0.004258008752644     0.007311734933370    -0.001043867255229
65 457
     0.061986845812167     0.086578632565325    -0.002582506959180
    -0.018111525335572     0.371412850893318     0.018111525335572
    -0.002582506959180    -0.086578632565325     0.061986845812167
65 458
    -0.000492027102593     0.005586444920329    -0.011259174174607
    -0.008444111837581     0.033093325951375     0.012621046055488
    -0.001082342903579    -0.003956538834069    -0.003896111805869
65 459
    -0.000024439557110     0.007386496026548    -0.000772890319981
     0.001832459093997    -0.009319989164655     0.000601407264158
     0.000747179154251     0.005620351318481     0.002159903040735
65 460
    -0.010233383688858    -0.019992488704093     0.001211760389368
    -0.008553705515438    -0.006854981682465    -0.004829856811763
     0.003356064399169     0.004634554819651     0.001323541423794
65 461
    -0.268589638299972    -1.024672609858512     0.386130447312640
    -0.783838787044600    -5.141374436415796     0.783838787044600
     0.386130447312640     1.024672609858512    -0.268589638299972
65 462
    -0.188657585010108     0.055926337632293     0.065231261082573
    -0.224543106170711     0.089980218652763    -0.066476528357257
    -0.018851094766710     0.048256467436019     0.008273174434750
65 463
    -0.014428143201557     0.013580451932079     0.000872927954474
    -0.014341763971516     0.012756046282469     0.005290887032554
    -0.006986539076742     0.008705296438094    -0.020337243608297
65 464
     0.084063260843933     0.049735008452483    -0.002061048761296
     0.194294019329944     0.055771686308530    -0.004535724264319
    -0.026822098949151     0.011151673906051     0.029738503742947
65 465
    -0.038761507781503    -0.001701337273165     0.008371015223058
    -0.028853573322022    -0.022148841679327     0.016552100525650
     0.010529895283115     0.042901120288512     0.067157213771902
65 466
    -0.003440883536332     0.016779849412967     0.001232364243739
     0.011696026751622     0.003392391598446     0.015028979190897
     0.006535161693399     0.009250972136142    -0.004583554776036
65 467
     0.005074019888033     0.005095991196008     0.004970544165575
     0.002053908774178     0.001418384442460     0.002238874676487
     0.004885775323309     0.003043396733653     0.003063223388539
65 468
    -0.012936785509650    -0.010459903670965     0.011668239257899
    -0.005622294791849    -0.009307963923195     0.005622294791849
     0.011668239257899     0.010459903670965    -0.012936785509650
65 469
    -0.001043867255229    -0.007311734933370    -0.004258008752644
    -0.003206769963598    -0.002327447905760     0.030046364917864
    -0.001047254099266     0.012008988595235    -0.003891875641262
65 470
     0.000022097520007    -0.009979880932608     0.001162217001885
     0.001461695999013    -0.009196396405199    -0.006068851450237
     0.003660855683363    -0.001766016598250     0.000033879827297
65 471
     0.002821731639257     0.000194050311755     0.002510683851132
     0.004743190046287     0.005531077755545    -0.000555931126115
     0.000475275083446     0.002226910168570     0.001952027307356
65 472
     0.001557623680863     0.002195220544727     0.002004560872787
    -0.003690057129877    -0.011034709643338     0.003690057129877
     0.002004560872787    -0.002195220544727     0.001557623680863
65 473
     0.001323541423794    -0.004634554819651     0.003356064399169
     0.004829856811763    -0.006854981682465     0.008553705515438
     0.001211760389368     0.019992488704093    -0.010233383688858
65 474
    -0.003379087156603     0.004731620306396     0.004384738779168
    -0.002068987774084    -0.007756070072573     0.003806027829721
    -0.002258933826897    -0.004086630082598    -0.000737694282938
65 475
    -0.000367280405824     0.004042355329948     0.000368338498083
     0.001119341018641    -0.001939694602197     0.000484798862115
    -0.000028570387047     0.001390897769498    -0.004210073855014
65 476
    -0.000380459584597     0.000529800519355     0.000874127441943
     0.000199258213045    -0.011877326815174    -0.000199258213045
     0.000874127441943    -0.000529800519355    -0.000380459584597
65 477
     0.029738503742947    -0.011151673906051    -0.026822098949151
     0.004535724264319     0.055771686308530    -0.194294019329944
    -0.002061048761296    -0.049735008452483     0.084063260843933
65 478
    -0.022732847834532    -0.003680658614139     0.009695461956155
     0.013122779137447     0.004300358062267    -0.007440761446978
    -0.027208485748003    -0.004827898155010     0.009524862383654
65 479
    -0.016389745531440     0.001750651011939     0.033602249315348
    -0.007200729200644    -0.002305887498090    -0.004905697823248
     0.007059914685977    -0.011061619347644     0.003191629281256
65 480
    -0.001983050760013     0.007404397238268     0.006042551928312
    -0.009759402989111    -0.007466735475005     0.009759402989111
     0.006042551928312    -0.007404397238268    -0.001983050760013
65 481
     0.000351440338849     0.005750121817988    -0.001671686018850
    -0.000370103566669     0.014139526019100     0.020655623073782
     0.005035574606454    -0.000577719284571     0.026658842441552
65 482
     0.012355091025055     0.004321547425880    -0.001612744115630
     0.005825659161759     0.001696635168480    -0.000642673808520
    -0.002274906748635    -0.007782509091922     0.011183540985783
65 483
    -0.004727068137508    -0.004547948787717    -0.004330114651251
     0.004266052151210    -0.004093867812691    -0.004266052151210
    -0.004330114651251     0.004547948787717    -0.004727068137508
65 484
     0.003063223388539    -0.003043396733653     0.004885775323309
    -0.002238874676487     0.001418384442460    -0.002053908774178
     0.004970544165575    -0.005095991196008     0.005074019888033
65 485
    -0.001621655813995     0.008917239420914     0.003219095076926
     0.005919765786220    -0.007527256450335    -0.009105725970778
     0.009629277577964     0.011530286811433     0.001783643560135
65 486
    -0.003867308923228    -0.000463238454446    -0.003184072699926
    -0.006840594475638     0.004855842227466    -0.004483068282772
    -0.000795376914177    -0.003300024420538     0.001387903795702
65 487
     0.001650363800611    -0.002798655739835    -0.001168964118898
     0.002611488246602     0.012922456189551    -0.002611488246602
    -0.001168964118898     0.002798655739835     0.001650363800611
65 488
     0.001952027307356    -0.002226910168570     0.000475275083446
     0.000555931126115     0.005531077755545    -0.004743190046287
     0.002510683851132    -0.000194050311755     0.002821731639257
65 489
     0.002159903040735    -0.005620351318481     0.000747179154251
    -0.000601407264158    -0.009319989164655    -0.001832459093997
    -0.000772890319981    -0.007386496026548    -0.000024439557110
65 490
    -0.000206640185303     0.001948202043056     0.005060444992202
     0.000429271322751     0.001720989319115     0.001528125209298
     0.001904471994367    -0.001319458041938     0.001454209640978
65 491
     0.005191448192901    -0.001323969405409    -0.001179228087619
    -0.001165561142582     0.007308520800475     0.001165561142582
    -0.001179228087619     0.001323969405409     0.005191448192901
65 492
    -0.004210073855014    -0.001390897769498    -0.000028570387047
    -0.000484798862115    -0.001939694602197    -0.001119341018641
     0.000368338498083    -0.004042355329948    -0.000367280405824
65 493
    -0.020337243608297    -0.008705296438094    -0.006986539076742
    -0.005290887032554     0.012756046282469     0.014341763971516
     0.000872927954474    -0.013580451932079    -0.014428143201557
65 494
     0.018452237663474    -0.008010990577598    -0.008704903567989
    -0.006092751997225    -0.001907961326120     0.003877207541801
    -0.000501730235075     0.001901135445363    -0.007233951397410
65 495
     0.014295269597740    -0.004568583008860    -0.012678000833107
    -0.001796461184467    -0.002943392312747     0.001796461184467
    -0.012678000833107     0.004568583008860     0.014295269597740
65 496
     0.003191629281256     0.011061619347644     0.007059914685977
     0.004905697823248    -0.002305887498090     0.007200729200644
     0.033602249315348    -0.001750651011939    -0.016389745531440
65 497
    -0.018548625591496     0.008611066448624    -0.005192728342039
    -0.064693803392025    -0.149260472235013    -0.129889194674885
    -0.001141603657898     0.041828839224832     0.038486548054468
65 498
    -0.010012920928746     0.007148876040615     0.015828760235884
    -0.001919613625739     0.009753865798217     0.001919613625739
     0.015828760235884    -0.007148876040615    -0.010012920928746
65 499
     0.011183540985783     0.007782509091922    -0.002274906748635
     0.000642673808520     0.001696635168480    -0.005825659161759
    -0.001612744115630    -0.004321547425880     0.012355091025055
65 500
    -0.004583554776036    -0.009250972136142     0.006535161693399
    -0.015028979190897     0.003392391598446    -0.011696026751622
     0.001232364243739    -0.016779849412967    -0.003440883536332
65 501
    -0.005521781727522    -0.001623127653514     0.001772255071842
     0.009927223053137     0.005144842790550    -0.051131090399231
    -0.000960071098676    -0.007398749018794     0.018898781036400
65 502
    -0.000827321808622    -0.001932990188525     0.001204092779598
     0.000553182933307    -0.006289233548545    -0.000553182933307
     0.001204092779598     0.001932990188525    -0.000827321808622
65 503
     0.001387903795702     0.003300024420538    -0.000795376914177
     0.004483068282772     0.004855842227466     0.006840594475638
    -0.003184072699926     0.000463238454446    -0.003867308923228
65 504
     0.000033879827297     0.001766016598250     0.003660855683363
     0.006068851450237    -0.009196396405199    -0.001461695999013
     0.001162217001885     0.009979880932608     0.000022097520007
65 505
    -0.003896111805869     0.003956538834069    -0.001082342903579
    -0.012621046055488     0.033093325951375     0.008444111837581
    -0.011259174174607    -0.005586444920329    -0.000492027102593
65 506
    -0.002822160569764     0.002154179853226    -0.000953739626847
     0.001787440355448    -0.008007871340733    -0.001787440355448
    -0.000953739626847    -0.002154179853226    -0.002822160569764
65 507
     0.001454209640978     0.001319458041938     0.001904471994367
    -0.001528125209298     0.001720989319115    -0.000429271322751
     0.005060444992202    -0.001948202043056    -0.000206640185303
65 508
    -0.000737694282938     0.004086630082598    -0.002258933826897
    -0.003806027829721    -0.007756070072573     0.002068987774084
     0.004384738779168    -0.004731620306396    -0.003379087156603
65 509
     0.008273174434750    -0.048256467436019    -0.018851094766710
     0.066476528357257     0.089980218652763     0.224543106170711
     0.065231261082573    -0.055926337632293    -0.188657585010108
65 510
    -0.019873694843405     0.024011954131163     0.049790015960890
     0.003106481803241     0.004314600078034    -0.003106481803241
     0.049790015960890    -0.024011954131163    -0.019873694843405
65 511
    -0.007233951397410    -0.001901135445363    -0.000501730235075
    -0.003877207541801    -0.001907961326120     0.006092751997225
    -0.008704903567989     0.008010990577598     0.018452237663474
65 512
     0.009524862383654     0.004827898155010    -0.027208485748003
     0.007440761446978     0.004300358062267    -0.013122779137447
     0.009695461956155     0.003680658614139    -0.022732847834532
129 1
    -0.416538127463684     0.215163606674766    -1.404395734842824
    -0.215163606674766     0.367745228164741    -0.215163606674766
    -1.404395734842824     0.215163606674766    -0.416538127463684
129 2
    -0.675590995811536    -0.027000948793915     0.945573368122656
     0.027000948793915     0.165842517244247    -0.013361318667176
     0.945573368122656     0.013361318667176     0.651474081778927
129 3
    -0.064620377487762    -0.018500287385321     0.031145705621714
     0.018500287385321    -0.042881937029599     0.006908258284971
     0.031145705621714    -0.006908258284971    -0.122141328375256
129 4
     0.013825055326528     0.027719062203161    -0.061941506324526
    -0.027719062203161    -0.004014170221248     0.003383253098119
    -0.061941506324526    -0.003383253098119    -0.072943104799541
129 5
    -0.003214696639823     0.027069714347672     0.036130623708723
    -0.031804349505088     0.047645690125037    -0.031804349505088
     0.036130623708723     0.027069714347672    -0.003214696639823
129 6
     0.009310609628283    -0.005405391586718    -0.040308491704850
     0.035451641680228     0.088407948698549    -0.102280220558577
    -0.002547532979222    -0.036290402272108    -0.067039470411648
129 7
     0.002388914046983     0.010900471432663     0.011983938855744
    -0.031181921792414     0.008850348066392     0.006090465948718
     0.006744941992722    -0.020335123628139     0.011390870117274
129 8
     0.011875842639363    -0.012596060845386    -0.007154232928876
     0.013727557113227    -0.008012046771801    -0.006871468941462
    -0.016803213796648    -0.009649330085643     0.011314877271933
129 9
    -0.000666347553620     0.018201569455401    -0.008087403812932
    -0.018201569455401    -0.111057616252481    -0.018201569455401
    -0.008087403812932     0.018201569455401    -0.000666347553620
129 10
    -0.044591411648528    -0.012406982143480     0.022303296568175
     0.012406982143480    -0.077299058726339    -0.028575465889204
     0.022303296568175     0.028575465889204    -0.013181906088117
129 11
     0.025405378036516    -0.003165918115458    -0.002210401083524
     0.003165918115458     0.009728615827818    -0.006860825388098
    -0.002210401083524     0.006860825388098    -0.006376333040518
129 12
     0.002463813688555     0.000226019879272    -0.012190136825007
    -0.000226019879272     0.004179817163328     0.000167381643765
    -0.012190136825007    -0.000167381643765    -0.007220787402030
129 13
    -0.003214696639823     0.031804349505088     0.036130623708723
    -0.027069714347672     0.047645690125037    -0.027069714347672
     0.036130623708723     0.031804349505088    -0.003214696639823
129 14
     0.009310609628283    -0.035451641680228    -0.002547532979222
     0.005405391586718     0.088407948698549     0.036290402272108
    -0.040308491704850     0.102280220558577    -0.067039470411648
129 15
     0.002388914046983     0.031181921792414     0.006744941992722
    -0.010900471432663     0.008850348066392     0.020335123628139
     0.011983938855744    -0.006090465948718     0.011390870117274
129 16
     0.011875842639363    -0.013727557113227    -0.016803213796648
     0.012596060845386    -0.008012046771801     0.009649330085643
    -0.007154232928876     0.006871468941462     0.011314877271933
129 17
     0.651474081778927     0.013361318667176     0.945573368122656
    -0.013361318667176     0.165842517244247     0.027000948793915
     0.945573368122656    -0.027000948793915    -0.675590995811536
129 18
    -0.820039486824613     0.403040847271554    -1.229282589620772
    -0.403040847271554     0.520829102767573    -0.403040847271554
    -1.229282589620772     0.403040847271554    -0.820039486824613
129 19
    -0.125701695667364    -0.096872521097235     0.016674602928223
     0.096872521097235    -0.028071758967039     0.014836111285302
     0.016674602928223    -0.014836111285302    -0.064044851253460
129 20
    -0.162660318743364     0.047103538870324     0.102679008387685
    -0.047103538870324    -0.024212992596114     0.026520485737374
     0.102679008387685    -0.026520485737374    -0.065380700709204
129 21
    -0.067039470411648    -0.036290402272108    -0.002547532979222
    -0.102280220558577     0.088407948698549     0.035451641680228
    -0.040308491704850    -0.005405391586718     0.009310609628283
129 22
     0.033572673029065    -0.144225416710626    -0.007158028775297
     0.035951903871699    -0.139122282680550     0.035951903871699
    -0.007158028775297    -0.144225416710626     0.033572673029065
129 23
    -0.066304564177836    -0.034232051408656    -0.028969782211229
    -0.092127728254798    -0.028777270166172    -0.007437596660025
    -0.002454064056959     0.021760539876025     0.012827263953008
129 24
    -0.069986428922175     0.025218555965245     0.019576816001145
     0.047839705325147    -0.000966864714742    -0.010145523129751
     0.023221982502289     0.014089680861758     0.001700499340131
129 25
    -0.013181906088117     0.028575465889204     0.022303296568175
    -0.028575465889204    -0.077299058726339     0.012406982143480
     0.022303296568175    -0.012406982143480    -0.044591411648528
129 26
    -0.059944866434194    -0.032074021618197    -0.025959524165790
     0.032074021618197    -0.045094186690330     0.032074021618197
    -0.025959524165790    -0.032074021618197    -0.059944866434194
129 27
     0.076663561914567     0.039468482279497    -0.000863209638676
    -0.039468482279497     0.085849973345824     0.002223333532280
    -0.000863209638676    -0.002223333532280    -0.007538180896339
129 28
     0.045373078914521    -0.058297186297134    -0.001174651245798
     0.058297186297134    -0.030243104586745     0.012799168995662
    -0.001174651245798    -0.012799168995662     0.002504459612028
129 29
    -0.067039470411648     0.102280220558577    -0.040308491704850
     0.036290402272108     0.088407948698549     0.005405391586718
    -0.002547532979222    -0.035451641680228     0.009310609628283
129 30
     0.033572673029065    -0.035951903871699    -0.007158028775297
     0.144225416710626    -0.139122282680550     0.144225416710626
    -0.007158028775297    -0.035951903871699     0.033572673029065
129 31
    -0.066304564177836     0.092127728254798    -0.002454064056959
     0.034232051408656    -0.028777270166172    -0.021760539876025
    -0.028969782211229     0.007437596660025     0.012827263953008
129 32
    -0.069986428922175    -0.047839705325147     0.023221982502289
    -0.025218555965245    -0.000966864714742    -0.014089680861758
     0.019576816001145     0.010145523129751     0.001700499340131
129 33
    -0.122141328375256    -0.006908258284971     0.031145705621714
     0.006908258284971    -0.042881937029599     0.018500287385321
     0.031145705621714    -0.018500287385321    -0.064620377487762
129 34
    -0.064044851253460    -0.014836111285302     0.016674602928223
     0.014836111285302    -0.028071758967039     0.096872521097235
     0.016674602928223    -0.096872521097235    -0.125701695667364
129 35
     0.000440005027529    -0.011091007739594     0.013469390210619
     0.011091007739594     0.040629751268806     0.011091007739594
     0.013469390210619    -0.011091007739594     0.000440005027529
129 36
     0.074862812372607     0.007881513307228    -0.034983101377294
    -0.007881513307228     0.019416435796167    -0.019030491213358
    -0.034983101377294     0.019030491213358     0.048699530966801
129 37
     0.011390870117274    -0.020335123628139     0.006744941992722
     0.006090465948718     0.008850348066392    -0.031181921792414
     0.011983938855744     0.010900471432663     0.002388914046983
129 38
     0.012827263953008     0.021760539876025    -0.002454064056959
    -0.007437596660025    -0.028777270166172    -0.092127728254798
    -0.028969782211229    -0.034232051408656    -0.066304564177836
129 39
     0.007691073794444    -0.011299278241003     0.000171204061111
     0.000625267005797     0.000095091646671     0.000625267005797
     0.000171204061111    -0.011299278241003     0.007691073794444
129 40
    -0.015678054694342     0.005765996996680     0.011405937729577
    -0.009892689391364     0.010279651261012    -0.008190388922170
     0.015043208870167    -0.005205547864363    -0.007677685843990
129 41
    -0.006376333040518     0.006860825388098    -0.002210401083524
    -0.006860825388098     0.009728615827818     0.003165918115458
    -0.002210401083524    -0.003165918115458     0.025405378036516
129 42
    -0.007538180896339    -0.002223333532280    -0.000863209638676
     0.002223333532280     0.085849973345824    -0.039468482279497
    -0.000863209638676     0.039468482279497     0.076663561914567
129 43
     0.005356446045109     0.009858359756335    -0.002509270847301
    -0.009858359756335    -0.013831231168527    -0.009858359756335
    -0.002509270847301     0.009858359756335     0.005356446045109
129 44
     0.012204077071052    -0.003630408250261    -0.003330266877933
     0.003630408250261    -0.016548814271545    -0.006579173583685
    -0.003330266877933     0.006579173583685    -0.001969249062434
129 45
     0.011390870117274    -0.006090465948718     0.011983938855744
     0.020335123628139     0.008850348066392    -0.010900471432663
     0.006744941992722     0.031181921792414     0.002388914046983
129 46
     0.012827263953008     0.007437596660025    -0.028969782211229
    -0.021760539876025    -0.028777270166172     0.034232051408656
    -0.002454064056959     0.092127728254798    -0.066304564177836
129 47
     0.007691073794444    -0.000625267005797     0.000171204061111
     0.011299278241003     0.000095091646671     0.011299278241003
     0.000171204061111    -0.000625267005797     0.007691073794444
129 48
    -0.015678054694342     0.009892689391364     0.015043208870167
    -0.005765996996680     0.010279651261012     0.005205547864363
     0.011405937729577     0.008190388922170    -0.007677685843990
129 49
    -0.072943104799541    -0.003383253098119    -0.061941506324526
     0.003383253098119    -0.004014170221248    -0.027719062203161
    -0.061941506324526     0.027719062203161     0.013825055326528
129 50
    -0.065380700709204    -0.026520485737374     0.102679008387685
     0.026520485737374    -0.024212992596114    -0.047103538870324
     0.102679008387685     0.047103538870324    -0.162660318743364
129 51
     0.048699530966801     0.019030491213358    -0.034983101377294
    -0.019030491213358     0.019416435796167    -0.007881513307228
    -0.034983101377294     0.007881513307228     0.074862812372607
129 52
     0.010694043814754    -0.011462514820477    -0.009386099523909
     0.011462514820477     0.009694513943575     0.011462514820477
    -0.009386099523909    -0.011462514820477     0.010694043814754
129 53
     0.011314877271933    -0.009649330085643    -0.016803213796648
    -0.006871468941462    -0.008012046771801     0.013727557113227
    -0.007154232928876    -0.012596060845386     0.011875842639363
129 54
     0.001700499340131     0.014089680861758     0.023221982502289
    -0.010145523129751    -0.000966864714742     0.047839705325147
     0.019576816001145     0.025218555965245    -0.069986428922175
129 55
    -0.007677685843990    -0.005205547864363     0.015043208870167
    -0.008190388922170     0.010279651261012    -0.009892689391364
     0.011405937729577     0.005765996996680    -0.015678054694342
129 56
     0.003438420032138     0.008870726067837    -0.026993603831091
     0.011941201420894     0.004431162929917     0.011941201420894
    -0.026993603831091     0.008870726067837     0.003438420032138
129 57
    -0.007220787402030    -0.000167381643765    -0.012190136825007
     0.000167381643765     0.004179817163328    -0.000226019879272
    -0.012190136825007     0.000226019879272     0.002463813688555
129 58
     0.002504459612028    -0.012799168995662    -0.001174651245798
     0.012799168995662    -0.030243104586745     0.058297186297134
    -0.001174651245798    -0.058297186297134     0.045373078914521
129 59
    -0.001969249062434     0.006579173583685    -0.003330266877933
    -0.006579173583685    -0.016548814271545     0.003630408250261
    -0.003330266877933    -0.003630408250261     0.012204077071052
129 60
    -0.007753162454219    -0.005188830956726     0.002021512173940
     0.005188830956726    -0.007255124628751     0.005188830956726
     0.002021512173940    -0.005188830956726    -0.007753162454219
129 61
     0.011314877271933     0.006871468941462    -0.007154232928876
     0.009649330085643    -0.008012046771801     0.012596060845386
    -0.016803213796648    -0.013727557113227     0.011875842639363
129 62
     0.001700499340131     0.010145523129751     0.019576816001145
    -0.014089680861758    -0.000966864714742    -0.025218555965245
     0.023221982502289    -0.047839705325147    -0.069986428922175
129 63
    -0.007677685843990     0.008190388922170     0.011405937729577
     0.005205547864363     0.010279651261012    -0.005765996996680
     0.015043208870167     0.009892689391364    -0.015678054694342
129 64
     0.003438420032138    -0.011941201420894    -0.026993603831091
    -0.008870726067837     0.004431162929917    -0.008870726067837
    -0.026993603831091    -0.011941201420894     0.003438420032138
129 65
     0.367745228164741    -0.215163606674766    -0.215163606674766
     0.215163606674766    -0.416538127463684    -1.404395734842824
     0.215163606674766    -1.404395734842824    -0.416538127463684
129 66
     0.047645690125037    -0.031804349505088    -0.031804349505088
     0.027069714347672    -0.003214696639823     0.036130623708723
     0.027069714347672     0.036130623708723    -0.003214696639823
129 67
    -0.111057616252481    -0.018201569455401    -0.018201569455401
     0.018201569455401    -0.000666347553620    -0.008087403812932
     0.018201569455401    -0.008087403812932    -0.000666347553620
129 68
     0.047645690125037    -0.027069714347672    -0.027069714347672
     0.031804349505088    -0.003214696639823     0.036130623708723
     0.031804349505088     0.036130623708723    -0.003214696639823
129 69
     0.165842517244247     0.027000948793915    -0.013361318667176
    -0.027000948793915    -0.675590995811536     0.945573368122656
     0.013361318667176     0.945573368122656     0.651474081778927
129 70
     0.088407948698549     0.035451641680228    -0.102280220558577
    -0.005405391586718     0.009310609628283    -0.040308491704850
    -0.036290402272108    -0.002547532979222    -0.067039470411648
129 71
    -0.077299058726339     0.012406982143480    -0.028575465889204
    -0.012406982143480    -0.044591411648528     0.022303296568175
     0.028575465889204     0.022303296568175    -0.013181906088117
129 72
     0.088407948698549     0.005405391586718     0.036290402272108
    -0.035451641680228     0.009310609628283    -0.002547532979222
     0.102280220558577    -0.040308491704850    -0.067039470411648
129 73
    -0.042881937029599     0.018500287385321     0.006908258284971
    -0.018500287385321    -0.064620377487762     0.031145705621714
    -0.006908258284971     0.031145705621714    -0.122141328375256
129 74
     0.008850348066392    -0.031181921792414     0.006090465948718
     0.010900471432663     0.002388914046983     0.011983938855744
    -0.020335123628139     0.006744941992722     0.011390870117274
129 75
     0.009728615827818     0.003165918115458    -0.006860825388098
    -0.003165918115458     0.025405378036516    -0.002210401083524
     0.006860825388098    -0.002210401083524    -0.006376333040518
129 76
     0.008850348066392    -0.010900471432663     0.020335123628139
     0.031181921792414     0.002388914046983     0.006744941992722
    -0.006090465948718     0.011983938855744     0.011390870117274
129 77
    -0.004014170221248    -0.027719062203161     0.003383253098119
     0.027719062203161     0.013825055326528    -0.061941506324526
    -0.003383253098119    -0.061941506324526    -0.072943104799541
129 78
    -0.008012046771801     0.013727557113227    -0.006871468941462
    -0.012596060845386     0.011875842639363    -0.007154232928876
    -0.009649330085643    -0.016803213796648     0.011314877271933
129 79
     0.004179817163328    -0.000226019879272     0.000167381643765
     0.000226019879272     0.002463813688555    -0.012190136825007
    -0.000167381643765    -0.012190136825007    -0.007220787402030
129 80
    -0.008012046771801     0.012596060845386     0.009649330085643
    -0.013727557113227     0.011875842639363    -0.016803213796648
     0.006871468941462    -0.007154232928876     0.011314877271933
129 81
     0.165842517244247    -0.013361318667176     0.027000948793915
     0.013361318667176     0.651474081778927     0.945573368122656
    -0.027000948793915     0.945573368122656    -0.675590995811536
129 82
     0.088407948698549    -0.102280220558577     0.035451641680228
    -0.036290402272108    -0.067039470411648    -0.002547532979222
    -0.005405391586718    -0.040308491704850     0.009310609628283
129 83
    -0.077299058726339    -0.028575465889204     0.012406982143480
     0.028575465889204    -0.013181906088117     0.022303296568175
    -0.012406982143480     0.022303296568175    -0.044591411648528
129 84
     0.088407948698549     0.036290402272108     0.005405391586718
     0.102280220558577    -0.067039470411648    -0.040308491704850
    -0.035451641680228    -0.002547532979222     0.009310609628283
129 85
     0.520829102767574    -0.403040847271554    -0.403040847271554
     0.403040847271554    -0.820039486824613    -1.229282589620772
     0.403040847271554    -1.229282589620772    -0.820039486824613
129 86
    -0.139122282680550     0.035951903871699     0.035951903871699
    -0.144225416710626     0.033572673029065    -0.007158028775297
    -0.144225416710626    -0.007158028775297     0.033572673029065
129 87
    -0.045094186690330     0.032074021618197     0.032074021618197
    -0.032074021618197    -0.059944866434194    -0.025959524165790
    -0.032074021618197    -0.025959524165790    -0.059944866434194
129 88
    -0.139122282680550     0.144225416710626     0.144225416710626
    -0.035951903871699     0.033572673029065    -0.007158028775297
    -0.035951903871699    -0.007158028775297     0.033572673029065
129 89
    -0.028071758967039     0.096872521097235     0.014836111285302
    -0.096872521097235    -0.125701695667364     0.016674602928223
    -0.014836111285302     0.016674602928223    -0.064044851253460
129 90
    -0.028777270166172    -0.092127728254798    -0.007437596660025
    -0.034232051408656    -0.066304564177836    -0.028969782211229
     0.021760539876025    -0.002454064056959     0.012827263953008
129 91
     0.085849973345824    -0.039468482279497     0.002223333532280
     0.039468482279497     0.076663561914567    -0.000863209638676
    -0.002223333532280    -0.000863209638676    -0.007538180896339
129 92
    -0.028777270166172     0.034232051408656    -0.021760539876025
     0.092127728254798    -0.066304564177836    -0.002454064056959
     0.007437596660025    -0.028969782211229     0.012827263953008
129 93
    -0.024212992596114    -0.047103538870324     0.026520485737374
     0.047103538870324    -0.162660318743364     0.102679008387685
    -0.026520485737374     0.102679008387685    -0.065380700709204
129 94
    -0.000966864714742     0.047839705325147    -0.010145523129751
     0.025218555965245    -0.069986428922175     0.019576816001145
     0.014089680861758     0.023221982502289     0.001700499340131
129 95
    -0.030243104586745     0.058297186297134     0.012799168995662
    -0.058297186297134     0.045373078914521    -0.001174651245798
    -0.012799168995662    -0.001174651245798     0.002504459612028
129 96
    -0.000966864714742    -0.025218555965245    -0.014089680861758
    -0.047839705325147    -0.069986428922175     0.023221982502289
     0.010145523129751     0.019576816001145     0.001700499340131
129 97
    -0.042881937029599     0.006908258284971     0.018500287385321
    -0.006908258284971    -0.122141328375256     0.031145705621714
    -0.018500287385321     0.031145705621714    -0.064620377487762
129 98
     0.008850348066392     0.006090465948718    -0.031181921792414
    -0.020335123628139     0.011390870117274     0.006744941992722
     0.010900471432663     0.011983938855744     0.002388914046983
129 99
     0.009728615827818    -0.006860825388098     0.003165918115458
     0.006860825388098    -0.006376333040518    -0.002210401083524
    -0.003165918115458    -0.002210401083524     0.025405378036516
129 100
     0.008850348066392     0.020335123628139    -0.010900471432663
    -0.006090465948718     0.011390870117274     0.011983938855744
     0.031181921792414     0.006744941992722     0.002388914046983
129 101
    -0.028071758967039     0.014836111285302     0.096872521097235
    -0.014836111285302    -0.064044851253460     0.016674602928223
    -0.096872521097235     0.016674602928223    -0.125701695667364
129 102
    -0.028777270166172    -0.007437596660025    -0.092127728254798
     0.021760539876025     0.012827263953008    -0.002454064056959
    -0.034232051408656    -0.028969782211229    -0.066304564177836
129 103
     0.085849973345824     0.002223333532280    -0.039468482279497
    -0.002223333532280    -0.007538180896339    -0.000863209638676
     0.039468482279497    -0.000863209638676     0.076663561914567
129 104
    -0.028777270166172    -0.021760539876025     0.034232051408656
     0.007437596660025     0.012827263953008    -0.028969782211229
     0.092127728254798    -0.002454064056959    -0.066304564177836
129 105
     0.040629751268806     0.011091007739594     0.011091007739594
    -0.011091007739594     0.000440005027529     0.013469390210619
    -0.011091007739594     0.013469390210619     0.000440005027529
129 106
     0.000095091646671     0.000625267005797     0.000625267005797
    -0.011299278241003     0.007691073794444     0.000171204061111
    -0.011299278241003     0.000171204061111     0.007691073794444
129 107
    -0.013831231168527    -0.009858359756335    -0.009858359756335
     0.009858359756335     0.005356446045109    -0.002509270847301
     0.009858359756335    -0.002509270847301     0.005356446045109
129 108
     0.000095091646671     0.011299278241003     0.011299278241003
    -0.000625267005797     0.007691073794444     0.000171204061111
    -0.000625267005797     0.000171204061111     0.007691073794444
129 109
     0.019416435796167    -0.007881513307228    -0.019030491213358
     0.007881513307228     0.074862812372607    -0.034983101377294
     0.019030491213358    -0.034983101377294     0.048699530966801
129 110
     0.010279651261012    -0.009892689391364    -0.008190388922170
     0.005765996996680    -0.015678054694342     0.011405937729577
    -0.005205547864363     0.015043208870167    -0.007677685843990
129 111
    -0.016548814271545     0.003630408250261    -0.006579173583685
    -0.003630408250261     0.012204077071052    -0.003330266877933
     0.006579173583685    -0.003330266877933    -0.001969249062434
129 112
     0.010279651261012    -0.005765996996680     0.005205547864363
     0.009892689391364    -0.015678054694342     0.015043208870167
     0.008190388922170     0.011405937729577    -0.007677685843990
129 113
    -0.004014170221248     0.003383253098119    -0.027719062203161
    -0.003383253098119    -0.072943104799541    -0.061941506324526
     0.027719062203161    -0.061941506324526     0.013825055326528
129 114
    -0.008012046771801    -0.006871468941462     0.013727557113227
    -0.009649330085643     0.011314877271933    -0.016803213796648
    -0.012596060845386    -0.007154232928876     0.011875842639363
129 115
     0.004179817163328     0.000167381643765    -0.000226019879272
    -0.000167381643765    -0.007220787402030    -0.012190136825007
     0.000226019879272    -0.012190136825007     0.002463813688555
129 116
    -0.008012046771801     0.009649330085643     0.012596060845386
     0.006871468941462     0.011314877271933    -0.007154232928876
    -0.013727557113227    -0.016803213796648     0.011875842639363
129 117
    -0.024212992596114     0.026520485737374    -0.047103538870324
    -0.026520485737374    -0.065380700709204     0.102679008387685
     0.047103538870324     0.102679008387685    -0.162660318743364
129 118
    -0.000966864714742    -0.010145523129751     0.047839705325147
     0.014089680861758     0.001700499340131     0.023221982502289
     0.025218555965245     0.019576816001145    -0.069986428922175
129 119
    -0.030243104586745     0.012799168995662     0.058297186297134
    -0.012799168995662     0.002504459612028    -0.001174651245798
    -0.058297186297134    -0.001174651245798     0.045373078914521
129 120
    -0.000966864714742    -0.014089680861758    -0.025218555965245
     0.010145523129751     0.001700499340131     0.019576816001145
    -0.047839705325147     0.023221982502289    -0.069986428922175
129 121
     0.019416435796167    -0.019030491213358    -0.007881513307228
     0.019030491213358     0.048699530966801    -0.034983101377294
     0.007881513307228    -0.034983101377294     0.074862812372607
129 122
     0.010279651261012    -0.008190388922170    -0.009892689391364
    -0.005205547864363    -0.007677685843990     0.015043208870167
     0.005765996996680     0.011405937729577    -0.015678054694342
129 123
    -0.016548814271545    -0.006579173583685     0.003630408250261
     0.006579173583685    -0.001969249062434    -0.003330266877933
    -0.003630408250261    -0.003330266877933     0.012204077071052
129 124
     0.010279651261012     0.005205547864363    -0.005765996996680
     0.008190388922170    -0.007677685843990     0.011405937729577
     0.009892689391364     0.015043208870167    -0.015678054694342
129 125
     0.009694513943575     0.011462514820477     0.011462514820477
    -0.011462514820477     0.010694043814754    -0.009386099523909
    -0.011462514820477    -0.009386099523909     0.010694043814754
129 126
     0.004431162929917     0.011941201420894     0.011941201420894
     0.008870726067837     0.003438420032138    -0.026993603831091
     0.008870726067837    -0.026993603831091     0.003438420032138
129 127
    -0.007255124628751     0.005188830956726     0.005188830956726
    -0.005188830956726    -0.007753162454219     0.002021512173940
    -0.005188830956726     0.002021512173940    -0.007753162454219
129 128
     0.004431162929917    -0.008870726067837    -0.008870726067837
    -0.011941201420894     0.003438420032138    -0.026993603831091
    -0.011941201420894    -0.026993603831091     0.003438420032138
129 129
    12.996696073078164     0.258848617646184     0.258848617646184
     0.258848617646184    12.996696073078164     0.258848617646184
     0.258848617646184     0.258848617646184    12.996696073078160
129 130
    -0.012242024147586     0.068046221880708     0.068046221880708
    -0.199077117007574    -0.111402969951526    -0.087312670499267
    -0.199077117007574    -0.087312670499267    -0.111402969951526
129 131
     0.155710970421016     0.000866071706877     0.000866071706877
     0.000866071706877    -0.053936178200762     0.023548561944937
     0.000866071706877     0.023548561944937    -0.053936178200762
129 132
    -0.012242024147586    -0.199077117007574    -0.199077117007574
     0.068046221880708    -0.111402969951526    -0.087312670499267
     0.068046221880708    -0.087312670499267    -0.111402969951526
129 133
    -0.111402969951526    -0.199077117007574    -0.087312670499267
     0.068046221880708    -0.012242024147586     0.068046221880708
    -0.087312670499267    -0.199077117007574    -0.111402969951526
129 134
    -0.096269841275500    -0.078824960518660     0.036569195804166
    -0.078824960518660    -0.096269841275500     0.036569195804166
     0.004719949027615     0.004719949027615     0.020335630373702
129 135
    -0.025790386942991     0.000357079068638     0.008717597827381
    -0.044183413198144     0.034115251316433    -0.009572278199150
     0.012661998493559     0.003701432332638     0.011072140485025
129 136
    -0.232852837453244     0.395920852877393     0.027296398500067
     0.105701367591513    -0.232852837453244    -0.003235112599860
    -0.003235112599860     0.027296398500067     0.042599332467864
129 137
    -0.053936178200762     0.000866071706877     0.023548561944937
     0.000866071706877     0.155710970421016     0.000866071706877
     0.023548561944937     0.000866071706877    -0.053936178200762
129 138
     0.034115251316433    -0.044183413198144    -0.009572278199150
     0.000357079068638    -0.025790386942991     0.008717597827381
     0.003701432332638     0.012661998493559     0.011072140485025
129 139
    -0.104327011171691     0.013378639114393    -0.003948428059230
     0.013378639114393    -0.104327011171691    -0.003948428059230
    -0.003948428059230    -0.003948428059230    -0.037373685596574
129 140
     0.034115251316433     0.000357079068638     0.003701432332638
    -0.044183413198144    -0.025790386942991     0.012661998493559
    -0.009572278199150     0.008717597827381     0.011072140485025
129 141
    -0.111402969951526     0.068046221880708    -0.087312670499267
    -0.199077117007574    -0.012242024147586    -0.199077117007574
    -0.087312670499267     0.068046221880708    -0.111402969951526
129 142
    -0.232852837453244     0.105701367591513    -0.003235112599860
     0.395920852877393    -0.232852837453244     0.027296398500067
     0.027296398500067    -0.003235112599860     0.042599332467864
129 143
    -0.025790386942991    -0.044183413198144     0.012661998493559
     0.000357079068638     0.034115251316433     0.003701432332638
     0.008717597827381    -0.009572278199150     0.011072140485025
129 144
    -0.096269841275500    -0.078824960518660     0.004719949027615
    -0.078824960518660    -0.096269841275500     0.004719949027615
     0.036569195804166     0.036569195804166     0.020335630373702
129 145
    -0.111402969951526    -0.087312670499267    -0.199077117007574
    -0.087312670499267    -0.111402969951526    -0.199077117007574
     0.068046221880708     0.068046221880708    -0.012242024147586
129 146
    -0.096269841275500     0.036569195804166    -0.078824960518660
     0.004719949027615     0.020335630373702     0.004719949027615
    -0.078824960518660     0.036569195804166    -0.096269841275500
129 147
    -0.025790386942991     0.008717597827381     0.000357079068638
     0.012661998493559     0.011072140485025     0.003701432332638
    -0.044183413198144    -0.009572278199150     0.034115251316433
129 148
    -0.232852837453244     0.027296398500067     0.395920852877393
    -0.003235112599860     0.042599332467864     0.027296398500067
     0.105701367591513    -0.003235112599860    -0.232852837453244
129 149
     0.020335630373702     0.004719949027615     0.004719949027615
     0.036569195804166    -0.096269841275500    -0.078824960518660
     0.036569195804166    -0.078824960518660    -0.096269841275500
129 150
    -0.001880213688793    -0.000427810870840    -0.000427810870840
    -0.000427810870840    -0.001880213688793    -0.000427810870840
    -0.000427810870840    -0.000427810870840    -0.001880213688793
129 151
    -0.042826009028437    -0.000255798294442    -0.000255798294442
     0.009922930899796    -0.025740129936379     0.007480167077632
     0.009922930899796     0.007480167077632    -0.025740129936379
129 152
    -0.006150632012344     0.011939724836636     0.011939724836636
     0.002065422525334    -0.009243244741727    -0.018327504252099
     0.002065422525334    -0.018327504252099    -0.009243244741727
129 153
     0.011072140485025     0.012661998493559     0.003701432332638
     0.008717597827381    -0.025790386942991     0.000357079068638
    -0.009572278199150    -0.044183413198144     0.034115251316433
129 154
    -0.025740129936379     0.009922930899796     0.007480167077632
    -0.000255798294442    -0.042826009028437    -0.000255798294442
     0.007480167077632     0.009922930899796    -0.025740129936379
129 155
     0.017461946882476    -0.000840616760780     0.007208915892412
    -0.000840616760780     0.017461946882476     0.007208915892412
    -0.005085709197016    -0.005085709197016    -0.002831665369208
129 156
    -0.009957364920539     0.005942393775695     0.003211297459417
     0.011742841874489    -0.043728995341755     0.005942393775695
     0.005522937562827     0.011742841874489    -0.009957364920539
129 157
     0.042599332467864    -0.003235112599860     0.027296398500067
     0.027296398500067    -0.232852837453244     0.395920852877393
    -0.003235112599860     0.105701367591513    -0.232852837453244
129 158
    -0.009243244741727     0.002065422525334    -0.018327504252099
     0.011939724836636    -0.006150632012344     0.011939724836636
    -0.018327504252099     0.002065422525334    -0.009243244741727
129 159
    -0.043728995341755     0.011742841874489     0.005942393775695
     0.005942393775695    -0.009957364920539     0.003211297459417
     0.011742841874489     0.005522937562827    -0.009957364920539
129 160
    -0.009243244741727    -0.018327504252099     0.011939724836636
    -0.018327504252099    -0.009243244741727     0.011939724836636
     0.002065422525334     0.002065422525334    -0.006150632012344
129 161
    -0.053936178200762     0.023548561944937     0.000866071706877
     0.023548561944937    -0.053936178200762     0.000866071706877
     0.000866071706877     0.000866071706877     0.155710970421016
129 162
     0.034115251316433    -0.009572278199150    -0.044183413198144
     0.003701432332638     0.011072140485025     0.012661998493559
     0.000357079068638     0.008717597827381    -0.025790386942991
129 163
    -0.104327011171691    -0.003948428059230     0.013378639114393
    -0.003948428059230    -0.037373685596574    -0.003948428059230
     0.013378639114393    -0.003948428059230    -0.104327011171691
129 164
     0.034115251316433     0.003701432332638     0.000357079068638
    -0.009572278199150     0.011072140485025     0.008717597827381
    -0.044183413198144     0.012661998493559    -0.025790386942991
129 165
     0.011072140485025     0.003701432332638     0.012661998493559
    -0.009572278199150     0.034115251316433    -0.044183413198144
     0.008717597827381     0.000357079068638    -0.025790386942991
129 166
    -0.025740129936379     0.007480167077632     0.009922930899796
     0.007480167077632    -0.025740129936379     0.009922930899796
    -0.000255798294442    -0.000255798294442    -0.042826009028437
129 167
     0.017461946882476     0.007208915892412    -0.000840616760780
    -0.005085709197016    -0.002831665369208    -0.005085709197016
    -0.000840616760780     0.007208915892412     0.017461946882476
129 168
    -0.009957364920539     0.003211297459417     0.005942393775695
     0.005522937562827    -0.009957364920539     0.011742841874489
     0.011742841874489     0.005942393775695    -0.043728995341755
129 169
    -0.037373685596574    -0.003948428059230    -0.003948428059230
    -0.003948428059230    -0.104327011171691     0.013378639114393
    -0.003948428059230     0.013378639114393    -0.104327011171691
129 170
    -0.002831665369208    -0.005085709197016    -0.005085709197016
     0.007208915892412     0.017461946882476    -0.000840616760780
     0.007208915892412    -0.000840616760780     0.017461946882476
129 171
    -0.026211437411356     0.006524767716938     0.006524767716938
     0.006524767716938    -0.026211437411356     0.006524767716938
     0.006524767716938     0.006524767716938    -0.026211437411356
129 172
    -0.002831665369208     0.007208915892412     0.007208915892412
    -0.005085709197016     0.017461946882476    -0.000840616760780
    -0.005085709197016    -0.000840616760780     0.017461946882476
129 173
     0.011072140485025    -0.009572278199150     0.008717597827381
     0.003701432332638     0.034115251316433     0.000357079068638
     0.012661998493559    -0.044183413198144    -0.025790386942991
129 174
    -0.009957364920539     0.005522937562827     0.011742841874489
     0.003211297459417    -0.009957364920539     0.005942393775695
     0.005942393775695     0.011742841874489    -0.043728995341755
129 175
     0.017461946882476    -0.005085709197016    -0.000840616760780
     0.007208915892412    -0.002831665369208     0.007208915892412
    -0.000840616760780    -0.005085709197016     0.017461946882476
129 176
    -0.025740129936379     0.007480167077632    -0.000255798294442
     0.007480167077632    -0.025740129936379    -0.000255798294442
     0.009922930899796     0.009922930899796    -0.042826009028437
129 177
    -0.111402969951526    -0.087312670499267     0.068046221880708
    -0.087312670499267    -0.111402969951526     0.068046221880708
    -0.199077117007574    -0.199077117007574    -0.012242024147586
129 178
    -0.232852837453244    -0.003235112599860     0.105701367591513
     0.027296398500067     0.042599332467864    -0.003235112599860
     0.395920852877393     0.027296398500067    -0.232852837453244
129 179
    -0.025790386942991     0.012661998493559    -0.044183413198144
     0.008717597827381     0.011072140485025    -0.009572278199150
     0.000357079068638     0.003701432332638     0.034115251316433
129 180
    -0.096269841275500     0.004719949027615    -0.078824960518660
     0.036569195804166     0.020335630373702     0.036569195804166
    -0.078824960518660     0.004719949027615    -0.096269841275500
129 181
     0.042599332467864     0.027296398500067    -0.003235112599860
    -0.003235112599860    -0.232852837453244     0.105701367591513
     0.027296398500067     0.395920852877393    -0.232852837453244
129 182
    -0.009243244741727    -0.018327504252099     0.002065422525334
    -0.018327504252099    -0.009243244741727     0.002065422525334
     0.011939724836636     0.011939724836636    -0.006150632012344
129 183
    -0.043728995341755     0.005942393775695     0.011742841874489
     0.011742841874489    -0.009957364920539     0.005522937562827
     0.005942393775695     0.003211297459417    -0.009957364920539
129 184
    -0.009243244741727     0.011939724836636    -0.018327504252099
     0.002065422525334    -0.006150632012344     0.002065422525334
    -0.018327504252099     0.011939724836636    -0.009243244741727
129 185
     0.011072140485025     0.008717597827381    -0.009572278199150
     0.012661998493559    -0.025790386942991    -0.044183413198144
     0.003701432332638     0.000357079068638     0.034115251316433
129 186
    -0.009957364920539     0.011742841874489     0.005522937562827
     0.005942393775695    -0.043728995341755     0.011742841874489
     0.003211297459417     0.005942393775695    -0.009957364920539
129 187
     0.017461946882476    -0.000840616760780    -0.005085709197016
    -0.000840616760780     0.017461946882476    -0.005085709197016
     0.007208915892412     0.007208915892412    -0.002831665369208
129 188
    -0.025740129936379    -0.000255798294442     0.007480167077632
     0.009922930899796    -0.042826009028437     0.009922930899796
     0.007480167077632    -0.000255798294442    -0.025740129936379
129 189
     0.020335630373702     0.036569195804166     0.036569195804166
     0.004719949027615    -0.096269841275500    -0.078824960518660
     0.004719949027615    -0.078824960518660    -0.096269841275500
129 190
    -0.006150632012344     0.002065422525334     0.002065422525334
     0.011939724836636    -0.009243244741727    -0.018327504252099
     0.011939724836636    -0.018327504252099    -0.009243244741727
129 191
    -0.042826009028437     0.009922930899796     0.009922930899796
    -0.000255798294442    -0.025740129936379     0.007480167077632
    -0.000255798294442     0.007480167077632    -0.025740129936379
129 192
    -0.001880213688793    -0.000427810870840    -0.000427810870840
    -0.000427810870840    -0.001880213688793    -0.000427810870840
    -0.000427810870840    -0.000427810870840    -0.001880213688793
129 193
    -0.416538127463684    -1.404395734842824     0.215163606674766
    -1.404395734842824    -0.416538127463684     0.215163606674766
    -0.215163606674766    -0.215163606674766     0.367745228164741
129 194
    -0.675590995811535     0.945573368122657    -0.027000948793915
     0.945573368122656     0.651474081778926     0.013361318667176
     0.027000948793915    -0.013361318667176     0.165842517244247
129 195
    -0.064620377487762     0.031145705621714    -0.018500287385321
     0.031145705621714    -0.122141328375256    -0.006908258284971
     0.018500287385321     0.006908258284971    -0.042881937029599
129 196
     0.013825055326528    -0.061941506324526     0.027719062203161
    -0.061941506324526    -0.072943104799541    -0.003383253098119
    -0.027719062203161     0.003383253098119    -0.004014170221248
129 197
     0.651474081778926     0.945573368122657     0.013361318667176
     0.945573368122657    -0.675590995811535    -0.027000948793915
    -0.013361318667176     0.027000948793915     0.165842517244247
129 198
    -0.820039486824612    -1.229282589620772     0.403040847271554
    -1.229282589620772    -0.820039486824612     0.403040847271554
    -0.403040847271554    -0.403040847271554     0.520829102767574
129 199
    -0.125701695667364     0.016674602928223    -0.096872521097235
     0.016674602928223    -0.064044851253460    -0.014836111285302
     0.096872521097235     0.014836111285302    -0.028071758967039
129 200
    -0.162660318743364     0.102679008387685     0.047103538870324
     0.102679008387685    -0.065380700709204    -0.026520485737374
    -0.047103538870324     0.026520485737374    -0.024212992596114
129 201
    -0.122141328375256     0.031145705621714    -0.006908258284971
     0.031145705621714    -0.064620377487762    -0.018500287385321
     0.006908258284971     0.018500287385321    -0.042881937029599
129 202
    -0.064044851253460     0.016674602928223    -0.014836111285302
     0.016674602928223    -0.125701695667364    -0.096872521097235
     0.014836111285302     0.096872521097235    -0.028071758967039
129 203
     0.000440005027529     0.013469390210619    -0.011091007739594
     0.013469390210619     0.000440005027529    -0.011091007739594
     0.011091007739594     0.011091007739594     0.040629751268806
129 204
     0.074862812372607    -0.034983101377294     0.007881513307228
    -0.034983101377294     0.048699530966801     0.019030491213358
    -0.007881513307228    -0.019030491213358     0.019416435796167
129 205
    -0.072943104799541    -0.061941506324526    -0.003383253098119
    -0.061941506324526     0.013825055326528     0.027719062203161
     0.003383253098119    -0.027719062203161    -0.004014170221248
129 206
    -0.065380700709204     0.102679008387685    -0.026520485737374
     0.102679008387685    -0.162660318743364     0.047103538870324
     0.026520485737374    -0.047103538870324    -0.024212992596114
129 207
     0.048699530966801    -0.034983101377294     0.019030491213358
    -0.034983101377294     0.074862812372607     0.007881513307228
    -0.019030491213358    -0.007881513307228     0.019416435796167
129 208
     0.010694043814754    -0.009386099523909    -0.011462514820477
    -0.009386099523909     0.010694043814754    -0.011462514820477
     0.011462514820477     0.011462514820477     0.009694513943575
129 209
    -0.003214696639823     0.036130623708723     0.027069714347672
     0.036130623708723    -0.003214696639823     0.027069714347672
    -0.031804349505088    -0.031804349505088     0.047645690125037
129 210
     0.009310609628283    -0.040308491704850    -0.005405391586718
    -0.002547532979222    -0.067039470411648    -0.036290402272108
     0.035451641680228    -0.102280220558577     0.088407948698549
129 211
     0.002388914046983     0.011983938855744     0.010900471432663
     0.006744941992722     0.011390870117274    -0.020335123628139
    -0.031181921792414     0.006090465948718     0.008850348066392
129 212
     0.011875842639363    -0.007154232928876    -0.012596060845386
    -0.016803213796648     0.011314877271933    -0.009649330085643
     0.013727557113227    -0.006871468941462    -0.008012046771801
129 213
    -0.067039470411648    -0.002547532979222    -0.036290402272108
    -0.040308491704850     0.009310609628283    -0.005405391586718
    -0.102280220558577     0.035451641680228     0.088407948698549
129 214
     0.033572673029065    -0.007158028775297    -0.144225416710626
    -0.007158028775297     0.033572673029065    -0.144225416710626
     0.035951903871699     0.035951903871699    -0.139122282680550
129 215
    -0.066304564177836    -0.028969782211229    -0.034232051408656
    -0.002454064056959     0.012827263953008     0.021760539876025
    -0.092127728254798    -0.007437596660025    -0.028777270166172
129 216
    -0.069986428922175     0.019576816001145     0.025218555965245
     0.023221982502289     0.001700499340131     0.014089680861758
     0.047839705325147    -0.010145523129751    -0.000966864714742
129 217
     0.011390870117274     0.006744941992722    -0.020335123628139
     0.011983938855744     0.002388914046983     0.010900471432663
     0.006090465948718    -0.031181921792414     0.008850348066392
129 218
     0.012827263953008    -0.002454064056959     0.021760539876025
    -0.028969782211229    -0.066304564177836    -0.034232051408656
    -0.007437596660025    -0.092127728254798    -0.028777270166172
129 219
     0.007691073794444     0.000171204061111    -0.011299278241003
     0.000171204061111     0.007691073794444    -0.011299278241003
     0.000625267005797     0.000625267005797     0.000095091646671
129 220
    -0.015678054694342     0.011405937729577     0.005765996996680
     0.015043208870167    -0.007677685843990    -0.005205547864363
    -0.009892689391364    -0.008190388922170     0.010279651261012
129 221
     0.011314877271933    -0.016803213796648    -0.009649330085643
    -0.007154232928876     0.011875842639363    -0.012596060845386
    -0.006871468941462     0.013727557113227    -0.008012046771801
129 222
     0.001700499340131     0.023221982502289     0.014089680861758
     0.019576816001145    -0.069986428922175     0.025218555965245
    -0.010145523129751     0.047839705325147    -0.000966864714742
129 223
    -0.007677685843990     0.015043208870167    -0.005205547864363
     0.011405937729577    -0.015678054694342     0.005765996996680
    -0.008190388922170    -0.009892689391364     0.010279651261012
129 224
     0.003438420032138    -0.026993603831091     0.008870726067837
    -0.026993603831091     0.003438420032138     0.008870726067837
     0.011941201420894     0.011941201420894     0.004431162929917
129 225
    -0.000666347553620    -0.008087403812932     0.018201569455401
    -0.008087403812932    -0.000666347553620     0.018201569455401
    -0.018201569455401    -0.018201569455401    -0.111057616252481
129 226
    -0.044591411648528     0.022303296568175    -0.012406982143480
     0.022303296568175    -0.013181906088117     0.028575465889204
     0.012406982143480    -0.028575465889204    -0.077299058726339
129 227
     0.025405378036516    -0.002210401083524    -0.003165918115458
    -0.002210401083524    -0.006376333040518     0.006860825388098
     0.003165918115458    -0.006860825388098     0.009728615827818
129 228
     0.002463813688555    -0.012190136825007     0.000226019879272
    -0.012190136825007    -0.007220787402030    -0.000167381643765
    -0.000226019879272     0.000167381643765     0.004179817163328
129 229
    -0.013181906088117     0.022303296568175     0.028575465889204
     0.022303296568175    -0.044591411648528    -0.012406982143480
    -0.028575465889204     0.012406982143480    -0.077299058726339
129 230
    -0.059944866434194    -0.025959524165790    -0.032074021618197
    -0.025959524165790    -0.059944866434194    -0.032074021618197
     0.032074021618197     0.032074021618197    -0.045094186690330
129 231
     0.076663561914567    -0.000863209638676     0.039468482279497
    -0.000863209638676    -0.007538180896339    -0.002223333532280
    -0.039468482279497     0.002223333532280     0.085849973345824
129 232
     0.045373078914521    -0.001174651245798    -0.058297186297134
    -0.001174651245798     0.002504459612028    -0.012799168995662
     0.058297186297134     0.012799168995662    -0.030243104586745
129 233
    -0.006376333040518    -0.002210401083524     0.006860825388098
    -0.002210401083524     0.025405378036516    -0.003165918115458
    -0.006860825388098     0.003165918115458     0.009728615827818
129 234
    -0.007538180896339    -0.000863209638676    -0.002223333532280
    -0.000863209638676     0.076663561914567     0.039468482279497
     0.002223333532280    -0.039468482279497     0.085849973345824
129 235
     0.005356446045109    -0.002509270847301     0.009858359756335
    -0.002509270847301     0.005356446045109     0.009858359756335
    -0.009858359756335    -0.009858359756335    -0.013831231168527
129 236
     0.012204077071052    -0.003330266877933    -0.003630408250261
    -0.003330266877933    -0.001969249062434     0.006579173583685
     0.003630408250261    -0.006579173583685    -0.016548814271545
129 237
    -0.007220787402030    -0.012190136825007    -0.000167381643765
    -0.012190136825007     0.002463813688555     0.000226019879272
     0.000167381643765    -0.000226019879272     0.004179817163328
129 238
     0.002504459612028    -0.001174651245798    -0.012799168995662
    -0.001174651245798     0.045373078914521    -0.058297186297134
     0.012799168995662     0.058297186297134    -0.030243104586745
129 239
    -0.001969249062434    -0.003330266877933     0.006579173583685
    -0.003330266877933     0.012204077071052    -0.003630408250261
    -0.006579173583685     0.003630408250261    -0.016548814271545
129 240
    -0.007753162454219     0.002021512173940    -0.005188830956726
     0.002021512173940    -0.007753162454219    -0.005188830956726
     0.005188830956726     0.005188830956726    -0.007255124628751
129 241
    -0.003214696639823     0.036130623708723     0.031804349505088
     0.036130623708723    -0.003214696639823     0.031804349505088
    -0.027069714347672    -0.027069714347672     0.047645690125037
129 242
     0.009310609628283    -0.002547532979222    -0.035451641680228
    -0.040308491704850    -0.067039470411648     0.102280220558577
     0.005405391586718     0.036290402272108     0.088407948698549
129 243
     0.002388914046983     0.006744941992722     0.031181921792414
     0.011983938855744     0.011390870117274    -0.006090465948718
    -0.010900471432663     0.020335123628139     0.008850348066392
129 244
     0.011875842639363    -0.016803213796648    -0.013727557113227
    -0.007154232928876     0.011314877271933     0.006871468941462
     0.012596060845386     0.009649330085643    -0.008012046771801
129 245
    -0.067039470411648    -0.040308491704850     0.102280220558577
    -0.002547532979222     0.009310609628283    -0.035451641680228
     0.036290402272108     0.005405391586718     0.088407948698549
129 246
     0.033572673029065    -0.007158028775297    -0.035951903871699
    -0.007158028775297     0.033572673029065    -0.035951903871699
     0.144225416710626     0.144225416710626    -0.139122282680550
129 247
    -0.066304564177836    -0.002454064056959     0.092127728254798
    -0.028969782211229     0.012827263953008     0.007437596660025
     0.034232051408656    -0.021760539876025    -0.028777270166172
129 248
    -0.069986428922175     0.023221982502289    -0.047839705325147
     0.019576816001145     0.001700499340131     0.010145523129751
    -0.025218555965245    -0.014089680861758    -0.000966864714742
129 249
     0.011390870117274     0.011983938855744    -0.006090465948718
     0.006744941992722     0.002388914046983     0.031181921792414
     0.020335123628139    -0.010900471432663     0.008850348066392
129 250
     0.012827263953008    -0.028969782211229     0.007437596660025
    -0.002454064056959    -0.066304564177836     0.092127728254798
    -0.021760539876025     0.034232051408656    -0.028777270166172
129 251
     0.007691073794444     0.000171204061111    -0.000625267005797
     0.000171204061111     0.007691073794444    -0.000625267005797
     0.011299278241003     0.011299278241003     0.000095091646671
129 252
    -0.015678054694342     0.015043208870167     0.009892689391364
     0.011405937729577    -0.007677685843990     0.008190388922170
    -0.005765996996680     0.005205547864363     0.010279651261012
129 253
     0.011314877271933    -0.007154232928876     0.006871468941462
    -0.016803213796648     0.011875842639363    -0.013727557113227
     0.009649330085643     0.012596060845386    -0.008012046771801
129 254
     0.001700499340131     0.019576816001145     0.010145523129751
     0.023221982502289    -0.069986428922175    -0.047839705325147
    -0.014089680861758    -0.025218555965245    -0.000966864714742
129 255
    -0.007677685843990     0.011405937729577     0.008190388922170
     0.015043208870167    -0.015678054694342     0.009892689391364
     0.005205547864363    -0.005765996996680     0.010279651261012
129 256
     0.003438420032138    -0.026993603831091    -0.011941201420894
    -0.026993603831091     0.003438420032138    -0.011941201420894
    -0.008870726067837    -0.008870726067837     0.004431162929917
129 257
    -0.097716681280580    -0.391914210768494    -0.128132930555051
    -0.776333288385880    -3.227295678573934    -0.776333288385880
    -0.128132930555051    -0.391914210768494    -0.097716681280580
129 258
     0.038486548054468     0.041828839224832     0.001141603657898
    -0.129889194674885    -0.149260472235013     0.064693803392025
     0.005192728342039    -0.008611066448624    -0.018548625591496
129 259
     0.026658842441552    -0.000577719284571    -0.005035574606454
     0.020655623073782     0.014139526019100     0.000370103566669
     0.001671686018850    -0.005750121817988     0.000351440338849
129 260
     0.067157213771902     0.042901120288512    -0.010529895283115
     0.016552100525650    -0.022148841679327     0.028853573322022
    -0.008371015223058     0.001701337273165    -0.038761507781503
129 261
    -0.268589638299972     1.024672609858512    -0.386130447312640
     0.783838787044600    -5.141374436415796     0.783838787044600
    -0.386130447312640     1.024672609858512    -0.268589638299972
129 262
    -0.188657585010108    -0.055926337632293    -0.065231261082573
     0.224543106170711     0.089980218652763    -0.066476528357257
     0.018851094766710     0.048256467436019     0.008273174434750
129 263
    -0.014428143201557    -0.013580451932079    -0.000872927954474
     0.014341763971516     0.012756046282469     0.005290887032554
     0.006986539076742     0.008705296438094    -0.020337243608297
129 264
     0.084063260843933    -0.049735008452483     0.002061048761296
    -0.194294019329944     0.055771686308530    -0.004535724264319
     0.026822098949151     0.011151673906051     0.029738503742947
129 265
     0.061986845812167    -0.086578632565325     0.002582506959180
     0.018111525335572     0.371412850893318     0.018111525335572
     0.002582506959180    -0.086578632565325     0.061986845812167
129 266
    -0.000492027102593    -0.005586444920329     0.011259174174607
     0.008444111837581     0.033093325951375     0.012621046055488
     0.001082342903579    -0.003956538834069    -0.003896111805869
129 267
    -0.000024439557110    -0.007386496026548     0.000772890319981
    -0.001832459093997    -0.009319989164655     0.000601407264158
    -0.000747179154251     0.005620351318481     0.002159903040735
129 268
    -0.010233383688858     0.019992488704093    -0.001211760389368
     0.008553705515438    -0.006854981682465    -0.004829856811763
    -0.003356064399169     0.004634554819651     0.001323541423794
129 269
     0.027190185023516     0.079911852744174     0.009896495676362
     0.027819964341677     0.566268739951909     0.027819964341677
     0.009896495676362     0.079911852744174     0.027190185023516
129 270
     0.018898781036400    -0.007398749018794     0.000960071098676
    -0.051131090399231     0.005144842790550    -0.009927223053137
    -0.001772255071842     0.001623127653514    -0.005521781727522
129 271
     0.001783643560135     0.011530286811433    -0.009629277577964
    -0.009105725970778    -0.007527256450335    -0.005919765786220
    -0.003219095076926    -0.008917239420914    -0.001621655813995
129 272
    -0.003891875641262     0.012008988595235     0.001047254099266
     0.030046364917864    -0.002327447905760     0.003206769963598
     0.004258008752644     0.007311734933370    -0.001043867255229
129 273
    -0.018548625591496    -0.008611066448624     0.005192728342039
     0.064693803392025    -0.149260472235013    -0.129889194674885
     0.001141603657898     0.041828839224832     0.038486548054468
129 274
    -0.010012920928746    -0.007148876040615    -0.015828760235884
     0.001919613625739     0.009753865798217     0.001919613625739
    -0.015828760235884    -0.007148876040615    -0.010012920928746
129 275
     0.011183540985783    -0.007782509091922     0.002274906748635
    -0.000642673808520     0.001696635168480    -0.005825659161759
     0.001612744115630    -0.004321547425880     0.012355091025055
129 276
    -0.004583554776036     0.009250972136142    -0.006535161693399
     0.015028979190897     0.003392391598446    -0.011696026751622
    -0.001232364243739    -0.016779849412967    -0.003440883536332
129 277
     0.008273174434750     0.048256467436019     0.018851094766710
    -0.066476528357257     0.089980218652763     0.224543106170711
    -0.065231261082573    -0.055926337632293    -0.188657585010108
129 278
    -0.019873694843405    -0.024011954131163    -0.049790015960890
    -0.003106481803241     0.004314600078034    -0.003106481803241
    -0.049790015960890    -0.024011954131163    -0.019873694843405
129 279
    -0.007233951397410     0.001901135445363     0.000501730235075
     0.003877207541801    -0.001907961326120     0.006092751997225
     0.008704903567989     0.008010990577598     0.018452237663474
129 280
     0.009524862383654    -0.004827898155010     0.027208485748003
    -0.007440761446978     0.004300358062267    -0.013122779137447
    -0.009695461956155     0.003680658614139    -0.022732847834532
129 281
    -0.003896111805869    -0.003956538834069     0.001082342903579
     0.012621046055488     0.033093325951375     0.008444111837581
     0.011259174174607    -0.005586444920329    -0.000492027102593
129 282
    -0.002822160569764    -0.002154179853226     0.000953739626847
    -0.001787440355448    -0.008007871340733    -0.001787440355448
     0.000953739626847    -0.002154179853226    -0.002822160569764
129 283
     0.001454209640978    -0.001319458041938    -0.001904471994367
     0.001528125209298     0.001720989319115    -0.000429271322751
    -0.005060444992202    -0.001948202043056    -0.000206640185303
129 284
    -0.000737694282938    -0.004086630082598     0.002258933826897
     0.003806027829721    -0.007756070072573     0.002068987774084
    -0.004384738779168    -0.004731620306396    -0.003379087156603
129 285
    -0.005521781727522     0.001623127653514    -0.001772255071842
    -0.009927223053137     0.005144842790550    -0.051131090399231
     0.000960071098676    -0.007398749018794     0.018898781036400
129 286
    -0.000827321808622     0.001932990188525    -0.001204092779598
    -0.000553182933307    -0.006289233548545    -0.000553182933307
    -0.001204092779598     0.001932990188525    -0.000827321808622
129 287
     0.001387903795702    -0.003300024420538     0.000795376914177
    -0.004483068282772     0.004855842227466     0.006840594475638
     0.003184072699926     0.000463238454446    -0.003867308923228
129 288
     0.000033879827297    -0.001766016598250    -0.003660855683363
    -0.006068851450237    -0.009196396405199    -0.001461695999013
    -0.001162217001885     0.009979880932608     0.000022097520007
129 289
     0.000351440338849    -0.005750121817988     0.001671686018850
     0.000370103566669     0.014139526019100     0.020655623073782
    -0.005035574606454    -0.000577719284571     0.026658842441552
129 290
     0.012355091025055    -0.004321547425880     0.001612744115630
    -0.005825659161759     0.001696635168480    -0.000642673808520
     0.002274906748635    -0.007782509091922     0.011183540985783
129 291
    -0.004727068137508     0.004547948787717     0.004330114651251
    -0.004266052151210    -0.004093867812691    -0.004266052151210
     0.004330114651251     0.004547948787717    -0.004727068137508
129 292
     0.003063223388539     0.003043396733653    -0.004885775323309
     0.002238874676487     0.001418384442460    -0.002053908774178
    -0.004970544165575    -0.005095991196008     0.005074019888033
129 293
    -0.020337243608297     0.008705296438094     0.006986539076742
     0.005290887032554     0.012756046282469     0.014341763971516
    -0.000872927954474    -0.013580451932079    -0.014428143201557
129 294
     0.018452237663474     0.008010990577598     0.008704903567989
     0.006092751997225    -0.001907961326120     0.003877207541801
     0.000501730235075     0.001901135445363    -0.007233951397410
129 295
     0.014295269597740     0.004568583008860     0.012678000833107
     0.001796461184467    -0.002943392312747     0.001796461184467
     0.012678000833107     0.004568583008860     0.014295269597740
129 296
     0.003191629281256    -0.011061619347644    -0.007059914685977
    -0.004905697823248    -0.002305887498090     0.007200729200644
    -0.033602249315348    -0.001750651011939    -0.016389745531440
129 297
     0.002159903040735     0.005620351318481    -0.000747179154251
     0.000601407264158    -0.009319989164655    -0.001832459093997
     0.000772890319981    -0.007386496026548    -0.000024439557110
129 298
    -0.000206640185303    -0.001948202043056    -0.005060444992202
    -0.000429271322751     0.001720989319115     0.001528125209298
    -0.001904471994367    -0.001319458041938     0.001454209640978
129 299
     0.005191448192901     0.001323969405409     0.001179228087619
     0.001165561142582     0.007308520800475     0.001165561142582
     0.001179228087619     0.001323969405409     0.005191448192901
129 300
    -0.004210073855014     0.001390897769498     0.000028570387047
     0.000484798862115    -0.001939694602197    -0.001119341018641
    -0.000368338498083    -0.004042355329948    -0.000367280405824
129 301
    -0.001621655813995    -0.008917239420914    -0.003219095076926
    -0.005919765786220    -0.007527256450335    -0.009105725970778
    -0.009629277577964     0.011530286811433     0.001783643560135
129 302
    -0.003867308923228     0.000463238454446     0.003184072699926
     0.006840594475638     0.004855842227466    -0.004483068282772
     0.000795376914177    -0.003300024420538     0.001387903795702
129 303
     0.001650363800611     0.002798655739835     0.001168964118898
    -0.002611488246602     0.012922456189551    -0.002611488246602
     0.001168964118898     0.002798655739835     0.001650363800611
129 304
     0.001952027307356     0.002226910168570    -0.000475275083446
    -0.000555931126115     0.005531077755545    -0.004743190046287
    -0.002510683851132    -0.000194050311755     0.002821731639257
129 305
    -0.038761507781503     0.001701337273165    -0.008371015223058
     0.028853573322022    -0.022148841679327     0.016552100525650
    -0.010529895283115     0.042901120288512     0.067157213771902
129 306
    -0.003440883536332    -0.016779849412967    -0.001232364243739
    -0.011696026751622     0.003392391598446     0.015028979190897
    -0.006535161693399     0.009250972136142    -0.004583554776036
129 307
     0.005074019888033    -0.005095991196008    -0.004970544165575
    -0.002053908774178     0.001418384442460     0.002238874676487
    -0.004885775323309     0.003043396733653     0.003063223388539
129 308
    -0.012936785509650     0.010459903670965    -0.011668239257899
     0.005622294791849    -0.009307963923195     0.005622294791849
    -0.011668239257899     0.010459903670965    -0.012936785509650
129 309
     0.029738503742947     0.011151673906051     0.026822098949151
    -0.004535724264319     0.055771686308530    -0.194294019329944
     0.002061048761296    -0.049735008452483     0.084063260843933
129 310
    -0.022732847834532     0.003680658614139    -0.009695461956155
    -0.013122779137447     0.004300358062267    -0.007440761446978
     0.027208485748003    -0.004827898155010     0.009524862383654
129 311
    -0.016389745531440    -0.001750651011939    -0.033602249315348
     0.007200729200644    -0.002305887498090    -0.004905697823248
    -0.007059914685977    -0.011061619347644     0.003191629281256
129 312
    -0.001983050760013    -0.007404397238268    -0.006042551928312
     0.009759402989111    -0.007466735475005     0.009759402989111
    -0.006042551928312    -0.007404397238268    -0.001983050760013
129 313
     0.001323541423794     0.004634554819651    -0.003356064399169
    -0.004829856811763    -0.006854981682465     0.008553705515438
    -0.001211760389368     0.019992488704093    -0.010233383688858
129 314
    -0.003379087156603    -0.004731620306396    -0.004384738779168
     0.002068987774084    -0.007756070072573     0.003806027829721
     0.002258933826897    -0.004086630082598    -0.000737694282938
129 315
    -0.000367280405824    -0.004042355329948    -0.000368338498083
    -0.001119341018641    -0.001939694602197     0.000484798862115
     0.000028570387047     0.001390897769498    -0.004210073855014
129 316
    -0.000380459584597    -0.000529800519355    -0.000874127441943
    -0.000199258213045    -0.011877326815174    -0.000199258213045
    -0.000874127441943    -0.000529800519355    -0.000380459584597
129 317
    -0.001043867255229     0.007311734933370     0.004258008752644
     0.003206769963598    -0.002327447905760     0.030046364917864
     0.001047254099266     0.012008988595235    -0.003891875641262
129 318
     0.000022097520007     0.009979880932608    -0.001162217001885
    -0.001461695999013    -0.009196396405199    -0.006068851450237
    -0.003660855683363    -0.001766016598250     0.000033879827297
129 319
     0.002821731639257    -0.000194050311755    -0.002510683851132
    -0.004743190046287     0.005531077755545    -0.000555931126115
    -0.000475275083446     0.002226910168570     0.001952027307356
129 320
     0.001557623680863    -0.002195220544727    -0.002004560872787
     0.003690057129877    -0.011034709643338     0.003690057129877
    -0.002004560872787    -0.002195220544727     0.001557623680863
129 321
    -3.227295678573934    -0.776333288385880    -0.776333288385880
    -0.391914210768494    -0.097716681280580    -0.128132930555051
    -0.391914210768494    -0.128132930555051    -0.097716681280580
129 322
    -5.141374436415796     0.783838787044600     0.783838787044600
     1.024672609858512    -0.268589638299972    -0.386130447312640
     1.024672609858512    -0.386130447312640    -0.268589638299972
129 323
     0.371412850893318     0.018111525335572     0.018111525335572
    -0.086578632565325     0.061986845812167     0.002582506959180
    -0.086578632565325     0.002582506959180     0.061986845812167
129 324
     0.566268739951909     0.027819964341677     0.027819964341677
     0.079911852744174     0.027190185023516     0.009896495676362
     0.079911852744174     0.009896495676362     0.027190185023516
129 325
    -0.149260472235013    -0.129889194674885     0.064693803392025
     0.041828839224832     0.038486548054468     0.001141603657898
    -0.008611066448624     0.005192728342039    -0.018548625591496
129 326
     0.089980218652763     0.224543106170711    -0.066476528357257
    -0.055926337632293    -0.188657585010108    -0.065231261082573
     0.048256467436019     0.018851094766710     0.008273174434750
129 327
     0.033093325951375     0.008444111837581     0.012621046055488
    -0.005586444920329    -0.000492027102593     0.011259174174607
    -0.003956538834069     0.001082342903579    -0.003896111805869
129 328
     0.005144842790550    -0.051131090399231    -0.009927223053137
    -0.007398749018794     0.018898781036400     0.000960071098676
     0.001623127653514    -0.001772255071842    -0.005521781727522
129 329
     0.014139526019100     0.020655623073782     0.000370103566669
    -0.000577719284571     0.026658842441552    -0.005035574606454
    -0.005750121817988     0.001671686018850     0.000351440338849
129 330
     0.012756046282469     0.014341763971516     0.005290887032554
    -0.013580451932079    -0.014428143201557    -0.000872927954474
     0.008705296438094     0.006986539076742    -0.020337243608297
129 331
    -0.009319989164655    -0.001832459093997     0.000601407264158
    -0.007386496026548    -0.000024439557110     0.000772890319981
     0.005620351318481    -0.000747179154251     0.002159903040735
129 332
    -0.007527256450335    -0.009105725970778    -0.005919765786220
     0.011530286811433     0.001783643560135    -0.009629277577964
    -0.008917239420914    -0.003219095076926    -0.001621655813995
129 333
    -0.022148841679327     0.016552100525650     0.028853573322022
     0.042901120288512     0.067157213771902    -0.010529895283115
     0.001701337273165    -0.008371015223058    -0.038761507781503
129 334
     0.055771686308530    -0.194294019329944    -0.004535724264319
    -0.049735008452484     0.084063260843933     0.002061048761296
     0.011151673906051     0.026822098949151     0.029738503742947
129 335
    -0.006854981682465     0.008553705515438    -0.004829856811763
     0.019992488704093    -0.010233383688858    -0.001211760389368
     0.004634554819651    -0.003356064399169     0.001323541423794
129 336
    -0.002327447905760     0.030046364917864     0.003206769963598
     0.012008988595235    -0.003891875641262     0.001047254099266
     0.007311734933370     0.004258008752644    -0.001043867255229
129 337
    -0.149260472235013     0.064693803392025    -0.129889194674885
    -0.008611066448624    -0.018548625591496     0.005192728342039
     0.041828839224832     0.001141603657898     0.038486548054468
129 338
     0.089980218652763    -0.066476528357257     0.224543106170711
     0.048256467436019     0.008273174434750     0.018851094766710
    -0.055926337632293    -0.065231261082573    -0.188657585010108
129 339
     0.033093325951375     0.012621046055488     0.008444111837581
    -0.003956538834069    -0.003896111805869     0.001082342903579
    -0.005586444920329     0.011259174174607    -0.000492027102593
129 340
     0.005144842790550    -0.009927223053137    -0.051131090399231
     0.001623127653514    -0.005521781727522    -0.001772255071842
    -0.007398749018794     0.000960071098676     0.018898781036400
129 341
     0.009753865798217     0.001919613625739     0.001919613625739
    -0.007148876040615    -0.010012920928746    -0.015828760235884
    -0.007148876040615    -0.015828760235884    -0.010012920928746
129 342
     0.004314600078034    -0.003106481803241    -0.003106481803241
    -0.024011954131163    -0.019873694843405    -0.049790015960890
    -0.024011954131163    -0.049790015960890    -0.019873694843405
129 343
    -0.008007871340733    -0.001787440355448    -0.001787440355448
    -0.002154179853226    -0.002822160569764     0.000953739626847
    -0.002154179853226     0.000953739626847    -0.002822160569764
129 344
    -0.006289233548545    -0.000553182933307    -0.000553182933307
     0.001932990188525    -0.000827321808622    -0.001204092779598
     0.001932990188525    -0.001204092779598    -0.000827321808622
129 345
     0.001696635168480    -0.000642673808520    -0.005825659161759
    -0.007782509091922     0.011183540985783     0.002274906748635
    -0.004321547425880     0.001612744115630     0.012355091025055
129 346
    -0.001907961326120     0.003877207541801     0.006092751997225
     0.001901135445363    -0.007233951397410     0.000501730235075
     0.008010990577598     0.008704903567989     0.018452237663474
129 347
     0.001720989319115     0.001528125209298    -0.000429271322751
    -0.001319458041938     0.001454209640978    -0.001904471994367
    -0.001948202043056    -0.005060444992202    -0.000206640185303
129 348
     0.004855842227466    -0.004483068282772     0.006840594475638
    -0.003300024420538     0.001387903795702     0.000795376914177
     0.000463238454446     0.003184072699926    -0.003867308923228
129 349
     0.003392391598446     0.015028979190897    -0.011696026751622
     0.009250972136142    -0.004583554776036    -0.006535161693399
    -0.016779849412967    -0.001232364243739    -0.003440883536332
129 350
     0.004300358062267    -0.007440761446978    -0.013122779137447
    -0.004827898155010     0.009524862383654     0.027208485748003
     0.003680658614139    -0.009695461956155    -0.022732847834532
129 351
    -0.007756070072573     0.003806027829721     0.002068987774084
    -0.004086630082598    -0.000737694282938     0.002258933826897
    -0.004731620306396    -0.004384738779168    -0.003379087156603
129 352
    -0.009196396405199    -0.006068851450237    -0.001461695999013
    -0.001766016598250     0.000033879827297    -0.003660855683363
     0.009979880932608    -0.001162217001885     0.000022097520007
129 353
     0.014139526019100     0.000370103566669     0.020655623073782
    -0.005750121817988     0.000351440338849     0.001671686018850
    -0.000577719284571    -0.005035574606454     0.026658842441552
129 354
     0.012756046282469     0.005290887032554     0.014341763971516
     0.008705296438094    -0.020337243608297     0.006986539076742
    -0.013580451932079    -0.000872927954474    -0.014428143201557
129 355
    -0.009319989164655     0.000601407264158    -0.001832459093997
     0.005620351318481     0.002159903040735    -0.000747179154251
    -0.007386496026548     0.000772890319981    -0.000024439557110
129 356
    -0.007527256450335    -0.005919765786220    -0.009105725970778
    -0.008917239420914    -0.001621655813995    -0.003219095076926
     0.011530286811433    -0.009629277577964     0.001783643560135
129 357
     0.001696635168480    -0.005825659161759    -0.000642673808520
    -0.004321547425880     0.012355091025055     0.001612744115630
    -0.007782509091922     0.002274906748635     0.011183540985783
129 358
    -0.001907961326120     0.006092751997225     0.003877207541801
     0.008010990577598     0.018452237663474     0.008704903567989
     0.001901135445363     0.000501730235075    -0.007233951397410
129 359
     0.001720989319115    -0.000429271322751     0.001528125209298
    -0.001948202043056    -0.000206640185303    -0.005060444992202
    -0.001319458041938    -0.001904471994367     0.001454209640978
129 360
     0.004855842227466     0.006840594475638    -0.004483068282772
     0.000463238454446    -0.003867308923228     0.003184072699926
    -0.003300024420538     0.000795376914177     0.001387903795702
129 361
    -0.004093867812691    -0.004266052151210    -0.004266052151210
     0.004547948787717    -0.004727068137508     0.004330114651251
     0.004547948787717     0.004330114651251    -0.004727068137508
129 362
    -0.002943392312747     0.001796461184467     0.001796461184467
     0.004568583008860     0.014295269597740     0.012678000833107
     0.004568583008860     0.012678000833107     0.014295269597740
129 363
     0.007308520800475     0.001165561142582     0.001165561142582
     0.001323969405409     0.005191448192901     0.001179228087619
     0.001323969405409     0.001179228087619     0.005191448192901
129 364
     0.012922456189551    -0.002611488246602    -0.002611488246602
     0.002798655739835     0.001650363800611     0.001168964118898
     0.002798655739835     0.001168964118898     0.001650363800611
129 365
     0.001418384442460     0.002238874676487    -0.002053908774178
     0.003043396733653     0.003063223388539    -0.004885775323309
    -0.005095991196008    -0.004970544165575     0.005074019888033
129 366
    -0.002305887498090    -0.004905697823248     0.007200729200644
    -0.011061619347644     0.003191629281256    -0.007059914685977
    -0.001750651011939    -0.033602249315348    -0.016389745531440
129 367
    -0.001939694602197     0.000484798862115    -0.001119341018641
     0.001390897769498    -0.004210073855014     0.000028570387047
    -0.004042355329948    -0.000368338498083    -0.000367280405824
129 368
     0.005531077755545    -0.000555931126115    -0.004743190046287
     0.002226910168570     0.001952027307356    -0.000475275083446
    -0.000194050311755    -0.002510683851132     0.002821731639257
129 369
    -0.022148841679327     0.028853573322022     0.016552100525650
     0.001701337273165    -0.038761507781503    -0.008371015223058
     0.042901120288512    -0.010529895283115     0.067157213771902
129 370
     0.055771686308530    -0.004535724264319    -0.194294019329944
     0.011151673906051     0.029738503742947     0.026822098949151
    -0.049735008452484     0.002061048761296     0.084063260843933
129 371
    -0.006854981682465    -0.004829856811763     0.008553705515438
     0.004634554819651     0.001323541423794    -0.003356064399169
     0.019992488704093    -0.001211760389368    -0.010233383688858
129 372
    -0.002327447905760     0.003206769963598     0.030046364917864
     0.007311734933370    -0.001043867255229     0.004258008752644
     0.012008988595235     0.001047254099266    -0.003891875641262
129 373
     0.003392391598446    -0.011696026751622     0.015028979190897
    -0.016779849412967    -0.003440883536332    -0.001232364243739
     0.009250972136142    -0.006535161693399    -0.004583554776036
129 374
     0.004300358062267    -0.013122779137447    -0.007440761446978
     0.003680658614139    -0.022732847834532    -0.009695461956155
    -0.004827898155010     0.027208485748003     0.009524862383654
129 375
    -0.007756070072573     0.002068987774084     0.003806027829721
    -0.004731620306396    -0.003379087156603    -0.004384738779168
    -0.004086630082598     0.002258933826897    -0.000737694282938
129 376
    -0.009196396405199    -0.001461695999013    -0.006068851450237
     0.009979880932608     0.000022097520007    -0.001162217001885
    -0.001766016598250    -0.003660855683363     0.000033879827297
129 377
     0.001418384442460    -0.002053908774178     0.002238874676487
    -0.005095991196008     0.005074019888033    -0.004970544165575
     0.003043396733653    -0.004885775323309     0.003063223388539
129 378
    -0.002305887498090     0.007200729200644    -0.004905697823248
    -0.001750651011939    -0.016389745531440    -0.033602249315348
    -0.011061619347644    -0.007059914685977     0.003191629281256
129 379
    -0.001939694602197    -0.001119341018641     0.000484798862115
    -0.004042355329948    -0.000367280405824    -0.000368338498083
     0.001390897769498     0.000028570387047    -0.004210073855014
129 380
     0.005531077755545    -0.004743190046287    -0.000555931126115
    -0.000194050311755     0.002821731639257    -0.002510683851132
     0.002226910168570    -0.000475275083446     0.001952027307356
129 381
    -0.009307963923195     0.005622294791849     0.005622294791849
     0.010459903670965    -0.012936785509650    -0.011668239257899
     0.010459903670965    -0.011668239257899    -0.012936785509650
129 382
    -0.007466735475005     0.009759402989111     0.009759402989111
    -0.007404397238268    -0.001983050760013    -0.006042551928312
    -0.007404397238268    -0.006042551928312    -0.001983050760013
129 383
    -0.011877326815174    -0.000199258213045    -0.000199258213045
    -0.000529800519355    -0.000380459584597    -0.000874127441943
    -0.000529800519355    -0.000874127441943    -0.000380459584597
129 384
    -0.011034709643338     0.003690057129877     0.003690057129877
    -0.002195220544727     0.001557623680863    -0.002004560872787
    -0.002195220544727    -0.002004560872787     0.001557623680863
129 385
     0.075116276221503     0.112790170566675     0.112790170566675
     0.112790170566675     0.075116276221503     0.112790170566675
     0.112790170566675     0.112790170566675     0.075116276221503
129 386
     0.034545616791917    -0.066029831252551    -0.066029831252551
    -0.011546559605039     0.055395624211942     0.035184424530791
    -0.011546559605039     0.035184424530791     0.055395624211942
129 387
    -0.005997196308324    -0.001333774076713    -0.001333774076713
     0.000043389371473     0.003016542069257    -0.003546388138701
     0.000043389371473    -0.003546388138701     0.003016542069257
129 388
    -0.020046276796767    -0.005601747875174    -0.005601747875174
     0.026507438464264    -0.007861488319368    -0.004884105150884
     0.026507438464264    -0.004884105150884    -0.007861488319368
129 389
     0.055395624211942    -0.011546559605039     0.035184424530791
    -0.066029831252551     0.034545616791917    -0.066029831252551
     0.035184424530791    -0.011546559605039     0.055395624211942
129 390
    -0.004890631159774    -0.015867280485360    -0.014398333470723
    -0.015867280485360    -0.004890631159774    -0.014398333470723
     0.086074927541150     0.086074927541150     0.042095783073395
129 391
    -0.006184179703006     0.007736826080250     0.012816351843447
     0.001996139787502    -0.024937209726400     0.009682121453909
    -0.004262163306552     0.001528612975563    -0.021809189341606
129 392
    -0.012403157828142     0.000563875832674     0.001984752248240
    -0.017350363232069     0.003759738431651     0.001185650659763
     0.014791330736116     0.005063760664051    -0.013395088414789
129 393
     0.003016542069257     0.000043389371473    -0.003546388138701
    -0.001333774076713    -0.005997196308324    -0.001333774076713
    -0.003546388138701     0.000043389371473     0.003016542069257
129 394
    -0.024937209726400     0.001996139787502     0.009682121453909
     0.007736826080250    -0.006184179703006     0.012816351843447
     0.001528612975563    -0.004262163306552    -0.021809189341606
129 395
     0.012910522048403     0.010016414056484    -0.000200364702276
     0.010016414056484     0.012910522048403    -0.000200364702276
    -0.005041465760099    -0.005041465760099    -0.006405325715472
129 396
     0.007282147259551     0.000427969347428    -0.000020396031780
    -0.000842394165866     0.006327142666885     0.003289627597192
    -0.000907287956274    -0.004367475269647    -0.002427384950323
129 397
    -0.007861488319368     0.026507438464264    -0.004884105150884
    -0.005601747875174    -0.020046276796767    -0.005601747875174
    -0.004884105150884     0.026507438464264    -0.007861488319368
129 398
     0.003759738431651    -0.017350363232069     0.001185650659763
     0.000563875832674    -0.012403157828142     0.001984752248240
     0.005063760664051     0.014791330736116    -0.013395088414789
129 399
     0.006327142666885    -0.000842394165866     0.003289627597192
     0.000427969347428     0.007282147259551    -0.000020396031780
    -0.004367475269647    -0.000907287956274    -0.002427384950323
129 400
    -0.001094420337858    -0.002981232156822     0.009943032753479
    -0.002981232156822    -0.001094420337858     0.009943032753479
     0.001851776156432     0.001851776156432    -0.004070758699683
129 401
     0.055395624211942     0.035184424530791    -0.011546559605039
     0.035184424530791     0.055395624211942    -0.011546559605039
    -0.066029831252551    -0.066029831252551     0.034545616791917
129 402
    -0.004890631159774    -0.014398333470723    -0.015867280485360
     0.086074927541150     0.042095783073395     0.086074927541150
    -0.015867280485360    -0.014398333470723    -0.004890631159774
129 403
    -0.006184179703006     0.012816351843447     0.007736826080250
    -0.004262163306552    -0.021809189341606     0.001528612975563
     0.001996139787502     0.009682121453909    -0.024937209726400
129 404
    -0.012403157828142     0.001984752248240     0.000563875832674
     0.014791330736116    -0.013395088414789     0.005063760664051
    -0.017350363232069     0.001185650659763     0.003759738431651
129 405
     0.042095783073395     0.086074927541150     0.086074927541150
    -0.014398333470723    -0.004890631159774    -0.015867280485360
    -0.014398333470723    -0.015867280485360    -0.004890631159774
129 406
     0.142596571563510     0.136078568993786     0.136078568993786
     0.136078568993786     0.142596571563510     0.136078568993786
     0.136078568993786     0.136078568993786     0.142596571563510
129 407
    -0.002481483353511     0.000546673056695     0.000546673056695
    -0.014349017834025    -0.024980467192210     0.000107858027081
    -0.014349017834025     0.000107858027081    -0.024980467192210
129 408
    -0.024192525392211     0.025382577335966     0.025382577335966
    -0.023186522653989     0.004429128356242     0.000744102620727
    -0.023186522653989     0.000744102620727     0.004429128356242
129 409
    -0.021809189341606    -0.004262163306552     0.001528612975563
     0.012816351843447    -0.006184179703006     0.007736826080250
     0.009682121453909     0.001996139787502    -0.024937209726400
129 410
    -0.024980467192210    -0.014349017834025     0.000107858027081
     0.000546673056695    -0.002481483353511     0.000546673056695
     0.000107858027081    -0.014349017834025    -0.024980467192210
129 411
     0.004851074644363     0.018180065036466    -0.002722613548490
     0.018180065036466     0.004851074644363    -0.002722613548490
     0.009368280871849     0.009368280871849    -0.005408005026909
129 412
     0.033343684797896     0.013608727192067    -0.001562739532808
     0.009526036249092     0.020452686685625    -0.007806284375978
    -0.001531977993415     0.004660884708347    -0.002795627603283
129 413
    -0.013395088414789     0.014791330736116     0.005063760664051
     0.001984752248240    -0.012403157828142     0.000563875832674
     0.001185650659763    -0.017350363232069     0.003759738431651
129 414
     0.004429128356242    -0.023186522653989     0.000744102620727
     0.025382577335966    -0.024192525392211     0.025382577335966
     0.000744102620727    -0.023186522653989     0.004429128356242
129 415
     0.020452686685625     0.009526036249092    -0.007806284375978
     0.013608727192067     0.033343684797896    -0.001562739532808
     0.004660884708347    -0.001531977993415    -0.002795627603283
129 416
    -0.007435199582941    -0.022418486272618     0.005620155832391
    -0.022418486272618    -0.007435199582941     0.005620155832391
    -0.005420959301851    -0.005420959301851     0.002718659225551
129 417
     0.003016542069257    -0.003546388138701     0.000043389371473
    -0.003546388138701     0.003016542069257     0.000043389371473
    -0.001333774076713    -0.001333774076713    -0.005997196308324
129 418
    -0.024937209726400     0.009682121453909     0.001996139787502
     0.001528612975563    -0.021809189341606    -0.004262163306552
     0.007736826080250     0.012816351843447    -0.006184179703006
129 419
     0.012910522048403    -0.000200364702276     0.010016414056484
    -0.005041465760099    -0.006405325715472    -0.005041465760099
     0.010016414056484    -0.000200364702276     0.012910522048403
129 420
     0.007282147259551    -0.000020396031780     0.000427969347428
    -0.000907287956274    -0.002427384950323    -0.004367475269647
    -0.000842394165866     0.003289627597192     0.006327142666885
129 421
    -0.021809189341606     0.001528612975563    -0.004262163306552
     0.009682121453909    -0.024937209726400     0.001996139787502
     0.012816351843447     0.007736826080250    -0.006184179703006
129 422
    -0.024980467192210     0.000107858027081    -0.014349017834025
     0.000107858027081    -0.024980467192210    -0.014349017834025
     0.000546673056695     0.000546673056695    -0.002481483353511
129 423
     0.004851074644363    -0.002722613548490     0.018180065036466
     0.009368280871849    -0.005408005026909     0.009368280871849
     0.018180065036466    -0.002722613548490     0.004851074644363
129 424
     0.033343684797896    -0.001562739532808     0.013608727192067
    -0.001531977993415    -0.002795627603283     0.004660884708347
     0.009526036249092    -0.007806284375978     0.020452686685625
129 425
    -0.006405325715472    -0.005041465760099    -0.005041465760099
    -0.000200364702276     0.012910522048403     0.010016414056484
    -0.000200364702276     0.010016414056484     0.012910522048403
129 426
    -0.005408005026909     0.009368280871849     0.009368280871849
    -0.002722613548490     0.004851074644363     0.018180065036466
    -0.002722613548490     0.018180065036466     0.004851074644363
129 427
    -0.003685009603033    -0.001495993369347    -0.001495993369347
    -0.001495993369347    -0.003685009603033    -0.001495993369347
    -0.001495993369347    -0.001495993369347    -0.003685009603033
129 428
    -0.001286960851701     0.000589338370463     0.000589338370463
     0.004835858044954     0.000574188198506    -0.001063600911877
     0.004835858044954    -0.001063600911877     0.000574188198506
129 429
    -0.002427384950323    -0.000907287956274    -0.004367475269647
    -0.000020396031780     0.007282147259551     0.000427969347428
     0.003289627597192    -0.000842394165866     0.006327142666885
129 430
    -0.002795627603283    -0.001531977993415     0.004660884708347
    -0.001562739532808     0.033343684797896     0.013608727192067
    -0.007806284375978     0.009526036249092     0.020452686685625
129 431
     0.000574188198506     0.004835858044954    -0.001063600911877
     0.000589338370463    -0.001286960851701     0.000589338370463
    -0.001063600911877     0.004835858044954     0.000574188198506
129 432
    -0.004621794132877    -0.003963566843717     0.000801662835849
    -0.003963566843717    -0.004621794132877     0.000801662835849
     0.002393944492387     0.002393944492387     0.000058211202855
129 433
    -0.007861488319368    -0.004884105150884     0.026507438464264
    -0.004884105150884    -0.007861488319368     0.026507438464264
    -0.005601747875174    -0.005601747875174    -0.020046276796767
129 434
     0.003759738431651     0.001185650659763    -0.017350363232069
     0.005063760664051    -0.013395088414789     0.014791330736116
     0.000563875832674     0.001984752248240    -0.012403157828142
129 435
     0.006327142666885     0.003289627597192    -0.000842394165866
    -0.004367475269647    -0.002427384950323    -0.000907287956274
     0.000427969347428    -0.000020396031780     0.007282147259551
129 436
    -0.001094420337858     0.009943032753479    -0.002981232156822
     0.001851776156432    -0.004070758699683     0.001851776156432
    -0.002981232156822     0.009943032753479    -0.001094420337858
129 437
    -0.013395088414789     0.005063760664051     0.014791330736116
     0.001185650659763     0.003759738431651    -0.017350363232069
     0.001984752248240     0.000563875832674    -0.012403157828142
129 438
     0.004429128356242     0.000744102620727    -0.023186522653989
     0.000744102620727     0.004429128356242    -0.023186522653989
     0.025382577335966     0.025382577335966    -0.024192525392211
129 439
     0.020452686685625    -0.007806284375978     0.009526036249092
     0.004660884708347    -0.002795627603283    -0.001531977993415
     0.013608727192067    -0.001562739532808     0.033343684797896
129 440
    -0.007435199582941     0.005620155832391    -0.022418486272618
    -0.005420959301851     0.002718659225551    -0.005420959301851
    -0.022418486272618     0.005620155832391    -0.007435199582941
129 441
    -0.002427384950323    -0.004367475269647    -0.000907287956274
     0.003289627597192     0.006327142666885    -0.000842394165866
    -0.000020396031780     0.000427969347428     0.007282147259551
129 442
    -0.002795627603283     0.004660884708347    -0.001531977993415
    -0.007806284375978     0.020452686685625     0.009526036249092
    -0.001562739532808     0.013608727192067     0.033343684797896
129 443
     0.000574188198506    -0.001063600911877     0.004835858044954
    -0.001063600911877     0.000574188198506     0.004835858044954
     0.000589338370463     0.000589338370463    -0.001286960851701
129 444
    -0.004621794132877     0.000801662835849    -0.003963566843717
     0.002393944492387     0.000058211202855     0.002393944492387
    -0.003963566843717     0.000801662835849    -0.004621794132877
129 445
    -0.004070758699683     0.001851776156432     0.001851776156432
     0.009943032753479    -0.001094420337858    -0.002981232156822
     0.009943032753479    -0.002981232156822    -0.001094420337858
129 446
     0.002718659225551    -0.005420959301851    -0.005420959301851
     0.005620155832391    -0.007435199582941    -0.022418486272618
     0.005620155832391    -0.022418486272618    -0.007435199582941
129 447
     0.000058211202855     0.002393944492387     0.002393944492387
     0.000801662835849    -0.004621794132877    -0.003963566843717
     0.000801662835849    -0.003963566843717    -0.004621794132877
129 448
    -0.000346532309288    -0.000867644136257    -0.000867644136257
    -0.000867644136257    -0.000346532309288    -0.000867644136257
    -0.000867644136257    -0.000867644136257    -0.000346532309288
129 449
    -0.097716681280580    -0.128132930555051    -0.391914210768494
    -0.128132930555051    -0.097716681280581    -0.391914210768494
    -0.776333288385880    -0.776333288385880    -3.227295678573934
129 450
     0.038486548054468     0.001141603657898     0.041828839224832
     0.005192728342039    -0.018548625591496    -0.008611066448624
    -0.129889194674885     0.064693803392025    -0.149260472235013
129 451
     0.026658842441552    -0.005035574606454    -0.000577719284571
     0.001671686018850     0.000351440338849    -0.005750121817988
     0.020655623073782     0.000370103566669     0.014139526019100
129 452
     0.067157213771902    -0.010529895283115     0.042901120288512
    -0.008371015223058    -0.038761507781503     0.001701337273165
     0.016552100525650     0.028853573322022    -0.022148841679327
129 453
    -0.018548625591496     0.005192728342039    -0.008611066448624
     0.001141603657898     0.038486548054468     0.041828839224832
     0.064693803392025    -0.129889194674885    -0.149260472235013
129 454
    -0.010012920928746    -0.015828760235884    -0.007148876040615
    -0.015828760235884    -0.010012920928746    -0.007148876040615
     0.001919613625739     0.001919613625739     0.009753865798217
129 455
     0.011183540985783     0.002274906748635    -0.007782509091922
     0.001612744115630     0.012355091025055    -0.004321547425880
    -0.000642673808520    -0.005825659161759     0.001696635168480
129 456
    -0.004583554776036    -0.006535161693399     0.009250972136142
    -0.001232364243739    -0.003440883536332    -0.016779849412967
     0.015028979190897    -0.011696026751622     0.003392391598446
129 457
     0.000351440338849     0.001671686018850    -0.005750121817988
    -0.005035574606454     0.026658842441552    -0.000577719284571
     0.000370103566669     0.020655623073782     0.014139526019100
129 458
     0.012355091025055     0.001612744115630    -0.004321547425880
     0.002274906748635     0.011183540985783    -0.007782509091922
    -0.005825659161759    -0.000642673808520     0.001696635168480
129 459
    -0.004727068137508     0.004330114651251     0.004547948787717
     0.004330114651251    -0.004727068137508     0.004547948787717
    -0.004266052151210    -0.004266052151210    -0.004093867812691
129 460
     0.003063223388539    -0.004885775323309     0.003043396733653
    -0.004970544165575     0.005074019888033    -0.005095991196008
     0.002238874676487    -0.002053908774178     0.001418384442460
129 461
    -0.038761507781503    -0.008371015223058     0.001701337273165
    -0.010529895283115     0.067157213771902     0.042901120288512
     0.028853573322022     0.016552100525650    -0.022148841679327
129 462
    -0.003440883536332    -0.001232364243739    -0.016779849412967
    -0.006535161693399    -0.004583554776036     0.009250972136142
    -0.011696026751622     0.015028979190897     0.003392391598446
129 463
     0.005074019888033    -0.004970544165575    -0.005095991196008
    -0.004885775323309     0.003063223388539     0.003043396733653
    -0.002053908774178     0.002238874676487     0.001418384442460
129 464
    -0.012936785509650    -0.011668239257899     0.010459903670965
    -0.011668239257899    -0.012936785509650     0.010459903670965
     0.005622294791849     0.005622294791849    -0.009307963923195
129 465
    -0.268589638299972    -0.386130447312640     1.024672609858512
    -0.386130447312640    -0.268589638299972     1.024672609858512
     0.783838787044600     0.783838787044601    -5.141374436415795
129 466
    -0.188657585010108    -0.065231261082573    -0.055926337632293
     0.018851094766710     0.008273174434750     0.048256467436019
     0.224543106170711    -0.066476528357257     0.089980218652763
129 467
    -0.014428143201557    -0.000872927954474    -0.013580451932079
     0.006986539076742    -0.020337243608297     0.008705296438094
     0.014341763971516     0.005290887032554     0.012756046282469
129 468
     0.084063260843933     0.002061048761296    -0.049735008452484
     0.026822098949151     0.029738503742947     0.011151673906051
    -0.194294019329944    -0.004535724264319     0.055771686308530
129 469
     0.008273174434750     0.018851094766710     0.048256467436019
    -0.065231261082573    -0.188657585010108    -0.055926337632293
    -0.066476528357257     0.224543106170711     0.089980218652763
129 470
    -0.019873694843405    -0.049790015960890    -0.024011954131163
    -0.049790015960890    -0.019873694843405    -0.024011954131163
    -0.003106481803241    -0.003106481803241     0.004314600078034
129 471
    -0.007233951397410     0.000501730235075     0.001901135445363
     0.008704903567989     0.018452237663474     0.008010990577598
     0.003877207541801     0.006092751997225    -0.001907961326120
129 472
     0.009524862383654     0.027208485748003    -0.004827898155010
    -0.009695461956155    -0.022732847834532     0.003680658614139
    -0.007440761446978    -0.013122779137447     0.004300358062267
129 473
    -0.020337243608297     0.006986539076742     0.008705296438094
    -0.000872927954474    -0.014428143201557    -0.013580451932079
     0.005290887032554     0.014341763971516     0.012756046282469
129 474
     0.018452237663474     0.008704903567989     0.008010990577598
     0.000501730235075    -0.007233951397410     0.001901135445363
     0.006092751997225     0.003877207541801    -0.001907961326120
129 475
     0.014295269597740     0.012678000833107     0.004568583008860
     0.012678000833107     0.014295269597740     0.004568583008860
     0.001796461184467     0.001796461184467    -0.002943392312747
129 476
     0.003191629281256    -0.007059914685977    -0.011061619347644
    -0.033602249315348    -0.016389745531440    -0.001750651011939
    -0.004905697823248     0.007200729200644    -0.002305887498090
129 477
     0.029738503742947     0.026822098949151     0.011151673906051
     0.002061048761296     0.084063260843933    -0.049735008452484
    -0.004535724264319    -0.194294019329944     0.055771686308530
129 478
    -0.022732847834532    -0.009695461956155     0.003680658614139
     0.027208485748003     0.009524862383654    -0.004827898155010
    -0.013122779137447    -0.007440761446978     0.004300358062267
129 479
    -0.016389745531440    -0.033602249315348    -0.001750651011939
    -0.007059914685977     0.003191629281256    -0.011061619347644
     0.007200729200644    -0.004905697823248    -0.002305887498090
129 480
    -0.001983050760013    -0.006042551928312    -0.007404397238268
    -0.006042551928312    -0.001983050760013    -0.007404397238268
     0.009759402989111     0.009759402989111    -0.007466735475005
129 481
     0.061986845812167     0.002582506959180    -0.086578632565325
     0.002582506959180     0.061986845812167    -0.086578632565325
     0.018111525335572     0.018111525335572     0.371412850893318
129 482
    -0.000492027102593     0.011259174174607    -0.005586444920329
     0.001082342903579    -0.003896111805869    -0.003956538834069
     0.008444111837581     0.012621046055488     0.033093325951375
129 483
    -0.000024439557110     0.000772890319981    -0.007386496026548
    -0.000747179154251     0.002159903040735     0.005620351318481
    -0.001832459093997     0.000601407264158    -0.009319989164655
129 484
    -0.010233383688858    -0.001211760389368     0.019992488704093
    -0.003356064399169     0.001323541423794     0.004634554819651
     0.008553705515438    -0.004829856811763    -0.006854981682465
129 485
    -0.003896111805869     0.001082342903579    -0.003956538834069
     0.011259174174607    -0.000492027102593    -0.005586444920329
     0.012621046055488     0.008444111837581     0.033093325951375
129 486
    -0.002822160569764     0.000953739626847    -0.002154179853226
     0.000953739626847    -0.002822160569764    -0.002154179853226
    -0.001787440355448    -0.001787440355448    -0.008007871340733
129 487
     0.001454209640978    -0.001904471994367    -0.001319458041938
    -0.005060444992202    -0.000206640185303    -0.001948202043056
     0.001528125209298    -0.000429271322751     0.001720989319115
129 488
    -0.000737694282938     0.002258933826897    -0.004086630082598
    -0.004384738779168    -0.003379087156603    -0.004731620306396
     0.003806027829721     0.002068987774084    -0.007756070072573
129 489
     0.002159903040735    -0.000747179154251     0.005620351318481
     0.000772890319981    -0.000024439557110    -0.007386496026548
     0.000601407264158    -0.001832459093997    -0.009319989164655
129 490
    -0.000206640185303    -0.005060444992202    -0.001948202043056
    -0.001904471994367     0.001454209640978    -0.001319458041938
    -0.000429271322751     0.001528125209298     0.001720989319115
129 491
     0.005191448192901     0.001179228087619     0.001323969405409
     0.001179228087619     0.005191448192901     0.001323969405409
     0.001165561142582     0.001165561142582     0.007308520800475
129 492
    -0.004210073855014     0.000028570387047     0.001390897769498
    -0.000368338498083    -0.000367280405824    -0.004042355329948
     0.000484798862115    -0.001119341018641    -0.001939694602197
129 493
     0.001323541423794    -0.003356064399169     0.004634554819651
    -0.001211760389368    -0.010233383688858     0.019992488704093
    -0.004829856811763     0.008553705515438    -0.006854981682465
129 494
    -0.003379087156603    -0.004384738779168    -0.004731620306396
     0.002258933826897    -0.000737694282938    -0.004086630082598
     0.002068987774084     0.003806027829721    -0.007756070072573
129 495
    -0.000367280405824    -0.000368338498083    -0.004042355329948
     0.000028570387047    -0.004210073855014     0.001390897769498
    -0.001119341018641     0.000484798862115    -0.001939694602197
129 496
    -0.000380459584597    -0.000874127441943    -0.000529800519355
    -0.000874127441943    -0.000380459584597    -0.000529800519355
    -0.000199258213045    -0.000199258213045    -0.011877326815174
129 497
     0.027190185023516     0.009896495676362     0.079911852744174
     0.009896495676362     0.027190185023516     0.079911852744174
     0.027819964341677     0.027819964341677     0.566268739951908
129 498
     0.018898781036400     0.000960071098676    -0.007398749018794
    -0.001772255071842    -0.005521781727522     0.001623127653514
    -0.051131090399231    -0.009927223053137     0.005144842790550
129 499
     0.001783643560135    -0.009629277577964     0.011530286811433
    -0.003219095076926    -0.001621655813995    -0.008917239420914
    -0.009105725970778    -0.005919765786220    -0.007527256450335
129 500
    -0.003891875641262     0.001047254099266     0.012008988595235
     0.004258008752644    -0.001043867255229     0.007311734933370
     0.030046364917864     0.003206769963598    -0.002327447905760
129 501
    -0.005521781727522    -0.001772255071842     0.001623127653514
     0.000960071098676     0.018898781036400    -0.007398749018794
    -0.009927223053137    -0.051131090399231     0.005144842790550
129 502
    -0.000827321808622    -0.001204092779598     0.001932990188525
    -0.001204092779598    -0.000827321808622     0.001932990188525
    -0.000553182933307    -0.000553182933307    -0.006289233548545
129 503
     0.001387903795702     0.000795376914177    -0.003300024420538
     0.003184072699926    -0.003867308923228     0.000463238454446
    -0.004483068282772     0.006840594475638     0.004855842227466
129 504
     0.000033879827297    -0.003660855683363    -0.001766016598250
    -0.001162217001885     0.000022097520007     0.009979880932608
    -0.006068851450237    -0.001461695999013    -0.009196396405199
129 505
    -0.001621655813995    -0.003219095076926    -0.008917239420914
    -0.009629277577964     0.001783643560135     0.011530286811433
    -0.005919765786220    -0.009105725970778    -0.007527256450335
129 506
    -0.003867308923228     0.003184072699926     0.000463238454446
     0.000795376914177     0.001387903795702    -0.003300024420538
     0.006840594475638    -0.004483068282772     0.004855842227466
129 507
     0.001650363800611     0.001168964118898     0.002798655739835
     0.001168964118898     0.001650363800611     0.002798655739835
    -0.002611488246602    -0.002611488246602     0.012922456189551
129 508
     0.001952027307356    -0.000475275083446     0.002226910168570
    -0.002510683851132     0.002821731639257    -0.000194050311755
    -0.000555931126115    -0.004743190046287     0.005531077755545
129 509
    -0.001043867255229     0.004258008752644     0.007311734933370
     0.001047254099266    -0.003891875641262     0.012008988595235
     0.003206769963598     0.030046364917864    -0.002327447905760
129 510
     0.000022097520007    -0.001162217001885     0.009979880932608
    -0.003660855683363     0.000033879827297    -0.001766016598250
    -0.001461695999013    -0.006068851450237    -0.009196396405199
129 511
     0.002821731639257    -0.002510683851132    -0.000194050311755
    -0.000475275083446     0.001952027307356     0.002226910168570
    -0.004743190046287    -0.000555931126115     0.005531077755545
129 512
     0.001557623680863    -0.002004560872787    -0.002195220544727
    -0.002004560872787     0.001557623680863    -0.002195220544727
     0.003690057129877     0.003690057129877    -0.011034709643338
193 1
     0.367745228164741    -0.215163606674766     0.215163606674766
     0.215163606674766    -0.416538127463684     1.404395734842824
    -0.215163606674766     1.404395734842824    -0.416538127463684
193 2
     0.047645690125037    -0.027069714347672     0.027069714347672
     0.031804349505088    -0.003214696639823    -0.036130623708723
    -0.031804349505088    -0.036130623708723    -0.003214696639823
193 3
    -0.111057616252481    -0.018201569455401     0.018201569455401
     0.018201569455401    -0.000666347553620     0.008087403812932
    -0.018201569455401     0.008087403812932    -0.000666347553620
193 4
     0.047645690125037    -0.031804349505088     0.031804349505088
     0.027069714347672    -0.003214696639823    -0.036130623708723
    -0.027069714347672    -0.036130623708723    -0.003214696639823
193 5
    -0.004014170221248    -0.027719062203161    -0.003383253098119
     0.027719062203161     0.013825055326528     0.061941506324526
     0.003383253098119     0.061941506324526    -0.072943104799541
193 6
    -0.008012046771801     0.012596060845386    -0.009649330085643
    -0.013727557113227     0.011875842639363     0.016803213796648
    -0.006871468941462     0.007154232928876     0.011314877271933
193 7
     0.004179817163328    -0.000226019879272    -0.000167381643765
     0.000226019879272     0.002463813688555     0.012190136825007
     0.000167381643765     0.012190136825007    -0.007220787402030
193 8
    -0.008012046771801     0.013727557113227     0.006871468941462
    -0.012596060845386     0.011875842639363     0.007154232928876
     0.009649330085643     0.016803213796648     0.011314877271933
193 9
    -0.042881937029599     0.018500287385321    -0.006908258284971
    -0.018500287385321    -0.064620377487762    -0.031145705621714
     0.006908258284971    -0.031145705621714    -0.122141328375256
193 10
     0.008850348066392    -0.010900471432663    -0.020335123628139
     0.031181921792414     0.002388914046983    -0.006744941992722
     0.006090465948718    -0.011983938855744     0.011390870117274
193 11
     0.009728615827818     0.003165918115458     0.006860825388098
    -0.003165918115458     0.025405378036516     0.002210401083524
    -0.006860825388098     0.002210401083524    -0.006376333040518
193 12
     0.008850348066392    -0.031181921792414    -0.006090465948718
     0.010900471432663     0.002388914046983    -0.011983938855744
     0.020335123628139    -0.006744941992722     0.011390870117274
193 13
     0.165842517244247     0.027000948793915     0.013361318667176
    -0.027000948793915    -0.675590995811536    -0.945573368122656
    -0.013361318667176    -0.945573368122656     0.651474081778927
193 14
     0.088407948698549     0.005405391586718    -0.036290402272108
    -0.035451641680228     0.009310609628283     0.002547532979222
    -0.102280220558577     0.040308491704850    -0.067039470411648
193 15
    -0.077299058726339     0.012406982143480     0.028575465889204
    -0.012406982143480    -0.044591411648528    -0.022303296568175
    -0.028575465889204    -0.022303296568175    -0.013181906088117
193 16
     0.088407948698549     0.035451641680228     0.102280220558577
    -0.005405391586718     0.009310609628283     0.040308491704850
     0.036290402272108     0.002547532979222    -0.067039470411648
193 17
     0.165842517244247    -0.013361318667176    -0.027000948793915
     0.013361318667176     0.651474081778927    -0.945573368122656
     0.027000948793915    -0.945573368122656    -0.675590995811536
193 18
     0.088407948698549     0.036290402272108    -0.005405391586718
     0.102280220558577    -0.067039470411648     0.040308491704850
     0.035451641680228     0.002547532979222     0.009310609628283
193 19
    -0.077299058726339    -0.028575465889204    -0.012406982143480
     0.028575465889204    -0.013181906088117    -0.022303296568175
     0.012406982143480    -0.022303296568175    -0.044591411648528
193 20
     0.088407948698549    -0.102280220558577    -0.035451641680228
    -0.036290402272108    -0.067039470411648     0.002547532979222
     0.005405391586718     0.040308491704850     0.009310609628283
193 21
    -0.024212992596114    -0.047103538870324    -0.026520485737374
     0.047103538870324    -0.162660318743364    -0.102679008387685
     0.026520485737374    -0.102679008387685    -0.065380700709204
193 22
    -0.000966864714742    -0.025218555965245     0.014089680861758
    -0.047839705325147    -0.069986428922175    -0.023221982502289
    -0.010145523129751    -0.019576816001145     0.001700499340131
193 23
    -0.030243104586745     0.058297186297134    -0.012799168995662
    -0.058297186297134     0.045373078914521     0.001174651245798
     0.012799168995662     0.001174651245798     0.002504459612028
193 24
    -0.000966864714742     0.047839705325147     0.010145523129751
     0.025218555965245    -0.069986428922175    -0.019576816001145
    -0.014089680861758    -0.023221982502289     0.001700499340131
193 25
    -0.028071758967039     0.096872521097235    -0.014836111285302
    -0.096872521097235    -0.125701695667364    -0.016674602928223
     0.014836111285302    -0.016674602928223    -0.064044851253460
193 26
    -0.028777270166172     0.034232051408656     0.021760539876025
     0.092127728254798    -0.066304564177836     0.002454064056959
    -0.007437596660025     0.028969782211229     0.012827263953008
193 27
     0.085849973345824    -0.039468482279497    -0.002223333532280
     0.039468482279497     0.076663561914567     0.000863209638676
     0.002223333532280     0.000863209638676    -0.007538180896339
193 28
    -0.028777270166172    -0.092127728254798     0.007437596660025
    -0.034232051408656    -0.066304564177836     0.028969782211229
    -0.021760539876025     0.002454064056959     0.012827263953008
193 29
     0.520829102767574    -0.403040847271554     0.403040847271554
     0.403040847271554    -0.820039486824613     1.229282589620772
    -0.403040847271554     1.229282589620772    -0.820039486824613
193 30
    -0.139122282680550     0.144225416710626    -0.144225416710626
    -0.035951903871699     0.033572673029065     0.007158028775297
     0.035951903871699     0.007158028775297     0.033572673029065
193 31
    -0.045094186690330     0.032074021618197    -0.032074021618197
    -0.032074021618197    -0.059944866434194     0.025959524165790
     0.032074021618197     0.025959524165790    -0.059944866434194
193 32
    -0.139122282680550     0.035951903871699    -0.035951903871699
    -0.144225416710626     0.033572673029065     0.007158028775297
     0.144225416710626     0.007158028775297     0.033572673029065
193 33
    -0.042881937029599     0.006908258284971    -0.018500287385321
    -0.006908258284971    -0.122141328375256    -0.031145705621714
     0.018500287385321    -0.031145705621714    -0.064620377487762
193 34
     0.008850348066392     0.020335123628139     0.010900471432663
    -0.006090465948718     0.011390870117274    -0.011983938855744
    -0.031181921792414    -0.006744941992722     0.002388914046983
193 35
     0.009728615827818    -0.006860825388098    -0.003165918115458
     0.006860825388098    -0.006376333040518     0.002210401083524
     0.003165918115458     0.002210401083524     0.025405378036516
193 36
     0.008850348066392     0.006090465948718     0.031181921792414
    -0.020335123628139     0.011390870117274    -0.006744941992722
    -0.010900471432663    -0.011983938855744     0.002388914046983
193 37
     0.019416435796167    -0.007881513307228     0.019030491213358
     0.007881513307228     0.074862812372607     0.034983101377294
    -0.019030491213358     0.034983101377294     0.048699530966801
193 38
     0.010279651261012    -0.005765996996680    -0.005205547864363
     0.009892689391364    -0.015678054694342    -0.015043208870167
    -0.008190388922170    -0.011405937729577    -0.007677685843990
193 39
    -0.016548814271545     0.003630408250261     0.006579173583685
    -0.003630408250261     0.012204077071052     0.003330266877933
    -0.006579173583685     0.003330266877933    -0.001969249062434
193 40
     0.010279651261012    -0.009892689391364     0.008190388922170
     0.005765996996680    -0.015678054694342    -0.011405937729577
     0.005205547864363    -0.015043208870167    -0.007677685843990
193 41
     0.040629751268806     0.011091007739594    -0.011091007739594
    -0.011091007739594     0.000440005027529    -0.013469390210619
     0.011091007739594    -0.013469390210619     0.000440005027529
193 42
     0.000095091646671     0.011299278241003    -0.011299278241003
    -0.000625267005797     0.007691073794444    -0.000171204061111
     0.000625267005797    -0.000171204061111     0.007691073794444
193 43
    -0.013831231168527    -0.009858359756335     0.009858359756335
     0.009858359756335     0.005356446045109     0.002509270847301
    -0.009858359756335     0.002509270847301     0.005356446045109
193 44
     0.000095091646671     0.000625267005797    -0.000625267005797
    -0.011299278241003     0.007691073794444    -0.000171204061111
     0.011299278241003    -0.000171204061111     0.007691073794444
193 45
    -0.028071758967039     0.014836111285302    -0.096872521097235
    -0.014836111285302    -0.064044851253460    -0.016674602928223
     0.096872521097235    -0.016674602928223    -0.125701695667364
193 46
    -0.028777270166172    -0.021760539876025    -0.034232051408656
     0.007437596660025     0.012827263953008     0.028969782211229
    -0.092127728254798     0.002454064056959    -0.066304564177836
193 47
     0.085849973345824     0.002223333532280     0.039468482279497
    -0.002223333532280    -0.007538180896339     0.000863209638676
    -0.039468482279497     0.000863209638676     0.076663561914567
193 48
    -0.028777270166172    -0.007437596660025     0.092127728254798
     0.021760539876025     0.012827263953008     0.002454064056959
     0.034232051408656     0.028969782211229    -0.066304564177836
193 49
    -0.004014170221248     0.003383253098119     0.027719062203161
    -0.003383253098119    -0.072943104799541     0.061941506324526
    -0.027719062203161     0.061941506324526     0.013825055326528
193 50
    -0.008012046771801     0.009649330085643    -0.012596060845386
     0.006871468941462     0.011314877271933     0.007154232928876
     0.013727557113227     0.016803213796648     0.011875842639363
193 51
     0.004179817163328     0.000167381643765     0.000226019879272
    -0.000167381643765    -0.007220787402030     0.012190136825007
    -0.000226019879272     0.012190136825007     0.002463813688555
193 52
    -0.008012046771801    -0.006871468941462    -0.013727557113227
    -0.009649330085643     0.011314877271933     0.016803213796648
     0.012596060845386     0.007154232928876     0.011875842639363
193 53
     0.009694513943575     0.011462514820477    -0.011462514820477
    -0.011462514820477     0.010694043814754     0.009386099523909
     0.011462514820477     0.009386099523909     0.010694043814754
193 54
     0.004431162929917    -0.008870726067837     0.008870726067837
    -0.011941201420894     0.003438420032138     0.026993603831091
     0.011941201420894     0.026993603831091     0.003438420032138
193 55
    -0.007255124628751     0.005188830956726    -0.005188830956726
    -0.005188830956726    -0.007753162454219    -0.002021512173940
     0.005188830956726    -0.002021512173940    -0.007753162454219
193 56
     0.004431162929917     0.011941201420894    -0.011941201420894
     0.008870726067837     0.003438420032138     0.026993603831091
    -0.008870726067837     0.026993603831091     0.003438420032138
193 57
     0.019416435796167    -0.019030491213358     0.007881513307228
     0.019030491213358     0.048699530966801     0.034983101377294
    -0.007881513307228     0.034983101377294     0.074862812372607
193 58
     0.010279651261012     0.005205547864363     0.005765996996680
     0.008190388922170    -0.007677685843990    -0.011405937729577
    -0.009892689391364    -0.015043208870167    -0.015678054694342
193 59
    -0.016548814271545    -0.006579173583685    -0.003630408250261
     0.006579173583685    -0.001969249062434     0.003330266877933
     0.003630408250261     0.003330266877933     0.012204077071052
193 60
     0.010279651261012    -0.008190388922170     0.009892689391364
    -0.005205547864363    -0.007677685843990    -0.015043208870167
    -0.005765996996680    -0.011405937729577    -0.015678054694342
193 61
    -0.024212992596114     0.026520485737374     0.047103538870324
    -0.026520485737374    -0.065380700709204    -0.102679008387685
    -0.047103538870324    -0.102679008387685    -0.162660318743364
193 62
    -0.000966864714742    -0.014089680861758     0.025218555965245
     0.010145523129751     0.001700499340131    -0.019576816001145
     0.047839705325147    -0.023221982502289    -0.069986428922175
193 63
    -0.030243104586745     0.012799168995662    -0.058297186297134
    -0.012799168995662     0.002504459612028     0.001174651245798
     0.058297186297134     0.001174651245798     0.045373078914521
193 64
    -0.000966864714742    -0.010145523129751    -0.047839705325147
     0.014089680861758     0.001700499340131    -0.023221982502289
    -0.025218555965245    -0.019576816001145    -0.069986428922175
193 65
    -0.416538127463684     0.215163606674766     1.404395734842824
    -0.215163606674766     0.367745228164741     0.215163606674766
     1.404395734842824    -0.215163606674766    -0.416538127463684
193 66
     0.013825055326528     0.027719062203161     0.061941506324526
    -0.027719062203161    -0.004014170221248    -0.003383253098119
     0.061941506324526     0.003383253098119    -0.072943104799541
193 67
    -0.064620377487762    -0.018500287385321    -0.031145705621714
     0.018500287385321    -0.042881937029599    -0.006908258284971
    -0.031145705621714     0.006908258284971    -0.122141328375256
193 68
    -0.675590995811535    -0.027000948793915    -0.945573368122656
     0.027000948793915     0.165842517244247     0.013361318667176
    -0.945573368122656    -0.013361318667176     0.651474081778927
193 69
    -0.003214696639823     0.031804349505088    -0.036130623708723
    -0.027069714347672     0.047645690125037     0.027069714347672
    -0.036130623708723    -0.031804349505088    -0.003214696639823
193 70
     0.011875842639363    -0.013727557113227     0.016803213796648
     0.012596060845386    -0.008012046771801    -0.009649330085643
     0.007154232928876    -0.006871468941462     0.011314877271933
193 71
     0.002388914046983     0.031181921792414    -0.006744941992722
    -0.010900471432663     0.008850348066392    -0.020335123628139
    -0.011983938855744     0.006090465948718     0.011390870117274
193 72
     0.009310609628283    -0.035451641680228     0.002547532979222
     0.005405391586718     0.088407948698549    -0.036290402272108
     0.040308491704850    -0.102280220558577    -0.067039470411648
193 73
    -0.000666347553620     0.018201569455401     0.008087403812932
    -0.018201569455401    -0.111057616252481     0.018201569455401
     0.008087403812932    -0.018201569455401    -0.000666347553620
193 74
     0.002463813688555     0.000226019879272     0.012190136825007
    -0.000226019879272     0.004179817163328    -0.000167381643765
     0.012190136825007     0.000167381643765    -0.007220787402030
193 75
     0.025405378036516    -0.003165918115458     0.002210401083524
     0.003165918115458     0.009728615827818     0.006860825388098
     0.002210401083524    -0.006860825388098    -0.006376333040518
193 76
    -0.044591411648528    -0.012406982143480    -0.022303296568175
     0.012406982143480    -0.077299058726339     0.028575465889204
    -0.022303296568175    -0.028575465889204    -0.013181906088117
193 77
    -0.003214696639823     0.027069714347672    -0.036130623708723
    -0.031804349505088     0.047645690125037     0.031804349505088
    -0.036130623708723    -0.027069714347672    -0.003214696639823
193 78
     0.011875842639363    -0.012596060845386     0.007154232928876
     0.013727557113227    -0.008012046771801     0.006871468941462
     0.016803213796648     0.009649330085643     0.011314877271933
193 79
     0.002388914046983     0.010900471432663    -0.011983938855744
    -0.031181921792414     0.008850348066392    -0.006090465948718
    -0.006744941992722     0.020335123628139     0.011390870117274
193 80
     0.009310609628283    -0.005405391586718     0.040308491704850
     0.035451641680228     0.088407948698549     0.102280220558577
     0.002547532979222     0.036290402272108    -0.067039470411648
193 81
     0.651474081778927     0.013361318667176    -0.945573368122657
    -0.013361318667176     0.165842517244247    -0.027000948793915
    -0.945573368122656     0.027000948793915    -0.675590995811535
193 82
    -0.162660318743364     0.047103538870324    -0.102679008387685
    -0.047103538870324    -0.024212992596114    -0.026520485737374
    -0.102679008387685     0.026520485737374    -0.065380700709204
193 83
    -0.125701695667364    -0.096872521097235    -0.016674602928223
     0.096872521097235    -0.028071758967039    -0.014836111285302
    -0.016674602928223     0.014836111285302    -0.064044851253460
193 84
    -0.820039486824613     0.403040847271554     1.229282589620772
    -0.403040847271554     0.520829102767574     0.403040847271554
     1.229282589620772    -0.403040847271554    -0.820039486824613
193 85
    -0.067039470411648     0.102280220558577     0.040308491704850
     0.036290402272108     0.088407948698549    -0.005405391586718
     0.002547532979222     0.035451641680228     0.009310609628283
193 86
    -0.069986428922175    -0.047839705325147    -0.023221982502289
    -0.025218555965245    -0.000966864714742     0.014089680861758
    -0.019576816001145    -0.010145523129751     0.001700499340131
193 87
    -0.066304564177836     0.092127728254798     0.002454064056959
     0.034232051408656    -0.028777270166172     0.021760539876025
     0.028969782211229    -0.007437596660025     0.012827263953008
193 88
     0.033572673029065    -0.035951903871699     0.007158028775297
     0.144225416710626    -0.139122282680550    -0.144225416710626
     0.007158028775297     0.035951903871699     0.033572673029065
193 89
    -0.013181906088117     0.028575465889204    -0.022303296568175
    -0.028575465889204    -0.077299058726339    -0.012406982143480
    -0.022303296568175     0.012406982143480    -0.044591411648528
193 90
     0.045373078914521    -0.058297186297134     0.001174651245798
     0.058297186297134    -0.030243104586745    -0.012799168995662
     0.001174651245798     0.012799168995662     0.002504459612028
193 91
     0.076663561914567     0.039468482279497     0.000863209638676
    -0.039468482279497     0.085849973345824    -0.002223333532280
     0.000863209638676     0.002223333532280    -0.007538180896339
193 92
    -0.059944866434194    -0.032074021618197     0.025959524165790
     0.032074021618197    -0.045094186690330    -0.032074021618197
     0.025959524165790     0.032074021618197    -0.059944866434194
193 93
    -0.067039470411648    -0.036290402272108     0.002547532979222
    -0.102280220558577     0.088407948698549    -0.035451641680228
     0.040308491704850     0.005405391586718     0.009310609628283
193 94
    -0.069986428922175     0.025218555965245    -0.019576816001145
     0.047839705325147    -0.000966864714742     0.010145523129751
    -0.023221982502289    -0.014089680861758     0.001700499340131
193 95
    -0.066304564177836    -0.034232051408656     0.028969782211229
    -0.092127728254798    -0.028777270166172     0.007437596660025
     0.002454064056959    -0.021760539876025     0.012827263953008
193 96
     0.033572673029065    -0.144225416710626     0.007158028775297
     0.035951903871699    -0.139122282680550    -0.035951903871699
     0.007158028775297     0.144225416710626     0.033572673029065
193 97
    -0.122141328375256    -0.006908258284971    -0.031145705621714
     0.006908258284971    -0.042881937029599    -0.018500287385321
    -0.031145705621714     0.018500287385321    -0.064620377487762
193 98
     0.074862812372607     0.007881513307228     0.034983101377294
    -0.007881513307228     0.019416435796167     0.019030491213358
     0.034983101377294    -0.019030491213358     0.048699530966801
193 99
     0.000440005027529    -0.011091007739594    -0.013469390210619
     0.011091007739594     0.040629751268806    -0.011091007739594
    -0.013469390210619     0.011091007739594     0.000440005027529
193 100
    -0.064044851253460    -0.014836111285302    -0.016674602928223
     0.014836111285302    -0.028071758967039    -0.096872521097235
    -0.016674602928223     0.096872521097235    -0.125701695667364
193 101
     0.011390870117274    -0.006090465948718    -0.011983938855744
     0.020335123628139     0.008850348066392     0.010900471432663
    -0.006744941992722    -0.031181921792414     0.002388914046983
193 102
    -0.015678054694342     0.009892689391364    -0.015043208870167
    -0.005765996996680     0.010279651261012    -0.005205547864363
    -0.011405937729577    -0.008190388922170    -0.007677685843990
193 103
     0.007691073794444    -0.000625267005797    -0.000171204061111
     0.011299278241003     0.000095091646671    -0.011299278241003
    -0.000171204061111     0.000625267005797     0.007691073794444
193 104
     0.012827263953008     0.007437596660025     0.028969782211229
    -0.021760539876025    -0.028777270166172    -0.034232051408656
     0.002454064056959    -0.092127728254798    -0.066304564177836
193 105
    -0.006376333040518     0.006860825388098     0.002210401083524
    -0.006860825388098     0.009728615827818    -0.003165918115458
     0.002210401083524     0.003165918115458     0.025405378036516
193 106
     0.012204077071052    -0.003630408250261     0.003330266877933
     0.003630408250261    -0.016548814271545     0.006579173583685
     0.003330266877933    -0.006579173583685    -0.001969249062434
193 107
     0.005356446045109     0.009858359756335     0.002509270847301
    -0.009858359756335    -0.013831231168527     0.009858359756335
     0.002509270847301    -0.009858359756335     0.005356446045109
193 108
    -0.007538180896339    -0.002223333532280     0.000863209638676
     0.002223333532280     0.085849973345824     0.039468482279497
     0.000863209638676    -0.039468482279497     0.076663561914567
193 109
     0.011390870117274    -0.020335123628139    -0.006744941992722
     0.006090465948718     0.008850348066392     0.031181921792414
    -0.011983938855744    -0.010900471432663     0.002388914046983
193 110
    -0.015678054694342     0.005765996996680    -0.011405937729577
    -0.009892689391364     0.010279651261012     0.008190388922170
    -0.015043208870167     0.005205547864363    -0.007677685843990
193 111
     0.007691073794444    -0.011299278241003    -0.000171204061111
     0.000625267005797     0.000095091646671    -0.000625267005797
    -0.000171204061111     0.011299278241003     0.007691073794444
193 112
     0.012827263953008     0.021760539876025     0.002454064056959
    -0.007437596660025    -0.028777270166172     0.092127728254798
     0.028969782211229     0.034232051408656    -0.066304564177836
193 113
    -0.072943104799541    -0.003383253098119     0.061941506324526
     0.003383253098119    -0.004014170221248     0.027719062203161
     0.061941506324526    -0.027719062203161     0.013825055326528
193 114
     0.010694043814754    -0.011462514820477     0.009386099523909
     0.011462514820477     0.009694513943575    -0.011462514820477
     0.009386099523909     0.011462514820477     0.010694043814754
193 115
     0.048699530966801     0.019030491213358     0.034983101377294
    -0.019030491213358     0.019416435796167     0.007881513307228
     0.034983101377294    -0.007881513307228     0.074862812372607
193 116
    -0.065380700709204    -0.026520485737374    -0.102679008387685
     0.026520485737374    -0.024212992596114     0.047103538870324
    -0.102679008387685    -0.047103538870324    -0.162660318743364
193 117
     0.011314877271933     0.006871468941462     0.007154232928876
     0.009649330085643    -0.008012046771801    -0.012596060845386
     0.016803213796648     0.013727557113227     0.011875842639363
193 118
     0.003438420032138    -0.011941201420894     0.026993603831091
    -0.008870726067837     0.004431162929917     0.008870726067837
     0.026993603831091     0.011941201420894     0.003438420032138
193 119
    -0.007677685843990     0.008190388922170    -0.011405937729577
     0.005205547864363     0.010279651261012     0.005765996996680
    -0.015043208870167    -0.009892689391364    -0.015678054694342
193 120
     0.001700499340131     0.010145523129751    -0.019576816001145
    -0.014089680861758    -0.000966864714742     0.025218555965245
    -0.023221982502289     0.047839705325147    -0.069986428922175
193 121
    -0.007220787402030    -0.000167381643765     0.012190136825007
     0.000167381643765     0.004179817163328     0.000226019879272
     0.012190136825007    -0.000226019879272     0.002463813688555
193 122
    -0.007753162454219    -0.005188830956726    -0.002021512173940
     0.005188830956726    -0.007255124628751    -0.005188830956726
    -0.002021512173940     0.005188830956726    -0.007753162454219
193 123
    -0.001969249062434     0.006579173583685     0.003330266877933
    -0.006579173583685    -0.016548814271545    -0.003630408250261
     0.003330266877933     0.003630408250261     0.012204077071052
193 124
     0.002504459612028    -0.012799168995662     0.001174651245798
     0.012799168995662    -0.030243104586745    -0.058297186297134
     0.001174651245798     0.058297186297134     0.045373078914521
193 125
     0.011314877271933    -0.009649330085643     0.016803213796648
    -0.006871468941462    -0.008012046771801    -0.013727557113227
     0.007154232928876     0.012596060845386     0.011875842639363
193 126
     0.003438420032138     0.008870726067837     0.026993603831091
     0.011941201420894     0.004431162929917    -0.011941201420894
     0.026993603831091    -0.008870726067837     0.003438420032138
193 127
    -0.007677685843990    -0.005205547864363    -0.015043208870167
    -0.008190388922170     0.010279651261012     0.009892689391364
    -0.011405937729577    -0.005765996996680    -0.015678054694342
193 128
     0.001700499340131     0.014089680861758    -0.023221982502289
    -0.010145523129751    -0.000966864714742    -0.047839705325147
    -0.019576816001145    -0.025218555965245    -0.069986428922175
193 129
    -0.416538127463684    -1.404395734842824    -0.215163606674766
    -1.404395734842824    -0.416538127463684    -0.215163606674766
     0.215163606674766     0.215163606674766     0.367745228164741
193 130
     0.013825055326528    -0.061941506324526    -0.027719062203161
    -0.061941506324526    -0.072943104799541     0.003383253098119
     0.027719062203161    -0.003383253098119    -0.004014170221248
193 131
    -0.064620377487762     0.031145705621714     0.018500287385321
     0.031145705621714    -0.122141328375256     0.006908258284971
    -0.018500287385321    -0.006908258284971    -0.042881937029599
193 132
    -0.675590995811535     0.945573368122656     0.027000948793915
     0.945573368122657     0.651474081778926    -0.013361318667176
    -0.027000948793915     0.013361318667176     0.165842517244247
193 133
    -0.072943104799541    -0.061941506324526     0.003383253098119
    -0.061941506324526     0.013825055326528    -0.027719062203161
    -0.003383253098119     0.027719062203161    -0.004014170221248
193 134
     0.010694043814754    -0.009386099523909     0.011462514820477
    -0.009386099523909     0.010694043814754     0.011462514820477
    -0.011462514820477    -0.011462514820477     0.009694513943575
193 135
     0.048699530966801    -0.034983101377294    -0.019030491213358
    -0.034983101377294     0.074862812372607    -0.007881513307228
     0.019030491213358     0.007881513307228     0.019416435796167
193 136
    -0.065380700709204     0.102679008387685     0.026520485737374
     0.102679008387685    -0.162660318743364    -0.047103538870324
    -0.026520485737374     0.047103538870324    -0.024212992596114
193 137
    -0.122141328375256     0.031145705621714     0.006908258284971
     0.031145705621714    -0.064620377487762     0.018500287385321
    -0.006908258284971    -0.018500287385321    -0.042881937029599
193 138
     0.074862812372607    -0.034983101377294    -0.007881513307228
    -0.034983101377294     0.048699530966801    -0.019030491213358
     0.007881513307228     0.019030491213358     0.019416435796167
193 139
     0.000440005027529     0.013469390210619     0.011091007739594
     0.013469390210619     0.000440005027529     0.011091007739594
    -0.011091007739594    -0.011091007739594     0.040629751268806
193 140
    -0.064044851253460     0.016674602928223     0.014836111285302
     0.016674602928223    -0.125701695667364     0.096872521097235
    -0.014836111285302    -0.096872521097235    -0.028071758967039
193 141
     0.651474081778926     0.945573368122657    -0.013361318667176
     0.945573368122657    -0.675590995811535     0.027000948793915
     0.013361318667176    -0.027000948793915     0.165842517244247
193 142
    -0.162660318743364     0.102679008387685    -0.047103538870324
     0.102679008387685    -0.065380700709204     0.026520485737374
     0.047103538870324    -0.026520485737374    -0.024212992596114
193 143
    -0.125701695667364     0.016674602928223     0.096872521097235
     0.016674602928223    -0.064044851253460     0.014836111285302
    -0.096872521097235    -0.014836111285302    -0.028071758967039
193 144
    -0.820039486824612    -1.229282589620772    -0.403040847271554
    -1.229282589620772    -0.820039486824612    -0.403040847271554
     0.403040847271554     0.403040847271554     0.520829102767574
193 145
    -0.003214696639823     0.036130623708723    -0.027069714347672
     0.036130623708723    -0.003214696639823    -0.027069714347672
     0.031804349505088     0.031804349505088     0.047645690125037
193 146
     0.011875842639363    -0.007154232928876     0.012596060845386
    -0.016803213796648     0.011314877271933     0.009649330085643
    -0.013727557113227     0.006871468941462    -0.008012046771801
193 147
     0.002388914046983     0.011983938855744    -0.010900471432663
     0.006744941992722     0.011390870117274     0.020335123628139
     0.031181921792414    -0.006090465948718     0.008850348066392
193 148
     0.009310609628283    -0.040308491704850     0.005405391586718
    -0.002547532979222    -0.067039470411648     0.036290402272108
    -0.035451641680228     0.102280220558577     0.088407948698549
193 149
     0.011314877271933    -0.016803213796648     0.009649330085643
    -0.007154232928876     0.011875842639363     0.012596060845386
     0.006871468941462    -0.013727557113227    -0.008012046771801
193 150
     0.003438420032138    -0.026993603831091    -0.008870726067837
    -0.026993603831091     0.003438420032138    -0.008870726067837
    -0.011941201420894    -0.011941201420894     0.004431162929917
193 151
    -0.007677685843990     0.015043208870167     0.005205547864363
     0.011405937729577    -0.015678054694342    -0.005765996996680
     0.008190388922170     0.009892689391364     0.010279651261012
193 152
     0.001700499340131     0.023221982502289    -0.014089680861758
     0.019576816001145    -0.069986428922175    -0.025218555965245
     0.010145523129751    -0.047839705325147    -0.000966864714742
193 153
     0.011390870117274     0.006744941992722     0.020335123628139
     0.011983938855744     0.002388914046983    -0.010900471432663
    -0.006090465948718     0.031181921792414     0.008850348066392
193 154
    -0.015678054694342     0.011405937729577    -0.005765996996680
     0.015043208870167    -0.007677685843990     0.005205547864363
     0.009892689391364     0.008190388922170     0.010279651261012
193 155
     0.007691073794444     0.000171204061111     0.011299278241003
     0.000171204061111     0.007691073794444     0.011299278241003
    -0.000625267005797    -0.000625267005797     0.000095091646671
193 156
     0.012827263953008    -0.002454064056959    -0.021760539876025
    -0.028969782211229    -0.066304564177836     0.034232051408656
     0.007437596660025     0.092127728254798    -0.028777270166172
193 157
    -0.067039470411648    -0.002547532979222     0.036290402272108
    -0.040308491704850     0.009310609628283     0.005405391586718
     0.102280220558577    -0.035451641680228     0.088407948698549
193 158
    -0.069986428922175     0.019576816001145    -0.025218555965245
     0.023221982502289     0.001700499340131    -0.014089680861758
    -0.047839705325147     0.010145523129751    -0.000966864714742
193 159
    -0.066304564177836    -0.028969782211229     0.034232051408656
    -0.002454064056959     0.012827263953008    -0.021760539876025
     0.092127728254798     0.007437596660025    -0.028777270166172
193 160
     0.033572673029065    -0.007158028775297     0.144225416710626
    -0.007158028775297     0.033572673029065     0.144225416710626
    -0.035951903871699    -0.035951903871699    -0.139122282680550
193 161
    -0.000666347553620    -0.008087403812932    -0.018201569455401
    -0.008087403812932    -0.000666347553620    -0.018201569455401
     0.018201569455401     0.018201569455401    -0.111057616252481
193 162
     0.002463813688555    -0.012190136825007    -0.000226019879272
    -0.012190136825007    -0.007220787402030     0.000167381643765
     0.000226019879272    -0.000167381643765     0.004179817163328
193 163
     0.025405378036516    -0.002210401083524     0.003165918115458
    -0.002210401083524    -0.006376333040518    -0.006860825388098
    -0.003165918115458     0.006860825388098     0.009728615827818
193 164
    -0.044591411648528     0.022303296568175     0.012406982143480
     0.022303296568175    -0.013181906088117    -0.028575465889204
    -0.012406982143480     0.028575465889204    -0.077299058726339
193 165
    -0.007220787402030    -0.012190136825007     0.000167381643765
    -0.012190136825007     0.002463813688555    -0.000226019879272
    -0.000167381643765     0.000226019879272     0.004179817163328
193 166
    -0.007753162454219     0.002021512173940     0.005188830956726
     0.002021512173940    -0.007753162454219     0.005188830956726
    -0.005188830956726    -0.005188830956726    -0.007255124628751
193 167
    -0.001969249062434    -0.003330266877933    -0.006579173583685
    -0.003330266877933     0.012204077071052     0.003630408250261
     0.006579173583685    -0.003630408250261    -0.016548814271545
193 168
     0.002504459612028    -0.001174651245798     0.012799168995662
    -0.001174651245798     0.045373078914521     0.058297186297134
    -0.012799168995662    -0.058297186297134    -0.030243104586745
193 169
    -0.006376333040518    -0.002210401083524    -0.006860825388098
    -0.002210401083524     0.025405378036516     0.003165918115458
     0.006860825388098    -0.003165918115458     0.009728615827818
193 170
     0.012204077071052    -0.003330266877933     0.003630408250261
    -0.003330266877933    -0.001969249062434    -0.006579173583685
    -0.003630408250261     0.006579173583685    -0.016548814271545
193 171
     0.005356446045109    -0.002509270847301    -0.009858359756335
    -0.002509270847301     0.005356446045109    -0.009858359756335
     0.009858359756335     0.009858359756335    -0.013831231168527
193 172
    -0.007538180896339    -0.000863209638676     0.002223333532280
    -0.000863209638676     0.076663561914567    -0.039468482279497
    -0.002223333532280     0.039468482279497     0.085849973345824
193 173
    -0.013181906088117     0.022303296568175    -0.028575465889204
     0.022303296568175    -0.044591411648528     0.012406982143480
     0.028575465889204    -0.012406982143480    -0.077299058726339
193 174
     0.045373078914521    -0.001174651245798     0.058297186297134
    -0.001174651245798     0.002504459612028     0.012799168995662
    -0.058297186297134    -0.012799168995662    -0.030243104586745
193 175
     0.076663561914567    -0.000863209638676    -0.039468482279497
    -0.000863209638676    -0.007538180896339     0.002223333532280
     0.039468482279497    -0.002223333532280     0.085849973345824
193 176
    -0.059944866434194    -0.025959524165790     0.032074021618197
    -0.025959524165790    -0.059944866434194     0.032074021618197
    -0.032074021618197    -0.032074021618197    -0.045094186690330
193 177
    -0.003214696639823     0.036130623708723    -0.031804349505088
     0.036130623708723    -0.003214696639823    -0.031804349505088
     0.027069714347672     0.027069714347672     0.047645690125037
193 178
     0.011875842639363    -0.016803213796648     0.013727557113227
    -0.007154232928876     0.011314877271933    -0.006871468941462
    -0.012596060845386    -0.009649330085643    -0.008012046771801
193 179
     0.002388914046983     0.006744941992722    -0.031181921792414
     0.011983938855744     0.011390870117274     0.006090465948718
     0.010900471432663    -0.020335123628139     0.008850348066392
193 180
     0.009310609628283    -0.002547532979222     0.035451641680228
    -0.040308491704850    -0.067039470411648    -0.102280220558577
    -0.005405391586718    -0.036290402272108     0.088407948698549
193 181
     0.011314877271933    -0.007154232928876    -0.006871468941462
    -0.016803213796648     0.011875842639363     0.013727557113227
    -0.009649330085643    -0.012596060845386    -0.008012046771801
193 182
     0.003438420032138    -0.026993603831091     0.011941201420894
    -0.026993603831091     0.003438420032138     0.011941201420894
     0.008870726067837     0.008870726067837     0.004431162929917
193 183
    -0.007677685843990     0.011405937729577    -0.008190388922170
     0.015043208870167    -0.015678054694342    -0.009892689391364
    -0.005205547864363     0.005765996996680     0.010279651261012
193 184
     0.001700499340131     0.019576816001145    -0.010145523129751
     0.023221982502289    -0.069986428922175     0.047839705325147
     0.014089680861758     0.025218555965245    -0.000966864714742
193 185
     0.011390870117274     0.011983938855744     0.006090465948718
     0.006744941992722     0.002388914046983    -0.031181921792414
    -0.020335123628139     0.010900471432663     0.008850348066392
193 186
    -0.015678054694342     0.015043208870167    -0.009892689391364
     0.011405937729577    -0.007677685843990    -0.008190388922170
     0.005765996996680    -0.005205547864363     0.010279651261012
193 187
     0.007691073794444     0.000171204061111     0.000625267005797
     0.000171204061111     0.007691073794444     0.000625267005797
    -0.011299278241003    -0.011299278241003     0.000095091646671
193 188
     0.012827263953008    -0.028969782211229    -0.007437596660025
    -0.002454064056959    -0.066304564177836    -0.092127728254798
     0.021760539876025    -0.034232051408656    -0.028777270166172
193 189
    -0.067039470411648    -0.040308491704850    -0.102280220558577
    -0.002547532979222     0.009310609628283     0.035451641680228
    -0.036290402272108    -0.005405391586718     0.088407948698549
193 190
    -0.069986428922175     0.023221982502289     0.047839705325147
     0.019576816001145     0.001700499340131    -0.010145523129751
     0.025218555965245     0.014089680861758    -0.000966864714742
193 191
    -0.066304564177836    -0.002454064056959    -0.092127728254798
    -0.028969782211229     0.012827263953008    -0.007437596660025
    -0.034232051408656     0.021760539876025    -0.028777270166172
193 192
     0.033572673029065    -0.007158028775297     0.035951903871699
    -0.007158028775297     0.033572673029065     0.035951903871699
    -0.144225416710626    -0.144225416710626    -0.139122282680550
193 193
    12.996696073078160     0.258848617646184    -0.258848617646184
     0.258848617646184    12.996696073078159    -0.258848617646184
    -0.258848617646184    -0.258848617646184    12.996696073078159
193 194
    -0.012242024147586    -0.199077117007574     0.199077117007574
     0.068046221880708    -0.111402969951526     0.087312670499267
    -0.068046221880708     0.087312670499267    -0.111402969951526
193 195
     0.155710970421016     0.000866071706877    -0.000866071706877
     0.000866071706877    -0.053936178200762    -0.023548561944937
    -0.000866071706877    -0.023548561944937    -0.053936178200762
193 196
    -0.012242024147586     0.068046221880708    -0.068046221880708
    -0.199077117007574    -0.111402969951526     0.087312670499267
     0.199077117007574     0.087312670499267    -0.111402969951526
193 197
    -0.111402969951526     0.068046221880708     0.087312670499267
    -0.199077117007574    -0.012242024147586     0.199077117007574
     0.087312670499267    -0.068046221880708    -0.111402969951526
193 198
    -0.096269841275500    -0.078824960518660    -0.004719949027615
    -0.078824960518660    -0.096269841275500    -0.004719949027615
    -0.036569195804166    -0.036569195804166     0.020335630373702
193 199
    -0.025790386942991    -0.044183413198144    -0.012661998493559
     0.000357079068638     0.034115251316433    -0.003701432332638
    -0.008717597827381     0.009572278199150     0.011072140485025
193 200
    -0.232852837453244     0.105701367591513     0.003235112599860
     0.395920852877393    -0.232852837453244    -0.027296398500067
    -0.027296398500067     0.003235112599860     0.042599332467864
193 201
    -0.053936178200762     0.000866071706877    -0.023548561944937
     0.000866071706877     0.155710970421016    -0.000866071706877
    -0.023548561944937    -0.000866071706877    -0.053936178200762
193 202
     0.034115251316433     0.000357079068638    -0.003701432332638
    -0.044183413198144    -0.025790386942991    -0.012661998493559
     0.009572278199150    -0.008717597827381     0.011072140485025
193 203
    -0.104327011171691     0.013378639114393     0.003948428059230
     0.013378639114393    -0.104327011171691     0.003948428059230
     0.003948428059230     0.003948428059230    -0.037373685596574
193 204
     0.034115251316433    -0.044183413198144     0.009572278199150
     0.000357079068638    -0.025790386942991    -0.008717597827381
    -0.003701432332638    -0.012661998493559     0.011072140485025
193 205
    -0.111402969951526    -0.199077117007574     0.087312670499267
     0.068046221880708    -0.012242024147586    -0.068046221880708
     0.087312670499267     0.199077117007574    -0.111402969951526
193 206
    -0.232852837453244     0.395920852877393    -0.027296398500067
     0.105701367591513    -0.232852837453244     0.003235112599860
     0.003235112599860    -0.027296398500067     0.042599332467864
193 207
    -0.025790386942991     0.000357079068638    -0.008717597827381
    -0.044183413198144     0.034115251316433     0.009572278199150
    -0.012661998493559    -0.003701432332638     0.011072140485025
193 208
    -0.096269841275500    -0.078824960518660    -0.036569195804166
    -0.078824960518660    -0.096269841275500    -0.036569195804166
    -0.004719949027615    -0.004719949027615     0.020335630373702
193 209
    -0.111402969951526    -0.087312670499267     0.199077117007574
    -0.087312670499267    -0.111402969951526     0.199077117007574
    -0.068046221880708    -0.068046221880708    -0.012242024147586
193 210
    -0.232852837453244     0.027296398500067    -0.395920852877393
    -0.003235112599860     0.042599332467864    -0.027296398500067
    -0.105701367591513     0.003235112599860    -0.232852837453244
193 211
    -0.025790386942991     0.008717597827381    -0.000357079068638
     0.012661998493559     0.011072140485025    -0.003701432332638
     0.044183413198144     0.009572278199150     0.034115251316433
193 212
    -0.096269841275500     0.036569195804166     0.078824960518660
     0.004719949027615     0.020335630373702    -0.004719949027615
     0.078824960518660    -0.036569195804166    -0.096269841275500
193 213
     0.042599332467864    -0.003235112599860    -0.027296398500067
     0.027296398500067    -0.232852837453244    -0.395920852877393
     0.003235112599860    -0.105701367591513    -0.232852837453244
193 214
    -0.009243244741727    -0.018327504252099    -0.011939724836636
    -0.018327504252099    -0.009243244741727    -0.011939724836636
    -0.002065422525334    -0.002065422525334    -0.006150632012344
193 215
    -0.043728995341755     0.011742841874489    -0.005942393775695
     0.005942393775695    -0.009957364920539    -0.003211297459417
    -0.011742841874489    -0.005522937562827    -0.009957364920539
193 216
    -0.009243244741727     0.002065422525334     0.018327504252099
     0.011939724836636    -0.006150632012344    -0.011939724836636
     0.018327504252099    -0.002065422525334    -0.009243244741727
193 217
     0.011072140485025     0.012661998493559    -0.003701432332638
     0.008717597827381    -0.025790386942991    -0.000357079068638
     0.009572278199150     0.044183413198144     0.034115251316433
193 218
    -0.009957364920539     0.005942393775695    -0.003211297459417
     0.011742841874489    -0.043728995341755    -0.005942393775695
    -0.005522937562827    -0.011742841874489    -0.009957364920539
193 219
     0.017461946882476    -0.000840616760780    -0.007208915892412
    -0.000840616760780     0.017461946882476    -0.007208915892412
     0.005085709197016     0.005085709197016    -0.002831665369208
193 220
    -0.025740129936379     0.009922930899796    -0.007480167077632
    -0.000255798294442    -0.042826009028437     0.000255798294442
    -0.007480167077632    -0.009922930899796    -0.025740129936379
193 221
     0.020335630373702     0.004719949027615    -0.004719949027615
     0.036569195804166    -0.096269841275500     0.078824960518660
    -0.036569195804166     0.078824960518660    -0.096269841275500
193 222
    -0.006150632012344     0.011939724836636    -0.011939724836636
     0.002065422525334    -0.009243244741727     0.018327504252099
    -0.002065422525334     0.018327504252099    -0.009243244741727
193 223
    -0.042826009028437    -0.000255798294442     0.000255798294442
     0.009922930899796    -0.025740129936379    -0.007480167077632
    -0.009922930899796    -0.007480167077632    -0.025740129936379
193 224
    -0.001880213688793    -0.000427810870840     0.000427810870840
    -0.000427810870840    -0.001880213688793     0.000427810870840
     0.000427810870840     0.000427810870840    -0.001880213688793
193 225
    -0.053936178200762     0.023548561944937    -0.000866071706877
     0.023548561944937    -0.053936178200762    -0.000866071706877
    -0.000866071706877    -0.000866071706877     0.155710970421016
193 226
     0.034115251316433     0.003701432332638    -0.000357079068638
    -0.009572278199150     0.011072140485025    -0.008717597827381
     0.044183413198144    -0.012661998493559    -0.025790386942991
193 227
    -0.104327011171691    -0.003948428059230    -0.013378639114393
    -0.003948428059230    -0.037373685596574     0.003948428059230
    -0.013378639114393     0.003948428059230    -0.104327011171691
193 228
     0.034115251316433    -0.009572278199150     0.044183413198144
     0.003701432332638     0.011072140485025    -0.012661998493559
    -0.000357079068638    -0.008717597827381    -0.025790386942991
193 229
     0.011072140485025    -0.009572278199150    -0.008717597827381
     0.003701432332638     0.034115251316433    -0.000357079068638
    -0.012661998493559     0.044183413198144    -0.025790386942991
193 230
    -0.025740129936379     0.007480167077632     0.000255798294442
     0.007480167077632    -0.025740129936379     0.000255798294442
    -0.009922930899796    -0.009922930899796    -0.042826009028437
193 231
     0.017461946882476    -0.005085709197016     0.000840616760780
     0.007208915892412    -0.002831665369208    -0.007208915892412
     0.000840616760780     0.005085709197016     0.017461946882476
193 232
    -0.009957364920539     0.005522937562827    -0.011742841874489
     0.003211297459417    -0.009957364920539    -0.005942393775695
    -0.005942393775695    -0.011742841874489    -0.043728995341755
193 233
    -0.037373685596574    -0.003948428059230     0.003948428059230
    -0.003948428059230    -0.104327011171691    -0.013378639114393
     0.003948428059230    -0.013378639114393    -0.104327011171691
193 234
    -0.002831665369208     0.007208915892412    -0.007208915892412
    -0.005085709197016     0.017461946882476     0.000840616760780
     0.005085709197016     0.000840616760780     0.017461946882476
193 235
    -0.026211437411356     0.006524767716938    -0.006524767716938
     0.006524767716938    -0.026211437411356    -0.006524767716938
    -0.006524767716938    -0.006524767716938    -0.026211437411356
193 236
    -0.002831665369208    -0.005085709197016     0.005085709197016
     0.007208915892412     0.017461946882476     0.000840616760780
    -0.007208915892412     0.000840616760780     0.017461946882476
193 237
     0.011072140485025     0.003701432332638    -0.012661998493559
    -0.009572278199150     0.034115251316433     0.044183413198144
    -0.008717597827381    -0.000357079068638    -0.025790386942991
193 238
    -0.009957364920539     0.003211297459417    -0.005942393775695
     0.005522937562827    -0.009957364920539    -0.011742841874489
    -0.011742841874489    -0.005942393775695    -0.043728995341755
193 239
     0.017461946882476     0.007208915892412     0.000840616760780
    -0.005085709197016    -0.002831665369208     0.005085709197016
     0.000840616760780    -0.007208915892412     0.017461946882476
193 240
    -0.025740129936379     0.007480167077632    -0.009922930899796
     0.007480167077632    -0.025740129936379    -0.009922930899796
     0.000255798294442     0.000255798294442    -0.042826009028437
193 241
    -0.111402969951526    -0.087312670499267    -0.068046221880708
    -0.087312670499267    -0.111402969951526    -0.068046221880708
     0.199077117007574     0.199077117007574    -0.012242024147586
193 242
    -0.096269841275500     0.004719949027615     0.078824960518660
     0.036569195804166     0.020335630373702    -0.036569195804166
     0.078824960518660    -0.004719949027615    -0.096269841275500
193 243
    -0.025790386942991     0.012661998493559     0.044183413198144
     0.008717597827381     0.011072140485025     0.009572278199150
    -0.000357079068638    -0.003701432332638     0.034115251316433
193 244
    -0.232852837453244    -0.003235112599860    -0.105701367591513
     0.027296398500067     0.042599332467864     0.003235112599860
    -0.395920852877393    -0.027296398500067    -0.232852837453244
193 245
     0.020335630373702     0.036569195804166    -0.036569195804166
     0.004719949027615    -0.096269841275500     0.078824960518660
    -0.004719949027615     0.078824960518660    -0.096269841275500
193 246
    -0.001880213688793    -0.000427810870840     0.000427810870840
    -0.000427810870840    -0.001880213688793     0.000427810870840
     0.000427810870840     0.000427810870840    -0.001880213688793
193 247
    -0.042826009028437     0.009922930899796    -0.009922930899796
    -0.000255798294442    -0.025740129936379    -0.007480167077632
     0.000255798294442    -0.007480167077632    -0.025740129936379
193 248
    -0.006150632012344     0.002065422525334    -0.002065422525334
     0.011939724836636    -0.009243244741727     0.018327504252099
    -0.011939724836636     0.018327504252099    -0.009243244741727
193 249
     0.011072140485025     0.008717597827381     0.009572278199150
     0.012661998493559    -0.025790386942991     0.044183413198144
    -0.003701432332638    -0.000357079068638     0.034115251316433
193 250
    -0.025740129936379    -0.000255798294442    -0.007480167077632
     0.009922930899796    -0.042826009028437    -0.009922930899796
    -0.007480167077632     0.000255798294442    -0.025740129936379
193 251
     0.017461946882476    -0.000840616760780     0.005085709197016
    -0.000840616760780     0.017461946882476     0.005085709197016
    -0.007208915892412    -0.007208915892412    -0.002831665369208
193 252
    -0.009957364920539     0.011742841874489    -0.005522937562827
     0.005942393775695    -0.043728995341755    -0.011742841874489
    -0.003211297459417    -0.005942393775695    -0.009957364920539
193 253
     0.042599332467864     0.027296398500067     0.003235112599860
    -0.003235112599860    -0.232852837453244    -0.105701367591513
    -0.027296398500067    -0.395920852877393    -0.232852837453244
193 254
    -0.009243244741727     0.011939724836636     0.018327504252099
     0.002065422525334    -0.006150632012344    -0.002065422525334
     0.018327504252099    -0.011939724836636    -0.009243244741727
193 255
    -0.043728995341755     0.005942393775695    -0.011742841874489
     0.011742841874489    -0.009957364920539    -0.005522937562827
    -0.005942393775695    -0.003211297459417    -0.009957364920539
193 256
    -0.009243244741727    -0.018327504252099    -0.002065422525334
    -0.018327504252099    -0.009243244741727    -0.002065422525334
    -0.011939724836636    -0.011939724836636    -0.006150632012344
193 257
    -3.227295678573934    -0.776333288385880     0.776333288385880
    -0.391914210768494    -0.097716681280581     0.128132930555051
     0.391914210768494     0.128132930555051    -0.097716681280581
193 258
     0.566268739951908     0.027819964341677    -0.027819964341677
     0.079911852744174     0.027190185023516    -0.009896495676362
    -0.079911852744174    -0.009896495676362     0.027190185023516
193 259
     0.371412850893318     0.018111525335572    -0.018111525335572
    -0.086578632565325     0.061986845812167    -0.002582506959180
     0.086578632565325    -0.002582506959180     0.061986845812167
193 260
    -5.141374436415795     0.783838787044601    -0.783838787044601
     1.024672609858512    -0.268589638299972     0.386130447312640
    -1.024672609858512     0.386130447312640    -0.268589638299972
193 261
    -0.022148841679327     0.016552100525650    -0.028853573322022
     0.042901120288512     0.067157213771902     0.010529895283115
    -0.001701337273165     0.008371015223058    -0.038761507781503
193 262
    -0.002327447905760     0.030046364917864    -0.003206769963598
     0.012008988595235    -0.003891875641262    -0.001047254099266
    -0.007311734933370    -0.004258008752644    -0.001043867255229
193 263
    -0.006854981682465     0.008553705515438     0.004829856811763
     0.019992488704093    -0.010233383688858     0.001211760389368
    -0.004634554819651     0.003356064399169     0.001323541423794
193 264
     0.055771686308530    -0.194294019329944     0.004535724264319
    -0.049735008452484     0.084063260843933    -0.002061048761296
    -0.011151673906051    -0.026822098949151     0.029738503742947
193 265
     0.014139526019100     0.020655623073782    -0.000370103566669
    -0.000577719284571     0.026658842441552     0.005035574606454
     0.005750121817988    -0.001671686018850     0.000351440338849
193 266
    -0.007527256450335    -0.009105725970778     0.005919765786220
     0.011530286811433     0.001783643560135     0.009629277577964
     0.008917239420914     0.003219095076926    -0.001621655813995
193 267
    -0.009319989164655    -0.001832459093997    -0.000601407264158
    -0.007386496026548    -0.000024439557110    -0.000772890319981
    -0.005620351318481     0.000747179154251     0.002159903040735
193 268
     0.012756046282469     0.014341763971516    -0.005290887032554
    -0.013580451932079    -0.014428143201557     0.000872927954474
    -0.008705296438094    -0.006986539076742    -0.020337243608297
193 269
    -0.149260472235013    -0.129889194674885    -0.064693803392025
     0.041828839224832     0.038486548054468    -0.001141603657898
     0.008611066448624    -0.005192728342039    -0.018548625591496
193 270
     0.005144842790550    -0.051131090399231     0.009927223053137
    -0.007398749018794     0.018898781036400    -0.000960071098676
    -0.001623127653514     0.001772255071842    -0.005521781727522
193 271
     0.033093325951375     0.008444111837581    -0.012621046055488
    -0.005586444920329    -0.000492027102593    -0.011259174174607
     0.003956538834069    -0.001082342903579    -0.003896111805869
193 272
     0.089980218652763     0.224543106170711     0.066476528357257
    -0.055926337632293    -0.188657585010108     0.065231261082573
    -0.048256467436019    -0.018851094766710     0.008273174434750
193 273
    -0.149260472235013     0.064693803392025     0.129889194674885
    -0.008611066448624    -0.018548625591496    -0.005192728342039
    -0.041828839224832    -0.001141603657898     0.038486548054468
193 274
     0.005144842790550    -0.009927223053137     0.051131090399231
     0.001623127653514    -0.005521781727522     0.001772255071842
     0.007398749018794    -0.000960071098676     0.018898781036400
193 275
     0.033093325951375     0.012621046055488    -0.008444111837581
    -0.003956538834069    -0.003896111805869    -0.001082342903579
     0.005586444920329    -0.011259174174607    -0.000492027102593
193 276
     0.089980218652763    -0.066476528357257    -0.224543106170711
     0.048256467436019     0.008273174434750    -0.018851094766710
     0.055926337632293     0.065231261082573    -0.188657585010108
193 277
     0.003392391598446     0.015028979190897     0.011696026751622
     0.009250972136142    -0.004583554776036     0.006535161693399
     0.016779849412967     0.001232364243739    -0.003440883536332
193 278
    -0.009196396405199    -0.006068851450237     0.001461695999013
    -0.001766016598250     0.000033879827297     0.003660855683363
    -0.009979880932608     0.001162217001885     0.000022097520007
193 279
    -0.007756070072573     0.003806027829721    -0.002068987774084
    -0.004086630082598    -0.000737694282938    -0.002258933826897
     0.004731620306396     0.004384738779168    -0.003379087156603
193 280
     0.004300358062267    -0.007440761446978     0.013122779137447
    -0.004827898155010     0.009524862383654    -0.027208485748003
    -0.003680658614139     0.009695461956155    -0.022732847834532
193 281
     0.001696635168480    -0.000642673808520     0.005825659161759
    -0.007782509091922     0.011183540985783    -0.002274906748635
     0.004321547425880    -0.001612744115630     0.012355091025055
193 282
     0.004855842227466    -0.004483068282772    -0.006840594475638
    -0.003300024420538     0.001387903795702    -0.000795376914177
    -0.000463238454446    -0.003184072699926    -0.003867308923228
193 283
     0.001720989319115     0.001528125209298     0.000429271322751
    -0.001319458041938     0.001454209640978     0.001904471994367
     0.001948202043056     0.005060444992202    -0.000206640185303
193 284
    -0.001907961326120     0.003877207541801    -0.006092751997225
     0.001901135445363    -0.007233951397410    -0.000501730235075
    -0.008010990577598    -0.008704903567989     0.018452237663474
193 285
     0.009753865798217     0.001919613625739    -0.001919613625739
    -0.007148876040615    -0.010012920928746     0.015828760235884
     0.007148876040615     0.015828760235884    -0.010012920928746
193 286
    -0.006289233548545    -0.000553182933307     0.000553182933307
     0.001932990188525    -0.000827321808622     0.001204092779598
    -0.001932990188525     0.001204092779598    -0.000827321808622
193 287
    -0.008007871340733    -0.001787440355448     0.001787440355448
    -0.002154179853226    -0.002822160569764    -0.000953739626847
     0.002154179853226    -0.000953739626847    -0.002822160569764
193 288
     0.004314600078034    -0.003106481803241     0.003106481803241
    -0.024011954131163    -0.019873694843405     0.049790015960890
     0.024011954131163     0.049790015960890    -0.019873694843405
193 289
     0.014139526019100     0.000370103566669    -0.020655623073782
    -0.005750121817988     0.000351440338849    -0.001671686018850
     0.000577719284571     0.005035574606454     0.026658842441552
193 290
    -0.007527256450335    -0.005919765786220     0.009105725970778
    -0.008917239420914    -0.001621655813995     0.003219095076926
    -0.011530286811433     0.009629277577964     0.001783643560135
193 291
    -0.009319989164655     0.000601407264158     0.001832459093997
     0.005620351318481     0.002159903040735     0.000747179154251
     0.007386496026548    -0.000772890319981    -0.000024439557110
193 292
     0.012756046282469     0.005290887032554    -0.014341763971516
     0.008705296438094    -0.020337243608297    -0.006986539076742
     0.013580451932079     0.000872927954474    -0.014428143201557
193 293
     0.001418384442460     0.002238874676487     0.002053908774178
     0.003043396733653     0.003063223388539     0.004885775323309
     0.005095991196008     0.004970544165575     0.005074019888033
193 294
     0.005531077755545    -0.000555931126115     0.004743190046287
     0.002226910168570     0.001952027307356     0.000475275083446
     0.000194050311755     0.002510683851132     0.002821731639257
193 295
    -0.001939694602197     0.000484798862115     0.001119341018641
     0.001390897769498    -0.004210073855014    -0.000028570387047
     0.004042355329948     0.000368338498083    -0.000367280405824
193 296
    -0.002305887498090    -0.004905697823248    -0.007200729200644
    -0.011061619347644     0.003191629281256     0.007059914685977
     0.001750651011939     0.033602249315348    -0.016389745531440
193 297
    -0.004093867812691    -0.004266052151210     0.004266052151210
     0.004547948787717    -0.004727068137508    -0.004330114651251
    -0.004547948787717    -0.004330114651251    -0.004727068137508
193 298
     0.012922456189551    -0.002611488246602     0.002611488246602
     0.002798655739835     0.001650363800611    -0.001168964118898
    -0.002798655739835    -0.001168964118898     0.001650363800611
193 299
     0.007308520800475     0.001165561142582    -0.001165561142582
     0.001323969405409     0.005191448192901    -0.001179228087619
    -0.001323969405409    -0.001179228087619     0.005191448192901
193 300
    -0.002943392312747     0.001796461184467    -0.001796461184467
     0.004568583008860     0.014295269597740    -0.012678000833107
    -0.004568583008860    -0.012678000833107     0.014295269597740
193 301
     0.001696635168480    -0.005825659161759     0.000642673808520
    -0.004321547425880     0.012355091025055    -0.001612744115630
     0.007782509091922    -0.002274906748635     0.011183540985783
193 302
     0.004855842227466     0.006840594475638     0.004483068282772
     0.000463238454446    -0.003867308923228    -0.003184072699926
     0.003300024420538    -0.000795376914177     0.001387903795702
193 303
     0.001720989319115    -0.000429271322751    -0.001528125209298
    -0.001948202043056    -0.000206640185303     0.005060444992202
     0.001319458041938     0.001904471994367     0.001454209640978
193 304
    -0.001907961326120     0.006092751997225    -0.003877207541801
     0.008010990577598     0.018452237663474    -0.008704903567989
    -0.001901135445363    -0.000501730235075    -0.007233951397410
193 305
    -0.022148841679327     0.028853573322022    -0.016552100525650
     0.001701337273165    -0.038761507781503     0.008371015223058
    -0.042901120288512     0.010529895283115     0.067157213771902
193 306
    -0.002327447905760     0.003206769963598    -0.030046364917864
     0.007311734933370    -0.001043867255229    -0.004258008752644
    -0.012008988595235    -0.001047254099266    -0.003891875641262
193 307
    -0.006854981682465    -0.004829856811763    -0.008553705515438
     0.004634554819651     0.001323541423794     0.003356064399169
    -0.019992488704093     0.001211760389368    -0.010233383688858
193 308
     0.055771686308530    -0.004535724264319     0.194294019329945
     0.011151673906051     0.029738503742947    -0.026822098949151
     0.049735008452484    -0.002061048761296     0.084063260843933
193 309
    -0.009307963923195     0.005622294791849    -0.005622294791849
     0.010459903670965    -0.012936785509650     0.011668239257899
    -0.010459903670965     0.011668239257899    -0.012936785509650
193 310
    -0.011034709643338     0.003690057129877    -0.003690057129877
    -0.002195220544727     0.001557623680863     0.002004560872787
     0.002195220544727     0.002004560872787     0.001557623680863
193 311
    -0.011877326815174    -0.000199258213045     0.000199258213045
    -0.000529800519355    -0.000380459584597     0.000874127441943
     0.000529800519355     0.000874127441943    -0.000380459584597
193 312
    -0.007466735475005     0.009759402989111    -0.009759402989111
    -0.007404397238268    -0.001983050760013     0.006042551928312
     0.007404397238268     0.006042551928312    -0.001983050760013
193 313
     0.001418384442460    -0.002053908774178    -0.002238874676487
    -0.005095991196008     0.005074019888033     0.004970544165575
    -0.003043396733653     0.004885775323309     0.003063223388539
193 314
     0.005531077755545    -0.004743190046287     0.000555931126115
    -0.000194050311755     0.002821731639257     0.002510683851132
    -0.002226910168570     0.000475275083446     0.001952027307356
193 315
    -0.001939694602197    -0.001119341018641    -0.000484798862115
    -0.004042355329948    -0.000367280405824     0.000368338498083
    -0.001390897769498    -0.000028570387047    -0.004210073855014
193 316
    -0.002305887498090     0.007200729200644     0.004905697823248
    -0.001750651011939    -0.016389745531440     0.033602249315348
     0.011061619347644     0.007059914685977     0.003191629281256
193 317
     0.003392391598446    -0.011696026751622    -0.015028979190897
    -0.016779849412967    -0.003440883536332     0.001232364243739
    -0.009250972136142     0.006535161693399    -0.004583554776036
193 318
    -0.009196396405199    -0.001461695999013     0.006068851450237
     0.009979880932608     0.000022097520007     0.001162217001885
     0.001766016598250     0.003660855683363     0.000033879827297
193 319
    -0.007756070072573     0.002068987774084    -0.003806027829721
    -0.004731620306396    -0.003379087156603     0.004384738779168
     0.004086630082598    -0.002258933826897    -0.000737694282938
193 320
     0.004300358062267    -0.013122779137447     0.007440761446978
     0.003680658614139    -0.022732847834532     0.009695461956155
     0.004827898155010    -0.027208485748003     0.009524862383654
193 321
    -0.097716681280581    -0.391914210768494     0.128132930555051
    -0.776333288385880    -3.227295678573933     0.776333288385880
     0.128132930555051     0.391914210768494    -0.097716681280581
193 322
     0.067157213771902     0.042901120288512     0.010529895283115
     0.016552100525650    -0.022148841679327    -0.028853573322022
     0.008371015223058    -0.001701337273165    -0.038761507781503
193 323
     0.026658842441552    -0.000577719284571     0.005035574606454
     0.020655623073782     0.014139526019100    -0.000370103566669
    -0.001671686018850     0.005750121817988     0.000351440338849
193 324
     0.038486548054468     0.041828839224832    -0.001141603657898
    -0.129889194674885    -0.149260472235013    -0.064693803392025
    -0.005192728342039     0.008611066448624    -0.018548625591496
193 325
     0.027190185023516     0.079911852744174    -0.009896495676362
     0.027819964341677     0.566268739951908    -0.027819964341677
    -0.009896495676362    -0.079911852744174     0.027190185023516
193 326
    -0.003891875641262     0.012008988595235    -0.001047254099266
     0.030046364917864    -0.002327447905760    -0.003206769963598
    -0.004258008752644    -0.007311734933370    -0.001043867255229
193 327
     0.001783643560135     0.011530286811433     0.009629277577964
    -0.009105725970778    -0.007527256450335     0.005919765786220
     0.003219095076926     0.008917239420914    -0.001621655813995
193 328
     0.018898781036400    -0.007398749018794    -0.000960071098676
    -0.051131090399231     0.005144842790550     0.009927223053137
     0.001772255071842    -0.001623127653514    -0.005521781727522
193 329
     0.061986845812167    -0.086578632565325    -0.002582506959180
     0.018111525335572     0.371412850893318    -0.018111525335572
    -0.002582506959180     0.086578632565325     0.061986845812167
193 330
    -0.010233383688858     0.019992488704093     0.001211760389368
     0.008553705515438    -0.006854981682465     0.004829856811763
     0.003356064399169    -0.004634554819651     0.001323541423794
193 331
    -0.000024439557110    -0.007386496026548    -0.000772890319981
    -0.001832459093997    -0.009319989164655    -0.000601407264158
     0.000747179154251    -0.005620351318481     0.002159903040735
193 332
    -0.000492027102593    -0.005586444920329    -0.011259174174607
     0.008444111837581     0.033093325951375    -0.012621046055488
    -0.001082342903579     0.003956538834069    -0.003896111805869
193 333
    -0.268589638299972     1.024672609858512     0.386130447312640
     0.783838787044601    -5.141374436415793    -0.783838787044601
     0.386130447312640    -1.024672609858512    -0.268589638299972
193 334
     0.084063260843933    -0.049735008452484    -0.002061048761296
    -0.194294019329945     0.055771686308530     0.004535724264319
    -0.026822098949151    -0.011151673906051     0.029738503742947
193 335
    -0.014428143201557    -0.013580451932079     0.000872927954474
     0.014341763971516     0.012756046282469    -0.005290887032554
    -0.006986539076742    -0.008705296438094    -0.020337243608297
193 336
    -0.188657585010108    -0.055926337632293     0.065231261082573
     0.224543106170711     0.089980218652763     0.066476528357257
    -0.018851094766710    -0.048256467436019     0.008273174434750
193 337
    -0.018548625591496    -0.008611066448624    -0.005192728342039
     0.064693803392025    -0.149260472235013     0.129889194674885
    -0.001141603657898    -0.041828839224832     0.038486548054468
193 338
    -0.004583554776036     0.009250972136142     0.006535161693399
     0.015028979190897     0.003392391598446     0.011696026751622
     0.001232364243739     0.016779849412967    -0.003440883536332
193 339
     0.011183540985783    -0.007782509091922    -0.002274906748635
    -0.000642673808520     0.001696635168480     0.005825659161759
    -0.001612744115630     0.004321547425880     0.012355091025055
193 340
    -0.010012920928746    -0.007148876040615     0.015828760235884
     0.001919613625739     0.009753865798217    -0.001919613625739
     0.015828760235884     0.007148876040615    -0.010012920928746
193 341
    -0.005521781727522     0.001623127653514     0.001772255071842
    -0.009927223053137     0.005144842790550     0.051131090399231
    -0.000960071098676     0.007398749018794     0.018898781036400
193 342
     0.000033879827297    -0.001766016598250     0.003660855683363
    -0.006068851450237    -0.009196396405199     0.001461695999013
     0.001162217001885    -0.009979880932608     0.000022097520007
193 343
     0.001387903795702    -0.003300024420538    -0.000795376914177
    -0.004483068282772     0.004855842227466    -0.006840594475638
    -0.003184072699926    -0.000463238454446    -0.003867308923228
193 344
    -0.000827321808622     0.001932990188525     0.001204092779598
    -0.000553182933307    -0.006289233548545     0.000553182933307
     0.001204092779598    -0.001932990188525    -0.000827321808622
193 345
    -0.003896111805869    -0.003956538834069    -0.001082342903579
     0.012621046055488     0.033093325951375    -0.008444111837581
    -0.011259174174607     0.005586444920329    -0.000492027102593
193 346
    -0.000737694282938    -0.004086630082598    -0.002258933826897
     0.003806027829721    -0.007756070072573    -0.002068987774084
     0.004384738779168     0.004731620306396    -0.003379087156603
193 347
     0.001454209640978    -0.001319458041938     0.001904471994367
     0.001528125209298     0.001720989319115     0.000429271322751
     0.005060444992202     0.001948202043056    -0.000206640185303
193 348
    -0.002822160569764    -0.002154179853226    -0.000953739626847
    -0.001787440355448    -0.008007871340733     0.001787440355448
    -0.000953739626847     0.002154179853226    -0.002822160569764
193 349
     0.008273174434750     0.048256467436019    -0.018851094766710
    -0.066476528357257     0.089980218652763    -0.224543106170711
     0.065231261082573     0.055926337632293    -0.188657585010108
193 350
     0.009524862383654    -0.004827898155010    -0.027208485748003
    -0.007440761446978     0.004300358062267     0.013122779137447
     0.009695461956155    -0.003680658614139    -0.022732847834532
193 351
    -0.007233951397410     0.001901135445363    -0.000501730235075
     0.003877207541801    -0.001907961326120    -0.006092751997225
    -0.008704903567989    -0.008010990577598     0.018452237663474
193 352
    -0.019873694843405    -0.024011954131163     0.049790015960890
    -0.003106481803241     0.004314600078034     0.003106481803241
     0.049790015960890     0.024011954131163    -0.019873694843405
193 353
     0.000351440338849    -0.005750121817988    -0.001671686018850
     0.000370103566669     0.014139526019100    -0.020655623073782
     0.005035574606454     0.000577719284571     0.026658842441552
193 354
     0.003063223388539     0.003043396733653     0.004885775323309
     0.002238874676487     0.001418384442460     0.002053908774178
     0.004970544165575     0.005095991196008     0.005074019888033
193 355
    -0.004727068137508     0.004547948787717    -0.004330114651251
    -0.004266052151210    -0.004093867812691     0.004266052151210
    -0.004330114651251    -0.004547948787717    -0.004727068137508
193 356
     0.012355091025055    -0.004321547425880    -0.001612744115630
    -0.005825659161759     0.001696635168480     0.000642673808520
    -0.002274906748635     0.007782509091922     0.011183540985783
193 357
    -0.001621655813995    -0.008917239420914     0.003219095076926
    -0.005919765786220    -0.007527256450335     0.009105725970778
     0.009629277577964    -0.011530286811433     0.001783643560135
193 358
     0.001952027307356     0.002226910168570     0.000475275083446
    -0.000555931126115     0.005531077755545     0.004743190046287
     0.002510683851132     0.000194050311755     0.002821731639257
193 359
     0.001650363800611     0.002798655739835    -0.001168964118898
    -0.002611488246602     0.012922456189551     0.002611488246602
    -0.001168964118898    -0.002798655739835     0.001650363800611
193 360
    -0.003867308923228     0.000463238454446    -0.003184072699926
     0.006840594475638     0.004855842227466     0.004483068282772
    -0.000795376914177     0.003300024420538     0.001387903795702
193 361
     0.002159903040735     0.005620351318481     0.000747179154251
     0.000601407264158    -0.009319989164655     0.001832459093997
    -0.000772890319981     0.007386496026548    -0.000024439557110
193 362
    -0.004210073855014     0.001390897769498    -0.000028570387047
     0.000484798862115    -0.001939694602197     0.001119341018641
     0.000368338498083     0.004042355329948    -0.000367280405824
193 363
     0.005191448192901     0.001323969405409    -0.001179228087619
     0.001165561142582     0.007308520800475    -0.001165561142582
    -0.001179228087619    -0.001323969405409     0.005191448192901
193 364
    -0.000206640185303    -0.001948202043056     0.005060444992202
    -0.000429271322751     0.001720989319115    -0.001528125209298
     0.001904471994367     0.001319458041938     0.001454209640978
193 365
    -0.020337243608297     0.008705296438094    -0.006986539076742
     0.005290887032554     0.012756046282469    -0.014341763971516
     0.000872927954474     0.013580451932079    -0.014428143201557
193 366
     0.003191629281256    -0.011061619347644     0.007059914685977
    -0.004905697823248    -0.002305887498090    -0.007200729200644
     0.033602249315348     0.001750651011939    -0.016389745531440
193 367
     0.014295269597740     0.004568583008860    -0.012678000833107
     0.001796461184467    -0.002943392312747    -0.001796461184467
    -0.012678000833107    -0.004568583008860     0.014295269597740
193 368
     0.018452237663474     0.008010990577598    -0.008704903567989
     0.006092751997225    -0.001907961326120    -0.003877207541801
    -0.000501730235075    -0.001901135445363    -0.007233951397410
193 369
    -0.038761507781503     0.001701337273165     0.008371015223058
     0.028853573322022    -0.022148841679327    -0.016552100525650
     0.010529895283115    -0.042901120288512     0.067157213771902
193 370
    -0.012936785509650     0.010459903670965     0.011668239257899
     0.005622294791849    -0.009307963923195    -0.005622294791849
     0.011668239257899    -0.010459903670965    -0.012936785509650
193 371
     0.005074019888033    -0.005095991196008     0.004970544165575
    -0.002053908774178     0.001418384442460    -0.002238874676487
     0.004885775323309    -0.003043396733653     0.003063223388539
193 372
    -0.003440883536332    -0.016779849412967     0.001232364243739
    -0.011696026751622     0.003392391598446    -0.015028979190897
     0.006535161693399    -0.009250972136142    -0.004583554776036
193 373
    -0.001043867255229     0.007311734933370    -0.004258008752644
     0.003206769963598    -0.002327447905760    -0.030046364917864
    -0.001047254099266    -0.012008988595235    -0.003891875641262
193 374
     0.001557623680863    -0.002195220544727     0.002004560872787
     0.003690057129877    -0.011034709643338    -0.003690057129877
     0.002004560872787     0.002195220544727     0.001557623680863
193 375
     0.002821731639257    -0.000194050311755     0.002510683851132
    -0.004743190046287     0.005531077755545     0.000555931126115
     0.000475275083446    -0.002226910168570     0.001952027307356
193 376
     0.000022097520007     0.009979880932608     0.001162217001885
    -0.001461695999013    -0.009196396405199     0.006068851450237
     0.003660855683363     0.001766016598250     0.000033879827297
193 377
     0.001323541423794     0.004634554819651     0.003356064399169
    -0.004829856811763    -0.006854981682465    -0.008553705515438
     0.001211760389368    -0.019992488704093    -0.010233383688858
193 378
    -0.000380459584597    -0.000529800519355     0.000874127441943
    -0.000199258213045    -0.011877326815174     0.000199258213045
     0.000874127441943     0.000529800519355    -0.000380459584597
193 379
    -0.000367280405824    -0.004042355329948     0.000368338498083
    -0.001119341018641    -0.001939694602197    -0.000484798862115
    -0.000028570387047    -0.001390897769498    -0.004210073855014
193 380
    -0.003379087156603    -0.004731620306396     0.004384738779168
     0.002068987774084    -0.007756070072573    -0.003806027829721
    -0.002258933826897     0.004086630082598    -0.000737694282938
193 381
     0.029738503742947     0.011151673906051    -0.026822098949151
    -0.004535724264319     0.055771686308530     0.194294019329944
    -0.002061048761296     0.049735008452484     0.084063260843933
193 382
    -0.001983050760013    -0.007404397238268     0.006042551928312
     0.009759402989111    -0.007466735475005    -0.009759402989111
     0.006042551928312     0.007404397238268    -0.001983050760013
193 383
    -0.016389745531440    -0.001750651011939     0.033602249315348
     0.007200729200644    -0.002305887498090     0.004905697823248
     0.007059914685977     0.011061619347644     0.003191629281256
193 384
    -0.022732847834532     0.003680658614139     0.009695461956155
    -0.013122779137447     0.004300358062267     0.007440761446978
    -0.027208485748003     0.004827898155010     0.009524862383654
193 385
    -0.097716681280581    -0.128132930555051     0.391914210768494
    -0.128132930555051    -0.097716681280581     0.391914210768494
     0.776333288385880     0.776333288385880    -3.227295678573933
193 386
     0.067157213771902    -0.010529895283115    -0.042901120288512
    -0.008371015223058    -0.038761507781503    -0.001701337273165
    -0.016552100525650    -0.028853573322022    -0.022148841679327
193 387
     0.026658842441552    -0.005035574606454     0.000577719284571
     0.001671686018850     0.000351440338849     0.005750121817988
    -0.020655623073782    -0.000370103566669     0.014139526019100
193 388
     0.038486548054468     0.001141603657898    -0.041828839224832
     0.005192728342039    -0.018548625591496     0.008611066448624
     0.129889194674885    -0.064693803392025    -0.149260472235013
193 389
    -0.038761507781503    -0.008371015223058    -0.001701337273165
    -0.010529895283115     0.067157213771902    -0.042901120288512
    -0.028853573322022    -0.016552100525650    -0.022148841679327
193 390
    -0.012936785509650    -0.011668239257899    -0.010459903670965
    -0.011668239257899    -0.012936785509650    -0.010459903670965
    -0.005622294791849    -0.005622294791849    -0.009307963923195
193 391
     0.005074019888033    -0.004970544165575     0.005095991196008
    -0.004885775323309     0.003063223388539    -0.003043396733653
     0.002053908774178    -0.002238874676487     0.001418384442460
193 392
    -0.003440883536332    -0.001232364243739     0.016779849412967
    -0.006535161693399    -0.004583554776036    -0.009250972136142
     0.011696026751622    -0.015028979190897     0.003392391598446
193 393
     0.000351440338849     0.001671686018850     0.005750121817988
    -0.005035574606454     0.026658842441552     0.000577719284571
    -0.000370103566669    -0.020655623073782     0.014139526019100
193 394
     0.003063223388539    -0.004885775323309    -0.003043396733653
    -0.004970544165575     0.005074019888033     0.005095991196008
    -0.002238874676487     0.002053908774178     0.001418384442460
193 395
    -0.004727068137508     0.004330114651251    -0.004547948787717
     0.004330114651251    -0.004727068137508    -0.004547948787717
     0.004266052151210     0.004266052151210    -0.004093867812691
193 396
     0.012355091025055     0.001612744115630     0.004321547425880
     0.002274906748635     0.011183540985783     0.007782509091922
     0.005825659161759     0.000642673808520     0.001696635168480
193 397
    -0.018548625591496     0.005192728342039     0.008611066448624
     0.001141603657898     0.038486548054468    -0.041828839224832
    -0.064693803392025     0.129889194674885    -0.149260472235013
193 398
    -0.004583554776036    -0.006535161693399    -0.009250972136142
    -0.001232364243739    -0.003440883536332     0.016779849412967
    -0.015028979190897     0.011696026751622     0.003392391598446
193 399
     0.011183540985783     0.002274906748635     0.007782509091922
     0.001612744115630     0.012355091025055     0.004321547425880
     0.000642673808520     0.005825659161759     0.001696635168480
193 400
    -0.010012920928746    -0.015828760235884     0.007148876040615
    -0.015828760235884    -0.010012920928746     0.007148876040615
    -0.001919613625739    -0.001919613625739     0.009753865798217
193 401
    -0.268589638299972    -0.386130447312640    -1.024672609858512
    -0.386130447312640    -0.268589638299972    -1.024672609858512
    -0.783838787044601    -0.783838787044601    -5.141374436415793
193 402
     0.084063260843933     0.002061048761296     0.049735008452484
     0.026822098949151     0.029738503742947    -0.011151673906051
     0.194294019329945     0.004535724264319     0.055771686308530
193 403
    -0.014428143201557    -0.000872927954474     0.013580451932079
     0.006986539076742    -0.020337243608297    -0.008705296438094
    -0.014341763971516    -0.005290887032554     0.012756046282469
193 404
    -0.188657585010108    -0.065231261082573     0.055926337632293
     0.018851094766710     0.008273174434750    -0.048256467436019
    -0.224543106170711     0.066476528357257     0.089980218652763
193 405
     0.029738503742947     0.026822098949151    -0.011151673906051
     0.002061048761296     0.084063260843933     0.049735008452484
     0.004535724264319     0.194294019329945     0.055771686308530
193 406
    -0.001983050760013    -0.006042551928312     0.007404397238268
    -0.006042551928312    -0.001983050760013     0.007404397238268
    -0.009759402989111    -0.009759402989111    -0.007466735475005
193 407
    -0.016389745531440    -0.033602249315348     0.001750651011939
    -0.007059914685977     0.003191629281256     0.011061619347644
    -0.007200729200644     0.004905697823248    -0.002305887498090
193 408
    -0.022732847834532    -0.009695461956155    -0.003680658614139
     0.027208485748003     0.009524862383654     0.004827898155010
     0.013122779137447     0.007440761446978     0.004300358062267
193 409
    -0.020337243608297     0.006986539076742    -0.008705296438094
    -0.000872927954474    -0.014428143201557     0.013580451932079
    -0.005290887032554    -0.014341763971516     0.012756046282469
193 410
     0.003191629281256    -0.007059914685977     0.011061619347644
    -0.033602249315348    -0.016389745531440     0.001750651011939
     0.004905697823248    -0.007200729200644    -0.002305887498090
193 411
     0.014295269597740     0.012678000833107    -0.004568583008860
     0.012678000833107     0.014295269597740    -0.004568583008860
    -0.001796461184467    -0.001796461184467    -0.002943392312747
193 412
     0.018452237663474     0.008704903567989    -0.008010990577598
     0.000501730235075    -0.007233951397410    -0.001901135445363
    -0.006092751997225    -0.003877207541801    -0.001907961326120
193 413
     0.008273174434750     0.018851094766710    -0.048256467436019
    -0.065231261082573    -0.188657585010108     0.055926337632293
     0.066476528357257    -0.224543106170711     0.089980218652763
193 414
     0.009524862383654     0.027208485748003     0.004827898155010
    -0.009695461956155    -0.022732847834532    -0.003680658614139
     0.007440761446978     0.013122779137447     0.004300358062267
193 415
    -0.007233951397410     0.000501730235075    -0.001901135445363
     0.008704903567989     0.018452237663474    -0.008010990577598
    -0.003877207541801    -0.006092751997225    -0.001907961326120
193 416
    -0.019873694843405    -0.049790015960890     0.024011954131163
    -0.049790015960890    -0.019873694843405     0.024011954131163
     0.003106481803241     0.003106481803241     0.004314600078034
193 417
     0.061986845812167     0.002582506959180     0.086578632565325
     0.002582506959180     0.061986845812167     0.086578632565325
    -0.018111525335572    -0.018111525335572     0.371412850893318
193 418
    -0.010233383688858    -0.001211760389368    -0.019992488704093
    -0.003356064399169     0.001323541423794    -0.004634554819651
    -0.008553705515438     0.004829856811763    -0.006854981682465
193 419
    -0.000024439557110     0.000772890319981     0.007386496026548
    -0.000747179154251     0.002159903040735    -0.005620351318481
     0.001832459093997    -0.000601407264158    -0.009319989164655
193 420
    -0.000492027102593     0.011259174174607     0.005586444920329
     0.001082342903579    -0.003896111805869     0.003956538834069
    -0.008444111837581    -0.012621046055488     0.033093325951375
193 421
     0.001323541423794    -0.003356064399169    -0.004634554819651
    -0.001211760389368    -0.010233383688858    -0.019992488704093
     0.004829856811763    -0.008553705515438    -0.006854981682465
193 422
    -0.000380459584597    -0.000874127441943     0.000529800519355
    -0.000874127441943    -0.000380459584597     0.000529800519355
     0.000199258213045     0.000199258213045    -0.011877326815174
193 423
    -0.000367280405824    -0.000368338498083     0.004042355329948
     0.000028570387047    -0.004210073855014    -0.001390897769498
     0.001119341018641    -0.000484798862115    -0.001939694602197
193 424
    -0.003379087156603    -0.004384738779168     0.004731620306396
     0.002258933826897    -0.000737694282938     0.004086630082598
    -0.002068987774084    -0.003806027829721    -0.007756070072573
193 425
     0.002159903040735    -0.000747179154251    -0.005620351318481
     0.000772890319981    -0.000024439557110     0.007386496026548
    -0.000601407264158     0.001832459093997    -0.009319989164655
193 426
    -0.004210073855014     0.000028570387047    -0.001390897769498
    -0.000368338498083    -0.000367280405824     0.004042355329948
    -0.000484798862115     0.001119341018641    -0.001939694602197
193 427
     0.005191448192901     0.001179228087619    -0.001323969405409
     0.001179228087619     0.005191448192901    -0.001323969405409
    -0.001165561142582    -0.001165561142582     0.007308520800475
193 428
    -0.000206640185303    -0.005060444992202     0.001948202043056
    -0.001904471994367     0.001454209640978     0.001319458041938
     0.000429271322751    -0.001528125209298     0.001720989319115
193 429
    -0.003896111805869     0.001082342903579     0.003956538834069
     0.011259174174607    -0.000492027102593     0.005586444920329
    -0.012621046055488    -0.008444111837581     0.033093325951375
193 430
    -0.000737694282938     0.002258933826897     0.004086630082598
    -0.004384738779168    -0.003379087156603     0.004731620306396
    -0.003806027829721    -0.002068987774084    -0.007756070072573
193 431
     0.001454209640978    -0.001904471994367     0.001319458041938
    -0.005060444992202    -0.000206640185303     0.001948202043056
    -0.001528125209298     0.000429271322751     0.001720989319115
193 432
    -0.002822160569764     0.000953739626847     0.002154179853226
     0.000953739626847    -0.002822160569764     0.002154179853226
     0.001787440355448     0.001787440355448    -0.008007871340733
193 433
     0.027190185023516     0.009896495676362    -0.079911852744174
     0.009896495676362     0.027190185023516    -0.079911852744174
    -0.027819964341677    -0.027819964341677     0.566268739951908
193 434
    -0.003891875641262     0.001047254099266    -0.012008988595235
     0.004258008752644    -0.001043867255229    -0.007311734933370
    -0.030046364917864    -0.003206769963598    -0.002327447905760
193 435
     0.001783643560135    -0.009629277577964    -0.011530286811433
    -0.003219095076926    -0.001621655813995     0.008917239420914
     0.009105725970778     0.005919765786220    -0.007527256450335
193 436
     0.018898781036400     0.000960071098676     0.007398749018794
    -0.001772255071842    -0.005521781727522    -0.001623127653514
     0.051131090399231     0.009927223053137     0.005144842790550
193 437
    -0.001043867255229     0.004258008752644    -0.007311734933370
     0.001047254099266    -0.003891875641262    -0.012008988595235
    -0.003206769963598    -0.030046364917864    -0.002327447905760
193 438
     0.001557623680863    -0.002004560872787     0.002195220544727
    -0.002004560872787     0.001557623680863     0.002195220544727
    -0.003690057129877    -0.003690057129877    -0.011034709643338
193 439
     0.002821731639257    -0.002510683851132     0.000194050311755
    -0.000475275083446     0.001952027307356    -0.002226910168570
     0.004743190046287     0.000555931126115     0.005531077755545
193 440
     0.000022097520007    -0.001162217001885    -0.009979880932608
    -0.003660855683363     0.000033879827297     0.001766016598250
     0.001461695999013     0.006068851450237    -0.009196396405199
193 441
    -0.001621655813995    -0.003219095076926     0.008917239420914
    -0.009629277577964     0.001783643560135    -0.011530286811433
     0.005919765786220     0.009105725970778    -0.007527256450335
193 442
     0.001952027307356    -0.000475275083446    -0.002226910168570
    -0.002510683851132     0.002821731639257     0.000194050311755
     0.000555931126115     0.004743190046287     0.005531077755545
193 443
     0.001650363800611     0.001168964118898    -0.002798655739835
     0.001168964118898     0.001650363800611    -0.002798655739835
     0.002611488246602     0.002611488246602     0.012922456189551
193 444
    -0.003867308923228     0.003184072699926    -0.000463238454446
     0.000795376914177     0.001387903795702     0.003300024420538
    -0.006840594475638     0.004483068282772     0.004855842227466
193 445
    -0.005521781727522    -0.001772255071842    -0.001623127653514
     0.000960071098676     0.018898781036400     0.007398749018794
     0.009927223053137     0.051131090399231     0.005144842790550
193 446
     0.000033879827297    -0.003660855683363     0.001766016598250
    -0.001162217001885     0.000022097520007    -0.009979880932608
     0.006068851450237     0.001461695999013    -0.009196396405199
193 447
     0.001387903795702     0.000795376914177     0.003300024420538
     0.003184072699926    -0.003867308923228    -0.000463238454446
     0.004483068282772    -0.006840594475638     0.004855842227466
193 448
    -0.000827321808622    -0.001204092779598    -0.001932990188525
    -0.001204092779598    -0.000827321808622    -0.001932990188525
     0.000553182933307     0.000553182933307    -0.006289233548545
193 449
     0.075116276221503     0.112790170566675    -0.112790170566675
     0.112790170566675     0.075116276221503    -0.112790170566675
    -0.112790170566675    -0.112790170566675     0.075116276221503
193 450
    -0.020046276796767    -0.005601747875174     0.005601747875174
     0.026507438464264    -0.007861488319368     0.004884105150884
    -0.026507438464264     0.004884105150884    -0.007861488319368
193 451
    -0.005997196308324    -0.001333774076713     0.001333774076713
     0.000043389371473     0.003016542069257     0.003546388138701
    -0.000043389371473     0.003546388138701     0.003016542069257
193 452
     0.034545616791917    -0.066029831252551     0.066029831252551
    -0.011546559605039     0.055395624211942    -0.035184424530791
     0.011546559605039    -0.035184424530791     0.055395624211942
193 453
    -0.007861488319368     0.026507438464264     0.004884105150884
    -0.005601747875174    -0.020046276796767     0.005601747875174
     0.004884105150884    -0.026507438464264    -0.007861488319368
193 454
    -0.001094420337858    -0.002981232156822    -0.009943032753479
    -0.002981232156822    -0.001094420337858    -0.009943032753479
    -0.001851776156432    -0.001851776156432    -0.004070758699683
193 455
     0.006327142666885    -0.000842394165866    -0.003289627597192
     0.000427969347428     0.007282147259551     0.000020396031780
     0.004367475269647     0.000907287956274    -0.002427384950323
193 456
     0.003759738431651    -0.017350363232069    -0.001185650659763
     0.000563875832674    -0.012403157828142    -0.001984752248240
    -0.005063760664051    -0.014791330736116    -0.013395088414789
193 457
     0.003016542069257     0.000043389371473     0.003546388138701
    -0.001333774076713    -0.005997196308324     0.001333774076713
     0.003546388138701    -0.000043389371473     0.003016542069257
193 458
     0.007282147259551     0.000427969347428     0.000020396031780
    -0.000842394165866     0.006327142666885    -0.003289627597192
     0.000907287956274     0.004367475269647    -0.002427384950323
193 459
     0.012910522048403     0.010016414056484     0.000200364702276
     0.010016414056484     0.012910522048403     0.000200364702276
     0.005041465760099     0.005041465760099    -0.006405325715472
193 460
    -0.024937209726400     0.001996139787502    -0.009682121453909
     0.007736826080250    -0.006184179703006    -0.012816351843447
    -0.001528612975563     0.004262163306552    -0.021809189341606
193 461
     0.055395624211942    -0.011546559605039    -0.035184424530791
    -0.066029831252551     0.034545616791917     0.066029831252551
    -0.035184424530791     0.011546559605039     0.055395624211942
193 462
    -0.012403157828142     0.000563875832674    -0.001984752248240
    -0.017350363232069     0.003759738431651    -0.001185650659763
    -0.014791330736116    -0.005063760664051    -0.013395088414789
193 463
    -0.006184179703006     0.007736826080250    -0.012816351843447
     0.001996139787502    -0.024937209726400    -0.009682121453909
     0.004262163306552    -0.001528612975563    -0.021809189341606
193 464
    -0.004890631159774    -0.015867280485360     0.014398333470723
    -0.015867280485360    -0.004890631159774     0.014398333470723
    -0.086074927541150    -0.086074927541150     0.042095783073395
193 465
     0.055395624211942     0.035184424530791     0.011546559605039
     0.035184424530791     0.055395624211942     0.011546559605039
     0.066029831252551     0.066029831252551     0.034545616791917
193 466
    -0.012403157828142     0.001984752248240    -0.000563875832674
     0.014791330736116    -0.013395088414789    -0.005063760664051
     0.017350363232069    -0.001185650659763     0.003759738431651
193 467
    -0.006184179703006     0.012816351843447    -0.007736826080250
    -0.004262163306552    -0.021809189341606    -0.001528612975563
    -0.001996139787502    -0.009682121453909    -0.024937209726400
193 468
    -0.004890631159774    -0.014398333470723     0.015867280485360
     0.086074927541150     0.042095783073395    -0.086074927541150
     0.015867280485360     0.014398333470723    -0.004890631159774
193 469
    -0.013395088414789     0.014791330736116    -0.005063760664051
     0.001984752248240    -0.012403157828142    -0.000563875832674
    -0.001185650659763     0.017350363232069     0.003759738431651
193 470
    -0.007435199582941    -0.022418486272618    -0.005620155832391
    -0.022418486272618    -0.007435199582941    -0.005620155832391
     0.005420959301851     0.005420959301851     0.002718659225551
193 471
     0.020452686685625     0.009526036249092     0.007806284375978
     0.013608727192067     0.033343684797896     0.001562739532808
    -0.004660884708347     0.001531977993415    -0.002795627603283
193 472
     0.004429128356242    -0.023186522653989    -0.000744102620727
     0.025382577335966    -0.024192525392211    -0.025382577335966
    -0.000744102620727     0.023186522653989     0.004429128356242
193 473
    -0.021809189341606    -0.004262163306552    -0.001528612975563
     0.012816351843447    -0.006184179703006    -0.007736826080250
    -0.009682121453909    -0.001996139787502    -0.024937209726400
193 474
     0.033343684797896     0.013608727192067     0.001562739532808
     0.009526036249092     0.020452686685625     0.007806284375978
     0.001531977993415    -0.004660884708347    -0.002795627603283
193 475
     0.004851074644363     0.018180065036466     0.002722613548490
     0.018180065036466     0.004851074644363     0.002722613548490
    -0.009368280871849    -0.009368280871849    -0.005408005026909
193 476
    -0.024980467192210    -0.014349017834025    -0.000107858027081
     0.000546673056695    -0.002481483353511    -0.000546673056695
    -0.000107858027081     0.014349017834025    -0.024980467192210
193 477
     0.042095783073395     0.086074927541150    -0.086074927541150
    -0.014398333470723    -0.004890631159774     0.015867280485360
     0.014398333470723     0.015867280485360    -0.004890631159774
193 478
    -0.024192525392211     0.025382577335966    -0.025382577335966
    -0.023186522653989     0.004429128356242    -0.000744102620727
     0.023186522653989    -0.000744102620727     0.004429128356242
193 479
    -0.002481483353511     0.000546673056695    -0.000546673056695
    -0.014349017834025    -0.024980467192210    -0.000107858027081
     0.014349017834025    -0.000107858027081    -0.024980467192210
193 480
     0.142596571563510     0.136078568993786    -0.136078568993786
     0.136078568993786     0.142596571563510    -0.136078568993786
    -0.136078568993786    -0.136078568993786     0.142596571563510
193 481
     0.003016542069257    -0.003546388138701    -0.000043389371473
    -0.003546388138701     0.003016542069257    -0.000043389371473
     0.001333774076713     0.001333774076713    -0.005997196308324
193 482
     0.007282147259551    -0.000020396031780    -0.000427969347428
    -0.000907287956274    -0.002427384950323     0.004367475269647
     0.000842394165866    -0.003289627597192     0.006327142666885
193 483
     0.012910522048403    -0.000200364702276    -0.010016414056484
    -0.005041465760099    -0.006405325715472     0.005041465760099
    -0.010016414056484     0.000200364702276     0.012910522048403
193 484
    -0.024937209726400     0.009682121453909    -0.001996139787502
     0.001528612975563    -0.021809189341606     0.004262163306552
    -0.007736826080250    -0.012816351843447    -0.006184179703006
193 485
    -0.002427384950323    -0.000907287956274     0.004367475269647
    -0.000020396031780     0.007282147259551    -0.000427969347428
    -0.003289627597192     0.000842394165866     0.006327142666885
193 486
    -0.004621794132877    -0.003963566843717    -0.000801662835849
    -0.003963566843717    -0.004621794132877    -0.000801662835849
    -0.002393944492387    -0.002393944492387     0.000058211202855
193 487
     0.000574188198506     0.004835858044954     0.001063600911877
     0.000589338370463    -0.001286960851701    -0.000589338370463
     0.001063600911877    -0.004835858044954     0.000574188198506
193 488
    -0.002795627603283    -0.001531977993415    -0.004660884708347
    -0.001562739532808     0.033343684797896    -0.013608727192067
     0.007806284375978    -0.009526036249092     0.020452686685625
193 489
    -0.006405325715472    -0.005041465760099     0.005041465760099
    -0.000200364702276     0.012910522048403    -0.010016414056484
     0.000200364702276    -0.010016414056484     0.012910522048403
193 490
    -0.001286960851701     0.000589338370463    -0.000589338370463
     0.004835858044954     0.000574188198506     0.001063600911877
    -0.004835858044954     0.001063600911877     0.000574188198506
193 491
    -0.003685009603033    -0.001495993369347     0.001495993369347
    -0.001495993369347    -0.003685009603033     0.001495993369347
     0.001495993369347     0.001495993369347    -0.003685009603033
193 492
    -0.005408005026909     0.009368280871849    -0.009368280871849
    -0.002722613548490     0.004851074644363    -0.018180065036466
     0.002722613548490    -0.018180065036466     0.004851074644363
193 493
    -0.021809189341606     0.001528612975563     0.004262163306552
     0.009682121453909    -0.024937209726400    -0.001996139787502
    -0.012816351843447    -0.007736826080250    -0.006184179703006
193 494
     0.033343684797896    -0.001562739532808    -0.013608727192067
    -0.001531977993415    -0.002795627603283    -0.004660884708347
    -0.009526036249092     0.007806284375978     0.020452686685625
193 495
     0.004851074644363    -0.002722613548490    -0.018180065036466
     0.009368280871849    -0.005408005026909    -0.009368280871849
    -0.018180065036466     0.002722613548490     0.004851074644363
193 496
    -0.024980467192210     0.000107858027081     0.014349017834025
     0.000107858027081    -0.024980467192210     0.014349017834025
    -0.000546673056695    -0.000546673056695    -0.002481483353511
193 497
    -0.007861488319368    -0.004884105150884    -0.026507438464264
    -0.004884105150884    -0.007861488319368    -0.026507438464264
     0.005601747875174     0.005601747875174    -0.020046276796767
193 498
    -0.001094420337858     0.009943032753479     0.002981232156822
     0.001851776156432    -0.004070758699683    -0.001851776156432
     0.002981232156822    -0.009943032753479    -0.001094420337858
193 499
     0.006327142666885     0.003289627597192     0.000842394165866
    -0.004367475269647    -0.002427384950323     0.000907287956274
    -0.000427969347428     0.000020396031780     0.007282147259551
193 500
     0.003759738431651     0.001185650659763     0.017350363232069
     0.005063760664051    -0.013395088414789    -0.014791330736116
    -0.000563875832674    -0.001984752248240    -0.012403157828142
193 501
    -0.004070758699683     0.001851776156432    -0.001851776156432
     0.009943032753479    -0.001094420337858     0.002981232156822
    -0.009943032753479     0.002981232156822    -0.001094420337858
193 502
    -0.000346532309288    -0.000867644136257     0.000867644136257
    -0.000867644136257    -0.000346532309288     0.000867644136257
     0.000867644136257     0.000867644136257    -0.000346532309288
193 503
     0.000058211202855     0.002393944492387    -0.002393944492387
     0.000801662835849    -0.004621794132877     0.003963566843717
    -0.000801662835849     0.003963566843717    -0.004621794132877
193 504
     0.002718659225551    -0.005420959301851     0.005420959301851
     0.005620155832391    -0.007435199582941     0.022418486272618
    -0.005620155832391     0.022418486272618    -0.007435199582941
193 505
    -0.002427384950323    -0.004367475269647     0.000907287956274
     0.003289627597192     0.006327142666885     0.000842394165866
     0.000020396031780    -0.000427969347428     0.007282147259551
193 506
    -0.004621794132877     0.000801662835849     0.003963566843717
     0.002393944492387     0.000058211202855    -0.002393944492387
     0.003963566843717    -0.000801662835849    -0.004621794132877
193 507
     0.000574188198506    -0.001063600911877    -0.004835858044954
    -0.001063600911877     0.000574188198506    -0.004835858044954
    -0.000589338370463    -0.000589338370463    -0.001286960851701
193 508
    -0.002795627603283     0.004660884708347     0.001531977993415
    -0.007806284375978     0.020452686685625    -0.009526036249092
     0.001562739532808    -0.013608727192067     0.033343684797896
193 509
    -0.013395088414789     0.005063760664051    -0.014791330736116
     0.001185650659763     0.003759738431651     0.017350363232069
    -0.001984752248240    -0.000563875832674    -0.012403157828142
193 510
    -0.007435199582941     0.005620155832391     0.022418486272618
    -0.005420959301851     0.002718659225551     0.005420959301851
     0.022418486272618    -0.005620155832391    -0.007435199582941
193 511
     0.020452686685625    -0.007806284375978    -0.009526036249092
     0.004660884708347    -0.002795627603283     0.001531977993415
    -0.013608727192067     0.001562739532808     0.033343684797896
193 512
     0.004429128356242     0.000744102620727     0.023186522653989
     0.000744102620727     0.004429128356242     0.023186522653989
    -0.025382577335966    -0.025382577335966    -0.024192525392211
257 1
     0.075116276221503    -0.112790170566675     0.112790170566675
    -0.112790170566675     0.075116276221503    -0.112790170566675
     0.112790170566675    -0.112790170566675     0.075116276221503
257 2
     0.034545616791917     0.011546559605039    -0.011546559605039
     0.066029831252551     0.055395624211942    -0.035184424530791
    -0.066029831252551    -0.035184424530791     0.055395624211942
257 3
    -0.005997196308324    -0.000043389371473     0.000043389371473
     0.001333774076713     0.003016542069257     0.003546388138701
    -0.001333774076713     0.003546388138701     0.003016542069257
257 4
    -0.020046276796767    -0.026507438464264     0.026507438464264
     0.005601747875174    -0.007861488319368     0.004884105150884
    -0.005601747875174     0.004884105150884    -0.007861488319368
257 5
    -0.007861488319368     0.005601747875174    -0.004884105150884
    -0.026507438464264    -0.020046276796767    -0.026507438464264
    -0.004884105150884     0.005601747875174    -0.007861488319368
257 6
     0.003759738431651    -0.000563875832674     0.005063760664051
     0.017350363232069    -0.012403157828142    -0.014791330736116
     0.001185650659763    -0.001984752248240    -0.013395088414789
257 7
     0.006327142666885    -0.000427969347428    -0.004367475269647
     0.000842394165866     0.007282147259551     0.000907287956274
     0.003289627597192     0.000020396031780    -0.002427384950323
257 8
    -0.001094420337858     0.002981232156822     0.001851776156432
     0.002981232156822    -0.001094420337858    -0.001851776156432
     0.009943032753479    -0.009943032753479    -0.004070758699683
257 9
     0.003016542069257     0.001333774076713    -0.003546388138701
    -0.000043389371473    -0.005997196308324    -0.000043389371473
    -0.003546388138701     0.001333774076713     0.003016542069257
257 10
    -0.024937209726400    -0.007736826080250     0.001528612975563
    -0.001996139787502    -0.006184179703006     0.004262163306552
     0.009682121453909    -0.012816351843447    -0.021809189341606
257 11
     0.012910522048403    -0.010016414056484    -0.005041465760099
    -0.010016414056484     0.012910522048403     0.005041465760099
    -0.000200364702276     0.000200364702276    -0.006405325715472
257 12
     0.007282147259551     0.000842394165866    -0.000907287956274
    -0.000427969347428     0.006327142666885     0.004367475269647
    -0.000020396031780    -0.003289627597192    -0.002427384950323
257 13
     0.055395624211942     0.066029831252551     0.035184424530791
     0.011546559605039     0.034545616791917     0.011546559605039
     0.035184424530791     0.066029831252551     0.055395624211942
257 14
    -0.004890631159774     0.015867280485360     0.086074927541150
     0.015867280485360    -0.004890631159774    -0.086074927541150
    -0.014398333470723     0.014398333470723     0.042095783073395
257 15
    -0.006184179703006    -0.001996139787502    -0.004262163306552
    -0.007736826080250    -0.024937209726400    -0.001528612975563
     0.012816351843447    -0.009682121453909    -0.021809189341606
257 16
    -0.012403157828142     0.017350363232069     0.014791330736116
    -0.000563875832674     0.003759738431651    -0.005063760664051
     0.001984752248240    -0.001185650659763    -0.013395088414789
257 17
     0.055395624211942    -0.035184424530791    -0.066029831252551
    -0.035184424530791     0.055395624211942     0.066029831252551
    -0.011546559605039     0.011546559605039     0.034545616791917
257 18
    -0.004890631159774    -0.086074927541150    -0.015867280485360
     0.014398333470723     0.042095783073395     0.014398333470723
    -0.015867280485360    -0.086074927541150    -0.004890631159774
257 19
    -0.006184179703006     0.004262163306552     0.001996139787502
    -0.012816351843447    -0.021809189341606    -0.009682121453909
     0.007736826080250    -0.001528612975563    -0.024937209726400
257 20
    -0.012403157828142    -0.014791330736116    -0.017350363232069
    -0.001984752248240    -0.013395088414789    -0.001185650659763
     0.000563875832674    -0.005063760664051     0.003759738431651
257 21
    -0.013395088414789    -0.001984752248240     0.001185650659763
    -0.014791330736116    -0.012403157828142     0.017350363232069
     0.005063760664051    -0.000563875832674     0.003759738431651
257 22
     0.004429128356242    -0.025382577335966     0.000744102620727
     0.023186522653989    -0.024192525392211     0.023186522653989
     0.000744102620727    -0.025382577335966     0.004429128356242
257 23
     0.020452686685625    -0.013608727192067     0.004660884708347
    -0.009526036249092     0.033343684797896     0.001531977993415
    -0.007806284375978     0.001562739532808    -0.002795627603283
257 24
    -0.007435199582941     0.022418486272618    -0.005420959301851
     0.022418486272618    -0.007435199582941     0.005420959301851
     0.005620155832391    -0.005620155832391     0.002718659225551
257 25
    -0.021809189341606    -0.012816351843447     0.009682121453909
     0.004262163306552    -0.006184179703006    -0.001996139787502
     0.001528612975563    -0.007736826080250    -0.024937209726400
257 26
    -0.024980467192210    -0.000546673056695     0.000107858027081
     0.014349017834025    -0.002481483353511     0.014349017834025
     0.000107858027081    -0.000546673056695    -0.024980467192210
257 27
     0.004851074644363    -0.018180065036466     0.009368280871849
    -0.018180065036466     0.004851074644363    -0.009368280871849
    -0.002722613548490     0.002722613548490    -0.005408005026909
257 28
     0.033343684797896    -0.009526036249092    -0.001531977993415
    -0.013608727192067     0.020452686685625    -0.004660884708347
    -0.001562739532808     0.007806284375978    -0.002795627603283
257 29
     0.042095783073395     0.014398333470723    -0.014398333470723
    -0.086074927541150    -0.004890631159774     0.015867280485360
     0.086074927541150     0.015867280485360    -0.004890631159774
257 30
     0.142596571563510    -0.136078568993786     0.136078568993786
    -0.136078568993786     0.142596571563510    -0.136078568993786
     0.136078568993786    -0.136078568993786     0.142596571563510
257 31
    -0.002481483353511     0.014349017834025    -0.014349017834025
    -0.000546673056695    -0.024980467192210    -0.000107858027081
     0.000546673056695    -0.000107858027081    -0.024980467192210
257 32
    -0.024192525392211     0.023186522653989    -0.023186522653989
    -0.025382577335966     0.004429128356242    -0.000744102620727
     0.025382577335966    -0.000744102620727     0.004429128356242
257 33
     0.003016542069257     0.003546388138701    -0.001333774076713
     0.003546388138701     0.003016542069257     0.001333774076713
     0.000043389371473    -0.000043389371473    -0.005997196308324
257 34
    -0.024937209726400    -0.001528612975563     0.007736826080250
    -0.009682121453909    -0.021809189341606    -0.012816351843447
     0.001996139787502     0.004262163306552    -0.006184179703006
257 35
     0.012910522048403     0.005041465760099     0.010016414056484
     0.000200364702276    -0.006405325715472     0.000200364702276
     0.010016414056484     0.005041465760099     0.012910522048403
257 36
     0.007282147259551     0.000907287956274    -0.000842394165866
     0.000020396031780    -0.002427384950323    -0.003289627597192
     0.000427969347428     0.004367475269647     0.006327142666885
257 37
    -0.002427384950323     0.000020396031780     0.003289627597192
     0.000907287956274     0.007282147259551     0.000842394165866
    -0.004367475269647    -0.000427969347428     0.006327142666885
257 38
    -0.002795627603283     0.001562739532808    -0.007806284375978
     0.001531977993415     0.033343684797896    -0.009526036249092
     0.004660884708347    -0.013608727192067     0.020452686685625
257 39
     0.000574188198506    -0.000589338370463    -0.001063600911877
    -0.004835858044954    -0.001286960851701    -0.004835858044954
    -0.001063600911877    -0.000589338370463     0.000574188198506
257 40
    -0.004621794132877     0.003963566843717     0.002393944492387
     0.003963566843717    -0.004621794132877    -0.002393944492387
     0.000801662835849    -0.000801662835849     0.000058211202855
257 41
    -0.006405325715472     0.000200364702276    -0.000200364702276
     0.005041465760099     0.012910522048403    -0.010016414056484
    -0.005041465760099    -0.010016414056484     0.012910522048403
257 42
    -0.005408005026909     0.002722613548490    -0.002722613548490
    -0.009368280871849     0.004851074644363    -0.018180065036466
     0.009368280871849    -0.018180065036466     0.004851074644363
257 43
    -0.003685009603033     0.001495993369347    -0.001495993369347
     0.001495993369347    -0.003685009603033     0.001495993369347
    -0.001495993369347     0.001495993369347    -0.003685009603033
257 44
    -0.001286960851701    -0.004835858044954     0.004835858044954
    -0.000589338370463     0.000574188198506     0.001063600911877
     0.000589338370463     0.001063600911877     0.000574188198506
257 45
    -0.021809189341606    -0.009682121453909     0.012816351843447
    -0.001528612975563    -0.024937209726400    -0.007736826080250
    -0.004262163306552    -0.001996139787502    -0.006184179703006
257 46
    -0.024980467192210    -0.000107858027081     0.000546673056695
    -0.000107858027081    -0.024980467192210    -0.000546673056695
    -0.014349017834025     0.014349017834025    -0.002481483353511
257 47
     0.004851074644363    -0.009368280871849     0.018180065036466
     0.002722613548490    -0.005408005026909     0.002722613548490
     0.018180065036466    -0.009368280871849     0.004851074644363
257 48
     0.033343684797896     0.001531977993415     0.009526036249092
     0.001562739532808    -0.002795627603283     0.007806284375978
     0.013608727192067    -0.004660884708347     0.020452686685625
257 49
    -0.007861488319368     0.004884105150884    -0.005601747875174
     0.004884105150884    -0.007861488319368     0.005601747875174
     0.026507438464264    -0.026507438464264    -0.020046276796767
257 50
     0.003759738431651    -0.005063760664051     0.000563875832674
    -0.001185650659763    -0.013395088414789    -0.001984752248240
    -0.017350363232069    -0.014791330736116    -0.012403157828142
257 51
     0.006327142666885     0.004367475269647     0.000427969347428
    -0.003289627597192    -0.002427384950323     0.000020396031780
    -0.000842394165866     0.000907287956274     0.007282147259551
257 52
    -0.001094420337858    -0.001851776156432    -0.002981232156822
    -0.009943032753479    -0.004070758699683    -0.009943032753479
    -0.002981232156822    -0.001851776156432    -0.001094420337858
257 53
    -0.004070758699683    -0.009943032753479     0.009943032753479
    -0.001851776156432    -0.001094420337858     0.002981232156822
     0.001851776156432     0.002981232156822    -0.001094420337858
257 54
     0.002718659225551    -0.005620155832391     0.005620155832391
     0.005420959301851    -0.007435199582941     0.022418486272618
    -0.005420959301851     0.022418486272618    -0.007435199582941
257 55
     0.000058211202855    -0.000801662835849     0.000801662835849
    -0.002393944492387    -0.004621794132877     0.003963566843717
     0.002393944492387     0.003963566843717    -0.004621794132877
257 56
    -0.000346532309288     0.000867644136257    -0.000867644136257
     0.000867644136257    -0.000346532309288     0.000867644136257
    -0.000867644136257     0.000867644136257    -0.000346532309288
257 57
    -0.002427384950323    -0.003289627597192    -0.000020396031780
     0.004367475269647     0.006327142666885    -0.000427969347428
    -0.000907287956274     0.000842394165866     0.007282147259551
257 58
    -0.002795627603283     0.007806284375978    -0.001562739532808
    -0.004660884708347     0.020452686685625    -0.013608727192067
    -0.001531977993415    -0.009526036249092     0.033343684797896
257 59
     0.000574188198506     0.001063600911877     0.000589338370463
     0.001063600911877     0.000574188198506    -0.000589338370463
     0.004835858044954    -0.004835858044954    -0.001286960851701
257 60
    -0.004621794132877    -0.002393944492387    -0.003963566843717
    -0.000801662835849     0.000058211202855    -0.000801662835849
    -0.003963566843717    -0.002393944492387    -0.004621794132877
257 61
    -0.013395088414789    -0.001185650659763     0.001984752248240
    -0.005063760664051     0.003759738431651    -0.000563875832674
     0.014791330736116     0.017350363232069    -0.012403157828142
257 62
     0.004429128356242    -0.000744102620727     0.025382577335966
    -0.000744102620727     0.004429128356242    -0.025382577335966
    -0.023186522653989     0.023186522653989    -0.024192525392211
257 63
     0.020452686685625    -0.004660884708347     0.013608727192067
     0.007806284375978    -0.002795627603283     0.001562739532808
     0.009526036249092     0.001531977993415     0.033343684797896
257 64
    -0.007435199582941     0.005420959301851    -0.022418486272618
    -0.005620155832391     0.002718659225551    -0.005620155832391
    -0.022418486272618     0.005420959301851    -0.007435199582941
257 65
    -0.097716681280580     0.128132930555051     0.776333288385880
     0.128132930555051    -0.097716681280580    -0.776333288385880
     0.391914210768494    -0.391914210768494    -3.227295678573934
257 66
     0.067157213771902     0.008371015223058    -0.016552100525650
     0.010529895283115    -0.038761507781503     0.028853573322022
    -0.042901120288512     0.001701337273165    -0.022148841679327
257 67
     0.026658842441552    -0.001671686018850    -0.020655623073782
     0.005035574606454     0.000351440338849     0.000370103566669
     0.000577719284571    -0.005750121817988     0.014139526019100
257 68
     0.038486548054468    -0.005192728342039     0.129889194674885
    -0.001141603657898    -0.018548625591496     0.064693803392025
    -0.041828839224832    -0.008611066448624    -0.149260472235013
257 69
    -0.018548625591496    -0.001141603657898    -0.064693803392025
    -0.005192728342039     0.038486548054468    -0.129889194674885
     0.008611066448624     0.041828839224832    -0.149260472235013
257 70
    -0.004583554776036     0.001232364243739    -0.015028979190897
     0.006535161693399    -0.003440883536332    -0.011696026751622
    -0.009250972136142    -0.016779849412967     0.003392391598446
257 71
     0.011183540985783    -0.001612744115630     0.000642673808520
    -0.002274906748635     0.012355091025055    -0.005825659161759
     0.007782509091922    -0.004321547425880     0.001696635168480
257 72
    -0.010012920928746     0.015828760235884    -0.001919613625739
     0.015828760235884    -0.010012920928746     0.001919613625739
     0.007148876040615    -0.007148876040615     0.009753865798217
257 73
     0.000351440338849     0.005035574606454    -0.000370103566669
    -0.001671686018850     0.026658842441552     0.020655623073782
     0.005750121817988    -0.000577719284571     0.014139526019100
257 74
     0.003063223388539     0.004970544165575    -0.002238874676487
     0.004885775323309     0.005074019888033    -0.002053908774178
    -0.003043396733653    -0.005095991196008     0.001418384442460
257 75
    -0.004727068137508    -0.004330114651251     0.004266052151210
    -0.004330114651251    -0.004727068137508    -0.004266052151210
    -0.004547948787717     0.004547948787717    -0.004093867812691
257 76
     0.012355091025055    -0.002274906748635     0.005825659161759
    -0.001612744115630     0.011183540985783    -0.000642673808520
     0.004321547425880    -0.007782509091922     0.001696635168480
257 77
    -0.038761507781503     0.010529895283115    -0.028853573322022
     0.008371015223058     0.067157213771902     0.016552100525650
    -0.001701337273165     0.042901120288512    -0.022148841679327
257 78
    -0.012936785509650     0.011668239257899    -0.005622294791849
     0.011668239257899    -0.012936785509650     0.005622294791849
    -0.010459903670965     0.010459903670965    -0.009307963923195
257 79
     0.005074019888033     0.004885775323309     0.002053908774178
     0.004970544165575     0.003063223388539     0.002238874676487
     0.005095991196008     0.003043396733653     0.001418384442460
257 80
    -0.003440883536332     0.006535161693399     0.011696026751622
     0.001232364243739    -0.004583554776036     0.015028979190897
     0.016779849412967     0.009250972136142     0.003392391598446
257 81
    -0.268589638299972     0.386130447312640    -0.783838787044600
     0.386130447312640    -0.268589638299972     0.783838787044600
    -1.024672609858512     1.024672609858512    -5.141374436415796
257 82
     0.084063260843933    -0.026822098949151     0.194294019329944
    -0.002061048761296     0.029738503742947    -0.004535724264319
     0.049735008452483     0.011151673906051     0.055771686308530
257 83
    -0.014428143201557    -0.006986539076742    -0.014341763971516
     0.000872927954474    -0.020337243608297     0.005290887032554
     0.013580451932079     0.008705296438094     0.012756046282469
257 84
    -0.188657585010108    -0.018851094766710    -0.224543106170711
     0.065231261082573     0.008273174434750    -0.066476528357257
     0.055926337632293     0.048256467436019     0.089980218652763
257 85
     0.008273174434750     0.065231261082573     0.066476528357257
    -0.018851094766710    -0.188657585010108     0.224543106170711
    -0.048256467436019    -0.055926337632293     0.089980218652763
257 86
     0.009524862383654     0.009695461956155     0.007440761446978
    -0.027208485748003    -0.022732847834532    -0.013122779137447
     0.004827898155010     0.003680658614139     0.004300358062267
257 87
    -0.007233951397410    -0.008704903567989    -0.003877207541801
    -0.000501730235075     0.018452237663474     0.006092751997225
    -0.001901135445363     0.008010990577598    -0.001907961326120
257 88
    -0.019873694843405     0.049790015960890     0.003106481803241
     0.049790015960890    -0.019873694843405    -0.003106481803241
     0.024011954131163    -0.024011954131163     0.004314600078034
257 89
    -0.020337243608297     0.000872927954474    -0.005290887032554
    -0.006986539076742    -0.014428143201557     0.014341763971516
    -0.008705296438094    -0.013580451932079     0.012756046282469
257 90
     0.003191629281256     0.033602249315348     0.004905697823248
     0.007059914685977    -0.016389745531440     0.007200729200644
     0.011061619347644    -0.001750651011939    -0.002305887498090
257 91
     0.014295269597740    -0.012678000833107    -0.001796461184467
    -0.012678000833107     0.014295269597740     0.001796461184467
    -0.004568583008860     0.004568583008860    -0.002943392312747
257 92
     0.018452237663474    -0.000501730235075    -0.006092751997225
    -0.008704903567989    -0.007233951397410     0.003877207541801
    -0.008010990577598     0.001901135445363    -0.001907961326120
257 93
     0.029738503742947    -0.002061048761296     0.004535724264319
    -0.026822098949151     0.084063260843933    -0.194294019329944
    -0.011151673906051    -0.049735008452483     0.055771686308530
257 94
    -0.001983050760013     0.006042551928312    -0.009759402989111
     0.006042551928312    -0.001983050760013     0.009759402989111
     0.007404397238268    -0.007404397238268    -0.007466735475005
257 95
    -0.016389745531440     0.007059914685977    -0.007200729200644
     0.033602249315348     0.003191629281256    -0.004905697823248
     0.001750651011939    -0.011061619347644    -0.002305887498090
257 96
    -0.022732847834532    -0.027208485748003     0.013122779137447
     0.009695461956155     0.009524862383654    -0.007440761446978
    -0.003680658614139    -0.004827898155010     0.004300358062267
257 97
     0.061986845812167    -0.002582506959180    -0.018111525335572
    -0.002582506959180     0.061986845812167     0.018111525335572
     0.086578632565325    -0.086578632565325     0.371412850893318
257 98
    -0.010233383688858     0.003356064399169    -0.008553705515438
     0.001211760389368     0.001323541423794    -0.004829856811763
    -0.019992488704093     0.004634554819651    -0.006854981682465
257 99
    -0.000024439557110     0.000747179154251     0.001832459093997
    -0.000772890319981     0.002159903040735     0.000601407264158
     0.007386496026548     0.005620351318481    -0.009319989164655
257 100
    -0.000492027102593    -0.001082342903579    -0.008444111837581
    -0.011259174174607    -0.003896111805869     0.012621046055488
     0.005586444920329    -0.003956538834069     0.033093325951375
257 101
    -0.003896111805869    -0.011259174174607    -0.012621046055488
    -0.001082342903579    -0.000492027102593     0.008444111837581
     0.003956538834069    -0.005586444920329     0.033093325951375
257 102
    -0.000737694282938     0.004384738779168    -0.003806027829721
    -0.002258933826897    -0.003379087156603     0.002068987774084
     0.004086630082598    -0.004731620306396    -0.007756070072573
257 103
     0.001454209640978     0.005060444992202    -0.001528125209298
     0.001904471994367    -0.000206640185303    -0.000429271322751
     0.001319458041938    -0.001948202043056     0.001720989319115
257 104
    -0.002822160569764    -0.000953739626847     0.001787440355448
    -0.000953739626847    -0.002822160569764    -0.001787440355448
     0.002154179853226    -0.002154179853226    -0.008007871340733
257 105
     0.002159903040735    -0.000772890319981    -0.000601407264158
     0.000747179154251    -0.000024439557110    -0.001832459093997
    -0.005620351318481    -0.007386496026548    -0.009319989164655
257 106
    -0.004210073855014     0.000368338498083    -0.000484798862115
    -0.000028570387047    -0.000367280405824    -0.001119341018641
    -0.001390897769498    -0.004042355329948    -0.001939694602197
257 107
     0.005191448192901    -0.001179228087619    -0.001165561142582
    -0.001179228087619     0.005191448192901     0.001165561142582
    -0.001323969405409     0.001323969405409     0.007308520800475
257 108
    -0.000206640185303     0.001904471994367     0.000429271322751
     0.005060444992202     0.001454209640978     0.001528125209298
     0.001948202043056    -0.001319458041938     0.001720989319115
257 109
     0.001323541423794     0.001211760389368     0.004829856811763
     0.003356064399169    -0.010233383688858     0.008553705515438
    -0.004634554819651     0.019992488704093    -0.006854981682465
257 110
    -0.000380459584597     0.000874127441943     0.000199258213045
     0.000874127441943    -0.000380459584597    -0.000199258213045
     0.000529800519355    -0.000529800519355    -0.011877326815174
257 111
    -0.000367280405824    -0.000028570387047     0.001119341018641
     0.000368338498083    -0.004210073855014     0.000484798862115
     0.004042355329948     0.001390897769498    -0.001939694602197
257 112
    -0.003379087156603    -0.002258933826897    -0.002068987774084
     0.004384738779168    -0.000737694282938     0.003806027829721
     0.004731620306396    -0.004086630082598    -0.007756070072573
257 113
     0.027190185023516    -0.009896495676362    -0.027819964341677
    -0.009896495676362     0.027190185023516     0.027819964341677
    -0.079911852744174     0.079911852744174     0.566268739951909
257 114
    -0.003891875641262    -0.004258008752644    -0.030046364917864
    -0.001047254099266    -0.001043867255229     0.003206769963598
    -0.012008988595235     0.007311734933370    -0.002327447905760
257 115
     0.001783643560135     0.003219095076926     0.009105725970778
     0.009629277577964    -0.001621655813995    -0.005919765786220
    -0.011530286811433    -0.008917239420914    -0.007527256450335
257 116
     0.018898781036400     0.001772255071842     0.051131090399231
    -0.000960071098676    -0.005521781727522    -0.009927223053137
     0.007398749018794     0.001623127653514     0.005144842790550
257 117
    -0.005521781727522    -0.000960071098676     0.009927223053137
     0.001772255071842     0.018898781036400    -0.051131090399231
    -0.001623127653514    -0.007398749018794     0.005144842790550
257 118
     0.000033879827297     0.001162217001885     0.006068851450237
     0.003660855683363     0.000022097520007    -0.001461695999013
     0.001766016598250     0.009979880932608    -0.009196396405199
257 119
     0.001387903795702    -0.003184072699926     0.004483068282772
    -0.000795376914177    -0.003867308923228     0.006840594475638
     0.003300024420538     0.000463238454446     0.004855842227466
257 120
    -0.000827321808622     0.001204092779598     0.000553182933307
     0.001204092779598    -0.000827321808622    -0.000553182933307
    -0.001932990188525     0.001932990188525    -0.006289233548545
257 121
    -0.001621655813995     0.009629277577964     0.005919765786220
     0.003219095076926     0.001783643560135    -0.009105725970778
     0.008917239420914     0.011530286811433    -0.007527256450335
257 122
     0.001952027307356     0.002510683851132     0.000555931126115
     0.000475275083446     0.002821731639257    -0.004743190046287
    -0.002226910168570    -0.000194050311755     0.005531077755545
257 123
     0.001650363800611    -0.001168964118898     0.002611488246602
    -0.001168964118898     0.001650363800611    -0.002611488246602
    -0.002798655739835     0.002798655739835     0.012922456189551
257 124
    -0.003867308923228    -0.000795376914177    -0.006840594475638
    -0.003184072699926     0.001387903795702    -0.004483068282772
    -0.000463238454446    -0.003300024420538     0.004855842227466
257 125
    -0.001043867255229    -0.001047254099266    -0.003206769963598
    -0.004258008752644    -0.003891875641262     0.030046364917864
    -0.007311734933370     0.012008988595235    -0.002327447905760
257 126
     0.001557623680863     0.002004560872787    -0.003690057129877
     0.002004560872787     0.001557623680863     0.003690057129877
     0.002195220544727    -0.002195220544727    -0.011034709643338
257 127
     0.002821731639257     0.000475275083446     0.004743190046287
     0.002510683851132     0.001952027307356    -0.000555931126115
     0.000194050311755     0.002226910168570     0.005531077755545
257 128
     0.000022097520007     0.003660855683363     0.001461695999013
     0.001162217001885     0.000033879827297    -0.006068851450237
    -0.009979880932608    -0.001766016598250    -0.009196396405199
257 129
    -0.097716681280580    -0.776333288385880    -0.128132930555051
    -0.391914210768494    -3.227295678573934    -0.391914210768494
    -0.128132930555051    -0.776333288385880    -0.097716681280580
257 130
     0.067157213771902     0.016552100525650    -0.008371015223058
     0.042901120288512    -0.022148841679327     0.001701337273165
    -0.010529895283115     0.028853573322022    -0.038761507781503
257 131
     0.026658842441552     0.020655623073782     0.001671686018850
    -0.000577719284571     0.014139526019100    -0.005750121817988
    -0.005035574606454     0.000370103566669     0.000351440338849
257 132
     0.038486548054468    -0.129889194674885     0.005192728342039
     0.041828839224832    -0.149260472235013    -0.008611066448624
     0.001141603657898     0.064693803392025    -0.018548625591496
257 133
     0.027190185023516     0.027819964341677     0.009896495676362
     0.079911852744174     0.566268739951909     0.079911852744174
     0.009896495676362     0.027819964341677     0.027190185023516
257 134
    -0.003891875641262     0.030046364917864     0.004258008752644
     0.012008988595235    -0.002327447905760     0.007311734933370
     0.001047254099266     0.003206769963598    -0.001043867255229
257 135
     0.001783643560135    -0.009105725970778    -0.003219095076926
     0.011530286811433    -0.007527256450335    -0.008917239420914
    -0.009629277577964    -0.005919765786220    -0.001621655813995
257 136
     0.018898781036400    -0.051131090399231    -0.001772255071842
    -0.007398749018794     0.005144842790550     0.001623127653514
     0.000960071098676    -0.009927223053137    -0.005521781727522
257 137
     0.061986845812167     0.018111525335572     0.002582506959180
    -0.086578632565325     0.371412850893318    -0.086578632565325
     0.002582506959180     0.018111525335572     0.061986845812167
257 138
    -0.010233383688858     0.008553705515438    -0.003356064399169
     0.019992488704093    -0.006854981682465     0.004634554819651
    -0.001211760389368    -0.004829856811763     0.001323541423794
257 139
    -0.000024439557110    -0.001832459093997    -0.000747179154251
    -0.007386496026548    -0.009319989164655     0.005620351318481
     0.000772890319981     0.000601407264158     0.002159903040735
257 140
    -0.000492027102593     0.008444111837581     0.001082342903579
    -0.005586444920329     0.033093325951375    -0.003956538834069
     0.011259174174607     0.012621046055488    -0.003896111805869
257 141
    -0.268589638299972     0.783838787044600    -0.386130447312640
     1.024672609858512    -5.141374436415796     1.024672609858512
    -0.386130447312640     0.783838787044600    -0.268589638299972
257 142
     0.084063260843933    -0.194294019329944     0.026822098949151
    -0.049735008452483     0.055771686308530     0.011151673906051
     0.002061048761296    -0.004535724264319     0.029738503742947
257 143
    -0.014428143201557     0.014341763971516     0.006986539076742
    -0.013580451932079     0.012756046282469     0.008705296438094
    -0.000872927954474     0.005290887032554    -0.020337243608297
257 144
    -0.188657585010108     0.224543106170711     0.018851094766710
    -0.055926337632293     0.089980218652763     0.048256467436019
    -0.065231261082573    -0.066476528357257     0.008273174434750
257 145
    -0.038761507781503     0.028853573322022    -0.010529895283115
     0.001701337273165    -0.022148841679327     0.042901120288512
    -0.008371015223058     0.016552100525650     0.067157213771902
257 146
    -0.012936785509650     0.005622294791849    -0.011668239257899
     0.010459903670965    -0.009307963923195     0.010459903670965
    -0.011668239257899     0.005622294791849    -0.012936785509650
257 147
     0.005074019888033    -0.002053908774178    -0.004885775323309
    -0.005095991196008     0.001418384442460     0.003043396733653
    -0.004970544165575     0.002238874676487     0.003063223388539
257 148
    -0.003440883536332    -0.011696026751622    -0.006535161693399
    -0.016779849412967     0.003392391598446     0.009250972136142
    -0.001232364243739     0.015028979190897    -0.004583554776036
257 149
    -0.001043867255229     0.003206769963598     0.001047254099266
     0.007311734933370    -0.002327447905760     0.012008988595235
     0.004258008752644     0.030046364917864    -0.003891875641262
257 150
     0.001557623680863     0.003690057129877    -0.002004560872787
    -0.002195220544727    -0.011034709643338    -0.002195220544727
    -0.002004560872787     0.003690057129877     0.001557623680863
257 151
     0.002821731639257    -0.004743190046287    -0.000475275083446
    -0.000194050311755     0.005531077755545     0.002226910168570
    -0.002510683851132    -0.000555931126115     0.001952027307356
257 152
     0.000022097520007    -0.001461695999013    -0.003660855683363
     0.009979880932608    -0.009196396405199    -0.001766016598250
    -0.001162217001885    -0.006068851450237     0.000033879827297
257 153
     0.001323541423794    -0.004829856811763    -0.001211760389368
     0.004634554819651    -0.006854981682465     0.019992488704093
    -0.003356064399169     0.008553705515438    -0.010233383688858
257 154
    -0.000380459584597    -0.000199258213045    -0.000874127441943
    -0.000529800519355    -0.011877326815174    -0.000529800519355
    -0.000874127441943    -0.000199258213045    -0.000380459584597
257 155
    -0.000367280405824    -0.001119341018641     0.000028570387047
    -0.004042355329948    -0.001939694602197     0.001390897769498
    -0.000368338498083     0.000484798862115    -0.004210073855014
257 156
    -0.003379087156603     0.002068987774084     0.002258933826897
    -0.004731620306396    -0.007756070072573    -0.004086630082598
    -0.004384738779168     0.003806027829721    -0.000737694282938
257 157
     0.029738503742947    -0.004535724264319     0.002061048761296
     0.011151673906051     0.055771686308530    -0.049735008452483
     0.026822098949151    -0.194294019329944     0.084063260843933
257 158
    -0.001983050760013     0.009759402989111    -0.006042551928312
    -0.007404397238268    -0.007466735475005    -0.007404397238268
    -0.006042551928312     0.009759402989111    -0.001983050760013
257 159
    -0.016389745531440     0.007200729200644    -0.007059914685977
    -0.001750651011939    -0.002305887498090    -0.011061619347644
    -0.033602249315348    -0.004905697823248     0.003191629281256
257 160
    -0.022732847834532    -0.013122779137447     0.027208485748003
     0.003680658614139     0.004300358062267    -0.004827898155010
    -0.009695461956155    -0.007440761446978     0.009524862383654
257 161
     0.000351440338849     0.000370103566669    -0.005035574606454
    -0.005750121817988     0.014139526019100    -0.000577719284571
     0.001671686018850     0.020655623073782     0.026658842441552
257 162
     0.003063223388539     0.002238874676487    -0.004970544165575
     0.003043396733653     0.001418384442460    -0.005095991196008
    -0.004885775323309    -0.002053908774178     0.005074019888033
257 163
    -0.004727068137508    -0.004266052151210     0.004330114651251
     0.004547948787717    -0.004093867812691     0.004547948787717
     0.004330114651251    -0.004266052151210    -0.004727068137508
257 164
     0.012355091025055    -0.005825659161759     0.002274906748635
    -0.004321547425880     0.001696635168480    -0.007782509091922
     0.001612744115630    -0.000642673808520     0.011183540985783
257 165
    -0.001621655813995    -0.005919765786220    -0.009629277577964
    -0.008917239420914    -0.007527256450335     0.011530286811433
    -0.003219095076926    -0.009105725970778     0.001783643560135
257 166
     0.001952027307356    -0.000555931126115    -0.002510683851132
     0.002226910168570     0.005531077755545    -0.000194050311755
    -0.000475275083446    -0.004743190046287     0.002821731639257
257 167
     0.001650363800611    -0.002611488246602     0.001168964118898
     0.002798655739835     0.012922456189551     0.002798655739835
     0.001168964118898    -0.002611488246602     0.001650363800611
257 168
    -0.003867308923228     0.006840594475638     0.000795376914177
     0.000463238454446     0.004855842227466    -0.003300024420538
     0.003184072699926    -0.004483068282772     0.001387903795702
257 169
     0.002159903040735     0.000601407264158     0.000772890319981
     0.005620351318481    -0.009319989164655    -0.007386496026548
    -0.000747179154251    -0.001832459093997    -0.000024439557110
257 170
    -0.004210073855014     0.000484798862115    -0.000368338498083
     0.001390897769498    -0.001939694602197    -0.004042355329948
     0.000028570387047    -0.001119341018641    -0.000367280405824
257 171
     0.005191448192901     0.001165561142582     0.001179228087619
     0.001323969405409     0.007308520800475     0.001323969405409
     0.001179228087619     0.001165561142582     0.005191448192901
257 172
    -0.000206640185303    -0.000429271322751    -0.001904471994367
    -0.001948202043056     0.001720989319115    -0.001319458041938
    -0.005060444992202     0.001528125209298     0.001454209640978
257 173
    -0.020337243608297     0.005290887032554    -0.000872927954474
     0.008705296438094     0.012756046282469    -0.013580451932079
     0.006986539076742     0.014341763971516    -0.014428143201557
257 174
     0.003191629281256    -0.004905697823248    -0.033602249315348
    -0.011061619347644    -0.002305887498090    -0.001750651011939
    -0.007059914685977     0.007200729200644    -0.016389745531440
257 175
     0.014295269597740     0.001796461184467     0.012678000833107
     0.004568583008860    -0.002943392312747     0.004568583008860
     0.012678000833107     0.001796461184467     0.014295269597740
257 176
     0.018452237663474     0.006092751997225     0.000501730235075
     0.008010990577598    -0.001907961326120     0.001901135445363
     0.008704903567989     0.003877207541801    -0.007233951397410
257 177
    -0.018548625591496     0.064693803392025     0.001141603657898
    -0.008611066448624    -0.149260472235013     0.041828839224832
     0.005192728342039    -0.129889194674885     0.038486548054468
257 178
    -0.004583554776036     0.015028979190897    -0.001232364243739
     0.009250972136142     0.003392391598446    -0.016779849412967
    -0.006535161693399    -0.011696026751622    -0.003440883536332
257 179
     0.011183540985783    -0.000642673808520     0.001612744115630
    -0.007782509091922     0.001696635168480    -0.004321547425880
     0.002274906748635    -0.005825659161759     0.012355091025055
257 180
    -0.010012920928746     0.001919613625739    -0.015828760235884
    -0.007148876040615     0.009753865798217    -0.007148876040615
    -0.015828760235884     0.001919613625739    -0.010012920928746
257 181
    -0.005521781727522    -0.009927223053137     0.000960071098676
     0.001623127653514     0.005144842790550    -0.007398749018794
    -0.001772255071842    -0.051131090399231     0.018898781036400
257 182
     0.000033879827297    -0.006068851450237    -0.001162217001885
    -0.001766016598250    -0.009196396405199     0.009979880932608
    -0.003660855683363    -0.001461695999013     0.000022097520007
257 183
     0.001387903795702    -0.004483068282772     0.003184072699926
    -0.003300024420538     0.004855842227466     0.000463238454446
     0.000795376914177     0.006840594475638    -0.003867308923228
257 184
    -0.000827321808622    -0.000553182933307    -0.001204092779598
     0.001932990188525    -0.006289233548545     0.001932990188525
    -0.001204092779598    -0.000553182933307    -0.000827321808622
257 185
    -0.003896111805869     0.012621046055488     0.011259174174607
    -0.003956538834069     0.033093325951375    -0.005586444920329
     0.001082342903579     0.008444111837581    -0.000492027102593
257 186
    -0.000737694282938     0.003806027829721    -0.004384738779168
    -0.004086630082598    -0.007756070072573    -0.004731620306396
     0.002258933826897     0.002068987774084    -0.003379087156603
257 187
     0.001454209640978     0.001528125209298    -0.005060444992202
    -0.001319458041938     0.001720989319115    -0.001948202043056
    -0.001904471994367    -0.000429271322751    -0.000206640185303
257 188
    -0.002822160569764    -0.001787440355448     0.000953739626847
    -0.002154179853226    -0.008007871340733    -0.002154179853226
     0.000953739626847    -0.001787440355448    -0.002822160569764
257 189
     0.008273174434750    -0.066476528357257    -0.065231261082573
     0.048256467436019     0.089980218652763    -0.055926337632293
     0.018851094766710     0.224543106170711    -0.188657585010108
257 190
     0.009524862383654    -0.007440761446978    -0.009695461956155
    -0.004827898155010     0.004300358062267     0.003680658614139
     0.027208485748003    -0.013122779137447    -0.022732847834532
257 191
    -0.007233951397410     0.003877207541801     0.008704903567989
     0.001901135445363    -0.001907961326120     0.008010990577598
     0.000501730235075     0.006092751997225     0.018452237663474
257 192
    -0.019873694843405    -0.003106481803241    -0.049790015960890
    -0.024011954131163     0.004314600078034    -0.024011954131163
    -0.049790015960890    -0.003106481803241    -0.019873694843405
257 193
    -3.227295678573934    -0.391914210768494     0.391914210768494
    -0.776333288385880    -0.097716681280581     0.128132930555051
     0.776333288385880     0.128132930555051    -0.097716681280581
257 194
    -5.141374436415795     1.024672609858512    -1.024672609858512
     0.783838787044601    -0.268589638299972     0.386130447312640
    -0.783838787044601     0.386130447312640    -0.268589638299972
257 195
     0.371412850893318    -0.086578632565325     0.086578632565325
     0.018111525335572     0.061986845812167    -0.002582506959180
    -0.018111525335572    -0.002582506959180     0.061986845812167
257 196
     0.566268739951908     0.079911852744174    -0.079911852744174
     0.027819964341677     0.027190185023516    -0.009896495676362
    -0.027819964341677    -0.009896495676362     0.027190185023516
257 197
    -0.149260472235013     0.041828839224832     0.008611066448624
    -0.129889194674885     0.038486548054468    -0.005192728342039
    -0.064693803392025    -0.001141603657898    -0.018548625591496
257 198
     0.089980218652763    -0.055926337632293    -0.048256467436019
     0.224543106170711    -0.188657585010108    -0.018851094766710
     0.066476528357257     0.065231261082573     0.008273174434750
257 199
     0.033093325951375    -0.005586444920329     0.003956538834069
     0.008444111837581    -0.000492027102593    -0.001082342903579
    -0.012621046055488    -0.011259174174607    -0.003896111805869
257 200
     0.005144842790550    -0.007398749018794    -0.001623127653514
    -0.051131090399231     0.018898781036400     0.001772255071842
     0.009927223053137    -0.000960071098676    -0.005521781727522
257 201
     0.014139526019100    -0.000577719284571     0.005750121817988
     0.020655623073782     0.026658842441552    -0.001671686018850
    -0.000370103566669     0.005035574606454     0.000351440338849
257 202
     0.012756046282469    -0.013580451932079    -0.008705296438094
     0.014341763971516    -0.014428143201557    -0.006986539076742
    -0.005290887032554     0.000872927954474    -0.020337243608297
257 203
    -0.009319989164655    -0.007386496026548    -0.005620351318481
    -0.001832459093997    -0.000024439557110     0.000747179154251
    -0.000601407264158    -0.000772890319981     0.002159903040735
257 204
    -0.007527256450335     0.011530286811433     0.008917239420914
    -0.009105725970778     0.001783643560135     0.003219095076926
     0.005919765786220     0.009629277577964    -0.001621655813995
257 205
    -0.022148841679327     0.042901120288512    -0.001701337273165
     0.016552100525650     0.067157213771902     0.008371015223058
    -0.028853573322022     0.010529895283115    -0.038761507781503
257 206
     0.055771686308530    -0.049735008452484    -0.011151673906051
    -0.194294019329944     0.084063260843933    -0.026822098949151
     0.004535724264319    -0.002061048761296     0.029738503742947
257 207
    -0.006854981682465     0.019992488704093    -0.004634554819651
     0.008553705515438    -0.010233383688858     0.003356064399169
     0.004829856811763     0.001211760389368     0.001323541423794
257 208
    -0.002327447905760     0.012008988595235    -0.007311734933370
     0.030046364917864    -0.003891875641262    -0.004258008752644
    -0.003206769963598    -0.001047254099266    -0.001043867255229
257 209
    -0.022148841679327     0.001701337273165    -0.042901120288512
     0.028853573322022    -0.038761507781503     0.010529895283115
    -0.016552100525650     0.008371015223058     0.067157213771902
257 210
     0.055771686308530     0.011151673906051     0.049735008452484
    -0.004535724264319     0.029738503742947    -0.002061048761296
     0.194294019329945    -0.026822098949151     0.084063260843933
257 211
    -0.006854981682465     0.004634554819651    -0.019992488704093
    -0.004829856811763     0.001323541423794     0.001211760389368
    -0.008553705515438     0.003356064399169    -0.010233383688858
257 212
    -0.002327447905760     0.007311734933370    -0.012008988595235
     0.003206769963598    -0.001043867255229    -0.001047254099266
    -0.030046364917864    -0.004258008752644    -0.003891875641262
257 213
     0.003392391598446    -0.016779849412967    -0.009250972136142
    -0.011696026751622    -0.003440883536332     0.006535161693399
    -0.015028979190897     0.001232364243739    -0.004583554776036
257 214
     0.004300358062267     0.003680658614139     0.004827898155010
    -0.013122779137447    -0.022732847834532    -0.027208485748003
     0.007440761446978     0.009695461956155     0.009524862383654
257 215
    -0.007756070072573    -0.004731620306396     0.004086630082598
     0.002068987774084    -0.003379087156603    -0.002258933826897
    -0.003806027829721     0.004384738779168    -0.000737694282938
257 216
    -0.009196396405199     0.009979880932608     0.001766016598250
    -0.001461695999013     0.000022097520007     0.003660855683363
     0.006068851450237     0.001162217001885     0.000033879827297
257 217
     0.001418384442460    -0.005095991196008    -0.003043396733653
    -0.002053908774178     0.005074019888033     0.004885775323309
    -0.002238874676487     0.004970544165575     0.003063223388539
257 218
    -0.002305887498090    -0.001750651011939     0.011061619347644
     0.007200729200644    -0.016389745531440     0.007059914685977
     0.004905697823248     0.033602249315348     0.003191629281256
257 219
    -0.001939694602197    -0.004042355329948    -0.001390897769498
    -0.001119341018641    -0.000367280405824    -0.000028570387047
    -0.000484798862115     0.000368338498083    -0.004210073855014
257 220
     0.005531077755545    -0.000194050311755    -0.002226910168570
    -0.004743190046287     0.002821731639257     0.000475275083446
     0.000555931126115     0.002510683851132     0.001952027307356
257 221
    -0.009307963923195     0.010459903670965    -0.010459903670965
     0.005622294791849    -0.012936785509650     0.011668239257899
    -0.005622294791849     0.011668239257899    -0.012936785509650
257 222
    -0.007466735475005    -0.007404397238268     0.007404397238268
     0.009759402989111    -0.001983050760013     0.006042551928312
    -0.009759402989111     0.006042551928312    -0.001983050760013
257 223
    -0.011877326815174    -0.000529800519355     0.000529800519355
    -0.000199258213045    -0.000380459584597     0.000874127441943
     0.000199258213045     0.000874127441943    -0.000380459584597
257 224
    -0.011034709643338    -0.002195220544727     0.002195220544727
     0.003690057129877     0.001557623680863     0.002004560872787
    -0.003690057129877     0.002004560872787     0.001557623680863
257 225
     0.014139526019100    -0.005750121817988     0.000577719284571
     0.000370103566669     0.000351440338849     0.005035574606454
    -0.020655623073782    -0.001671686018850     0.026658842441552
257 226
     0.012756046282469     0.008705296438094     0.013580451932079
     0.005290887032554    -0.020337243608297     0.000872927954474
    -0.014341763971516    -0.006986539076742    -0.014428143201557
257 227
    -0.009319989164655     0.005620351318481     0.007386496026548
     0.000601407264158     0.002159903040735    -0.000772890319981
     0.001832459093997     0.000747179154251    -0.000024439557110
257 228
    -0.007527256450335    -0.008917239420914    -0.011530286811433
    -0.005919765786220    -0.001621655813995     0.009629277577964
     0.009105725970778     0.003219095076926     0.001783643560135
257 229
     0.001696635168480    -0.004321547425880     0.007782509091922
    -0.005825659161759     0.012355091025055    -0.002274906748635
     0.000642673808520    -0.001612744115630     0.011183540985783
257 230
    -0.001907961326120     0.008010990577598    -0.001901135445363
     0.006092751997225     0.018452237663474    -0.000501730235075
    -0.003877207541801    -0.008704903567989    -0.007233951397410
257 231
     0.001720989319115    -0.001948202043056     0.001319458041938
    -0.000429271322751    -0.000206640185303     0.001904471994367
    -0.001528125209298     0.005060444992202     0.001454209640978
257 232
     0.004855842227466     0.000463238454446     0.003300024420538
     0.006840594475638    -0.003867308923228    -0.000795376914177
     0.004483068282772    -0.003184072699926     0.001387903795702
257 233
    -0.004093867812691     0.004547948787717    -0.004547948787717
    -0.004266052151210    -0.004727068137508    -0.004330114651251
     0.004266052151210    -0.004330114651251    -0.004727068137508
257 234
    -0.002943392312747     0.004568583008860    -0.004568583008860
     0.001796461184467     0.014295269597740    -0.012678000833107
    -0.001796461184467    -0.012678000833107     0.014295269597740
257 235
     0.007308520800475     0.001323969405409    -0.001323969405409
     0.001165561142582     0.005191448192901    -0.001179228087619
    -0.001165561142582    -0.001179228087619     0.005191448192901
257 236
     0.012922456189551     0.002798655739835    -0.002798655739835
    -0.002611488246602     0.001650363800611    -0.001168964118898
     0.002611488246602    -0.001168964118898     0.001650363800611
257 237
     0.001418384442460     0.003043396733653     0.005095991196008
     0.002238874676487     0.003063223388539     0.004970544165575
     0.002053908774178     0.004885775323309     0.005074019888033
257 238
    -0.002305887498090    -0.011061619347644     0.001750651011939
    -0.004905697823248     0.003191629281256     0.033602249315348
    -0.007200729200644     0.007059914685977    -0.016389745531440
257 239
    -0.001939694602197     0.001390897769498     0.004042355329948
     0.000484798862115    -0.004210073855014     0.000368338498083
     0.001119341018641    -0.000028570387047    -0.000367280405824
257 240
     0.005531077755545     0.002226910168570     0.000194050311755
    -0.000555931126115     0.001952027307356     0.002510683851132
     0.004743190046287     0.000475275083446     0.002821731639257
257 241
    -0.149260472235013    -0.008611066448624    -0.041828839224832
     0.064693803392025    -0.018548625591496    -0.001141603657898
     0.129889194674885    -0.005192728342039     0.038486548054468
257 242
     0.089980218652763     0.048256467436019     0.055926337632293
    -0.066476528357257     0.008273174434750     0.065231261082573
    -0.224543106170711    -0.018851094766710    -0.188657585010108
257 243
     0.033093325951375    -0.003956538834069     0.005586444920329
     0.012621046055488    -0.003896111805869    -0.011259174174607
    -0.008444111837581    -0.001082342903579    -0.000492027102593
257 244
     0.005144842790550     0.001623127653514     0.007398749018794
    -0.009927223053137    -0.005521781727522    -0.000960071098676
     0.051131090399231     0.001772255071842     0.018898781036400
257 245
     0.009753865798217    -0.007148876040615     0.007148876040615
     0.001919613625739    -0.010012920928746     0.015828760235884
    -0.001919613625739     0.015828760235884    -0.010012920928746
257 246
     0.004314600078034    -0.024011954131163     0.024011954131163
    -0.003106481803241    -0.019873694843405     0.049790015960890
     0.003106481803241     0.049790015960890    -0.019873694843405
257 247
    -0.008007871340733    -0.002154179853226     0.002154179853226
    -0.001787440355448    -0.002822160569764    -0.000953739626847
     0.001787440355448    -0.000953739626847    -0.002822160569764
257 248
    -0.006289233548545     0.001932990188525    -0.001932990188525
    -0.000553182933307    -0.000827321808622     0.001204092779598
     0.000553182933307     0.001204092779598    -0.000827321808622
257 249
     0.001696635168480    -0.007782509091922     0.004321547425880
    -0.000642673808520     0.011183540985783    -0.001612744115630
     0.005825659161759    -0.002274906748635     0.012355091025055
257 250
    -0.001907961326120     0.001901135445363    -0.008010990577598
     0.003877207541801    -0.007233951397410    -0.008704903567989
    -0.006092751997225    -0.000501730235075     0.018452237663474
257 251
     0.001720989319115    -0.001319458041938     0.001948202043056
     0.001528125209298     0.001454209640978     0.005060444992202
     0.000429271322751     0.001904471994367    -0.000206640185303
257 252
     0.004855842227466    -0.003300024420538    -0.000463238454446
    -0.004483068282772     0.001387903795702    -0.003184072699926
    -0.006840594475638    -0.000795376914177    -0.003867308923228
257 253
     0.003392391598446     0.009250972136142     0.016779849412967
     0.015028979190897    -0.004583554776036     0.001232364243739
     0.011696026751622     0.006535161693399    -0.003440883536332
257 254
     0.004300358062267    -0.004827898155010    -0.003680658614139
    -0.007440761446978     0.009524862383654     0.009695461956155
     0.013122779137447    -0.027208485748003    -0.022732847834532
257 255
    -0.007756070072573    -0.004086630082598     0.004731620306396
     0.003806027829721    -0.000737694282938     0.004384738779168
    -0.002068987774084    -0.002258933826897    -0.003379087156603
257 256
    -0.009196396405199    -0.001766016598250    -0.009979880932608
    -0.006068851450237     0.000033879827297     0.001162217001885
     0.001461695999013     0.003660855683363     0.000022097520007
257 257
    12.675571102299156    -0.834521559512705     0.834521559512705
    -0.834521559512705    12.675571102299150    -0.834521559512705
     0.834521559512705    -0.834521559512705    12.675571102299154
257 258
    -1.434637317292716    -0.110341370399739     0.110341370399739
     0.038594342501054     0.188519465546543    -0.033589158390005
    -0.038594342501054    -0.033589158390005     0.188519465546543
257 259
    -0.083500150823135    -0.007995800549184     0.007995800549184
    -0.007995800549184    -0.027866221475046    -0.003860210690491
     0.007995800549184    -0.003860210690491    -0.027866221475046
257 260
    -1.434637317292716     0.038594342501054    -0.038594342501054
    -0.110341370399739     0.188519465546543    -0.033589158390005
     0.110341370399739    -0.033589158390005     0.188519465546543
257 261
     0.188519465546543    -0.110341370399739     0.033589158390005
     0.038594342501054    -1.434637317292717     0.038594342501054
     0.033589158390005    -0.110341370399739     0.188519465546543
257 262
    -0.011204869846680     0.014964181245612    -0.000257660157111
    -0.086912631938763    -0.011204869846680     0.002951800112638
    -0.002951800112638     0.000257660157111     0.002904610150008
257 263
    -0.003188452157660     0.008785165791592    -0.000753929118148
    -0.007129451745519     0.008877040458431     0.002860031729572
    -0.000559885449124    -0.002684454853384     0.002569360994137
257 264
    -0.029105717165249     0.036175492511339    -0.002742724891788
     0.036175492511339    -0.029105717165249     0.002742724891788
    -0.012259002968694     0.012259002968694     0.001979122059112
257 265
    -0.027866221475046    -0.007995800549184     0.003860210690491
    -0.007995800549184    -0.083500150823135    -0.007995800549184
     0.003860210690491    -0.007995800549184    -0.027866221475046
257 266
     0.008877040458431     0.008785165791592     0.002684454853384
    -0.007129451745519    -0.003188452157660     0.000559885449124
    -0.002860031729572     0.000753929118148     0.002569360994137
257 267
    -0.006596970409555    -0.003536257973566     0.001849626758396
    -0.003536257973566    -0.006596970409555    -0.001849626758396
     0.001849626758396    -0.001849626758396    -0.010663566963710
257 268
     0.008877040458431    -0.007129451745519    -0.002860031729572
     0.008785165791592    -0.003188452157660     0.000753929118148
     0.002684454853384     0.000559885449124     0.002569360994137
257 269
     0.188519465546543     0.038594342501054     0.033589158390005
    -0.110341370399739    -1.434637317292717    -0.110341370399739
     0.033589158390005     0.038594342501054     0.188519465546543
257 270
    -0.029105717165249     0.036175492511339    -0.012259002968694
     0.036175492511339    -0.029105717165249     0.012259002968694
    -0.002742724891788     0.002742724891788     0.001979122059112
257 271
    -0.003188452157660    -0.007129451745519    -0.000559885449124
     0.008785165791592     0.008877040458431    -0.002684454853384
    -0.000753929118148     0.002860031729572     0.002569360994137
257 272
    -0.011204869846680    -0.086912631938763    -0.002951800112638
     0.014964181245612    -0.011204869846680     0.000257660157111
    -0.000257660157111     0.002951800112638     0.002904610150008
257 273
     0.188519465546543    -0.033589158390005    -0.038594342501054
    -0.033589158390005     0.188519465546543     0.038594342501054
     0.110341370399739    -0.110341370399739    -1.434637317292716
257 274
    -0.029105717165249     0.012259002968694    -0.036175492511339
     0.002742724891788     0.001979122059112     0.002742724891788
    -0.036175492511339     0.012259002968694    -0.029105717165249
257 275
    -0.003188452157660     0.000559885449124     0.007129451745519
     0.000753929118148     0.002569360994137     0.002860031729572
    -0.008785165791592    -0.002684454853384     0.008877040458431
257 276
    -0.011204869846680     0.002951800112638     0.086912631938763
     0.000257660157111     0.002904610150008     0.002951800112638
    -0.014964181245612     0.000257660157111    -0.011204869846680
257 277
     0.002904610150008     0.000257660157111    -0.002951800112638
     0.002951800112638    -0.011204869846680    -0.086912631938763
    -0.000257660157111     0.014964181245612    -0.011204869846680
257 278
    -0.003363713978595    -0.000162084540085    -0.003336744489850
    -0.000991947667955    -0.003371093104036    -0.000991947667955
    -0.003336744489850    -0.000162084540085    -0.003363713978595
257 279
    -0.005600818841687     0.000347211765868    -0.000466978312132
     0.000466978312132     0.000674155609845    -0.001592329104619
    -0.000347211765868    -0.000854720228157     0.000674155609845
257 280
    -0.003363713978595     0.003336744489850     0.000991947667955
     0.003336744489850    -0.003363713978595    -0.000991947667955
     0.000162084540085    -0.000162084540085    -0.003371093104036
257 281
     0.002569360994137     0.000753929118148    -0.002860031729572
     0.000559885449124    -0.003188452157660    -0.007129451745519
     0.002684454853384     0.008785165791592     0.008877040458431
257 282
    -0.000564747928316     0.003307577205954    -0.001143109659964
     0.000688078774443    -0.006397855489712     0.000688078774443
    -0.001143109659964     0.003307577205954    -0.000564747928316
257 283
     0.001397810954865     0.001184499569336    -0.001772476179896
     0.001184499569336     0.001397810954865     0.001772476179896
     0.000939823104907    -0.000939823104907    -0.002455595680917
257 284
     0.000674155609845     0.000466978312132     0.001592329104619
     0.000347211765868    -0.005600818841687     0.000466978312132
     0.000854720228157     0.000347211765868     0.000674155609845
257 285
     0.001979122059112     0.002742724891788    -0.002742724891788
     0.012259002968694    -0.029105717165249     0.036175492511339
    -0.012259002968694     0.036175492511339    -0.029105717165249
257 286
     0.000464898188368     0.005120245705675    -0.005120245705675
     0.005120245705675     0.000464898188368     0.005120245705675
    -0.005120245705675     0.005120245705675     0.000464898188368
257 287
    -0.006397855489712     0.000688078774443    -0.000688078774443
     0.003307577205954    -0.000564747928316     0.001143109659964
    -0.003307577205954     0.001143109659964    -0.000564747928316
257 288
    -0.003371093104036    -0.000991947667955     0.000991947667955
    -0.000162084540085    -0.003363713978595     0.003336744489850
     0.000162084540085     0.003336744489850    -0.003363713978595
257 289
    -0.027866221475046    -0.003860210690491     0.007995800549184
    -0.003860210690491    -0.027866221475046    -0.007995800549184
     0.007995800549184    -0.007995800549184    -0.083500150823135
257 290
     0.008877040458431    -0.002684454853384    -0.008785165791592
     0.002860031729572     0.002569360994137     0.000753929118148
     0.007129451745519     0.000559885449124    -0.003188452157660
257 291
    -0.006596970409555    -0.001849626758396     0.003536257973566
    -0.001849626758396    -0.010663566963710    -0.001849626758396
     0.003536257973566    -0.001849626758396    -0.006596970409555
257 292
     0.008877040458431     0.002860031729572     0.007129451745519
    -0.002684454853384     0.002569360994137     0.000559885449124
    -0.008785165791592     0.000753929118148    -0.003188452157660
257 293
     0.002569360994137    -0.002684454853384    -0.000559885449124
     0.002860031729572     0.008877040458431    -0.007129451745519
    -0.000753929118148     0.008785165791592    -0.003188452157660
257 294
     0.000674155609845    -0.000854720228157    -0.000347211765868
    -0.001592329104619     0.000674155609845     0.000466978312132
    -0.000466978312132     0.000347211765868    -0.005600818841687
257 295
     0.001397810954865    -0.000939823104907    -0.001184499569336
     0.001772476179896    -0.002455595680917     0.001772476179896
    -0.001184499569336    -0.000939823104907     0.001397810954865
257 296
    -0.000564747928316     0.001143109659964    -0.000688078774443
     0.001143109659964    -0.000564747928316     0.000688078774443
    -0.003307577205954     0.003307577205954    -0.006397855489712
257 297
    -0.010663566963710    -0.001849626758396     0.001849626758396
    -0.001849626758396    -0.006596970409555    -0.003536257973566
     0.001849626758396    -0.003536257973566    -0.006596970409555
257 298
    -0.002455595680917    -0.000939823104907     0.000939823104907
     0.001772476179896     0.001397810954865     0.001184499569336
    -0.001772476179896     0.001184499569336     0.001397810954865
257 299
     0.005125089205779    -0.001498101013072     0.001498101013072
    -0.001498101013072     0.005125089205779    -0.001498101013072
     0.001498101013072    -0.001498101013072     0.005125089205779
257 300
    -0.002455595680917     0.001772476179896    -0.001772476179896
    -0.000939823104907     0.001397810954865     0.001184499569336
     0.000939823104907     0.001184499569336     0.001397810954865
257 301
     0.002569360994137     0.002860031729572    -0.000753929118148
    -0.002684454853384     0.008877040458431     0.008785165791592
    -0.000559885449124    -0.007129451745519    -0.003188452157660
257 302
    -0.000564747928316     0.001143109659964    -0.003307577205954
     0.001143109659964    -0.000564747928316     0.003307577205954
    -0.000688078774443     0.000688078774443    -0.006397855489712
257 303
     0.001397810954865     0.001772476179896    -0.001184499569336
    -0.000939823104907    -0.002455595680917    -0.000939823104907
    -0.001184499569336     0.001772476179896     0.001397810954865
257 304
     0.000674155609845    -0.001592329104619    -0.000466978312132
    -0.000854720228157     0.000674155609845     0.000347211765868
    -0.000347211765868     0.000466978312132    -0.005600818841687
257 305
     0.188519465546543    -0.033589158390005     0.110341370399739
    -0.033589158390005     0.188519465546543    -0.110341370399739
    -0.038594342501054     0.038594342501054    -1.434637317292716
257 306
    -0.011204869846680     0.000257660157111    -0.014964181245612
     0.002951800112638     0.002904610150008     0.000257660157111
     0.086912631938763     0.002951800112638    -0.011204869846680
257 307
    -0.003188452157660     0.000753929118148    -0.008785165791592
     0.000559885449124     0.002569360994137    -0.002684454853384
     0.007129451745519     0.002860031729572     0.008877040458431
257 308
    -0.029105717165249     0.002742724891788    -0.036175492511339
     0.012259002968694     0.001979122059112     0.012259002968694
    -0.036175492511339     0.002742724891788    -0.029105717165249
257 309
     0.001979122059112     0.012259002968694    -0.012259002968694
     0.002742724891788    -0.029105717165249     0.036175492511339
    -0.002742724891788     0.036175492511339    -0.029105717165249
257 310
    -0.003371093104036    -0.000162084540085     0.000162084540085
    -0.000991947667955    -0.003363713978595     0.003336744489850
     0.000991947667955     0.003336744489850    -0.003363713978595
257 311
    -0.006397855489712     0.003307577205954    -0.003307577205954
     0.000688078774443    -0.000564747928316     0.001143109659964
    -0.000688078774443     0.001143109659964    -0.000564747928316
257 312
     0.000464898188368     0.005120245705675    -0.005120245705675
     0.005120245705675     0.000464898188368     0.005120245705675
    -0.005120245705675     0.005120245705675     0.000464898188368
257 313
     0.002569360994137     0.000559885449124     0.002684454853384
     0.000753929118148    -0.003188452157660     0.008785165791592
    -0.002860031729572    -0.007129451745519     0.008877040458431
257 314
     0.000674155609845     0.000347211765868     0.000854720228157
     0.000466978312132    -0.005600818841687     0.000347211765868
     0.001592329104619     0.000466978312132     0.000674155609845
257 315
     0.001397810954865     0.001184499569336     0.000939823104907
     0.001184499569336     0.001397810954865    -0.000939823104907
    -0.001772476179896     0.001772476179896    -0.002455595680917
257 316
    -0.000564747928316     0.000688078774443    -0.001143109659964
     0.003307577205954    -0.006397855489712     0.003307577205954
    -0.001143109659964     0.000688078774443    -0.000564747928316
257 317
     0.002904610150008     0.002951800112638    -0.000257660157111
     0.000257660157111    -0.011204869846680     0.014964181245612
    -0.002951800112638    -0.086912631938763    -0.011204869846680
257 318
    -0.003363713978595     0.003336744489850     0.000162084540085
     0.003336744489850    -0.003363713978595    -0.000162084540085
     0.000991947667955    -0.000991947667955    -0.003371093104036
257 319
    -0.005600818841687     0.000466978312132    -0.000347211765868
     0.000347211765868     0.000674155609845    -0.000854720228157
    -0.000466978312132    -0.001592329104619     0.000674155609845
257 320
    -0.003363713978595    -0.000991947667955    -0.003336744489850
    -0.000162084540085    -0.003371093104036    -0.000162084540085
    -0.003336744489850    -0.000991947667955    -0.003363713978595
257 321
    -0.461605316196401     0.393863642665790     0.081021886347391
     0.393863642665790    -0.461605316196401    -0.081021886347391
    -0.081021886347391     0.081021886347391    -0.025684285443830
257 322
    -0.224829496140344    -0.070937037924751    -0.012343470041169
    -0.070937037924751     0.013784576420308    -0.037283547529609
     0.012343470041169     0.037283547529609    -0.046625135060392
257 323
    -0.082395278622087    -0.000549974494120    -0.022535423964338
    -0.000549974494120    -0.013946389557228     0.001865916633310
     0.022535423964338    -0.001865916633310     0.026263694829166
257 324
    -0.120982972698132     0.024023530513784     0.010452743755654
     0.024023530513784     0.001615032062133     0.006606761795471
    -0.010452743755654    -0.006606761795471     0.009395150719772
257 325
     0.001615032062133     0.024023530513784    -0.006606761795471
     0.024023530513784    -0.120982972698133    -0.010452743755654
     0.006606761795471     0.010452743755654     0.009395150719772
257 326
    -0.016123929998288    -0.046798870951140    -0.001344428068655
    -0.046798870951140    -0.112947712427483    -0.010363723565396
     0.001344428068655     0.010363723565396    -0.010362153982829
257 327
    -0.001565553203893     0.001802463366620    -0.001969695074451
     0.001802463366620     0.008800690803526    -0.001371803713040
     0.001969695074451     0.001371803713040     0.007032980308810
257 328
    -0.001607186047434     0.015446633325677     0.002233506400687
     0.015446633325677    -0.001607186047434    -0.002233506400687
    -0.002233506400687     0.002233506400687     0.003221510184286
257 329
    -0.013946389557228    -0.000549974494120    -0.001865916633310
    -0.000549974494120    -0.082395278622087     0.022535423964338
     0.001865916633310    -0.022535423964338     0.026263694829166
257 330
     0.013837748636970    -0.003575765143112     0.004326186899168
    -0.003575765143112    -0.057885589384206     0.004209851798067
    -0.004326186899168    -0.004209851798067    -0.001148587066277
257 331
    -0.000694269799881    -0.002568605620626     0.002022730640641
    -0.002568605620626    -0.000694269799881    -0.002022730640641
    -0.002022730640641     0.002022730640641     0.005859259045385
257 332
     0.008800690803526     0.001802463366620     0.001371803713040
     0.001802463366620    -0.001565553203893     0.001969695074451
    -0.001371803713040    -0.001969695074451     0.007032980308810
257 333
     0.013784576420308    -0.070937037924751     0.037283547529609
    -0.070937037924751    -0.224829496140345     0.012343470041169
    -0.037283547529609    -0.012343470041169    -0.046625135060392
257 334
    -0.051288620872500    -0.082415571217124     0.090991570687552
    -0.082415571217124    -0.051288620872500    -0.090991570687552
    -0.090991570687552     0.090991570687552     0.144884016941838
257 335
    -0.057885589384206    -0.003575765143112    -0.004209851798067
    -0.003575765143112     0.013837748636970    -0.004326186899168
     0.004209851798067     0.004326186899168    -0.001148587066277
257 336
    -0.112947712427483    -0.046798870951140     0.010363723565396
    -0.046798870951140    -0.016123929998288     0.001344428068655
    -0.010363723565396    -0.001344428068655    -0.010362153982829
257 337
    -0.007419887138475    -0.001308855293923     0.016688863923225
    -0.001308855293923    -0.007419887138475    -0.016688863923225
     0.000559948080590    -0.000559948080590     0.003563789247729
257 338
    -0.013187751691595     0.003025075131942    -0.005276590925972
    -0.014789196521466    -0.004187769461442    -0.015516478797741
    -0.002239792322360     0.007956367398643    -0.011539747009601
257 339
    -0.004287190270892    -0.001279703193413     0.003596230449089
     0.001940389242161     0.001645444383656    -0.001646744460982
    -0.002452678573016    -0.001477510444163     0.002291816295551
257 340
    -0.000934334310910    -0.003247302960640     0.003892169819429
    -0.002580175360516     0.000773007042331    -0.000519059222947
     0.003020096879362    -0.000433242727068    -0.000621161797820
257 341
     0.000773007042331    -0.002580175360516     0.000519059222947
    -0.003247302960640    -0.000934334310910    -0.003892169819429
     0.000433242727068    -0.003020096879362    -0.000621161797820
257 342
    -0.002612037695298    -0.002349220880897    -0.001898727929771
    -0.000060052188298    -0.005955054821357    -0.007969318826630
     0.001033274945860     0.009489054266377    -0.000682123091334
257 343
     0.000351668089638    -0.003659926649951     0.001876939771316
    -0.000984219324643     0.001317452886139    -0.002184160397218
    -0.000863296943143    -0.000581523671645     0.002052571687349
257 344
     0.002006049793618     0.000113858311311    -0.000925351440428
     0.000113858311311     0.002006049793618     0.000925351440428
     0.002391945030285    -0.002391945030285     0.002315684577844
257 345
     0.001645444383656     0.001940389242161     0.001646744460982
    -0.001279703193413    -0.004287190270892    -0.003596230449089
     0.001477510444163     0.002452678573016     0.002291816295551
257 346
     0.000851201478598    -0.000403242254883    -0.003043479293313
     0.002283275641032    -0.000185155694557     0.010014930829495
    -0.000198659418272     0.012919391043497     0.002229761798266
257 347
    -0.000961239270339    -0.001337035657750    -0.001988461739155
    -0.001337035657750    -0.000961239270339     0.001988461739155
    -0.001401380948350     0.001401380948350     0.001551686977066
257 348
     0.001317452886139    -0.000984219324643     0.002184160397218
    -0.003659926649951     0.000351668089638    -0.001876939771316
     0.000581523671645     0.000863296943143     0.002052571687349
257 349
    -0.004187769461442    -0.014789196521466     0.015516478797741
     0.003025075131942    -0.013187751691595     0.005276590925972
    -0.007956367398643     0.002239792322360    -0.011539747009601
257 350
     0.002756959315939    -0.011310667678188     0.019555517506878
    -0.011310667678188     0.002756959315939    -0.019555517506878
    -0.004179181358988     0.004179181358988    -0.017651621532133
257 351
    -0.000185155694557     0.002283275641032    -0.010014930829495
    -0.000403242254883     0.000851201478598     0.003043479293313
    -0.012919391043497     0.000198659418272     0.002229761798266
257 352
    -0.005955054821357    -0.000060052188298     0.007969318826630
    -0.002349220880897    -0.002612037695298     0.001898727929771
    -0.009489054266377    -0.001033274945860    -0.000682123091334
257 353
     0.000477553540334    -0.001279566542941    -0.004484291494281
    -0.001279566542941     0.000477553540334     0.004484291494281
     0.004484291494281    -0.004484291494281    -0.033285088316558
257 354
     0.002223430326439    -0.000264147258644     0.006683589727025
    -0.000264147258644    -0.000643375091072    -0.004984022267253
    -0.006683589727025     0.004984022267253    -0.030266555325922
257 355
    -0.004388053501982     0.000089762278233     0.002205994105830
     0.000089762278233    -0.001707517860025    -0.000065986994177
    -0.002205994105830     0.000065986994177     0.003453390850431
257 356
    -0.004457441574550     0.000952254501935    -0.002487235958830
     0.000952254501935     0.001677617977918    -0.000727572658526
     0.002487235958830     0.000727572658526    -0.000589565172214
257 357
     0.001677617977918     0.000952254501935     0.000727572658526
     0.000952254501935    -0.004457441574550     0.002487235958830
    -0.000727572658526    -0.002487235958830    -0.000589565172214
257 358
     0.000589485459586     0.001484751021210     0.001305467500993
     0.001484751021210     0.008715815677560     0.006110826868919
    -0.001305467500993    -0.006110826868919     0.007883902792624
257 359
    -0.002192414465186     0.000526998235735    -0.000100772130776
     0.000526998235735     0.000488667778654     0.000268153774541
     0.000100772130776    -0.000268153774541    -0.001007776347456
257 360
    -0.002287614293417     0.001228576937973     0.000089824909698
     0.001228576937973    -0.002287614293417    -0.000089824909698
    -0.000089824909698     0.000089824909698     0.000352579092779
257 361
    -0.001707517860025     0.000089762278233     0.000065986994177
     0.000089762278233    -0.004388053501982    -0.002205994105830
    -0.000065986994177     0.002205994105830     0.003453390850431
257 362
    -0.003377447350944    -0.002992055063929     0.000356915847242
    -0.002992055063929     0.001487187954687    -0.007946361547478
    -0.000356915847242     0.007946361547478     0.009637325721410
257 363
    -0.001158061498943    -0.000017644992086    -0.001330459353827
    -0.000017644992086    -0.001158061498943     0.001330459353827
     0.001330459353827    -0.001330459353827    -0.004940258055875
257 364
     0.000488667778654     0.000526998235735    -0.000268153774541
     0.000526998235735    -0.002192414465186     0.000100772130776
     0.000268153774541    -0.000100772130776    -0.001007776347456
257 365
    -0.000643375091072    -0.000264147258644     0.004984022267253
    -0.000264147258644     0.002223430326439    -0.006683589727025
    -0.004984022267253     0.006683589727025    -0.030266555325922
257 366
    -0.016948995176283    -0.000041057772809     0.004309287790903
    -0.000041057772809    -0.016948995176283    -0.004309287790903
    -0.004309287790903     0.004309287790903    -0.015897226866661
257 367
     0.001487187954687    -0.002992055063929     0.007946361547478
    -0.002992055063929    -0.003377447350944    -0.000356915847242
    -0.007946361547478     0.000356915847242     0.009637325721410
257 368
     0.008715815677560     0.001484751021210    -0.006110826868919
     0.001484751021210     0.000589485459586    -0.001305467500993
     0.006110826868919     0.001305467500993     0.007883902792624
257 369
    -0.007419887138475    -0.001308855293923    -0.000559948080590
    -0.001308855293923    -0.007419887138475     0.000559948080590
    -0.016688863923225     0.016688863923225     0.003563789247729
257 370
    -0.013187751691595    -0.014789196521466     0.002239792322360
     0.003025075131942    -0.004187769461442    -0.007956367398643
     0.005276590925972     0.015516478797741    -0.011539747009601
257 371
    -0.004287190270892     0.001940389242161     0.002452678573016
    -0.001279703193413     0.001645444383656     0.001477510444163
    -0.003596230449089     0.001646744460982     0.002291816295551
257 372
    -0.000934334310910    -0.002580175360516    -0.003020096879362
    -0.003247302960640     0.000773007042331     0.000433242727068
    -0.003892169819429     0.000519059222947    -0.000621161797820
257 373
     0.000773007042331    -0.003247302960640    -0.000433242727068
    -0.002580175360516    -0.000934334310910     0.003020096879362
    -0.000519059222947     0.003892169819429    -0.000621161797820
257 374
    -0.002612037695298    -0.000060052188298    -0.001033274945860
    -0.002349220880897    -0.005955054821357    -0.009489054266377
     0.001898727929771     0.007969318826630    -0.000682123091334
257 375
     0.000351668089638    -0.000984219324643     0.000863296943143
    -0.003659926649951     0.001317452886139     0.000581523671645
    -0.001876939771316     0.002184160397218     0.002052571687349
257 376
     0.002006049793618     0.000113858311311    -0.002391945030285
     0.000113858311311     0.002006049793618     0.002391945030285
     0.000925351440428    -0.000925351440428     0.002315684577844
257 377
     0.001645444383656    -0.001279703193413    -0.001477510444163
     0.001940389242161    -0.004287190270892    -0.002452678573016
    -0.001646744460982     0.003596230449089     0.002291816295551
257 378
     0.000851201478598     0.002283275641032     0.000198659418272
    -0.000403242254883    -0.000185155694557    -0.012919391043497
     0.003043479293313    -0.010014930829495     0.002229761798266
257 379
    -0.000961239270339    -0.001337035657750     0.001401380948350
    -0.001337035657750    -0.000961239270339    -0.001401380948350
     0.001988461739155    -0.001988461739155     0.001551686977066
257 380
     0.001317452886139    -0.003659926649951    -0.000581523671645
    -0.000984219324643     0.000351668089638    -0.000863296943143
    -0.002184160397218     0.001876939771316     0.002052571687349
257 381
    -0.004187769461442     0.003025075131942     0.007956367398643
    -0.014789196521466    -0.013187751691595    -0.002239792322360
    -0.015516478797741    -0.005276590925972    -0.011539747009601
257 382
     0.002756959315939    -0.011310667678188     0.004179181358988
    -0.011310667678188     0.002756959315939    -0.004179181358988
    -0.019555517506878     0.019555517506878    -0.017651621532133
257 383
    -0.000185155694557    -0.000403242254883     0.012919391043497
     0.002283275641032     0.000851201478598    -0.000198659418272
     0.010014930829495    -0.003043479293313     0.002229761798266
257 384
    -0.005955054821357    -0.002349220880897     0.009489054266377
    -0.000060052188298    -0.002612037695298     0.001033274945860
    -0.007969318826630    -0.001898727929771    -0.000682123091334
257 385
    -0.461605316196401    -0.081021886347391    -0.393863642665790
     0.081021886347391    -0.025684285443830     0.081021886347391
    -0.393863642665790    -0.081021886347391    -0.461605316196401
257 386
    -0.224829496140344     0.012343470041169     0.070937037924751
    -0.012343470041169    -0.046625135060392     0.037283547529609
     0.070937037924751    -0.037283547529609     0.013784576420308
257 387
    -0.082395278622087     0.022535423964338     0.000549974494120
    -0.022535423964338     0.026263694829166    -0.001865916633310
     0.000549974494120     0.001865916633310    -0.013946389557228
257 388
    -0.120982972698132    -0.010452743755654    -0.024023530513784
     0.010452743755654     0.009395150719772    -0.006606761795471
    -0.024023530513784     0.006606761795471     0.001615032062133
257 389
    -0.007419887138475     0.000559948080590     0.001308855293923
     0.016688863923225     0.003563789247729     0.016688863923225
     0.001308855293923     0.000559948080590    -0.007419887138475
257 390
    -0.013187751691595    -0.002239792322360     0.014789196521466
    -0.005276590925972    -0.011539747009601     0.015516478797741
    -0.003025075131942    -0.007956367398643    -0.004187769461442
257 391
    -0.004287190270892    -0.002452678573016    -0.001940389242161
     0.003596230449089     0.002291816295551     0.001646744460982
     0.001279703193413     0.001477510444163     0.001645444383656
257 392
    -0.000934334310910     0.003020096879362     0.002580175360516
     0.003892169819429    -0.000621161797820     0.000519059222947
     0.003247302960640     0.000433242727068     0.000773007042331
257 393
     0.000477553540334     0.004484291494281     0.001279566542941
    -0.004484291494281    -0.033285088316558    -0.004484291494281
     0.001279566542941     0.004484291494281     0.000477553540334
257 394
     0.002223430326439    -0.006683589727025     0.000264147258644
     0.006683589727025    -0.030266555325922     0.004984022267253
     0.000264147258644    -0.004984022267253    -0.000643375091072
257 395
    -0.004388053501982    -0.002205994105830    -0.000089762278233
     0.002205994105830     0.003453390850431     0.000065986994177
    -0.000089762278233    -0.000065986994177    -0.001707517860025
257 396
    -0.004457441574550     0.002487235958830    -0.000952254501935
    -0.002487235958830    -0.000589565172214     0.000727572658526
    -0.000952254501935    -0.000727572658526     0.001677617977918
257 397
    -0.007419887138475    -0.016688863923225     0.001308855293923
    -0.000559948080590     0.003563789247729    -0.000559948080590
     0.001308855293923    -0.016688863923225    -0.007419887138475
257 398
    -0.013187751691595     0.005276590925972    -0.003025075131942
     0.002239792322360    -0.011539747009601     0.007956367398643
     0.014789196521466    -0.015516478797741    -0.004187769461442
257 399
    -0.004287190270892    -0.003596230449089     0.001279703193413
     0.002452678573016     0.002291816295551    -0.001477510444163
    -0.001940389242161    -0.001646744460982     0.001645444383656
257 400
    -0.000934334310910    -0.003892169819429     0.003247302960640
    -0.003020096879362    -0.000621161797820    -0.000433242727068
     0.002580175360516    -0.000519059222947     0.000773007042331
257 401
     0.013784576420308    -0.037283547529609     0.070937037924751
     0.037283547529609    -0.046625135060392    -0.012343470041169
     0.070937037924751     0.012343470041169    -0.224829496140344
257 402
    -0.051288620872500    -0.090991570687552     0.082415571217124
     0.090991570687552     0.144884016941838     0.090991570687552
     0.082415571217124    -0.090991570687552    -0.051288620872500
257 403
    -0.057885589384206     0.004209851798067     0.003575765143112
    -0.004209851798067    -0.001148587066277     0.004326186899168
     0.003575765143112    -0.004326186899168     0.013837748636970
257 404
    -0.112947712427483    -0.010363723565396     0.046798870951140
     0.010363723565396    -0.010362153982829    -0.001344428068655
     0.046798870951140     0.001344428068655    -0.016123929998288
257 405
    -0.004187769461442    -0.007956367398643    -0.003025075131942
     0.015516478797741    -0.011539747009601    -0.005276590925972
     0.014789196521466    -0.002239792322360    -0.013187751691595
257 406
     0.002756959315939    -0.004179181358988     0.011310667678188
     0.019555517506878    -0.017651621532133     0.019555517506878
     0.011310667678188    -0.004179181358988     0.002756959315939
257 407
    -0.000185155694557    -0.012919391043497     0.000403242254883
    -0.010014930829495     0.002229761798266    -0.003043479293313
    -0.002283275641032    -0.000198659418272     0.000851201478598
257 408
    -0.005955054821357    -0.009489054266377     0.002349220880897
     0.007969318826630    -0.000682123091334    -0.001898727929771
     0.000060052188298     0.001033274945860    -0.002612037695298
257 409
    -0.000643375091072    -0.004984022267253     0.000264147258644
     0.004984022267253    -0.030266555325922     0.006683589727025
     0.000264147258644    -0.006683589727025     0.002223430326439
257 410
    -0.016948995176283    -0.004309287790903     0.000041057772809
     0.004309287790903    -0.015897226866661     0.004309287790903
     0.000041057772809    -0.004309287790903    -0.016948995176283
257 411
     0.001487187954687    -0.007946361547478     0.002992055063929
     0.007946361547478     0.009637325721410     0.000356915847242
     0.002992055063929    -0.000356915847242    -0.003377447350944
257 412
     0.008715815677560     0.006110826868919    -0.001484751021210
    -0.006110826868919     0.007883902792624     0.001305467500993
    -0.001484751021210    -0.001305467500993     0.000589485459586
257 413
    -0.004187769461442    -0.015516478797741     0.014789196521466
     0.007956367398643    -0.011539747009601     0.002239792322360
    -0.003025075131942     0.005276590925972    -0.013187751691595
257 414
     0.002756959315939    -0.019555517506878     0.011310667678188
     0.004179181358988    -0.017651621532133     0.004179181358988
     0.011310667678188    -0.019555517506878     0.002756959315939
257 415
    -0.000185155694557     0.010014930829495    -0.002283275641032
     0.012919391043497     0.002229761798266     0.000198659418272
     0.000403242254883     0.003043479293313     0.000851201478598
257 416
    -0.005955054821357    -0.007969318826630     0.000060052188298
     0.009489054266377    -0.000682123091334    -0.001033274945860
     0.002349220880897     0.001898727929771    -0.002612037695298
257 417
    -0.013946389557228     0.001865916633310     0.000549974494120
    -0.001865916633310     0.026263694829166    -0.022535423964338
     0.000549974494120     0.022535423964338    -0.082395278622087
257 418
     0.013837748636970    -0.004326186899168     0.003575765143112
     0.004326186899168    -0.001148587066277    -0.004209851798067
     0.003575765143112     0.004209851798067    -0.057885589384206
257 419
    -0.000694269799881    -0.002022730640641     0.002568605620626
     0.002022730640641     0.005859259045385     0.002022730640641
     0.002568605620626    -0.002022730640641    -0.000694269799881
257 420
     0.008800690803526    -0.001371803713040    -0.001802463366620
     0.001371803713040     0.007032980308810    -0.001969695074451
    -0.001802463366620     0.001969695074451    -0.001565553203893
257 421
     0.001645444383656     0.001477510444163     0.001279703193413
     0.001646744460982     0.002291816295551     0.003596230449089
    -0.001940389242161    -0.002452678573016    -0.004287190270892
257 422
     0.000851201478598    -0.000198659418272    -0.002283275641032
    -0.003043479293313     0.002229761798266    -0.010014930829495
     0.000403242254883    -0.012919391043497    -0.000185155694557
257 423
    -0.000961239270339    -0.001401380948350     0.001337035657750
    -0.001988461739155     0.001551686977066    -0.001988461739155
     0.001337035657750    -0.001401380948350    -0.000961239270339
257 424
     0.001317452886139     0.000581523671645     0.003659926649951
     0.002184160397218     0.002052571687349     0.001876939771316
     0.000984219324643    -0.000863296943143     0.000351668089638
257 425
    -0.001707517860025    -0.000065986994177    -0.000089762278233
     0.000065986994177     0.003453390850431     0.002205994105830
    -0.000089762278233    -0.002205994105830    -0.004388053501982
257 426
    -0.003377447350944    -0.000356915847242     0.002992055063929
     0.000356915847242     0.009637325721410     0.007946361547478
     0.002992055063929    -0.007946361547478     0.001487187954687
257 427
    -0.001158061498943     0.001330459353827     0.000017644992086
    -0.001330459353827    -0.004940258055875    -0.001330459353827
     0.000017644992086     0.001330459353827    -0.001158061498943
257 428
     0.000488667778654     0.000268153774541    -0.000526998235735
    -0.000268153774541    -0.001007776347456    -0.000100772130776
    -0.000526998235735     0.000100772130776    -0.002192414465186
257 429
     0.001645444383656    -0.001646744460982    -0.001940389242161
    -0.001477510444163     0.002291816295551     0.002452678573016
     0.001279703193413    -0.003596230449089    -0.004287190270892
257 430
     0.000851201478598     0.003043479293313     0.000403242254883
     0.000198659418272     0.002229761798266     0.012919391043497
    -0.002283275641032     0.010014930829495    -0.000185155694557
257 431
    -0.000961239270339     0.001988461739155     0.001337035657750
     0.001401380948350     0.001551686977066     0.001401380948350
     0.001337035657750     0.001988461739155    -0.000961239270339
257 432
     0.001317452886139    -0.002184160397218     0.000984219324643
    -0.000581523671645     0.002052571687349     0.000863296943143
     0.003659926649951    -0.001876939771316     0.000351668089638
257 433
     0.001615032062133     0.006606761795471    -0.024023530513784
    -0.006606761795471     0.009395150719772     0.010452743755654
    -0.024023530513784    -0.010452743755654    -0.120982972698132
257 434
    -0.016123929998288     0.001344428068655     0.046798870951140
    -0.001344428068655    -0.010362153982829     0.010363723565396
     0.046798870951140    -0.010363723565396    -0.112947712427483
257 435
    -0.001565553203893     0.001969695074451    -0.001802463366620
    -0.001969695074451     0.007032980308810     0.001371803713040
    -0.001802463366620    -0.001371803713040     0.008800690803526
257 436
    -0.001607186047434    -0.002233506400687    -0.015446633325677
     0.002233506400687     0.003221510184286     0.002233506400687
    -0.015446633325677    -0.002233506400687    -0.001607186047434
257 437
     0.000773007042331     0.000433242727068     0.003247302960640
     0.000519059222947    -0.000621161797820     0.003892169819429
     0.002580175360516     0.003020096879362    -0.000934334310910
257 438
    -0.002612037695298     0.001033274945860     0.000060052188298
    -0.001898727929771    -0.000682123091334     0.007969318826630
     0.002349220880897    -0.009489054266377    -0.005955054821357
257 439
     0.000351668089638    -0.000863296943143     0.000984219324643
     0.001876939771316     0.002052571687349     0.002184160397218
     0.003659926649951     0.000581523671645     0.001317452886139
257 440
     0.002006049793618     0.002391945030285    -0.000113858311311
    -0.000925351440428     0.002315684577844    -0.000925351440428
    -0.000113858311311     0.002391945030285     0.002006049793618
257 441
     0.001677617977918    -0.000727572658526    -0.000952254501935
     0.000727572658526    -0.000589565172214    -0.002487235958830
    -0.000952254501935     0.002487235958830    -0.004457441574550
257 442
     0.000589485459586    -0.001305467500993    -0.001484751021210
     0.001305467500993     0.007883902792624    -0.006110826868919
    -0.001484751021210     0.006110826868919     0.008715815677560
257 443
    -0.002192414465186     0.000100772130776    -0.000526998235735
    -0.000100772130776    -0.001007776347456    -0.000268153774541
    -0.000526998235735     0.000268153774541     0.000488667778654
257 444
    -0.002287614293417    -0.000089824909698    -0.001228576937973
     0.000089824909698     0.000352579092779     0.000089824909698
    -0.001228576937973    -0.000089824909698    -0.002287614293417
257 445
     0.000773007042331    -0.000519059222947     0.002580175360516
    -0.000433242727068    -0.000621161797820    -0.003020096879362
     0.003247302960640    -0.003892169819429    -0.000934334310910
257 446
    -0.002612037695298     0.001898727929771     0.002349220880897
    -0.001033274945860    -0.000682123091334     0.009489054266377
     0.000060052188298    -0.007969318826630    -0.005955054821357
257 447
     0.000351668089638    -0.001876939771316     0.003659926649951
     0.000863296943143     0.002052571687349    -0.000581523671645
     0.000984219324643    -0.002184160397218     0.001317452886139
257 448
     0.002006049793618     0.000925351440428    -0.000113858311311
    -0.002391945030285     0.002315684577844    -0.002391945030285
    -0.000113858311311     0.000925351440428     0.002006049793618
257 449
    -0.025684285443830     0.081021886347391    -0.081021886347391
    -0.081021886347391    -0.461605316196401     0.393863642665790
     0.081021886347391     0.393863642665790    -0.461605316196401
257 450
     0.003563789247729    -0.000559948080590     0.000559948080590
    -0.016688863923225    -0.007419887138475    -0.001308855293923
     0.016688863923225    -0.001308855293923    -0.007419887138475
257 451
    -0.033285088316558    -0.004484291494281     0.004484291494281
     0.004484291494281     0.000477553540334    -0.001279566542941
    -0.004484291494281    -0.001279566542941     0.000477553540334
257 452
     0.003563789247729     0.016688863923225    -0.016688863923225
     0.000559948080590    -0.007419887138475    -0.001308855293923
    -0.000559948080590    -0.001308855293923    -0.007419887138475
257 453
     0.009395150719772     0.010452743755654     0.006606761795471
    -0.010452743755654    -0.120982972698132     0.024023530513784
    -0.006606761795471     0.024023530513784     0.001615032062133
257 454
    -0.000621161797820    -0.003020096879362     0.000433242727068
    -0.003892169819429    -0.000934334310910    -0.003247302960640
     0.000519059222947    -0.002580175360516     0.000773007042331
257 455
    -0.000589565172214    -0.002487235958830    -0.000727572658526
     0.002487235958830    -0.004457441574550     0.000952254501935
     0.000727572658526     0.000952254501935     0.001677617977918
257 456
    -0.000621161797820     0.003892169819429    -0.000519059222947
     0.003020096879362    -0.000934334310910    -0.002580175360516
    -0.000433242727068    -0.003247302960640     0.000773007042331
257 457
     0.026263694829166    -0.022535423964338     0.001865916633310
     0.022535423964338    -0.082395278622087    -0.000549974494120
    -0.001865916633310    -0.000549974494120    -0.013946389557228
257 458
     0.002291816295551     0.002452678573016     0.001477510444163
    -0.003596230449089    -0.004287190270892    -0.001279703193413
     0.001646744460982     0.001940389242161     0.001645444383656
257 459
     0.003453390850431     0.002205994105830    -0.000065986994177
    -0.002205994105830    -0.004388053501982     0.000089762278233
     0.000065986994177     0.000089762278233    -0.001707517860025
257 460
     0.002291816295551     0.003596230449089    -0.001646744460982
    -0.002452678573016    -0.004287190270892     0.001940389242161
    -0.001477510444163    -0.001279703193413     0.001645444383656
257 461
    -0.046625135060392    -0.012343470041169    -0.037283547529609
     0.012343470041169    -0.224829496140344    -0.070937037924751
     0.037283547529609    -0.070937037924751     0.013784576420308
257 462
    -0.011539747009601     0.002239792322360    -0.007956367398643
     0.005276590925972    -0.013187751691595     0.003025075131942
     0.015516478797741    -0.014789196521466    -0.004187769461442
257 463
    -0.030266555325922     0.006683589727025    -0.004984022267253
    -0.006683589727025     0.002223430326439    -0.000264147258644
     0.004984022267253    -0.000264147258644    -0.000643375091072
257 464
    -0.011539747009601    -0.005276590925972    -0.015516478797741
    -0.002239792322360    -0.013187751691595    -0.014789196521466
     0.007956367398643     0.003025075131942    -0.004187769461442
257 465
    -0.046625135060392     0.037283547529609     0.012343470041169
    -0.037283547529609     0.013784576420308    -0.070937037924751
    -0.012343470041169    -0.070937037924751    -0.224829496140344
257 466
    -0.011539747009601     0.007956367398643    -0.002239792322360
    -0.015516478797741    -0.004187769461442    -0.014789196521466
    -0.005276590925972     0.003025075131942    -0.013187751691595
257 467
    -0.030266555325922     0.004984022267253    -0.006683589727025
    -0.004984022267253    -0.000643375091072    -0.000264147258644
     0.006683589727025    -0.000264147258644     0.002223430326439
257 468
    -0.011539747009601     0.015516478797741     0.005276590925972
    -0.007956367398643    -0.004187769461442     0.003025075131942
     0.002239792322360    -0.014789196521466    -0.013187751691595
257 469
    -0.010362153982829     0.010363723565396     0.001344428068655
    -0.010363723565396    -0.112947712427483    -0.046798870951140
    -0.001344428068655    -0.046798870951140    -0.016123929998288
257 470
    -0.000682123091334     0.009489054266377     0.001033274945860
    -0.007969318826630    -0.005955054821357    -0.000060052188298
    -0.001898727929771    -0.002349220880897    -0.002612037695298
257 471
     0.007883902792624    -0.006110826868919    -0.001305467500993
     0.006110826868919     0.008715815677560     0.001484751021210
     0.001305467500993     0.001484751021210     0.000589485459586
257 472
    -0.000682123091334     0.007969318826630     0.001898727929771
    -0.009489054266377    -0.005955054821357    -0.002349220880897
    -0.001033274945860    -0.000060052188298    -0.002612037695298
257 473
    -0.001148587066277    -0.004209851798067    -0.004326186899168
     0.004209851798067    -0.057885589384206    -0.003575765143112
     0.004326186899168    -0.003575765143112     0.013837748636970
257 474
     0.002229761798266     0.012919391043497    -0.000198659418272
     0.010014930829495    -0.000185155694557     0.002283275641032
    -0.003043479293313    -0.000403242254883     0.000851201478598
257 475
     0.009637325721410     0.007946361547478    -0.000356915847242
    -0.007946361547478     0.001487187954687    -0.002992055063929
     0.000356915847242    -0.002992055063929    -0.003377447350944
257 476
     0.002229761798266    -0.010014930829495     0.003043479293313
    -0.012919391043497    -0.000185155694557    -0.000403242254883
     0.000198659418272     0.002283275641032     0.000851201478598
257 477
     0.144884016941838     0.090991570687552    -0.090991570687552
    -0.090991570687552    -0.051288620872500    -0.082415571217124
     0.090991570687552    -0.082415571217124    -0.051288620872500
257 478
    -0.017651621532133     0.004179181358988    -0.004179181358988
    -0.019555517506878     0.002756959315939    -0.011310667678188
     0.019555517506878    -0.011310667678188     0.002756959315939
257 479
    -0.015897226866661     0.004309287790903    -0.004309287790903
    -0.004309287790903    -0.016948995176283    -0.000041057772809
     0.004309287790903    -0.000041057772809    -0.016948995176283
257 480
    -0.017651621532133     0.019555517506878    -0.019555517506878
    -0.004179181358988     0.002756959315939    -0.011310667678188
     0.004179181358988    -0.011310667678188     0.002756959315939
257 481
     0.026263694829166    -0.001865916633310     0.022535423964338
     0.001865916633310    -0.013946389557228    -0.000549974494120
    -0.022535423964338    -0.000549974494120    -0.082395278622087
257 482
     0.002291816295551    -0.001477510444163    -0.002452678573016
    -0.001646744460982     0.001645444383656     0.001940389242161
     0.003596230449089    -0.001279703193413    -0.004287190270892
257 483
     0.003453390850431     0.000065986994177    -0.002205994105830
    -0.000065986994177    -0.001707517860025     0.000089762278233
     0.002205994105830     0.000089762278233    -0.004388053501982
257 484
     0.002291816295551     0.001646744460982    -0.003596230449089
     0.001477510444163     0.001645444383656    -0.001279703193413
     0.002452678573016     0.001940389242161    -0.004287190270892
257 485
     0.007032980308810     0.001371803713040     0.001969695074451
    -0.001371803713040     0.008800690803526     0.001802463366620
    -0.001969695074451     0.001802463366620    -0.001565553203893
257 486
     0.002052571687349    -0.000581523671645    -0.000863296943143
    -0.002184160397218     0.001317452886139    -0.000984219324643
     0.001876939771316    -0.003659926649951     0.000351668089638
257 487
    -0.001007776347456    -0.000268153774541     0.000100772130776
     0.000268153774541     0.000488667778654     0.000526998235735
    -0.000100772130776     0.000526998235735    -0.002192414465186
257 488
     0.002052571687349     0.002184160397218    -0.001876939771316
     0.000581523671645     0.001317452886139    -0.003659926649951
     0.000863296943143    -0.000984219324643     0.000351668089638
257 489
     0.005859259045385     0.002022730640641    -0.002022730640641
    -0.002022730640641    -0.000694269799881    -0.002568605620626
     0.002022730640641    -0.002568605620626    -0.000694269799881
257 490
     0.001551686977066     0.001401380948350    -0.001401380948350
     0.001988461739155    -0.000961239270339    -0.001337035657750
    -0.001988461739155    -0.001337035657750    -0.000961239270339
257 491
    -0.004940258055875    -0.001330459353827     0.001330459353827
     0.001330459353827    -0.001158061498943    -0.000017644992086
    -0.001330459353827    -0.000017644992086    -0.001158061498943
257 492
     0.001551686977066    -0.001988461739155     0.001988461739155
    -0.001401380948350    -0.000961239270339    -0.001337035657750
     0.001401380948350    -0.001337035657750    -0.000961239270339
257 493
    -0.001148587066277     0.004326186899168     0.004209851798067
    -0.004326186899168     0.013837748636970    -0.003575765143112
    -0.004209851798067    -0.003575765143112    -0.057885589384206
257 494
     0.002229761798266     0.000198659418272    -0.012919391043497
     0.003043479293313     0.000851201478598    -0.000403242254883
    -0.010014930829495     0.002283275641032    -0.000185155694557
257 495
     0.009637325721410     0.000356915847242    -0.007946361547478
    -0.000356915847242    -0.003377447350944    -0.002992055063929
     0.007946361547478    -0.002992055063929     0.001487187954687
257 496
     0.002229761798266    -0.003043479293313     0.010014930829495
    -0.000198659418272     0.000851201478598     0.002283275641032
     0.012919391043497    -0.000403242254883    -0.000185155694557
257 497
     0.009395150719772    -0.006606761795471    -0.010452743755654
     0.006606761795471     0.001615032062133     0.024023530513784
     0.010452743755654     0.024023530513784    -0.120982972698132
257 498
    -0.000621161797820    -0.000433242727068     0.003020096879362
    -0.000519059222947     0.000773007042331    -0.002580175360516
     0.003892169819429    -0.003247302960640    -0.000934334310910
257 499
    -0.000589565172214     0.000727572658526     0.002487235958830
    -0.000727572658526     0.001677617977918     0.000952254501935
    -0.002487235958830     0.000952254501935    -0.004457441574550
257 500
    -0.000621161797820     0.000519059222947    -0.003892169819429
     0.000433242727068     0.000773007042331    -0.003247302960640
    -0.003020096879362    -0.002580175360516    -0.000934334310910
257 501
     0.003221510184286     0.002233506400687    -0.002233506400687
    -0.002233506400687    -0.001607186047434     0.015446633325677
     0.002233506400687     0.015446633325677    -0.001607186047434
257 502
     0.002315684577844    -0.002391945030285     0.002391945030285
     0.000925351440428     0.002006049793618     0.000113858311311
    -0.000925351440428     0.000113858311311     0.002006049793618
257 503
     0.000352579092779     0.000089824909698    -0.000089824909698
    -0.000089824909698    -0.002287614293417     0.001228576937973
     0.000089824909698     0.001228576937973    -0.002287614293417
257 504
     0.002315684577844    -0.000925351440428     0.000925351440428
     0.002391945030285     0.002006049793618     0.000113858311311
    -0.002391945030285     0.000113858311311     0.002006049793618
257 505
     0.007032980308810    -0.001969695074451    -0.001371803713040
     0.001969695074451    -0.001565553203893     0.001802463366620
     0.001371803713040     0.001802463366620     0.008800690803526
257 506
     0.002052571687349     0.000863296943143     0.000581523671645
    -0.001876939771316     0.000351668089638    -0.003659926649951
     0.002184160397218    -0.000984219324643     0.001317452886139
257 507
    -0.001007776347456    -0.000100772130776     0.000268153774541
     0.000100772130776    -0.002192414465186     0.000526998235735
    -0.000268153774541     0.000526998235735     0.000488667778654
257 508
     0.002052571687349     0.001876939771316    -0.002184160397218
    -0.000863296943143     0.000351668089638    -0.000984219324643
    -0.000581523671645    -0.003659926649951     0.001317452886139
257 509
    -0.010362153982829    -0.001344428068655    -0.010363723565396
     0.001344428068655    -0.016123929998288    -0.046798870951140
     0.010363723565396    -0.046798870951140    -0.112947712427483
257 510
    -0.000682123091334    -0.001033274945860    -0.009489054266377
     0.001898727929771    -0.002612037695298    -0.002349220880897
     0.007969318826630    -0.000060052188298    -0.005955054821357
257 511
     0.007883902792624     0.001305467500993     0.006110826868919
    -0.001305467500993     0.000589485459586     0.001484751021210
    -0.006110826868919     0.001484751021210     0.008715815677560
257 512
    -0.000682123091334    -0.001898727929771    -0.007969318826630
     0.001033274945860    -0.002612037695298    -0.000060052188298
     0.009489054266377    -0.002349220880897    -0.005955054821357
321 1
    -0.097716681280580     0.128132930555051    -0.776333288385880
     0.128132930555051    -0.097716681280580     0.776333288385880
    -0.391914210768494     0.391914210768494    -3.227295678573934
321 2
     0.038486548054468    -0.005192728342039    -0.129889194674885
    -0.001141603657898    -0.018548625591496    -0.064693803392025
     0.041828839224832     0.008611066448624    -0.149260472235013
321 3
     0.026658842441552    -0.001671686018850     0.020655623073782
     0.005035574606454     0.000351440338849    -0.000370103566669
    -0.000577719284571     0.005750121817988     0.014139526019100
321 4
     0.067157213771902     0.008371015223058     0.016552100525650
     0.010529895283115    -0.038761507781503    -0.028853573322022
     0.042901120288512    -0.001701337273165    -0.022148841679327
321 5
    -0.038761507781503     0.010529895283115     0.028853573322022
     0.008371015223058     0.067157213771902    -0.016552100525650
     0.001701337273165    -0.042901120288512    -0.022148841679327
321 6
    -0.003440883536332     0.006535161693399    -0.011696026751622
     0.001232364243739    -0.004583554776036    -0.015028979190897
    -0.016779849412967    -0.009250972136142     0.003392391598446
321 7
     0.005074019888033     0.004885775323309    -0.002053908774178
     0.004970544165575     0.003063223388539    -0.002238874676487
    -0.005095991196008    -0.003043396733653     0.001418384442460
321 8
    -0.012936785509650     0.011668239257899     0.005622294791849
     0.011668239257899    -0.012936785509650    -0.005622294791849
     0.010459903670965    -0.010459903670965    -0.009307963923195
321 9
     0.000351440338849     0.005035574606454     0.000370103566669
    -0.001671686018850     0.026658842441552    -0.020655623073782
    -0.005750121817988     0.000577719284571     0.014139526019100
321 10
     0.012355091025055    -0.002274906748635    -0.005825659161759
    -0.001612744115630     0.011183540985783     0.000642673808520
    -0.004321547425880     0.007782509091922     0.001696635168480
321 11
    -0.004727068137508    -0.004330114651251    -0.004266052151210
    -0.004330114651251    -0.004727068137508     0.004266052151210
     0.004547948787717    -0.004547948787717    -0.004093867812691
321 12
     0.003063223388539     0.004970544165575     0.002238874676487
     0.004885775323309     0.005074019888033     0.002053908774178
     0.003043396733653     0.005095991196008     0.001418384442460
321 13
    -0.018548625591496    -0.001141603657898     0.064693803392025
    -0.005192728342039     0.038486548054468     0.129889194674885
    -0.008611066448624    -0.041828839224832    -0.149260472235013
321 14
    -0.010012920928746     0.015828760235884     0.001919613625739
     0.015828760235884    -0.010012920928746    -0.001919613625739
    -0.007148876040615     0.007148876040615     0.009753865798217
321 15
     0.011183540985783    -0.001612744115630    -0.000642673808520
    -0.002274906748635     0.012355091025055     0.005825659161759
    -0.007782509091922     0.004321547425880     0.001696635168480
321 16
    -0.004583554776036     0.001232364243739     0.015028979190897
     0.006535161693399    -0.003440883536332     0.011696026751622
     0.009250972136142     0.016779849412967     0.003392391598446
321 17
    -0.268589638299972     0.386130447312640     0.783838787044600
     0.386130447312640    -0.268589638299972    -0.783838787044600
     1.024672609858512    -1.024672609858512    -5.141374436415795
321 18
    -0.188657585010108    -0.018851094766710     0.224543106170711
     0.065231261082573     0.008273174434750     0.066476528357257
    -0.055926337632293    -0.048256467436019     0.089980218652763
321 19
    -0.014428143201557    -0.006986539076742     0.014341763971516
     0.000872927954474    -0.020337243608297    -0.005290887032554
    -0.013580451932079    -0.008705296438094     0.012756046282469
321 20
     0.084063260843933    -0.026822098949151    -0.194294019329944
    -0.002061048761296     0.029738503742947     0.004535724264319
    -0.049735008452484    -0.011151673906051     0.055771686308530
321 21
     0.029738503742947    -0.002061048761296    -0.004535724264319
    -0.026822098949151     0.084063260843933     0.194294019329944
     0.011151673906051     0.049735008452483     0.055771686308530
321 22
    -0.022732847834532    -0.027208485748003    -0.013122779137447
     0.009695461956155     0.009524862383654     0.007440761446978
     0.003680658614139     0.004827898155010     0.004300358062267
321 23
    -0.016389745531440     0.007059914685977     0.007200729200644
     0.033602249315348     0.003191629281256     0.004905697823248
    -0.001750651011939     0.011061619347644    -0.002305887498090
321 24
    -0.001983050760013     0.006042551928312     0.009759402989111
     0.006042551928312    -0.001983050760013    -0.009759402989111
    -0.007404397238268     0.007404397238268    -0.007466735475005
321 25
    -0.020337243608297     0.000872927954474     0.005290887032554
    -0.006986539076742    -0.014428143201557    -0.014341763971516
     0.008705296438094     0.013580451932079     0.012756046282469
321 26
     0.018452237663474    -0.000501730235075     0.006092751997225
    -0.008704903567989    -0.007233951397410    -0.003877207541801
     0.008010990577598    -0.001901135445363    -0.001907961326120
321 27
     0.014295269597740    -0.012678000833107     0.001796461184467
    -0.012678000833107     0.014295269597740    -0.001796461184467
     0.004568583008860    -0.004568583008860    -0.002943392312747
321 28
     0.003191629281256     0.033602249315348    -0.004905697823248
     0.007059914685977    -0.016389745531440    -0.007200729200644
    -0.011061619347644     0.001750651011939    -0.002305887498090
321 29
     0.008273174434750     0.065231261082573    -0.066476528357257
    -0.018851094766710    -0.188657585010108    -0.224543106170711
     0.048256467436019     0.055926337632293     0.089980218652763
321 30
    -0.019873694843405     0.049790015960890    -0.003106481803241
     0.049790015960890    -0.019873694843405     0.003106481803241
    -0.024011954131163     0.024011954131163     0.004314600078034
321 31
    -0.007233951397410    -0.008704903567989     0.003877207541801
    -0.000501730235075     0.018452237663474    -0.006092751997225
     0.001901135445363    -0.008010990577598    -0.001907961326120
321 32
     0.009524862383654     0.009695461956155    -0.007440761446978
    -0.027208485748003    -0.022732847834532     0.013122779137447
    -0.004827898155010    -0.003680658614139     0.004300358062267
321 33
     0.061986845812167    -0.002582506959180     0.018111525335572
    -0.002582506959180     0.061986845812167    -0.018111525335572
    -0.086578632565325     0.086578632565325     0.371412850893318
321 34
    -0.000492027102593    -0.001082342903579     0.008444111837581
    -0.011259174174607    -0.003896111805869    -0.012621046055488
    -0.005586444920329     0.003956538834069     0.033093325951375
321 35
    -0.000024439557110     0.000747179154251    -0.001832459093997
    -0.000772890319981     0.002159903040735    -0.000601407264158
    -0.007386496026548    -0.005620351318481    -0.009319989164655
321 36
    -0.010233383688858     0.003356064399169     0.008553705515438
     0.001211760389368     0.001323541423794     0.004829856811763
     0.019992488704093    -0.004634554819651    -0.006854981682465
321 37
     0.001323541423794     0.001211760389368    -0.004829856811763
     0.003356064399169    -0.010233383688858    -0.008553705515438
     0.004634554819651    -0.019992488704093    -0.006854981682465
321 38
    -0.003379087156603    -0.002258933826897     0.002068987774084
     0.004384738779168    -0.000737694282938    -0.003806027829721
    -0.004731620306396     0.004086630082598    -0.007756070072573
321 39
    -0.000367280405824    -0.000028570387047    -0.001119341018641
     0.000368338498083    -0.004210073855014    -0.000484798862115
    -0.004042355329948    -0.001390897769498    -0.001939694602197
321 40
    -0.000380459584597     0.000874127441943    -0.000199258213045
     0.000874127441943    -0.000380459584597     0.000199258213045
    -0.000529800519355     0.000529800519355    -0.011877326815174
321 41
     0.002159903040735    -0.000772890319981     0.000601407264158
     0.000747179154251    -0.000024439557110     0.001832459093997
     0.005620351318481     0.007386496026548    -0.009319989164655
321 42
    -0.000206640185303     0.001904471994367    -0.000429271322751
     0.005060444992202     0.001454209640978    -0.001528125209298
    -0.001948202043056     0.001319458041938     0.001720989319115
321 43
     0.005191448192901    -0.001179228087619     0.001165561142582
    -0.001179228087619     0.005191448192901    -0.001165561142582
     0.001323969405409    -0.001323969405409     0.007308520800475
321 44
    -0.004210073855014     0.000368338498083     0.000484798862115
    -0.000028570387047    -0.000367280405824     0.001119341018641
     0.001390897769498     0.004042355329948    -0.001939694602197
321 45
    -0.003896111805869    -0.011259174174607     0.012621046055488
    -0.001082342903579    -0.000492027102593    -0.008444111837581
    -0.003956538834069     0.005586444920329     0.033093325951375
321 46
    -0.002822160569764    -0.000953739626847    -0.001787440355448
    -0.000953739626847    -0.002822160569764     0.001787440355448
    -0.002154179853226     0.002154179853226    -0.008007871340733
321 47
     0.001454209640978     0.005060444992202     0.001528125209298
     0.001904471994367    -0.000206640185303     0.000429271322751
    -0.001319458041938     0.001948202043056     0.001720989319115
321 48
    -0.000737694282938     0.004384738779168     0.003806027829721
    -0.002258933826897    -0.003379087156603    -0.002068987774084
    -0.004086630082598     0.004731620306396    -0.007756070072573
321 49
     0.027190185023516    -0.009896495676362     0.027819964341677
    -0.009896495676362     0.027190185023516    -0.027819964341677
     0.079911852744174    -0.079911852744174     0.566268739951908
321 50
     0.018898781036400     0.001772255071842    -0.051131090399231
    -0.000960071098676    -0.005521781727522     0.009927223053137
    -0.007398749018794    -0.001623127653514     0.005144842790550
321 51
     0.001783643560135     0.003219095076926    -0.009105725970778
     0.009629277577964    -0.001621655813995     0.005919765786220
     0.011530286811433     0.008917239420914    -0.007527256450335
321 52
    -0.003891875641262    -0.004258008752644     0.030046364917864
    -0.001047254099266    -0.001043867255229    -0.003206769963598
     0.012008988595235    -0.007311734933370    -0.002327447905760
321 53
    -0.001043867255229    -0.001047254099266     0.003206769963598
    -0.004258008752644    -0.003891875641262    -0.030046364917864
     0.007311734933370    -0.012008988595235    -0.002327447905760
321 54
     0.000022097520007     0.003660855683363    -0.001461695999013
     0.001162217001885     0.000033879827297     0.006068851450237
     0.009979880932608     0.001766016598250    -0.009196396405199
321 55
     0.002821731639257     0.000475275083446    -0.004743190046287
     0.002510683851132     0.001952027307356     0.000555931126115
    -0.000194050311755    -0.002226910168570     0.005531077755545
321 56
     0.001557623680863     0.002004560872787     0.003690057129877
     0.002004560872787     0.001557623680863    -0.003690057129877
    -0.002195220544727     0.002195220544727    -0.011034709643338
321 57
    -0.001621655813995     0.009629277577964    -0.005919765786220
     0.003219095076926     0.001783643560135     0.009105725970778
    -0.008917239420914    -0.011530286811433    -0.007527256450335
321 58
    -0.003867308923228    -0.000795376914177     0.006840594475638
    -0.003184072699926     0.001387903795702     0.004483068282772
     0.000463238454446     0.003300024420538     0.004855842227466
321 59
     0.001650363800611    -0.001168964118898    -0.002611488246602
    -0.001168964118898     0.001650363800611     0.002611488246602
     0.002798655739835    -0.002798655739835     0.012922456189551
321 60
     0.001952027307356     0.002510683851132    -0.000555931126115
     0.000475275083446     0.002821731639257     0.004743190046287
     0.002226910168570     0.000194050311755     0.005531077755545
321 61
    -0.005521781727522    -0.000960071098676    -0.009927223053137
     0.001772255071842     0.018898781036400     0.051131090399231
     0.001623127653514     0.007398749018794     0.005144842790550
321 62
    -0.000827321808622     0.001204092779598    -0.000553182933307
     0.001204092779598    -0.000827321808622     0.000553182933307
     0.001932990188525    -0.001932990188525    -0.006289233548545
321 63
     0.001387903795702    -0.003184072699926    -0.004483068282772
    -0.000795376914177    -0.003867308923228    -0.006840594475638
    -0.003300024420538    -0.000463238454446     0.004855842227466
321 64
     0.000033879827297     0.001162217001885    -0.006068851450237
     0.003660855683363     0.000022097520007     0.001461695999013
    -0.001766016598250    -0.009979880932608    -0.009196396405199
321 65
     0.075116276221503    -0.112790170566675    -0.112790170566675
    -0.112790170566675     0.075116276221503     0.112790170566675
    -0.112790170566675     0.112790170566675     0.075116276221503
321 66
    -0.020046276796767    -0.026507438464264    -0.026507438464264
     0.005601747875174    -0.007861488319368    -0.004884105150884
     0.005601747875174    -0.004884105150884    -0.007861488319368
321 67
    -0.005997196308324    -0.000043389371473    -0.000043389371473
     0.001333774076713     0.003016542069257    -0.003546388138701
     0.001333774076713    -0.003546388138701     0.003016542069257
321 68
     0.034545616791917     0.011546559605039     0.011546559605039
     0.066029831252551     0.055395624211942     0.035184424530791
     0.066029831252551     0.035184424530791     0.055395624211942
321 69
     0.055395624211942     0.066029831252551    -0.035184424530791
     0.011546559605039     0.034545616791917    -0.011546559605039
    -0.035184424530791    -0.066029831252551     0.055395624211942
321 70
    -0.012403157828142     0.017350363232069    -0.014791330736116
    -0.000563875832674     0.003759738431651     0.005063760664051
    -0.001984752248240     0.001185650659763    -0.013395088414789
321 71
    -0.006184179703006    -0.001996139787502     0.004262163306552
    -0.007736826080250    -0.024937209726400     0.001528612975563
    -0.012816351843447     0.009682121453909    -0.021809189341606
321 72
    -0.004890631159774     0.015867280485360    -0.086074927541150
     0.015867280485360    -0.004890631159774     0.086074927541150
     0.014398333470723    -0.014398333470723     0.042095783073395
321 73
     0.003016542069257     0.001333774076713     0.003546388138701
    -0.000043389371473    -0.005997196308324     0.000043389371473
     0.003546388138701    -0.001333774076713     0.003016542069257
321 74
     0.007282147259551     0.000842394165866     0.000907287956274
    -0.000427969347428     0.006327142666885    -0.004367475269647
     0.000020396031780     0.003289627597192    -0.002427384950323
321 75
     0.012910522048403    -0.010016414056484     0.005041465760099
    -0.010016414056484     0.012910522048403    -0.005041465760099
     0.000200364702276    -0.000200364702276    -0.006405325715472
321 76
    -0.024937209726400    -0.007736826080250    -0.001528612975563
    -0.001996139787502    -0.006184179703006    -0.004262163306552
    -0.009682121453909     0.012816351843447    -0.021809189341606
321 77
    -0.007861488319368     0.005601747875174     0.004884105150884
    -0.026507438464264    -0.020046276796767     0.026507438464264
     0.004884105150884    -0.005601747875174    -0.007861488319368
321 78
    -0.001094420337858     0.002981232156822    -0.001851776156432
     0.002981232156822    -0.001094420337858     0.001851776156432
    -0.009943032753479     0.009943032753479    -0.004070758699683
321 79
     0.006327142666885    -0.000427969347428     0.004367475269647
     0.000842394165866     0.007282147259551    -0.000907287956274
    -0.003289627597192    -0.000020396031780    -0.002427384950323
321 80
     0.003759738431651    -0.000563875832674    -0.005063760664051
     0.017350363232069    -0.012403157828142     0.014791330736116
    -0.001185650659763     0.001984752248240    -0.013395088414789
321 81
     0.055395624211942    -0.035184424530791     0.066029831252551
    -0.035184424530791     0.055395624211942    -0.066029831252551
     0.011546559605039    -0.011546559605039     0.034545616791917
321 82
    -0.012403157828142    -0.014791330736116     0.017350363232069
    -0.001984752248240    -0.013395088414789     0.001185650659763
    -0.000563875832674     0.005063760664051     0.003759738431651
321 83
    -0.006184179703006     0.004262163306552    -0.001996139787502
    -0.012816351843447    -0.021809189341606     0.009682121453909
    -0.007736826080250     0.001528612975563    -0.024937209726400
321 84
    -0.004890631159774    -0.086074927541150     0.015867280485360
     0.014398333470723     0.042095783073395    -0.014398333470723
     0.015867280485360     0.086074927541150    -0.004890631159774
321 85
     0.042095783073395     0.014398333470723     0.014398333470723
    -0.086074927541150    -0.004890631159774    -0.015867280485360
    -0.086074927541150    -0.015867280485360    -0.004890631159774
321 86
    -0.024192525392211     0.023186522653989     0.023186522653989
    -0.025382577335966     0.004429128356242     0.000744102620727
    -0.025382577335966     0.000744102620727     0.004429128356242
321 87
    -0.002481483353511     0.014349017834025     0.014349017834025
    -0.000546673056695    -0.024980467192210     0.000107858027081
    -0.000546673056695     0.000107858027081    -0.024980467192210
321 88
     0.142596571563510    -0.136078568993786    -0.136078568993786
    -0.136078568993786     0.142596571563510     0.136078568993786
    -0.136078568993786     0.136078568993786     0.142596571563510
321 89
    -0.021809189341606    -0.012816351843447    -0.009682121453909
     0.004262163306552    -0.006184179703006     0.001996139787502
    -0.001528612975563     0.007736826080250    -0.024937209726400
321 90
     0.033343684797896    -0.009526036249092     0.001531977993415
    -0.013608727192067     0.020452686685625     0.004660884708347
     0.001562739532808    -0.007806284375978    -0.002795627603283
321 91
     0.004851074644363    -0.018180065036466    -0.009368280871849
    -0.018180065036466     0.004851074644363     0.009368280871849
     0.002722613548490    -0.002722613548490    -0.005408005026909
321 92
    -0.024980467192210    -0.000546673056695    -0.000107858027081
     0.014349017834025    -0.002481483353511    -0.014349017834025
    -0.000107858027081     0.000546673056695    -0.024980467192210
321 93
    -0.013395088414789    -0.001984752248240    -0.001185650659763
    -0.014791330736116    -0.012403157828142    -0.017350363232069
    -0.005063760664051     0.000563875832674     0.003759738431651
321 94
    -0.007435199582941     0.022418486272618     0.005420959301851
     0.022418486272618    -0.007435199582941    -0.005420959301851
    -0.005620155832391     0.005620155832391     0.002718659225551
321 95
     0.020452686685625    -0.013608727192067    -0.004660884708347
    -0.009526036249092     0.033343684797896    -0.001531977993415
     0.007806284375978    -0.001562739532808    -0.002795627603283
321 96
     0.004429128356242    -0.025382577335966    -0.000744102620727
     0.023186522653989    -0.024192525392211    -0.023186522653989
    -0.000744102620727     0.025382577335966     0.004429128356242
321 97
     0.003016542069257     0.003546388138701     0.001333774076713
     0.003546388138701     0.003016542069257    -0.001333774076713
    -0.000043389371473     0.000043389371473    -0.005997196308324
321 98
     0.007282147259551     0.000907287956274     0.000842394165866
     0.000020396031780    -0.002427384950323     0.003289627597192
    -0.000427969347428    -0.004367475269647     0.006327142666885
321 99
     0.012910522048403     0.005041465760099    -0.010016414056484
     0.000200364702276    -0.006405325715472    -0.000200364702276
    -0.010016414056484    -0.005041465760099     0.012910522048403
321 100
    -0.024937209726400    -0.001528612975563    -0.007736826080250
    -0.009682121453909    -0.021809189341606     0.012816351843447
    -0.001996139787502    -0.004262163306552    -0.006184179703006
321 101
    -0.021809189341606    -0.009682121453909    -0.012816351843447
    -0.001528612975563    -0.024937209726400     0.007736826080250
     0.004262163306552     0.001996139787502    -0.006184179703006
321 102
     0.033343684797896     0.001531977993415    -0.009526036249092
     0.001562739532808    -0.002795627603283    -0.007806284375978
    -0.013608727192067     0.004660884708347     0.020452686685625
321 103
     0.004851074644363    -0.009368280871849    -0.018180065036466
     0.002722613548490    -0.005408005026909    -0.002722613548490
    -0.018180065036466     0.009368280871849     0.004851074644363
321 104
    -0.024980467192210    -0.000107858027081    -0.000546673056695
    -0.000107858027081    -0.024980467192210     0.000546673056695
     0.014349017834025    -0.014349017834025    -0.002481483353511
321 105
    -0.006405325715472     0.000200364702276     0.000200364702276
     0.005041465760099     0.012910522048403     0.010016414056484
     0.005041465760099     0.010016414056484     0.012910522048403
321 106
    -0.001286960851701    -0.004835858044954    -0.004835858044954
    -0.000589338370463     0.000574188198506    -0.001063600911877
    -0.000589338370463    -0.001063600911877     0.000574188198506
321 107
    -0.003685009603033     0.001495993369347     0.001495993369347
     0.001495993369347    -0.003685009603033    -0.001495993369347
     0.001495993369347    -0.001495993369347    -0.003685009603033
321 108
    -0.005408005026909     0.002722613548490     0.002722613548490
    -0.009368280871849     0.004851074644363     0.018180065036466
    -0.009368280871849     0.018180065036466     0.004851074644363
321 109
    -0.002427384950323     0.000020396031780    -0.003289627597192
     0.000907287956274     0.007282147259551    -0.000842394165866
     0.004367475269647     0.000427969347428     0.006327142666885
321 110
    -0.004621794132877     0.003963566843717    -0.002393944492387
     0.003963566843717    -0.004621794132877     0.002393944492387
    -0.000801662835849     0.000801662835849     0.000058211202855
321 111
     0.000574188198506    -0.000589338370463     0.001063600911877
    -0.004835858044954    -0.001286960851701     0.004835858044954
     0.001063600911877     0.000589338370463     0.000574188198506
321 112
    -0.002795627603283     0.001562739532808     0.007806284375978
     0.001531977993415     0.033343684797896     0.009526036249092
    -0.004660884708347     0.013608727192067     0.020452686685625
321 113
    -0.007861488319368     0.004884105150884     0.005601747875174
     0.004884105150884    -0.007861488319368    -0.005601747875174
    -0.026507438464264     0.026507438464264    -0.020046276796767
321 114
    -0.001094420337858    -0.001851776156432     0.002981232156822
    -0.009943032753479    -0.004070758699683     0.009943032753479
     0.002981232156822     0.001851776156432    -0.001094420337858
321 115
     0.006327142666885     0.004367475269647    -0.000427969347428
    -0.003289627597192    -0.002427384950323    -0.000020396031780
     0.000842394165866    -0.000907287956274     0.007282147259551
321 116
     0.003759738431651    -0.005063760664051    -0.000563875832674
    -0.001185650659763    -0.013395088414789     0.001984752248240
     0.017350363232069     0.014791330736116    -0.012403157828142
321 117
    -0.013395088414789    -0.001185650659763    -0.001984752248240
    -0.005063760664051     0.003759738431651     0.000563875832674
    -0.014791330736116    -0.017350363232069    -0.012403157828142
321 118
    -0.007435199582941     0.005420959301851     0.022418486272618
    -0.005620155832391     0.002718659225551     0.005620155832391
     0.022418486272618    -0.005420959301851    -0.007435199582941
321 119
     0.020452686685625    -0.004660884708347    -0.013608727192067
     0.007806284375978    -0.002795627603283    -0.001562739532808
    -0.009526036249092    -0.001531977993415     0.033343684797896
321 120
     0.004429128356242    -0.000744102620727    -0.025382577335966
    -0.000744102620727     0.004429128356242     0.025382577335966
     0.023186522653989    -0.023186522653989    -0.024192525392211
321 121
    -0.002427384950323    -0.003289627597192     0.000020396031780
     0.004367475269647     0.006327142666885     0.000427969347428
     0.000907287956274    -0.000842394165866     0.007282147259551
321 122
    -0.004621794132877    -0.002393944492387     0.003963566843717
    -0.000801662835849     0.000058211202855     0.000801662835849
     0.003963566843717     0.002393944492387    -0.004621794132877
321 123
     0.000574188198506     0.001063600911877    -0.000589338370463
     0.001063600911877     0.000574188198506     0.000589338370463
    -0.004835858044954     0.004835858044954    -0.001286960851701
321 124
    -0.002795627603283     0.007806284375978     0.001562739532808
    -0.004660884708347     0.020452686685625     0.013608727192067
     0.001531977993415     0.009526036249092     0.033343684797896
321 125
    -0.004070758699683    -0.009943032753479    -0.009943032753479
    -0.001851776156432    -0.001094420337858    -0.002981232156822
    -0.001851776156432    -0.002981232156822    -0.001094420337858
321 126
    -0.000346532309288     0.000867644136257     0.000867644136257
     0.000867644136257    -0.000346532309288    -0.000867644136257
     0.000867644136257    -0.000867644136257    -0.000346532309288
321 127
     0.000058211202855    -0.000801662835849    -0.000801662835849
    -0.002393944492387    -0.004621794132877    -0.003963566843717
    -0.002393944492387    -0.003963566843717    -0.004621794132877
321 128
     0.002718659225551    -0.005620155832391    -0.005620155832391
     0.005420959301851    -0.007435199582941    -0.022418486272618
     0.005420959301851    -0.022418486272618    -0.007435199582941
321 129
    -3.227295678573934    -0.391914210768494    -0.391914210768494
    -0.776333288385880    -0.097716681280580    -0.128132930555051
    -0.776333288385880    -0.128132930555051    -0.097716681280580
321 130
     0.566268739951909     0.079911852744174     0.079911852744174
     0.027819964341677     0.027190185023516     0.009896495676362
     0.027819964341677     0.009896495676362     0.027190185023516
321 131
     0.371412850893318    -0.086578632565325    -0.086578632565325
     0.018111525335572     0.061986845812167     0.002582506959180
     0.018111525335572     0.002582506959180     0.061986845812167
321 132
    -5.141374436415796     1.024672609858512     1.024672609858512
     0.783838787044600    -0.268589638299972    -0.386130447312640
     0.783838787044600    -0.386130447312640    -0.268589638299972
321 133
    -0.022148841679327     0.042901120288512     0.001701337273165
     0.016552100525650     0.067157213771902    -0.008371015223058
     0.028853573322022    -0.010529895283115    -0.038761507781503
321 134
    -0.002327447905760     0.012008988595235     0.007311734933370
     0.030046364917864    -0.003891875641262     0.004258008752644
     0.003206769963598     0.001047254099266    -0.001043867255229
321 135
    -0.006854981682465     0.019992488704093     0.004634554819651
     0.008553705515438    -0.010233383688858    -0.003356064399169
    -0.004829856811763    -0.001211760389368     0.001323541423794
321 136
     0.055771686308530    -0.049735008452484     0.011151673906051
    -0.194294019329944     0.084063260843933     0.026822098949151
    -0.004535724264319     0.002061048761296     0.029738503742947
321 137
     0.014139526019100    -0.000577719284571    -0.005750121817988
     0.020655623073782     0.026658842441552     0.001671686018850
     0.000370103566669    -0.005035574606454     0.000351440338849
321 138
    -0.007527256450335     0.011530286811433    -0.008917239420914
    -0.009105725970778     0.001783643560135    -0.003219095076926
    -0.005919765786220    -0.009629277577964    -0.001621655813995
321 139
    -0.009319989164655    -0.007386496026548     0.005620351318481
    -0.001832459093997    -0.000024439557110    -0.000747179154251
     0.000601407264158     0.000772890319981     0.002159903040735
321 140
     0.012756046282469    -0.013580451932079     0.008705296438094
     0.014341763971516    -0.014428143201557     0.006986539076742
     0.005290887032554    -0.000872927954474    -0.020337243608297
321 141
    -0.149260472235013     0.041828839224832    -0.008611066448624
    -0.129889194674885     0.038486548054468     0.005192728342039
     0.064693803392025     0.001141603657898    -0.018548625591496
321 142
     0.005144842790550    -0.007398749018794     0.001623127653514
    -0.051131090399231     0.018898781036400    -0.001772255071842
    -0.009927223053137     0.000960071098676    -0.005521781727522
321 143
     0.033093325951375    -0.005586444920329    -0.003956538834069
     0.008444111837581    -0.000492027102593     0.001082342903579
     0.012621046055488     0.011259174174607    -0.003896111805869
321 144
     0.089980218652763    -0.055926337632293     0.048256467436019
     0.224543106170711    -0.188657585010108     0.018851094766710
    -0.066476528357257    -0.065231261082573     0.008273174434750
321 145
    -0.022148841679327     0.001701337273165     0.042901120288512
     0.028853573322022    -0.038761507781503    -0.010529895283115
     0.016552100525650    -0.008371015223058     0.067157213771902
321 146
    -0.002327447905760     0.007311734933370     0.012008988595235
     0.003206769963598    -0.001043867255229     0.001047254099266
     0.030046364917864     0.004258008752644    -0.003891875641262
321 147
    -0.006854981682465     0.004634554819651     0.019992488704093
    -0.004829856811763     0.001323541423794    -0.001211760389368
     0.008553705515438    -0.003356064399169    -0.010233383688858
321 148
     0.055771686308530     0.011151673906051    -0.049735008452484
    -0.004535724264319     0.029738503742947     0.002061048761296
    -0.194294019329944     0.026822098949151     0.084063260843933
321 149
    -0.009307963923195     0.010459903670965     0.010459903670965
     0.005622294791849    -0.012936785509650    -0.011668239257899
     0.005622294791849    -0.011668239257899    -0.012936785509650
321 150
    -0.011034709643338    -0.002195220544727    -0.002195220544727
     0.003690057129877     0.001557623680863    -0.002004560872787
     0.003690057129877    -0.002004560872787     0.001557623680863
321 151
    -0.011877326815174    -0.000529800519355    -0.000529800519355
    -0.000199258213045    -0.000380459584597    -0.000874127441943
    -0.000199258213045    -0.000874127441943    -0.000380459584597
321 152
    -0.007466735475005    -0.007404397238268    -0.007404397238268
     0.009759402989111    -0.001983050760013    -0.006042551928312
     0.009759402989111    -0.006042551928312    -0.001983050760013
321 153
     0.001418384442460    -0.005095991196008     0.003043396733653
    -0.002053908774178     0.005074019888033    -0.004885775323309
     0.002238874676487    -0.004970544165575     0.003063223388539
321 154
     0.005531077755545    -0.000194050311755     0.002226910168570
    -0.004743190046287     0.002821731639257    -0.000475275083446
    -0.000555931126115    -0.002510683851132     0.001952027307356
321 155
    -0.001939694602197    -0.004042355329948     0.001390897769498
    -0.001119341018641    -0.000367280405824     0.000028570387047
     0.000484798862115    -0.000368338498083    -0.004210073855014
321 156
    -0.002305887498090    -0.001750651011939    -0.011061619347644
     0.007200729200644    -0.016389745531440    -0.007059914685977
    -0.004905697823248    -0.033602249315348     0.003191629281256
321 157
     0.003392391598446    -0.016779849412967     0.009250972136142
    -0.011696026751622    -0.003440883536332    -0.006535161693399
     0.015028979190897    -0.001232364243739    -0.004583554776036
321 158
    -0.009196396405199     0.009979880932608    -0.001766016598250
    -0.001461695999013     0.000022097520007    -0.003660855683363
    -0.006068851450237    -0.001162217001885     0.000033879827297
321 159
    -0.007756070072573    -0.004731620306396    -0.004086630082598
     0.002068987774084    -0.003379087156603     0.002258933826897
     0.003806027829721    -0.004384738779168    -0.000737694282938
321 160
     0.004300358062267     0.003680658614139    -0.004827898155010
    -0.013122779137447    -0.022732847834532     0.027208485748003
    -0.007440761446978    -0.009695461956155     0.009524862383654
321 161
     0.014139526019100    -0.005750121817988    -0.000577719284571
     0.000370103566669     0.000351440338849    -0.005035574606454
     0.020655623073782     0.001671686018850     0.026658842441552
321 162
    -0.007527256450335    -0.008917239420914     0.011530286811433
    -0.005919765786220    -0.001621655813995    -0.009629277577964
    -0.009105725970778    -0.003219095076926     0.001783643560135
321 163
    -0.009319989164655     0.005620351318481    -0.007386496026548
     0.000601407264158     0.002159903040735     0.000772890319981
    -0.001832459093997    -0.000747179154251    -0.000024439557110
321 164
     0.012756046282469     0.008705296438094    -0.013580451932079
     0.005290887032554    -0.020337243608297    -0.000872927954474
     0.014341763971516     0.006986539076742    -0.014428143201557
321 165
     0.001418384442460     0.003043396733653    -0.005095991196008
     0.002238874676487     0.003063223388539    -0.004970544165575
    -0.002053908774178    -0.004885775323309     0.005074019888033
321 166
     0.005531077755545     0.002226910168570    -0.000194050311755
    -0.000555931126115     0.001952027307356    -0.002510683851132
    -0.004743190046287    -0.000475275083446     0.002821731639257
321 167
    -0.001939694602197     0.001390897769498    -0.004042355329948
     0.000484798862115    -0.004210073855014    -0.000368338498083
    -0.001119341018641     0.000028570387047    -0.000367280405824
321 168
    -0.002305887498090    -0.011061619347644    -0.001750651011939
    -0.004905697823248     0.003191629281256    -0.033602249315348
     0.007200729200644    -0.007059914685977    -0.016389745531440
321 169
    -0.004093867812691     0.004547948787717     0.004547948787717
    -0.004266052151210    -0.004727068137508     0.004330114651251
    -0.004266052151210     0.004330114651251    -0.004727068137508
321 170
     0.012922456189551     0.002798655739835     0.002798655739835
    -0.002611488246602     0.001650363800611     0.001168964118898
    -0.002611488246602     0.001168964118898     0.001650363800611
321 171
     0.007308520800475     0.001323969405409     0.001323969405409
     0.001165561142582     0.005191448192901     0.001179228087619
     0.001165561142582     0.001179228087619     0.005191448192901
321 172
    -0.002943392312747     0.004568583008860     0.004568583008860
     0.001796461184467     0.014295269597740     0.012678000833107
     0.001796461184467     0.012678000833107     0.014295269597740
321 173
     0.001696635168480    -0.004321547425880    -0.007782509091922
    -0.005825659161759     0.012355091025055     0.002274906748635
    -0.000642673808520     0.001612744115630     0.011183540985783
321 174
     0.004855842227466     0.000463238454446    -0.003300024420538
     0.006840594475638    -0.003867308923228     0.000795376914177
    -0.004483068282772     0.003184072699926     0.001387903795702
321 175
     0.001720989319115    -0.001948202043056    -0.001319458041938
    -0.000429271322751    -0.000206640185303    -0.001904471994367
     0.001528125209298    -0.005060444992202     0.001454209640978
321 176
    -0.001907961326120     0.008010990577598     0.001901135445363
     0.006092751997225     0.018452237663474     0.000501730235075
     0.003877207541801     0.008704903567989    -0.007233951397410
321 177
    -0.149260472235013    -0.008611066448624     0.041828839224832
     0.064693803392025    -0.018548625591496     0.001141603657898
    -0.129889194674885     0.005192728342039     0.038486548054468
321 178
     0.005144842790550     0.001623127653514    -0.007398749018794
    -0.009927223053137    -0.005521781727522     0.000960071098676
    -0.051131090399231    -0.001772255071842     0.018898781036400
321 179
     0.033093325951375    -0.003956538834069    -0.005586444920329
     0.012621046055488    -0.003896111805869     0.011259174174607
     0.008444111837581     0.001082342903579    -0.000492027102593
321 180
     0.089980218652763     0.048256467436019    -0.055926337632293
    -0.066476528357257     0.008273174434750    -0.065231261082573
     0.224543106170711     0.018851094766710    -0.188657585010108
321 181
     0.003392391598446     0.009250972136142    -0.016779849412967
     0.015028979190897    -0.004583554776036    -0.001232364243739
    -0.011696026751622    -0.006535161693399    -0.003440883536332
321 182
    -0.009196396405199    -0.001766016598250     0.009979880932608
    -0.006068851450237     0.000033879827297    -0.001162217001885
    -0.001461695999013    -0.003660855683363     0.000022097520007
321 183
    -0.007756070072573    -0.004086630082598    -0.004731620306396
     0.003806027829721    -0.000737694282938    -0.004384738779168
     0.002068987774084     0.002258933826897    -0.003379087156603
321 184
     0.004300358062267    -0.004827898155010     0.003680658614139
    -0.007440761446978     0.009524862383654    -0.009695461956155
    -0.013122779137447     0.027208485748003    -0.022732847834532
321 185
     0.001696635168480    -0.007782509091922    -0.004321547425880
    -0.000642673808520     0.011183540985783     0.001612744115630
    -0.005825659161759     0.002274906748635     0.012355091025055
321 186
     0.004855842227466    -0.003300024420538     0.000463238454446
    -0.004483068282772     0.001387903795702     0.003184072699926
     0.006840594475638     0.000795376914177    -0.003867308923228
321 187
     0.001720989319115    -0.001319458041938    -0.001948202043056
     0.001528125209298     0.001454209640978    -0.005060444992202
    -0.000429271322751    -0.001904471994367    -0.000206640185303
321 188
    -0.001907961326120     0.001901135445363     0.008010990577598
     0.003877207541801    -0.007233951397410     0.008704903567989
     0.006092751997225     0.000501730235075     0.018452237663474
321 189
     0.009753865798217    -0.007148876040615    -0.007148876040615
     0.001919613625739    -0.010012920928746    -0.015828760235884
     0.001919613625739    -0.015828760235884    -0.010012920928746
321 190
    -0.006289233548545     0.001932990188525     0.001932990188525
    -0.000553182933307    -0.000827321808622    -0.001204092779598
    -0.000553182933307    -0.001204092779598    -0.000827321808622
321 191
    -0.008007871340733    -0.002154179853226    -0.002154179853226
    -0.001787440355448    -0.002822160569764     0.000953739626847
    -0.001787440355448     0.000953739626847    -0.002822160569764
321 192
     0.004314600078034    -0.024011954131163    -0.024011954131163
    -0.003106481803241    -0.019873694843405    -0.049790015960890
    -0.003106481803241    -0.049790015960890    -0.019873694843405
321 193
    -0.097716681280581    -0.776333288385880     0.128132930555051
    -0.391914210768494    -3.227295678573933     0.391914210768494
     0.128132930555051     0.776333288385880    -0.097716681280581
321 194
     0.038486548054468    -0.129889194674885    -0.005192728342039
     0.041828839224832    -0.149260472235013     0.008611066448624
    -0.001141603657898    -0.064693803392025    -0.018548625591496
321 195
     0.026658842441552     0.020655623073782    -0.001671686018850
    -0.000577719284571     0.014139526019100     0.005750121817988
     0.005035574606454    -0.000370103566669     0.000351440338849
321 196
     0.067157213771902     0.016552100525650     0.008371015223058
     0.042901120288512    -0.022148841679327    -0.001701337273165
     0.010529895283115    -0.028853573322022    -0.038761507781503
321 197
    -0.268589638299972     0.783838787044601     0.386130447312640
     1.024672609858512    -5.141374436415793    -1.024672609858512
     0.386130447312640    -0.783838787044601    -0.268589638299972
321 198
    -0.188657585010108     0.224543106170711    -0.018851094766710
    -0.055926337632293     0.089980218652763    -0.048256467436019
     0.065231261082573     0.066476528357257     0.008273174434750
321 199
    -0.014428143201557     0.014341763971516    -0.006986539076742
    -0.013580451932079     0.012756046282469    -0.008705296438094
     0.000872927954474    -0.005290887032554    -0.020337243608297
321 200
     0.084063260843933    -0.194294019329945    -0.026822098949151
    -0.049735008452484     0.055771686308530    -0.011151673906051
    -0.002061048761296     0.004535724264319     0.029738503742947
321 201
     0.061986845812167     0.018111525335572    -0.002582506959180
    -0.086578632565325     0.371412850893318     0.086578632565325
    -0.002582506959180    -0.018111525335572     0.061986845812167
321 202
    -0.000492027102593     0.008444111837581    -0.001082342903579
    -0.005586444920329     0.033093325951375     0.003956538834069
    -0.011259174174607    -0.012621046055488    -0.003896111805869
321 203
    -0.000024439557110    -0.001832459093997     0.000747179154251
    -0.007386496026548    -0.009319989164655    -0.005620351318481
    -0.000772890319981    -0.000601407264158     0.002159903040735
321 204
    -0.010233383688858     0.008553705515438     0.003356064399169
     0.019992488704093    -0.006854981682465    -0.004634554819651
     0.001211760389368     0.004829856811763     0.001323541423794
321 205
     0.027190185023516     0.027819964341677    -0.009896495676362
     0.079911852744174     0.566268739951908    -0.079911852744174
    -0.009896495676362    -0.027819964341677     0.027190185023516
321 206
     0.018898781036400    -0.051131090399231     0.001772255071842
    -0.007398749018794     0.005144842790550    -0.001623127653514
    -0.000960071098676     0.009927223053137    -0.005521781727522
321 207
     0.001783643560135    -0.009105725970778     0.003219095076926
     0.011530286811433    -0.007527256450335     0.008917239420914
     0.009629277577964     0.005919765786220    -0.001621655813995
321 208
    -0.003891875641262     0.030046364917864    -0.004258008752644
     0.012008988595235    -0.002327447905760    -0.007311734933370
    -0.001047254099266    -0.003206769963598    -0.001043867255229
321 209
    -0.038761507781503     0.028853573322022     0.010529895283115
     0.001701337273165    -0.022148841679327    -0.042901120288512
     0.008371015223058    -0.016552100525650     0.067157213771902
321 210
    -0.003440883536332    -0.011696026751622     0.006535161693399
    -0.016779849412967     0.003392391598446    -0.009250972136142
     0.001232364243739    -0.015028979190897    -0.004583554776036
321 211
     0.005074019888033    -0.002053908774178     0.004885775323309
    -0.005095991196008     0.001418384442460    -0.003043396733653
     0.004970544165575    -0.002238874676487     0.003063223388539
321 212
    -0.012936785509650     0.005622294791849     0.011668239257899
     0.010459903670965    -0.009307963923195    -0.010459903670965
     0.011668239257899    -0.005622294791849    -0.012936785509650
321 213
     0.029738503742947    -0.004535724264319    -0.002061048761296
     0.011151673906051     0.055771686308530     0.049735008452484
    -0.026822098949151     0.194294019329944     0.084063260843933
321 214
    -0.022732847834532    -0.013122779137447    -0.027208485748003
     0.003680658614139     0.004300358062267     0.004827898155010
     0.009695461956155     0.007440761446978     0.009524862383654
321 215
    -0.016389745531440     0.007200729200644     0.007059914685977
    -0.001750651011939    -0.002305887498090     0.011061619347644
     0.033602249315348     0.004905697823248     0.003191629281256
321 216
    -0.001983050760013     0.009759402989111     0.006042551928312
    -0.007404397238268    -0.007466735475005     0.007404397238268
     0.006042551928312    -0.009759402989111    -0.001983050760013
321 217
     0.001323541423794    -0.004829856811763     0.001211760389368
     0.004634554819651    -0.006854981682465    -0.019992488704093
     0.003356064399169    -0.008553705515438    -0.010233383688858
321 218
    -0.003379087156603     0.002068987774084    -0.002258933826897
    -0.004731620306396    -0.007756070072573     0.004086630082598
     0.004384738779168    -0.003806027829721    -0.000737694282938
321 219
    -0.000367280405824    -0.001119341018641    -0.000028570387047
    -0.004042355329948    -0.001939694602197    -0.001390897769498
     0.000368338498083    -0.000484798862115    -0.004210073855014
321 220
    -0.000380459584597    -0.000199258213045     0.000874127441943
    -0.000529800519355    -0.011877326815174     0.000529800519355
     0.000874127441943     0.000199258213045    -0.000380459584597
321 221
    -0.001043867255229     0.003206769963598    -0.001047254099266
     0.007311734933370    -0.002327447905760    -0.012008988595235
    -0.004258008752644    -0.030046364917864    -0.003891875641262
321 222
     0.000022097520007    -0.001461695999013     0.003660855683363
     0.009979880932608    -0.009196396405199     0.001766016598250
     0.001162217001885     0.006068851450237     0.000033879827297
321 223
     0.002821731639257    -0.004743190046287     0.000475275083446
    -0.000194050311755     0.005531077755545    -0.002226910168570
     0.002510683851132     0.000555931126115     0.001952027307356
321 224
     0.001557623680863     0.003690057129877     0.002004560872787
    -0.002195220544727    -0.011034709643338     0.002195220544727
     0.002004560872787    -0.003690057129877     0.001557623680863
321 225
     0.000351440338849     0.000370103566669     0.005035574606454
    -0.005750121817988     0.014139526019100     0.000577719284571
    -0.001671686018850    -0.020655623073782     0.026658842441552
321 226
     0.012355091025055    -0.005825659161759    -0.002274906748635
    -0.004321547425880     0.001696635168480     0.007782509091922
    -0.001612744115630     0.000642673808520     0.011183540985783
321 227
    -0.004727068137508    -0.004266052151210    -0.004330114651251
     0.004547948787717    -0.004093867812691    -0.004547948787717
    -0.004330114651251     0.004266052151210    -0.004727068137508
321 228
     0.003063223388539     0.002238874676487     0.004970544165575
     0.003043396733653     0.001418384442460     0.005095991196008
     0.004885775323309     0.002053908774178     0.005074019888033
321 229
    -0.020337243608297     0.005290887032554     0.000872927954474
     0.008705296438094     0.012756046282469     0.013580451932079
    -0.006986539076742    -0.014341763971516    -0.014428143201557
321 230
     0.018452237663474     0.006092751997225    -0.000501730235075
     0.008010990577598    -0.001907961326120    -0.001901135445363
    -0.008704903567989    -0.003877207541801    -0.007233951397410
321 231
     0.014295269597740     0.001796461184467    -0.012678000833107
     0.004568583008860    -0.002943392312747    -0.004568583008860
    -0.012678000833107    -0.001796461184467     0.014295269597740
321 232
     0.003191629281256    -0.004905697823248     0.033602249315348
    -0.011061619347644    -0.002305887498090     0.001750651011939
     0.007059914685977    -0.007200729200644    -0.016389745531440
321 233
     0.002159903040735     0.000601407264158    -0.000772890319981
     0.005620351318481    -0.009319989164655     0.007386496026548
     0.000747179154251     0.001832459093997    -0.000024439557110
321 234
    -0.000206640185303    -0.000429271322751     0.001904471994367
    -0.001948202043056     0.001720989319115     0.001319458041938
     0.005060444992202    -0.001528125209298     0.001454209640978
321 235
     0.005191448192901     0.001165561142582    -0.001179228087619
     0.001323969405409     0.007308520800475    -0.001323969405409
    -0.001179228087619    -0.001165561142582     0.005191448192901
321 236
    -0.004210073855014     0.000484798862115     0.000368338498083
     0.001390897769498    -0.001939694602197     0.004042355329948
    -0.000028570387047     0.001119341018641    -0.000367280405824
321 237
    -0.001621655813995    -0.005919765786220     0.009629277577964
    -0.008917239420914    -0.007527256450335    -0.011530286811433
     0.003219095076926     0.009105725970778     0.001783643560135
321 238
    -0.003867308923228     0.006840594475638    -0.000795376914177
     0.000463238454446     0.004855842227466     0.003300024420538
    -0.003184072699926     0.004483068282772     0.001387903795702
321 239
     0.001650363800611    -0.002611488246602    -0.001168964118898
     0.002798655739835     0.012922456189551    -0.002798655739835
    -0.001168964118898     0.002611488246602     0.001650363800611
321 240
     0.001952027307356    -0.000555931126115     0.002510683851132
     0.002226910168570     0.005531077755545     0.000194050311755
     0.000475275083446     0.004743190046287     0.002821731639257
321 241
    -0.018548625591496     0.064693803392025    -0.001141603657898
    -0.008611066448624    -0.149260472235013    -0.041828839224832
    -0.005192728342039     0.129889194674885     0.038486548054468
321 242
    -0.010012920928746     0.001919613625739     0.015828760235884
    -0.007148876040615     0.009753865798217     0.007148876040615
     0.015828760235884    -0.001919613625739    -0.010012920928746
321 243
     0.011183540985783    -0.000642673808520    -0.001612744115630
    -0.007782509091922     0.001696635168480     0.004321547425880
    -0.002274906748635     0.005825659161759     0.012355091025055
321 244
    -0.004583554776036     0.015028979190897     0.001232364243739
     0.009250972136142     0.003392391598446     0.016779849412967
     0.006535161693399     0.011696026751622    -0.003440883536332
321 245
     0.008273174434750    -0.066476528357257     0.065231261082573
     0.048256467436019     0.089980218652763     0.055926337632293
    -0.018851094766710    -0.224543106170711    -0.188657585010108
321 246
    -0.019873694843405    -0.003106481803241     0.049790015960890
    -0.024011954131163     0.004314600078034     0.024011954131163
     0.049790015960890     0.003106481803241    -0.019873694843405
321 247
    -0.007233951397410     0.003877207541801    -0.008704903567989
     0.001901135445363    -0.001907961326120    -0.008010990577598
    -0.000501730235075    -0.006092751997225     0.018452237663474
321 248
     0.009524862383654    -0.007440761446978     0.009695461956155
    -0.004827898155010     0.004300358062267    -0.003680658614139
    -0.027208485748003     0.013122779137447    -0.022732847834532
321 249
    -0.003896111805869     0.012621046055488    -0.011259174174607
    -0.003956538834069     0.033093325951375     0.005586444920329
    -0.001082342903579    -0.008444111837581    -0.000492027102593
321 250
    -0.002822160569764    -0.001787440355448    -0.000953739626847
    -0.002154179853226    -0.008007871340733     0.002154179853226
    -0.000953739626847     0.001787440355448    -0.002822160569764
321 251
     0.001454209640978     0.001528125209298     0.005060444992202
    -0.001319458041938     0.001720989319115     0.001948202043056
     0.001904471994367     0.000429271322751    -0.000206640185303
321 252
    -0.000737694282938     0.003806027829721     0.004384738779168
    -0.004086630082598    -0.007756070072573     0.004731620306396
    -0.002258933826897    -0.002068987774084    -0.003379087156603
321 253
    -0.005521781727522    -0.009927223053137    -0.000960071098676
     0.001623127653514     0.005144842790550     0.007398749018794
     0.001772255071842     0.051131090399231     0.018898781036400
321 254
    -0.000827321808622    -0.000553182933307     0.001204092779598
     0.001932990188525    -0.006289233548545    -0.001932990188525
     0.001204092779598     0.000553182933307    -0.000827321808622
321 255
     0.001387903795702    -0.004483068282772    -0.003184072699926
    -0.003300024420538     0.004855842227466    -0.000463238454446
    -0.000795376914177    -0.006840594475638    -0.003867308923228
321 256
     0.000033879827297    -0.006068851450237     0.001162217001885
    -0.001766016598250    -0.009196396405199    -0.009979880932608
     0.003660855683363     0.001461695999013     0.000022097520007
321 257
    -0.461605316196401     0.393863642665790    -0.081021886347391
     0.393863642665790    -0.461605316196401     0.081021886347391
     0.081021886347391    -0.081021886347391    -0.025684285443830
321 258
    -0.120982972698132     0.024023530513784    -0.010452743755654
     0.024023530513784     0.001615032062133    -0.006606761795471
     0.010452743755654     0.006606761795471     0.009395150719772
321 259
    -0.082395278622087    -0.000549974494120     0.022535423964338
    -0.000549974494120    -0.013946389557228    -0.001865916633310
    -0.022535423964338     0.001865916633310     0.026263694829166
321 260
    -0.224829496140344    -0.070937037924751     0.012343470041169
    -0.070937037924751     0.013784576420308     0.037283547529609
    -0.012343470041169    -0.037283547529609    -0.046625135060392
321 261
     0.013784576420308    -0.070937037924751    -0.037283547529609
    -0.070937037924751    -0.224829496140345    -0.012343470041169
     0.037283547529609     0.012343470041169    -0.046625135060392
321 262
    -0.112947712427483    -0.046798870951140    -0.010363723565396
    -0.046798870951140    -0.016123929998288    -0.001344428068655
     0.010363723565396     0.001344428068655    -0.010362153982829
321 263
    -0.057885589384206    -0.003575765143112     0.004209851798067
    -0.003575765143112     0.013837748636970     0.004326186899168
    -0.004209851798067    -0.004326186899168    -0.001148587066277
321 264
    -0.051288620872500    -0.082415571217124    -0.090991570687552
    -0.082415571217124    -0.051288620872500     0.090991570687552
     0.090991570687552    -0.090991570687552     0.144884016941838
321 265
    -0.013946389557228    -0.000549974494120     0.001865916633310
    -0.000549974494120    -0.082395278622087    -0.022535423964338
    -0.001865916633310     0.022535423964338     0.026263694829166
321 266
     0.008800690803526     0.001802463366620    -0.001371803713040
     0.001802463366620    -0.001565553203893    -0.001969695074451
     0.001371803713040     0.001969695074451     0.007032980308810
321 267
    -0.000694269799881    -0.002568605620626    -0.002022730640641
    -0.002568605620626    -0.000694269799881     0.002022730640641
     0.002022730640641    -0.002022730640641     0.005859259045385
321 268
     0.013837748636970    -0.003575765143112    -0.004326186899168
    -0.003575765143112    -0.057885589384206    -0.004209851798067
     0.004326186899168     0.004209851798067    -0.001148587066277
321 269
     0.001615032062133     0.024023530513784     0.006606761795471
     0.024023530513784    -0.120982972698133     0.010452743755654
    -0.006606761795471    -0.010452743755654     0.009395150719772
321 270
    -0.001607186047434     0.015446633325677    -0.002233506400687
     0.015446633325677    -0.001607186047434     0.002233506400687
     0.002233506400687    -0.002233506400687     0.003221510184286
321 271
    -0.001565553203893     0.001802463366620     0.001969695074451
     0.001802463366620     0.008800690803526     0.001371803713040
    -0.001969695074451    -0.001371803713040     0.007032980308810
321 272
    -0.016123929998288    -0.046798870951140     0.001344428068655
    -0.046798870951140    -0.112947712427483     0.010363723565396
    -0.001344428068655    -0.010363723565396    -0.010362153982829
321 273
    -0.007419887138475    -0.001308855293923    -0.016688863923225
    -0.001308855293923    -0.007419887138475     0.016688863923225
    -0.000559948080590     0.000559948080590     0.003563789247729
321 274
    -0.000934334310910    -0.003247302960640    -0.003892169819429
    -0.002580175360516     0.000773007042331     0.000519059222947
    -0.003020096879362     0.000433242727068    -0.000621161797820
321 275
    -0.004287190270892    -0.001279703193413    -0.003596230449089
     0.001940389242161     0.001645444383656     0.001646744460982
     0.002452678573016     0.001477510444163     0.002291816295551
321 276
    -0.013187751691595     0.003025075131942     0.005276590925972
    -0.014789196521466    -0.004187769461442     0.015516478797741
     0.002239792322360    -0.007956367398643    -0.011539747009601
321 277
    -0.004187769461442    -0.014789196521466    -0.015516478797741
     0.003025075131942    -0.013187751691595    -0.005276590925972
     0.007956367398643    -0.002239792322360    -0.011539747009601
321 278
    -0.005955054821357    -0.000060052188298    -0.007969318826630
    -0.002349220880897    -0.002612037695298    -0.001898727929771
     0.009489054266377     0.001033274945860    -0.000682123091334
321 279
    -0.000185155694557     0.002283275641032     0.010014930829495
    -0.000403242254883     0.000851201478598    -0.003043479293313
     0.012919391043497    -0.000198659418272     0.002229761798266
321 280
     0.002756959315939    -0.011310667678188    -0.019555517506878
    -0.011310667678188     0.002756959315939     0.019555517506878
     0.004179181358988    -0.004179181358988    -0.017651621532133
321 281
     0.001645444383656     0.001940389242161    -0.001646744460982
    -0.001279703193413    -0.004287190270892     0.003596230449089
    -0.001477510444163    -0.002452678573016     0.002291816295551
321 282
     0.001317452886139    -0.000984219324643    -0.002184160397218
    -0.003659926649951     0.000351668089638     0.001876939771316
    -0.000581523671645    -0.000863296943143     0.002052571687349
321 283
    -0.000961239270339    -0.001337035657750     0.001988461739155
    -0.001337035657750    -0.000961239270339    -0.001988461739155
     0.001401380948350    -0.001401380948350     0.001551686977066
321 284
     0.000851201478598    -0.000403242254883     0.003043479293313
     0.002283275641032    -0.000185155694557    -0.010014930829495
     0.000198659418272    -0.012919391043497     0.002229761798266
321 285
     0.000773007042331    -0.002580175360516    -0.000519059222947
    -0.003247302960640    -0.000934334310910     0.003892169819429
    -0.000433242727068     0.003020096879362    -0.000621161797820
321 286
     0.002006049793618     0.000113858311311     0.000925351440428
     0.000113858311311     0.002006049793618    -0.000925351440428
    -0.002391945030285     0.002391945030285     0.002315684577844
321 287
     0.000351668089638    -0.003659926649951    -0.001876939771316
    -0.000984219324643     0.001317452886139     0.002184160397218
     0.000863296943143     0.000581523671645     0.002052571687349
321 288
    -0.002612037695298    -0.002349220880897     0.001898727929771
    -0.000060052188298    -0.005955054821357     0.007969318826630
    -0.001033274945860    -0.009489054266377    -0.000682123091334
321 289
     0.000477553540334    -0.001279566542941     0.004484291494281
    -0.001279566542941     0.000477553540334    -0.004484291494281
    -0.004484291494281     0.004484291494281    -0.033285088316558
321 290
    -0.004457441574550     0.000952254501935     0.002487235958830
     0.000952254501935     0.001677617977918     0.000727572658526
    -0.002487235958830    -0.000727572658526    -0.000589565172214
321 291
    -0.004388053501982     0.000089762278233    -0.002205994105830
     0.000089762278233    -0.001707517860025     0.000065986994177
     0.002205994105830    -0.000065986994177     0.003453390850431
321 292
     0.002223430326439    -0.000264147258644    -0.006683589727025
    -0.000264147258644    -0.000643375091072     0.004984022267253
     0.006683589727025    -0.004984022267253    -0.030266555325922
321 293
    -0.000643375091072    -0.000264147258644    -0.004984022267253
    -0.000264147258644     0.002223430326439     0.006683589727025
     0.004984022267253    -0.006683589727025    -0.030266555325922
321 294
     0.008715815677560     0.001484751021210     0.006110826868919
     0.001484751021210     0.000589485459586     0.001305467500993
    -0.006110826868919    -0.001305467500993     0.007883902792624
321 295
     0.001487187954687    -0.002992055063929    -0.007946361547478
    -0.002992055063929    -0.003377447350944     0.000356915847242
     0.007946361547478    -0.000356915847242     0.009637325721410
321 296
    -0.016948995176283    -0.000041057772809    -0.004309287790903
    -0.000041057772809    -0.016948995176283     0.004309287790903
     0.004309287790903    -0.004309287790903    -0.015897226866661
321 297
    -0.001707517860025     0.000089762278233    -0.000065986994177
     0.000089762278233    -0.004388053501982     0.002205994105830
     0.000065986994177    -0.002205994105830     0.003453390850431
321 298
     0.000488667778654     0.000526998235735     0.000268153774541
     0.000526998235735    -0.002192414465186    -0.000100772130776
    -0.000268153774541     0.000100772130776    -0.001007776347456
321 299
    -0.001158061498943    -0.000017644992086     0.001330459353827
    -0.000017644992086    -0.001158061498943    -0.001330459353827
    -0.001330459353827     0.001330459353827    -0.004940258055875
321 300
    -0.003377447350944    -0.002992055063929    -0.000356915847242
    -0.002992055063929     0.001487187954687     0.007946361547478
     0.000356915847242    -0.007946361547478     0.009637325721410
321 301
     0.001677617977918     0.000952254501935    -0.000727572658526
     0.000952254501935    -0.004457441574550    -0.002487235958830
     0.000727572658526     0.002487235958830    -0.000589565172214
321 302
    -0.002287614293417     0.001228576937973    -0.000089824909698
     0.001228576937973    -0.002287614293417     0.000089824909698
     0.000089824909698    -0.000089824909698     0.000352579092779
321 303
    -0.002192414465186     0.000526998235735     0.000100772130776
     0.000526998235735     0.000488667778654    -0.000268153774541
    -0.000100772130776     0.000268153774541    -0.001007776347456
321 304
     0.000589485459586     0.001484751021210    -0.001305467500993
     0.001484751021210     0.008715815677560    -0.006110826868919
     0.001305467500993     0.006110826868919     0.007883902792624
321 305
    -0.007419887138475    -0.001308855293923     0.000559948080590
    -0.001308855293923    -0.007419887138475    -0.000559948080590
     0.016688863923225    -0.016688863923225     0.003563789247729
321 306
    -0.000934334310910    -0.002580175360516     0.003020096879362
    -0.003247302960640     0.000773007042331    -0.000433242727068
     0.003892169819429    -0.000519059222947    -0.000621161797820
321 307
    -0.004287190270892     0.001940389242161    -0.002452678573016
    -0.001279703193413     0.001645444383656    -0.001477510444163
     0.003596230449089    -0.001646744460982     0.002291816295551
321 308
    -0.013187751691595    -0.014789196521466    -0.002239792322360
     0.003025075131942    -0.004187769461442     0.007956367398643
    -0.005276590925972    -0.015516478797741    -0.011539747009601
321 309
    -0.004187769461442     0.003025075131942    -0.007956367398643
    -0.014789196521466    -0.013187751691595     0.002239792322360
     0.015516478797741     0.005276590925972    -0.011539747009601
321 310
    -0.005955054821357    -0.002349220880897    -0.009489054266377
    -0.000060052188298    -0.002612037695298    -0.001033274945860
     0.007969318826630     0.001898727929771    -0.000682123091334
321 311
    -0.000185155694557    -0.000403242254883    -0.012919391043497
     0.002283275641032     0.000851201478598     0.000198659418272
    -0.010014930829495     0.003043479293313     0.002229761798266
321 312
     0.002756959315939    -0.011310667678188    -0.004179181358988
    -0.011310667678188     0.002756959315939     0.004179181358988
     0.019555517506878    -0.019555517506878    -0.017651621532133
321 313
     0.001645444383656    -0.001279703193413     0.001477510444163
     0.001940389242161    -0.004287190270892     0.002452678573016
     0.001646744460982    -0.003596230449089     0.002291816295551
321 314
     0.001317452886139    -0.003659926649951     0.000581523671645
    -0.000984219324643     0.000351668089638     0.000863296943143
     0.002184160397218    -0.001876939771316     0.002052571687349
321 315
    -0.000961239270339    -0.001337035657750    -0.001401380948350
    -0.001337035657750    -0.000961239270339     0.001401380948350
    -0.001988461739155     0.001988461739155     0.001551686977066
321 316
     0.000851201478598     0.002283275641032    -0.000198659418272
    -0.000403242254883    -0.000185155694557     0.012919391043497
    -0.003043479293313     0.010014930829495     0.002229761798266
321 317
     0.000773007042331    -0.003247302960640     0.000433242727068
    -0.002580175360516    -0.000934334310910    -0.003020096879362
     0.000519059222947    -0.003892169819429    -0.000621161797820
321 318
     0.002006049793618     0.000113858311311     0.002391945030285
     0.000113858311311     0.002006049793618    -0.002391945030285
    -0.000925351440428     0.000925351440428     0.002315684577844
321 319
     0.000351668089638    -0.000984219324643    -0.000863296943143
    -0.003659926649951     0.001317452886139    -0.000581523671645
     0.001876939771316    -0.002184160397218     0.002052571687349
321 320
    -0.002612037695298    -0.000060052188298     0.001033274945860
    -0.002349220880897    -0.005955054821357     0.009489054266377
    -0.001898727929771    -0.007969318826630    -0.000682123091334
321 321
    12.675571102299154    -0.834521559512705    -0.834521559512705
    -0.834521559512705    12.675571102299154     0.834521559512705
    -0.834521559512705     0.834521559512705    12.675571102299154
321 322
    -1.434637317292716     0.038594342501054     0.038594342501054
    -0.110341370399739     0.188519465546543     0.033589158390005
    -0.110341370399739     0.033589158390005     0.188519465546543
321 323
    -0.083500150823135    -0.007995800549184    -0.007995800549184
    -0.007995800549184    -0.027866221475046     0.003860210690491
    -0.007995800549184     0.003860210690491    -0.027866221475046
321 324
    -1.434637317292716    -0.110341370399739    -0.110341370399739
     0.038594342501054     0.188519465546543     0.033589158390005
     0.038594342501054     0.033589158390005     0.188519465546543
321 325
     0.188519465546543     0.038594342501054    -0.033589158390005
    -0.110341370399739    -1.434637317292716     0.110341370399739
    -0.033589158390005    -0.038594342501054     0.188519465546543
321 326
    -0.011204869846680    -0.086912631938763     0.002951800112638
     0.014964181245612    -0.011204869846680    -0.000257660157111
     0.000257660157111    -0.002951800112638     0.002904610150008
321 327
    -0.003188452157660    -0.007129451745519     0.000559885449124
     0.008785165791592     0.008877040458431     0.002684454853384
     0.000753929118148    -0.002860031729572     0.002569360994137
321 328
    -0.029105717165249     0.036175492511339     0.012259002968694
     0.036175492511339    -0.029105717165249    -0.012259002968694
     0.002742724891788    -0.002742724891788     0.001979122059112
321 329
    -0.027866221475046    -0.007995800549184    -0.003860210690491
    -0.007995800549184    -0.083500150823135     0.007995800549184
    -0.003860210690491     0.007995800549184    -0.027866221475046
321 330
     0.008877040458431    -0.007129451745519     0.002860031729572
     0.008785165791592    -0.003188452157660    -0.000753929118148
    -0.002684454853384    -0.000559885449124     0.002569360994137
321 331
    -0.006596970409555    -0.003536257973566    -0.001849626758396
    -0.003536257973566    -0.006596970409555     0.001849626758396
    -0.001849626758396     0.001849626758396    -0.010663566963710
321 332
     0.008877040458431     0.008785165791592    -0.002684454853384
    -0.007129451745519    -0.003188452157660    -0.000559885449124
     0.002860031729572    -0.000753929118148     0.002569360994137
321 333
     0.188519465546543    -0.110341370399739    -0.033589158390005
     0.038594342501054    -1.434637317292716    -0.038594342501054
    -0.033589158390005     0.110341370399739     0.188519465546543
321 334
    -0.029105717165249     0.036175492511339     0.002742724891788
     0.036175492511339    -0.029105717165249    -0.002742724891788
     0.012259002968694    -0.012259002968694     0.001979122059112
321 335
    -0.003188452157660     0.008785165791592     0.000753929118148
    -0.007129451745519     0.008877040458431    -0.002860031729572
     0.000559885449124     0.002684454853384     0.002569360994137
321 336
    -0.011204869846680     0.014964181245612     0.000257660157111
    -0.086912631938763    -0.011204869846680    -0.002951800112638
     0.002951800112638    -0.000257660157111     0.002904610150008
321 337
     0.188519465546543    -0.033589158390005     0.038594342501054
    -0.033589158390005     0.188519465546543    -0.038594342501054
    -0.110341370399739     0.110341370399739    -1.434637317292716
321 338
    -0.011204869846680     0.002951800112638    -0.086912631938763
     0.000257660157111     0.002904610150008    -0.002951800112638
     0.014964181245612    -0.000257660157111    -0.011204869846680
321 339
    -0.003188452157660     0.000559885449124    -0.007129451745519
     0.000753929118148     0.002569360994137    -0.002860031729572
     0.008785165791592     0.002684454853384     0.008877040458431
321 340
    -0.029105717165249     0.012259002968694     0.036175492511339
     0.002742724891788     0.001979122059112    -0.002742724891788
     0.036175492511339    -0.012259002968694    -0.029105717165249
321 341
     0.001979122059112     0.002742724891788     0.002742724891788
     0.012259002968694    -0.029105717165249    -0.036175492511339
     0.012259002968694    -0.036175492511339    -0.029105717165249
321 342
    -0.003371093104036    -0.000991947667955    -0.000991947667955
    -0.000162084540085    -0.003363713978595    -0.003336744489850
    -0.000162084540085    -0.003336744489850    -0.003363713978595
321 343
    -0.006397855489712     0.000688078774443     0.000688078774443
     0.003307577205954    -0.000564747928316    -0.001143109659964
     0.003307577205954    -0.001143109659964    -0.000564747928316
321 344
     0.000464898188368     0.005120245705675     0.005120245705675
     0.005120245705675     0.000464898188368    -0.005120245705675
     0.005120245705675    -0.005120245705675     0.000464898188368
321 345
     0.002569360994137     0.000753929118148     0.002860031729572
     0.000559885449124    -0.003188452157660     0.007129451745519
    -0.002684454853384    -0.008785165791592     0.008877040458431
321 346
     0.000674155609845     0.000466978312132    -0.001592329104619
     0.000347211765868    -0.005600818841687    -0.000466978312132
    -0.000854720228157    -0.000347211765868     0.000674155609845
321 347
     0.001397810954865     0.001184499569336     0.001772476179896
     0.001184499569336     0.001397810954865    -0.001772476179896
    -0.000939823104907     0.000939823104907    -0.002455595680917
321 348
    -0.000564747928316     0.003307577205954     0.001143109659964
     0.000688078774443    -0.006397855489712    -0.000688078774443
     0.001143109659964    -0.003307577205954    -0.000564747928316
321 349
     0.002904610150008     0.000257660157111     0.002951800112638
     0.002951800112638    -0.011204869846680     0.086912631938763
     0.000257660157111    -0.014964181245612    -0.011204869846680
321 350
    -0.003363713978595     0.003336744489850    -0.000991947667955
     0.003336744489850    -0.003363713978595     0.000991947667955
    -0.000162084540085     0.000162084540085    -0.003371093104036
321 351
    -0.005600818841687     0.000347211765868     0.000466978312132
     0.000466978312132     0.000674155609845     0.001592329104619
     0.000347211765868     0.000854720228157     0.000674155609845
321 352
    -0.003363713978595    -0.000162084540085     0.003336744489850
    -0.000991947667955    -0.003371093104036     0.000991947667955
     0.003336744489850     0.000162084540085    -0.003363713978595
321 353
    -0.027866221475046    -0.003860210690491    -0.007995800549184
    -0.003860210690491    -0.027866221475046     0.007995800549184
    -0.007995800549184     0.007995800549184    -0.083500150823135
321 354
     0.008877040458431     0.002860031729572    -0.007129451745519
    -0.002684454853384     0.002569360994137    -0.000559885449124
     0.008785165791592    -0.000753929118148    -0.003188452157660
321 355
    -0.006596970409555    -0.001849626758396    -0.003536257973566
    -0.001849626758396    -0.010663566963710     0.001849626758396
    -0.003536257973566     0.001849626758396    -0.006596970409555
321 356
     0.008877040458431    -0.002684454853384     0.008785165791592
     0.002860031729572     0.002569360994137    -0.000753929118148
    -0.007129451745519    -0.000559885449124    -0.003188452157660
321 357
     0.002569360994137     0.002860031729572     0.000753929118148
    -0.002684454853384     0.008877040458431    -0.008785165791592
     0.000559885449124     0.007129451745519    -0.003188452157660
321 358
     0.000674155609845    -0.001592329104619     0.000466978312132
    -0.000854720228157     0.000674155609845    -0.000347211765868
     0.000347211765868    -0.000466978312132    -0.005600818841687
321 359
     0.001397810954865     0.001772476179896     0.001184499569336
    -0.000939823104907    -0.002455595680917     0.000939823104907
     0.001184499569336    -0.001772476179896     0.001397810954865
321 360
    -0.000564747928316     0.001143109659964     0.003307577205954
     0.001143109659964    -0.000564747928316    -0.003307577205954
     0.000688078774443    -0.000688078774443    -0.006397855489712
321 361
    -0.010663566963710    -0.001849626758396    -0.001849626758396
    -0.001849626758396    -0.006596970409555     0.003536257973566
    -0.001849626758396     0.003536257973566    -0.006596970409555
321 362
    -0.002455595680917     0.001772476179896     0.001772476179896
    -0.000939823104907     0.001397810954865    -0.001184499569336
    -0.000939823104907    -0.001184499569336     0.001397810954865
321 363
     0.005125089205779    -0.001498101013072    -0.001498101013072
    -0.001498101013072     0.005125089205779     0.001498101013072
    -0.001498101013072     0.001498101013072     0.005125089205779
321 364
    -0.002455595680917    -0.000939823104907    -0.000939823104907
     0.001772476179896     0.001397810954865    -0.001184499569336
     0.001772476179896    -0.001184499569336     0.001397810954865
321 365
     0.002569360994137    -0.002684454853384     0.000559885449124
     0.002860031729572     0.008877040458431     0.007129451745519
     0.000753929118148    -0.008785165791592    -0.003188452157660
321 366
    -0.000564747928316     0.001143109659964     0.000688078774443
     0.001143109659964    -0.000564747928316    -0.000688078774443
     0.003307577205954    -0.003307577205954    -0.006397855489712
321 367
     0.001397810954865    -0.000939823104907     0.001184499569336
     0.001772476179896    -0.002455595680917    -0.001772476179896
     0.001184499569336     0.000939823104907     0.001397810954865
321 368
     0.000674155609845    -0.000854720228157     0.000347211765868
    -0.001592329104619     0.000674155609845    -0.000466978312132
     0.000466978312132    -0.000347211765868    -0.005600818841687
321 369
     0.188519465546543    -0.033589158390005    -0.110341370399739
    -0.033589158390005     0.188519465546543     0.110341370399739
     0.038594342501054    -0.038594342501054    -1.434637317292716
321 370
    -0.029105717165249     0.002742724891788     0.036175492511339
     0.012259002968694     0.001979122059112    -0.012259002968694
     0.036175492511339    -0.002742724891788    -0.029105717165249
321 371
    -0.003188452157660     0.000753929118148     0.008785165791592
     0.000559885449124     0.002569360994137     0.002684454853384
    -0.007129451745519    -0.002860031729572     0.008877040458431
321 372
    -0.011204869846680     0.000257660157111     0.014964181245612
     0.002951800112638     0.002904610150008    -0.000257660157111
    -0.086912631938763    -0.002951800112638    -0.011204869846680
321 373
     0.002904610150008     0.002951800112638     0.000257660157111
     0.000257660157111    -0.011204869846680    -0.014964181245612
     0.002951800112638     0.086912631938763    -0.011204869846680
321 374
    -0.003363713978595    -0.000991947667955     0.003336744489850
    -0.000162084540085    -0.003371093104036     0.000162084540085
     0.003336744489850     0.000991947667955    -0.003363713978595
321 375
    -0.005600818841687     0.000466978312132     0.000347211765868
     0.000347211765868     0.000674155609845     0.000854720228157
     0.000466978312132     0.001592329104619     0.000674155609845
321 376
    -0.003363713978595     0.003336744489850    -0.000162084540085
     0.003336744489850    -0.003363713978595     0.000162084540085
    -0.000991947667955     0.000991947667955    -0.003371093104036
321 377
     0.002569360994137     0.000559885449124    -0.002684454853384
     0.000753929118148    -0.003188452157660    -0.008785165791592
     0.002860031729572     0.007129451745519     0.008877040458431
321 378
    -0.000564747928316     0.000688078774443     0.001143109659964
     0.003307577205954    -0.006397855489712    -0.003307577205954
     0.001143109659964    -0.000688078774443    -0.000564747928316
321 379
     0.001397810954865     0.001184499569336    -0.000939823104907
     0.001184499569336     0.001397810954865     0.000939823104907
     0.001772476179896    -0.001772476179896    -0.002455595680917
321 380
     0.000674155609845     0.000347211765868    -0.000854720228157
     0.000466978312132    -0.005600818841687    -0.000347211765868
    -0.001592329104619    -0.000466978312132     0.000674155609845
321 381
     0.001979122059112     0.012259002968694     0.012259002968694
     0.002742724891788    -0.029105717165249    -0.036175492511339
     0.002742724891788    -0.036175492511339    -0.029105717165249
321 382
     0.000464898188368     0.005120245705675     0.005120245705675
     0.005120245705675     0.000464898188368    -0.005120245705675
     0.005120245705675    -0.005120245705675     0.000464898188368
321 383
    -0.006397855489712     0.003307577205954     0.003307577205954
     0.000688078774443    -0.000564747928316    -0.001143109659964
     0.000688078774443    -0.001143109659964    -0.000564747928316
321 384
    -0.003371093104036    -0.000162084540085    -0.000162084540085
    -0.000991947667955    -0.003363713978595    -0.003336744489850
    -0.000991947667955    -0.003336744489850    -0.003363713978595
321 385
    -0.025684285443830     0.081021886347391     0.081021886347391
    -0.081021886347391    -0.461605316196401    -0.393863642665790
    -0.081021886347391    -0.393863642665790    -0.461605316196401
321 386
     0.003563789247729     0.016688863923225     0.016688863923225
     0.000559948080590    -0.007419887138475     0.001308855293923
     0.000559948080590     0.001308855293923    -0.007419887138475
321 387
    -0.033285088316558    -0.004484291494281    -0.004484291494281
     0.004484291494281     0.000477553540334     0.001279566542941
     0.004484291494281     0.001279566542941     0.000477553540334
321 388
     0.003563789247729    -0.000559948080590    -0.000559948080590
    -0.016688863923225    -0.007419887138475     0.001308855293923
    -0.016688863923225     0.001308855293923    -0.007419887138475
321 389
    -0.046625135060392    -0.012343470041169     0.037283547529609
     0.012343470041169    -0.224829496140344     0.070937037924751
    -0.037283547529609     0.070937037924751     0.013784576420308
321 390
    -0.011539747009601    -0.005276590925972     0.015516478797741
    -0.002239792322360    -0.013187751691595     0.014789196521466
    -0.007956367398643    -0.003025075131942    -0.004187769461442
321 391
    -0.030266555325922     0.006683589727025     0.004984022267253
    -0.006683589727025     0.002223430326439     0.000264147258644
    -0.004984022267253     0.000264147258644    -0.000643375091072
321 392
    -0.011539747009601     0.002239792322360     0.007956367398643
     0.005276590925972    -0.013187751691595    -0.003025075131942
    -0.015516478797741     0.014789196521466    -0.004187769461442
321 393
     0.026263694829166    -0.022535423964338    -0.001865916633310
     0.022535423964338    -0.082395278622087     0.000549974494120
     0.001865916633310     0.000549974494120    -0.013946389557228
321 394
     0.002291816295551     0.003596230449089     0.001646744460982
    -0.002452678573016    -0.004287190270892    -0.001940389242161
     0.001477510444163     0.001279703193413     0.001645444383656
321 395
     0.003453390850431     0.002205994105830     0.000065986994177
    -0.002205994105830    -0.004388053501982    -0.000089762278233
    -0.000065986994177    -0.000089762278233    -0.001707517860025
321 396
     0.002291816295551     0.002452678573016    -0.001477510444163
    -0.003596230449089    -0.004287190270892     0.001279703193413
    -0.001646744460982    -0.001940389242161     0.001645444383656
321 397
     0.009395150719772     0.010452743755654    -0.006606761795471
    -0.010452743755654    -0.120982972698132    -0.024023530513784
     0.006606761795471    -0.024023530513784     0.001615032062133
321 398
    -0.000621161797820     0.003892169819429     0.000519059222947
     0.003020096879362    -0.000934334310910     0.002580175360516
     0.000433242727068     0.003247302960640     0.000773007042331
321 399
    -0.000589565172214    -0.002487235958830     0.000727572658526
     0.002487235958830    -0.004457441574550    -0.000952254501935
    -0.000727572658526    -0.000952254501935     0.001677617977918
321 400
    -0.000621161797820    -0.003020096879362    -0.000433242727068
    -0.003892169819429    -0.000934334310910     0.003247302960640
    -0.000519059222947     0.002580175360516     0.000773007042331
321 401
    -0.046625135060392     0.037283547529609    -0.012343470041169
    -0.037283547529609     0.013784576420308     0.070937037924751
     0.012343470041169     0.070937037924751    -0.224829496140344
321 402
    -0.011539747009601     0.015516478797741    -0.005276590925972
    -0.007956367398643    -0.004187769461442    -0.003025075131942
    -0.002239792322360     0.014789196521466    -0.013187751691595
321 403
    -0.030266555325922     0.004984022267253     0.006683589727025
    -0.004984022267253    -0.000643375091072     0.000264147258644
    -0.006683589727025     0.000264147258644     0.002223430326439
321 404
    -0.011539747009601     0.007956367398643     0.002239792322360
    -0.015516478797741    -0.004187769461442     0.014789196521466
     0.005276590925972    -0.003025075131942    -0.013187751691595
321 405
     0.144884016941838     0.090991570687552     0.090991570687552
    -0.090991570687552    -0.051288620872500     0.082415571217124
    -0.090991570687552     0.082415571217124    -0.051288620872500
321 406
    -0.017651621532133     0.019555517506878     0.019555517506878
    -0.004179181358988     0.002756959315939     0.011310667678188
    -0.004179181358988     0.011310667678188     0.002756959315939
321 407
    -0.015897226866661     0.004309287790903     0.004309287790903
    -0.004309287790903    -0.016948995176283     0.000041057772809
    -0.004309287790903     0.000041057772809    -0.016948995176283
321 408
    -0.017651621532133     0.004179181358988     0.004179181358988
    -0.019555517506878     0.002756959315939     0.011310667678188
    -0.019555517506878     0.011310667678188     0.002756959315939
321 409
    -0.001148587066277    -0.004209851798067     0.004326186899168
     0.004209851798067    -0.057885589384206     0.003575765143112
    -0.004326186899168     0.003575765143112     0.013837748636970
321 410
     0.002229761798266    -0.010014930829495    -0.003043479293313
    -0.012919391043497    -0.000185155694557     0.000403242254883
    -0.000198659418272    -0.002283275641032     0.000851201478598
321 411
     0.009637325721410     0.007946361547478     0.000356915847242
    -0.007946361547478     0.001487187954687     0.002992055063929
    -0.000356915847242     0.002992055063929    -0.003377447350944
321 412
     0.002229761798266     0.012919391043497     0.000198659418272
     0.010014930829495    -0.000185155694557    -0.002283275641032
     0.003043479293313     0.000403242254883     0.000851201478598
321 413
    -0.010362153982829     0.010363723565396    -0.001344428068655
    -0.010363723565396    -0.112947712427483     0.046798870951140
     0.001344428068655     0.046798870951140    -0.016123929998288
321 414
    -0.000682123091334     0.007969318826630    -0.001898727929771
    -0.009489054266377    -0.005955054821357     0.002349220880897
     0.001033274945860     0.000060052188298    -0.002612037695298
321 415
     0.007883902792624    -0.006110826868919     0.001305467500993
     0.006110826868919     0.008715815677560    -0.001484751021210
    -0.001305467500993    -0.001484751021210     0.000589485459586
321 416
    -0.000682123091334     0.009489054266377    -0.001033274945860
    -0.007969318826630    -0.005955054821357     0.000060052188298
     0.001898727929771     0.002349220880897    -0.002612037695298
321 417
     0.026263694829166    -0.001865916633310    -0.022535423964338
     0.001865916633310    -0.013946389557228     0.000549974494120
     0.022535423964338     0.000549974494120    -0.082395278622087
321 418
     0.002291816295551     0.001646744460982     0.003596230449089
     0.001477510444163     0.001645444383656     0.001279703193413
    -0.002452678573016    -0.001940389242161    -0.004287190270892
321 419
     0.003453390850431     0.000065986994177     0.002205994105830
    -0.000065986994177    -0.001707517860025    -0.000089762278233
    -0.002205994105830    -0.000089762278233    -0.004388053501982
321 420
     0.002291816295551    -0.001477510444163     0.002452678573016
    -0.001646744460982     0.001645444383656    -0.001940389242161
    -0.003596230449089     0.001279703193413    -0.004287190270892
321 421
    -0.001148587066277     0.004326186899168    -0.004209851798067
    -0.004326186899168     0.013837748636970     0.003575765143112
     0.004209851798067     0.003575765143112    -0.057885589384206
321 422
     0.002229761798266    -0.003043479293313    -0.010014930829495
    -0.000198659418272     0.000851201478598    -0.002283275641032
    -0.012919391043497     0.000403242254883    -0.000185155694557
321 423
     0.009637325721410     0.000356915847242     0.007946361547478
    -0.000356915847242    -0.003377447350944     0.002992055063929
    -0.007946361547478     0.002992055063929     0.001487187954687
321 424
     0.002229761798266     0.000198659418272     0.012919391043497
     0.003043479293313     0.000851201478598     0.000403242254883
     0.010014930829495    -0.002283275641032    -0.000185155694557
321 425
     0.005859259045385     0.002022730640641     0.002022730640641
    -0.002022730640641    -0.000694269799881     0.002568605620626
    -0.002022730640641     0.002568605620626    -0.000694269799881
321 426
     0.001551686977066    -0.001988461739155    -0.001988461739155
    -0.001401380948350    -0.000961239270339     0.001337035657750
    -0.001401380948350     0.001337035657750    -0.000961239270339
321 427
    -0.004940258055875    -0.001330459353827    -0.001330459353827
     0.001330459353827    -0.001158061498943     0.000017644992086
     0.001330459353827     0.000017644992086    -0.001158061498943
321 428
     0.001551686977066     0.001401380948350     0.001401380948350
     0.001988461739155    -0.000961239270339     0.001337035657750
     0.001988461739155     0.001337035657750    -0.000961239270339
321 429
     0.007032980308810     0.001371803713040    -0.001969695074451
    -0.001371803713040     0.008800690803526    -0.001802463366620
     0.001969695074451    -0.001802463366620    -0.001565553203893
321 430
     0.002052571687349     0.002184160397218     0.001876939771316
     0.000581523671645     0.001317452886139     0.003659926649951
    -0.000863296943143     0.000984219324643     0.000351668089638
321 431
    -0.001007776347456    -0.000268153774541    -0.000100772130776
     0.000268153774541     0.000488667778654    -0.000526998235735
     0.000100772130776    -0.000526998235735    -0.002192414465186
321 432
     0.002052571687349    -0.000581523671645     0.000863296943143
    -0.002184160397218     0.001317452886139     0.000984219324643
    -0.001876939771316     0.003659926649951     0.000351668089638
321 433
     0.009395150719772    -0.006606761795471     0.010452743755654
     0.006606761795471     0.001615032062133    -0.024023530513784
    -0.010452743755654    -0.024023530513784    -0.120982972698132
321 434
    -0.000621161797820     0.000519059222947     0.003892169819429
     0.000433242727068     0.000773007042331     0.003247302960640
     0.003020096879362     0.002580175360516    -0.000934334310910
321 435
    -0.000589565172214     0.000727572658526    -0.002487235958830
    -0.000727572658526     0.001677617977918    -0.000952254501935
     0.002487235958830    -0.000952254501935    -0.004457441574550
321 436
    -0.000621161797820    -0.000433242727068    -0.003020096879362
    -0.000519059222947     0.000773007042331     0.002580175360516
    -0.003892169819429     0.003247302960640    -0.000934334310910
321 437
    -0.010362153982829    -0.001344428068655     0.010363723565396
     0.001344428068655    -0.016123929998288     0.046798870951140
    -0.010363723565396     0.046798870951140    -0.112947712427483
321 438
    -0.000682123091334    -0.001898727929771     0.007969318826630
     0.001033274945860    -0.002612037695298     0.000060052188298
    -0.009489054266377     0.002349220880897    -0.005955054821357
321 439
     0.007883902792624     0.001305467500993    -0.006110826868919
    -0.001305467500993     0.000589485459586    -0.001484751021210
     0.006110826868919    -0.001484751021210     0.008715815677560
321 440
    -0.000682123091334    -0.001033274945860     0.009489054266377
     0.001898727929771    -0.002612037695298     0.002349220880897
    -0.007969318826630     0.000060052188298    -0.005955054821357
321 441
     0.007032980308810    -0.001969695074451     0.001371803713040
     0.001969695074451    -0.001565553203893    -0.001802463366620
    -0.001371803713040    -0.001802463366620     0.008800690803526
321 442
     0.002052571687349     0.001876939771316     0.002184160397218
    -0.000863296943143     0.000351668089638     0.000984219324643
     0.000581523671645     0.003659926649951     0.001317452886139
321 443
    -0.001007776347456    -0.000100772130776    -0.000268153774541
     0.000100772130776    -0.002192414465186    -0.000526998235735
     0.000268153774541    -0.000526998235735     0.000488667778654
321 444
     0.002052571687349     0.000863296943143    -0.000581523671645
    -0.001876939771316     0.000351668089638     0.003659926649951
    -0.002184160397218     0.000984219324643     0.001317452886139
321 445
     0.003221510184286     0.002233506400687     0.002233506400687
    -0.002233506400687    -0.001607186047434    -0.015446633325677
    -0.002233506400687    -0.015446633325677    -0.001607186047434
321 446
     0.002315684577844    -0.000925351440428    -0.000925351440428
     0.002391945030285     0.002006049793618    -0.000113858311311
     0.002391945030285    -0.000113858311311     0.002006049793618
321 447
     0.000352579092779     0.000089824909698     0.000089824909698
    -0.000089824909698    -0.002287614293417    -0.001228576937973
    -0.000089824909698    -0.001228576937973    -0.002287614293417
321 448
     0.002315684577844    -0.002391945030285    -0.002391945030285
     0.000925351440428     0.002006049793618    -0.000113858311311
     0.000925351440428    -0.000113858311311     0.002006049793618
321 449
    -0.461605316196401    -0.081021886347391     0.393863642665790
     0.081021886347391    -0.025684285443830    -0.081021886347391
     0.393863642665790     0.081021886347391    -0.461605316196401
321 450
    -0.120982972698132    -0.010452743755654     0.024023530513784
     0.010452743755654     0.009395150719772     0.006606761795471
     0.024023530513784    -0.006606761795471     0.001615032062133
321 451
    -0.082395278622087     0.022535423964338    -0.000549974494120
    -0.022535423964338     0.026263694829166     0.001865916633310
    -0.000549974494120    -0.001865916633310    -0.013946389557228
321 452
    -0.224829496140344     0.012343470041169    -0.070937037924751
    -0.012343470041169    -0.046625135060392    -0.037283547529609
    -0.070937037924751     0.037283547529609     0.013784576420308
321 453
    -0.007419887138475    -0.016688863923225    -0.001308855293923
    -0.000559948080590     0.003563789247729     0.000559948080590
    -0.001308855293923     0.016688863923225    -0.007419887138475
321 454
    -0.000934334310910    -0.003892169819429    -0.003247302960640
    -0.003020096879362    -0.000621161797820     0.000433242727068
    -0.002580175360516     0.000519059222947     0.000773007042331
321 455
    -0.004287190270892    -0.003596230449089    -0.001279703193413
     0.002452678573016     0.002291816295551     0.001477510444163
     0.001940389242161     0.001646744460982     0.001645444383656
321 456
    -0.013187751691595     0.005276590925972     0.003025075131942
     0.002239792322360    -0.011539747009601    -0.007956367398643
    -0.014789196521466     0.015516478797741    -0.004187769461442
321 457
     0.000477553540334     0.004484291494281    -0.001279566542941
    -0.004484291494281    -0.033285088316558     0.004484291494281
    -0.001279566542941    -0.004484291494281     0.000477553540334
321 458
    -0.004457441574550     0.002487235958830     0.000952254501935
    -0.002487235958830    -0.000589565172214    -0.000727572658526
     0.000952254501935     0.000727572658526     0.001677617977918
321 459
    -0.004388053501982    -0.002205994105830     0.000089762278233
     0.002205994105830     0.003453390850431    -0.000065986994177
     0.000089762278233     0.000065986994177    -0.001707517860025
321 460
     0.002223430326439    -0.006683589727025    -0.000264147258644
     0.006683589727025    -0.030266555325922    -0.004984022267253
    -0.000264147258644     0.004984022267253    -0.000643375091072
321 461
    -0.007419887138475     0.000559948080590    -0.001308855293923
     0.016688863923225     0.003563789247729    -0.016688863923225
    -0.001308855293923    -0.000559948080590    -0.007419887138475
321 462
    -0.000934334310910     0.003020096879362    -0.002580175360516
     0.003892169819429    -0.000621161797820    -0.000519059222947
    -0.003247302960640    -0.000433242727068     0.000773007042331
321 463
    -0.004287190270892    -0.002452678573016     0.001940389242161
     0.003596230449089     0.002291816295551    -0.001646744460982
    -0.001279703193413    -0.001477510444163     0.001645444383656
321 464
    -0.013187751691595    -0.002239792322360    -0.014789196521466
    -0.005276590925972    -0.011539747009601    -0.015516478797741
     0.003025075131942     0.007956367398643    -0.004187769461442
321 465
     0.013784576420308    -0.037283547529609    -0.070937037924751
     0.037283547529609    -0.046625135060392     0.012343470041169
    -0.070937037924751    -0.012343470041169    -0.224829496140344
321 466
    -0.112947712427483    -0.010363723565396    -0.046798870951140
     0.010363723565396    -0.010362153982829     0.001344428068655
    -0.046798870951140    -0.001344428068655    -0.016123929998288
321 467
    -0.057885589384206     0.004209851798067    -0.003575765143112
    -0.004209851798067    -0.001148587066277    -0.004326186899168
    -0.003575765143112     0.004326186899168     0.013837748636970
321 468
    -0.051288620872500    -0.090991570687552    -0.082415571217124
     0.090991570687552     0.144884016941838    -0.090991570687552
    -0.082415571217124     0.090991570687552    -0.051288620872500
321 469
    -0.004187769461442    -0.015516478797741    -0.014789196521466
     0.007956367398643    -0.011539747009601    -0.002239792322360
     0.003025075131942    -0.005276590925972    -0.013187751691595
321 470
    -0.005955054821357    -0.007969318826630    -0.000060052188298
     0.009489054266377    -0.000682123091334     0.001033274945860
    -0.002349220880897    -0.001898727929771    -0.002612037695298
321 471
    -0.000185155694557     0.010014930829495     0.002283275641032
     0.012919391043497     0.002229761798266    -0.000198659418272
    -0.000403242254883    -0.003043479293313     0.000851201478598
321 472
     0.002756959315939    -0.019555517506878    -0.011310667678188
     0.004179181358988    -0.017651621532133    -0.004179181358988
    -0.011310667678188     0.019555517506878     0.002756959315939
321 473
    -0.000643375091072    -0.004984022267253    -0.000264147258644
     0.004984022267253    -0.030266555325922    -0.006683589727025
    -0.000264147258644     0.006683589727025     0.002223430326439
321 474
     0.008715815677560     0.006110826868919     0.001484751021210
    -0.006110826868919     0.007883902792624    -0.001305467500993
     0.001484751021210     0.001305467500993     0.000589485459586
321 475
     0.001487187954687    -0.007946361547478    -0.002992055063929
     0.007946361547478     0.009637325721410    -0.000356915847242
    -0.002992055063929     0.000356915847242    -0.003377447350944
321 476
    -0.016948995176283    -0.004309287790903    -0.000041057772809
     0.004309287790903    -0.015897226866661    -0.004309287790903
    -0.000041057772809     0.004309287790903    -0.016948995176283
321 477
    -0.004187769461442    -0.007956367398643     0.003025075131942
     0.015516478797741    -0.011539747009601     0.005276590925972
    -0.014789196521466     0.002239792322360    -0.013187751691595
321 478
    -0.005955054821357    -0.009489054266377    -0.002349220880897
     0.007969318826630    -0.000682123091334     0.001898727929771
    -0.000060052188298    -0.001033274945860    -0.002612037695298
321 479
    -0.000185155694557    -0.012919391043497    -0.000403242254883
    -0.010014930829495     0.002229761798266     0.003043479293313
     0.002283275641032     0.000198659418272     0.000851201478598
321 480
     0.002756959315939    -0.004179181358988    -0.011310667678188
     0.019555517506878    -0.017651621532133    -0.019555517506878
    -0.011310667678188     0.004179181358988     0.002756959315939
321 481
    -0.013946389557228     0.001865916633310    -0.000549974494120
    -0.001865916633310     0.026263694829166     0.022535423964338
    -0.000549974494120    -0.022535423964338    -0.082395278622087
321 482
     0.008800690803526    -0.001371803713040     0.001802463366620
     0.001371803713040     0.007032980308810     0.001969695074451
     0.001802463366620    -0.001969695074451    -0.001565553203893
321 483
    -0.000694269799881    -0.002022730640641    -0.002568605620626
     0.002022730640641     0.005859259045385    -0.002022730640641
    -0.002568605620626     0.002022730640641    -0.000694269799881
321 484
     0.013837748636970    -0.004326186899168    -0.003575765143112
     0.004326186899168    -0.001148587066277     0.004209851798067
    -0.003575765143112    -0.004209851798067    -0.057885589384206
321 485
     0.001645444383656    -0.001646744460982     0.001940389242161
    -0.001477510444163     0.002291816295551    -0.002452678573016
    -0.001279703193413     0.003596230449089    -0.004287190270892
321 486
     0.001317452886139    -0.002184160397218    -0.000984219324643
    -0.000581523671645     0.002052571687349    -0.000863296943143
    -0.003659926649951     0.001876939771316     0.000351668089638
321 487
    -0.000961239270339     0.001988461739155    -0.001337035657750
     0.001401380948350     0.001551686977066    -0.001401380948350
    -0.001337035657750    -0.001988461739155    -0.000961239270339
321 488
     0.000851201478598     0.003043479293313    -0.000403242254883
     0.000198659418272     0.002229761798266    -0.012919391043497
     0.002283275641032    -0.010014930829495    -0.000185155694557
321 489
    -0.001707517860025    -0.000065986994177     0.000089762278233
     0.000065986994177     0.003453390850431    -0.002205994105830
     0.000089762278233     0.002205994105830    -0.004388053501982
321 490
     0.000488667778654     0.000268153774541     0.000526998235735
    -0.000268153774541    -0.001007776347456     0.000100772130776
     0.000526998235735    -0.000100772130776    -0.002192414465186
321 491
    -0.001158061498943     0.001330459353827    -0.000017644992086
    -0.001330459353827    -0.004940258055875     0.001330459353827
    -0.000017644992086    -0.001330459353827    -0.001158061498943
321 492
    -0.003377447350944    -0.000356915847242    -0.002992055063929
     0.000356915847242     0.009637325721410    -0.007946361547478
    -0.002992055063929     0.007946361547478     0.001487187954687
321 493
     0.001645444383656     0.001477510444163    -0.001279703193413
     0.001646744460982     0.002291816295551    -0.003596230449089
     0.001940389242161     0.002452678573016    -0.004287190270892
321 494
     0.001317452886139     0.000581523671645    -0.003659926649951
     0.002184160397218     0.002052571687349    -0.001876939771316
    -0.000984219324643     0.000863296943143     0.000351668089638
321 495
    -0.000961239270339    -0.001401380948350    -0.001337035657750
    -0.001988461739155     0.001551686977066     0.001988461739155
    -0.001337035657750     0.001401380948350    -0.000961239270339
321 496
     0.000851201478598    -0.000198659418272     0.002283275641032
    -0.003043479293313     0.002229761798266     0.010014930829495
    -0.000403242254883     0.012919391043497    -0.000185155694557
321 497
     0.001615032062133     0.006606761795471     0.024023530513784
    -0.006606761795471     0.009395150719772    -0.010452743755654
     0.024023530513784     0.010452743755654    -0.120982972698132
321 498
    -0.001607186047434    -0.002233506400687     0.015446633325677
     0.002233506400687     0.003221510184286    -0.002233506400687
     0.015446633325677     0.002233506400687    -0.001607186047434
321 499
    -0.001565553203893     0.001969695074451     0.001802463366620
    -0.001969695074451     0.007032980308810    -0.001371803713040
     0.001802463366620     0.001371803713040     0.008800690803526
321 500
    -0.016123929998288     0.001344428068655    -0.046798870951140
    -0.001344428068655    -0.010362153982829    -0.010363723565396
    -0.046798870951140     0.010363723565396    -0.112947712427483
321 501
     0.000773007042331    -0.000519059222947    -0.002580175360516
    -0.000433242727068    -0.000621161797820     0.003020096879362
    -0.003247302960640     0.003892169819429    -0.000934334310910
321 502
     0.002006049793618     0.000925351440428     0.000113858311311
    -0.002391945030285     0.002315684577844     0.002391945030285
     0.000113858311311    -0.000925351440428     0.002006049793618
321 503
     0.000351668089638    -0.001876939771316    -0.003659926649951
     0.000863296943143     0.002052571687349     0.000581523671645
    -0.000984219324643     0.002184160397218     0.001317452886139
321 504
    -0.002612037695298     0.001898727929771    -0.002349220880897
    -0.001033274945860    -0.000682123091334    -0.009489054266377
    -0.000060052188298     0.007969318826630    -0.005955054821357
321 505
     0.001677617977918    -0.000727572658526     0.000952254501935
     0.000727572658526    -0.000589565172214     0.002487235958830
     0.000952254501935    -0.002487235958830    -0.004457441574550
321 506
    -0.002287614293417    -0.000089824909698     0.001228576937973
     0.000089824909698     0.000352579092779    -0.000089824909698
     0.001228576937973     0.000089824909698    -0.002287614293417
321 507
    -0.002192414465186     0.000100772130776     0.000526998235735
    -0.000100772130776    -0.001007776347456     0.000268153774541
     0.000526998235735    -0.000268153774541     0.000488667778654
321 508
     0.000589485459586    -0.001305467500993     0.001484751021210
     0.001305467500993     0.007883902792624     0.006110826868919
     0.001484751021210    -0.006110826868919     0.008715815677560
321 509
     0.000773007042331     0.000433242727068    -0.003247302960640
     0.000519059222947    -0.000621161797820    -0.003892169819429
    -0.002580175360516    -0.003020096879362    -0.000934334310910
321 510
     0.002006049793618     0.002391945030285     0.000113858311311
    -0.000925351440428     0.002315684577844     0.000925351440428
     0.000113858311311    -0.002391945030285     0.002006049793618
321 511
     0.000351668089638    -0.000863296943143    -0.000984219324643
     0.001876939771316     0.002052571687349    -0.002184160397218
    -0.003659926649951    -0.000581523671645     0.001317452886139
321 512
    -0.002612037695298     0.001033274945860    -0.000060052188298
    -0.001898727929771    -0.000682123091334    -0.007969318826630
    -0.002349220880897     0.009489054266377    -0.005955054821357
385 1
    -0.097716681280580     0.776333288385880    -0.128132930555051
     0.391914210768494    -3.227295678573936     0.391914210768494
    -0.128132930555051     0.776333288385880    -0.097716681280580
385 2
     0.038486548054468     0.129889194674885     0.005192728342039
    -0.041828839224832    -0.149260472235013     0.008611066448624
     0.001141603657898    -0.064693803392025    -0.018548625591496
385 3
     0.026658842441552    -0.020655623073782     0.001671686018850
     0.000577719284571     0.014139526019100     0.005750121817988
    -0.005035574606454    -0.000370103566669     0.000351440338849
385 4
     0.067157213771902    -0.016552100525650    -0.008371015223058
    -0.042901120288512    -0.022148841679327    -0.001701337273165
    -0.010529895283115    -0.028853573322022    -0.038761507781503
385 5
     0.027190185023516    -0.027819964341677     0.009896495676362
    -0.079911852744174     0.566268739951909    -0.079911852744174
     0.009896495676362    -0.027819964341677     0.027190185023516
385 6
     0.018898781036400     0.051131090399231    -0.001772255071842
     0.007398749018794     0.005144842790550    -0.001623127653514
     0.000960071098676     0.009927223053137    -0.005521781727522
385 7
     0.001783643560135     0.009105725970778    -0.003219095076926
    -0.011530286811433    -0.007527256450335     0.008917239420914
    -0.009629277577964     0.005919765786220    -0.001621655813995
385 8
    -0.003891875641262    -0.030046364917864     0.004258008752644
    -0.012008988595235    -0.002327447905760    -0.007311734933370
     0.001047254099266    -0.003206769963598    -0.001043867255229
385 9
     0.061986845812167    -0.018111525335572     0.002582506959180
     0.086578632565325     0.371412850893318     0.086578632565325
     0.002582506959180    -0.018111525335572     0.061986845812167
385 10
    -0.000492027102593    -0.008444111837581     0.001082342903579
     0.005586444920329     0.033093325951375     0.003956538834069
     0.011259174174607    -0.012621046055488    -0.003896111805869
385 11
    -0.000024439557110     0.001832459093997    -0.000747179154251
     0.007386496026548    -0.009319989164655    -0.005620351318481
     0.000772890319981    -0.000601407264158     0.002159903040735
385 12
    -0.010233383688858    -0.008553705515438    -0.003356064399169
    -0.019992488704093    -0.006854981682465    -0.004634554819651
    -0.001211760389368     0.004829856811763     0.001323541423794
385 13
    -0.268589638299972    -0.783838787044600    -0.386130447312640
    -1.024672609858512    -5.141374436415798    -1.024672609858512
    -0.386130447312640    -0.783838787044600    -0.268589638299972
385 14
    -0.188657585010108    -0.224543106170711     0.018851094766710
     0.055926337632293     0.089980218652763    -0.048256467436019
    -0.065231261082573     0.066476528357257     0.008273174434750
385 15
    -0.014428143201557    -0.014341763971516     0.006986539076742
     0.013580451932079     0.012756046282469    -0.008705296438094
    -0.000872927954474    -0.005290887032554    -0.020337243608297
385 16
     0.084063260843933     0.194294019329944     0.026822098949151
     0.049735008452484     0.055771686308530    -0.011151673906051
     0.002061048761296     0.004535724264319     0.029738503742947
385 17
    -0.018548625591496    -0.064693803392025     0.001141603657898
     0.008611066448624    -0.149260472235013    -0.041828839224832
     0.005192728342039     0.129889194674885     0.038486548054468
385 18
    -0.010012920928746    -0.001919613625739    -0.015828760235884
     0.007148876040615     0.009753865798217     0.007148876040615
    -0.015828760235884    -0.001919613625739    -0.010012920928746
385 19
     0.011183540985783     0.000642673808520     0.001612744115630
     0.007782509091922     0.001696635168480     0.004321547425880
     0.002274906748635     0.005825659161759     0.012355091025055
385 20
    -0.004583554776036    -0.015028979190897    -0.001232364243739
    -0.009250972136142     0.003392391598446     0.016779849412967
    -0.006535161693399     0.011696026751622    -0.003440883536332
385 21
    -0.005521781727522     0.009927223053137     0.000960071098676
    -0.001623127653514     0.005144842790550     0.007398749018794
    -0.001772255071842     0.051131090399231     0.018898781036400
385 22
    -0.000827321808622     0.000553182933307    -0.001204092779598
    -0.001932990188525    -0.006289233548545    -0.001932990188525
    -0.001204092779598     0.000553182933307    -0.000827321808622
385 23
     0.001387903795702     0.004483068282772     0.003184072699926
     0.003300024420538     0.004855842227466    -0.000463238454446
     0.000795376914177    -0.006840594475638    -0.003867308923228
385 24
     0.000033879827297     0.006068851450237    -0.001162217001885
     0.001766016598250    -0.009196396405199    -0.009979880932608
    -0.003660855683363     0.001461695999013     0.000022097520007
385 25
    -0.003896111805869    -0.012621046055488     0.011259174174607
     0.003956538834069     0.033093325951375     0.005586444920329
     0.001082342903579    -0.008444111837581    -0.000492027102593
385 26
    -0.002822160569764     0.001787440355448     0.000953739626847
     0.002154179853226    -0.008007871340733     0.002154179853226
     0.000953739626847     0.001787440355448    -0.002822160569764
385 27
     0.001454209640978    -0.001528125209298    -0.005060444992202
     0.001319458041938     0.001720989319115     0.001948202043056
    -0.001904471994367     0.000429271322751    -0.000206640185303
385 28
    -0.000737694282938    -0.003806027829721    -0.004384738779168
     0.004086630082598    -0.007756070072573     0.004731620306396
     0.002258933826897    -0.002068987774084    -0.003379087156603
385 29
     0.008273174434750     0.066476528357257    -0.065231261082573
    -0.048256467436019     0.089980218652763     0.055926337632293
     0.018851094766710    -0.224543106170711    -0.188657585010108
385 30
    -0.019873694843405     0.003106481803241    -0.049790015960890
     0.024011954131163     0.004314600078034     0.024011954131163
    -0.049790015960890     0.003106481803241    -0.019873694843405
385 31
    -0.007233951397410    -0.003877207541801     0.008704903567989
    -0.001901135445363    -0.001907961326120    -0.008010990577598
     0.000501730235075    -0.006092751997225     0.018452237663474
385 32
     0.009524862383654     0.007440761446978    -0.009695461956155
     0.004827898155010     0.004300358062267    -0.003680658614139
     0.027208485748003     0.013122779137447    -0.022732847834532
385 33
     0.000351440338849    -0.000370103566669    -0.005035574606454
     0.005750121817988     0.014139526019100     0.000577719284571
     0.001671686018850    -0.020655623073782     0.026658842441552
385 34
     0.012355091025055     0.005825659161759     0.002274906748635
     0.004321547425880     0.001696635168480     0.007782509091922
     0.001612744115630     0.000642673808520     0.011183540985783
385 35
    -0.004727068137508     0.004266052151210     0.004330114651251
    -0.004547948787717    -0.004093867812691    -0.004547948787717
     0.004330114651251     0.004266052151210    -0.004727068137508
385 36
     0.003063223388539    -0.002238874676487    -0.004970544165575
    -0.003043396733653     0.001418384442460     0.005095991196008
    -0.004885775323309     0.002053908774178     0.005074019888033
385 37
    -0.001621655813995     0.005919765786220    -0.009629277577964
     0.008917239420914    -0.007527256450335    -0.011530286811433
    -0.003219095076926     0.009105725970778     0.001783643560135
385 38
    -0.003867308923228    -0.006840594475638     0.000795376914177
    -0.000463238454446     0.004855842227466     0.003300024420538
     0.003184072699926     0.004483068282772     0.001387903795702
385 39
     0.001650363800611     0.002611488246602     0.001168964118898
    -0.002798655739835     0.012922456189551    -0.002798655739835
     0.001168964118898     0.002611488246602     0.001650363800611
385 40
     0.001952027307356     0.000555931126115    -0.002510683851132
    -0.002226910168570     0.005531077755545     0.000194050311755
    -0.000475275083446     0.004743190046287     0.002821731639257
385 41
     0.002159903040735    -0.000601407264158     0.000772890319981
    -0.005620351318481    -0.009319989164655     0.007386496026548
    -0.000747179154251     0.001832459093997    -0.000024439557110
385 42
    -0.000206640185303     0.000429271322751    -0.001904471994367
     0.001948202043056     0.001720989319115     0.001319458041938
    -0.005060444992202    -0.001528125209298     0.001454209640978
385 43
     0.005191448192901    -0.001165561142582     0.001179228087619
    -0.001323969405409     0.007308520800475    -0.001323969405409
     0.001179228087619    -0.001165561142582     0.005191448192901
385 44
    -0.004210073855014    -0.000484798862115    -0.000368338498083
    -0.001390897769498    -0.001939694602197     0.004042355329948
     0.000028570387047     0.001119341018641    -0.000367280405824
385 45
    -0.020337243608297    -0.005290887032554    -0.000872927954474
    -0.008705296438094     0.012756046282469     0.013580451932079
     0.006986539076742    -0.014341763971516    -0.014428143201557
385 46
     0.018452237663474    -0.006092751997225     0.000501730235075
    -0.008010990577598    -0.001907961326120    -0.001901135445363
     0.008704903567989    -0.003877207541801    -0.007233951397410
385 47
     0.014295269597740    -0.001796461184467     0.012678000833107
    -0.004568583008860    -0.002943392312747    -0.004568583008860
     0.012678000833107    -0.001796461184467     0.014295269597740
385 48
     0.003191629281256     0.004905697823248    -0.033602249315348
     0.011061619347644    -0.002305887498090     0.001750651011939
    -0.007059914685977    -0.007200729200644    -0.016389745531440
385 49
    -0.038761507781503    -0.028853573322022    -0.010529895283115
    -0.001701337273165    -0.022148841679327    -0.042901120288512
    -0.008371015223058    -0.016552100525650     0.067157213771902
385 50
    -0.003440883536332     0.011696026751622    -0.006535161693399
     0.016779849412967     0.003392391598446    -0.009250972136142
    -0.001232364243739    -0.015028979190897    -0.004583554776036
385 51
     0.005074019888033     0.002053908774178    -0.004885775323309
     0.005095991196008     0.001418384442460    -0.003043396733653
    -0.004970544165575    -0.002238874676487     0.003063223388539
385 52
    -0.012936785509650    -0.005622294791849    -0.011668239257899
    -0.010459903670965    -0.009307963923195    -0.010459903670965
    -0.011668239257899    -0.005622294791849    -0.012936785509650
385 53
    -0.001043867255229    -0.003206769963598     0.001047254099266
    -0.007311734933370    -0.002327447905760    -0.012008988595235
     0.004258008752644    -0.030046364917864    -0.003891875641262
385 54
     0.000022097520007     0.001461695999013    -0.003660855683363
    -0.009979880932608    -0.009196396405199     0.001766016598250
    -0.001162217001885     0.006068851450237     0.000033879827297
385 55
     0.002821731639257     0.004743190046287    -0.000475275083446
     0.000194050311755     0.005531077755545    -0.002226910168570
    -0.002510683851132     0.000555931126115     0.001952027307356
385 56
     0.001557623680863    -0.003690057129877    -0.002004560872787
     0.002195220544727    -0.011034709643338     0.002195220544727
    -0.002004560872787    -0.003690057129877     0.001557623680863
385 57
     0.001323541423794     0.004829856811763    -0.001211760389368
    -0.004634554819651    -0.006854981682465    -0.019992488704093
    -0.003356064399169    -0.008553705515438    -0.010233383688858
385 58
    -0.003379087156603    -0.002068987774084     0.002258933826897
     0.004731620306396    -0.007756070072573     0.004086630082598
    -0.004384738779168    -0.003806027829721    -0.000737694282938
385 59
    -0.000367280405824     0.001119341018641     0.000028570387047
     0.004042355329948    -0.001939694602197    -0.001390897769498
    -0.000368338498083    -0.000484798862115    -0.004210073855014
385 60
    -0.000380459584597     0.000199258213045    -0.000874127441943
     0.000529800519355    -0.011877326815174     0.000529800519355
    -0.000874127441943     0.000199258213045    -0.000380459584597
385 61
     0.029738503742947     0.004535724264319     0.002061048761296
    -0.011151673906051     0.055771686308530     0.049735008452484
     0.026822098949151     0.194294019329944     0.084063260843933
385 62
    -0.022732847834532     0.013122779137447     0.027208485748003
    -0.003680658614139     0.004300358062267     0.004827898155010
    -0.009695461956155     0.007440761446978     0.009524862383654
385 63
    -0.016389745531440    -0.007200729200644    -0.007059914685977
     0.001750651011939    -0.002305887498090     0.011061619347644
    -0.033602249315348     0.004905697823248     0.003191629281256
385 64
    -0.001983050760013    -0.009759402989111    -0.006042551928312
     0.007404397238268    -0.007466735475005     0.007404397238268
    -0.006042551928312    -0.009759402989111    -0.001983050760013
385 65
    -3.227295678573934     0.391914210768494     0.391914210768494
     0.776333288385880    -0.097716681280580    -0.128132930555051
     0.776333288385880    -0.128132930555051    -0.097716681280580
385 66
     0.566268739951909    -0.079911852744174    -0.079911852744174
    -0.027819964341677     0.027190185023516     0.009896495676362
    -0.027819964341677     0.009896495676362     0.027190185023516
385 67
     0.371412850893318     0.086578632565325     0.086578632565325
    -0.018111525335572     0.061986845812167     0.002582506959180
    -0.018111525335572     0.002582506959180     0.061986845812167
385 68
    -5.141374436415796    -1.024672609858512    -1.024672609858512
    -0.783838787044600    -0.268589638299972    -0.386130447312640
    -0.783838787044600    -0.386130447312640    -0.268589638299972
385 69
    -0.149260472235013    -0.041828839224832     0.008611066448624
     0.129889194674885     0.038486548054468     0.005192728342039
    -0.064693803392025     0.001141603657898    -0.018548625591496
385 70
     0.005144842790550     0.007398749018794    -0.001623127653514
     0.051131090399231     0.018898781036400    -0.001772255071842
     0.009927223053137     0.000960071098676    -0.005521781727522
385 71
     0.033093325951375     0.005586444920329     0.003956538834069
    -0.008444111837581    -0.000492027102593     0.001082342903579
    -0.012621046055488     0.011259174174607    -0.003896111805869
385 72
     0.089980218652763     0.055926337632293    -0.048256467436019
    -0.224543106170711    -0.188657585010108     0.018851094766710
     0.066476528357257    -0.065231261082573     0.008273174434750
385 73
     0.014139526019100     0.000577719284571     0.005750121817988
    -0.020655623073782     0.026658842441552     0.001671686018850
    -0.000370103566669    -0.005035574606454     0.000351440338849
385 74
    -0.007527256450335    -0.011530286811433     0.008917239420914
     0.009105725970778     0.001783643560135    -0.003219095076926
     0.005919765786220    -0.009629277577964    -0.001621655813995
385 75
    -0.009319989164655     0.007386496026548    -0.005620351318481
     0.001832459093997    -0.000024439557110    -0.000747179154251
    -0.000601407264158     0.000772890319981     0.002159903040735
385 76
     0.012756046282469     0.013580451932079    -0.008705296438094
    -0.014341763971516    -0.014428143201557     0.006986539076742
    -0.005290887032554    -0.000872927954474    -0.020337243608297
385 77
    -0.022148841679327    -0.042901120288512    -0.001701337273165
    -0.016552100525650     0.067157213771902    -0.008371015223058
    -0.028853573322022    -0.010529895283115    -0.038761507781503
385 78
    -0.002327447905760    -0.012008988595235    -0.007311734933370
    -0.030046364917864    -0.003891875641262     0.004258008752644
    -0.003206769963598     0.001047254099266    -0.001043867255229
385 79
    -0.006854981682465    -0.019992488704093    -0.004634554819651
    -0.008553705515438    -0.010233383688858    -0.003356064399169
     0.004829856811763    -0.001211760389368     0.001323541423794
385 80
     0.055771686308530     0.049735008452483    -0.011151673906051
     0.194294019329944     0.084063260843933     0.026822098949151
     0.004535724264319     0.002061048761296     0.029738503742947
385 81
    -0.149260472235013     0.008611066448624    -0.041828839224832
    -0.064693803392025    -0.018548625591496     0.001141603657898
     0.129889194674885     0.005192728342039     0.038486548054468
385 82
     0.005144842790550    -0.001623127653514     0.007398749018794
     0.009927223053137    -0.005521781727522     0.000960071098676
     0.051131090399231    -0.001772255071842     0.018898781036400
385 83
     0.033093325951375     0.003956538834069     0.005586444920329
    -0.012621046055488    -0.003896111805869     0.011259174174607
    -0.008444111837581     0.001082342903579    -0.000492027102593
385 84
     0.089980218652763    -0.048256467436019     0.055926337632293
     0.066476528357257     0.008273174434750    -0.065231261082573
    -0.224543106170711     0.018851094766710    -0.188657585010108
385 85
     0.009753865798217     0.007148876040615     0.007148876040615
    -0.001919613625739    -0.010012920928746    -0.015828760235884
    -0.001919613625739    -0.015828760235884    -0.010012920928746
385 86
    -0.006289233548545    -0.001932990188525    -0.001932990188525
     0.000553182933307    -0.000827321808622    -0.001204092779598
     0.000553182933307    -0.001204092779598    -0.000827321808622
385 87
    -0.008007871340733     0.002154179853226     0.002154179853226
     0.001787440355448    -0.002822160569764     0.000953739626847
     0.001787440355448     0.000953739626847    -0.002822160569764
385 88
     0.004314600078034     0.024011954131163     0.024011954131163
     0.003106481803241    -0.019873694843405    -0.049790015960890
     0.003106481803241    -0.049790015960890    -0.019873694843405
385 89
     0.001696635168480     0.007782509091922     0.004321547425880
     0.000642673808520     0.011183540985783     0.001612744115630
     0.005825659161759     0.002274906748635     0.012355091025055
385 90
     0.004855842227466     0.003300024420538    -0.000463238454446
     0.004483068282772     0.001387903795702     0.003184072699926
    -0.006840594475638     0.000795376914177    -0.003867308923228
385 91
     0.001720989319115     0.001319458041938     0.001948202043056
    -0.001528125209298     0.001454209640978    -0.005060444992202
     0.000429271322751    -0.001904471994367    -0.000206640185303
385 92
    -0.001907961326120    -0.001901135445363    -0.008010990577598
    -0.003877207541801    -0.007233951397410     0.008704903567989
    -0.006092751997225     0.000501730235075     0.018452237663474
385 93
     0.003392391598446    -0.009250972136142     0.016779849412967
    -0.015028979190897    -0.004583554776036    -0.001232364243739
     0.011696026751622    -0.006535161693399    -0.003440883536332
385 94
    -0.009196396405199     0.001766016598250    -0.009979880932608
     0.006068851450237     0.000033879827297    -0.001162217001885
     0.001461695999013    -0.003660855683363     0.000022097520007
385 95
    -0.007756070072573     0.004086630082598     0.004731620306396
    -0.003806027829721    -0.000737694282938    -0.004384738779168
    -0.002068987774084     0.002258933826897    -0.003379087156603
385 96
     0.004300358062267     0.004827898155010    -0.003680658614139
     0.007440761446978     0.009524862383654    -0.009695461956155
     0.013122779137447     0.027208485748003    -0.022732847834532
385 97
     0.014139526019100     0.005750121817988     0.000577719284571
    -0.000370103566669     0.000351440338849    -0.005035574606454
    -0.020655623073782     0.001671686018850     0.026658842441552
385 98
    -0.007527256450335     0.008917239420914    -0.011530286811433
     0.005919765786220    -0.001621655813995    -0.009629277577964
     0.009105725970778    -0.003219095076926     0.001783643560135
385 99
    -0.009319989164655    -0.005620351318481     0.007386496026548
    -0.000601407264158     0.002159903040735     0.000772890319981
     0.001832459093997    -0.000747179154251    -0.000024439557110
385 100
     0.012756046282469    -0.008705296438094     0.013580451932079
    -0.005290887032554    -0.020337243608297    -0.000872927954474
    -0.014341763971516     0.006986539076742    -0.014428143201557
385 101
     0.001696635168480     0.004321547425880     0.007782509091922
     0.005825659161759     0.012355091025055     0.002274906748635
     0.000642673808520     0.001612744115630     0.011183540985783
385 102
     0.004855842227466    -0.000463238454446     0.003300024420538
    -0.006840594475638    -0.003867308923228     0.000795376914177
     0.004483068282772     0.003184072699926     0.001387903795702
385 103
     0.001720989319115     0.001948202043056     0.001319458041938
     0.000429271322751    -0.000206640185303    -0.001904471994367
    -0.001528125209298    -0.005060444992202     0.001454209640978
385 104
    -0.001907961326120    -0.008010990577598    -0.001901135445363
    -0.006092751997225     0.018452237663474     0.000501730235075
    -0.003877207541801     0.008704903567989    -0.007233951397410
385 105
    -0.004093867812691    -0.004547948787717    -0.004547948787717
     0.004266052151210    -0.004727068137508     0.004330114651251
     0.004266052151210     0.004330114651251    -0.004727068137508
385 106
     0.012922456189551    -0.002798655739835    -0.002798655739835
     0.002611488246602     0.001650363800611     0.001168964118898
     0.002611488246602     0.001168964118898     0.001650363800611
385 107
     0.007308520800475    -0.001323969405409    -0.001323969405409
    -0.001165561142582     0.005191448192901     0.001179228087619
    -0.001165561142582     0.001179228087619     0.005191448192901
385 108
    -0.002943392312747    -0.004568583008860    -0.004568583008860
    -0.001796461184467     0.014295269597740     0.012678000833107
    -0.001796461184467     0.012678000833107     0.014295269597740
385 109
     0.001418384442460    -0.003043396733653     0.005095991196008
    -0.002238874676487     0.003063223388539    -0.004970544165575
     0.002053908774178    -0.004885775323309     0.005074019888033
385 110
     0.005531077755545    -0.002226910168570     0.000194050311755
     0.000555931126115     0.001952027307356    -0.002510683851132
     0.004743190046287    -0.000475275083446     0.002821731639257
385 111
    -0.001939694602197    -0.001390897769498     0.004042355329948
    -0.000484798862115    -0.004210073855014    -0.000368338498083
     0.001119341018641     0.000028570387047    -0.000367280405824
385 112
    -0.002305887498090     0.011061619347644     0.001750651011939
     0.004905697823248     0.003191629281256    -0.033602249315348
    -0.007200729200644    -0.007059914685977    -0.016389745531440
385 113
    -0.022148841679327    -0.001701337273165    -0.042901120288512
    -0.028853573322022    -0.038761507781503    -0.010529895283115
    -0.016552100525650    -0.008371015223058     0.067157213771902
385 114
    -0.002327447905760    -0.007311734933370    -0.012008988595235
    -0.003206769963598    -0.001043867255229     0.001047254099266
    -0.030046364917864     0.004258008752644    -0.003891875641262
385 115
    -0.006854981682465    -0.004634554819651    -0.019992488704093
     0.004829856811763     0.001323541423794    -0.001211760389368
    -0.008553705515438    -0.003356064399169    -0.010233383688858
385 116
     0.055771686308530    -0.011151673906051     0.049735008452483
     0.004535724264319     0.029738503742947     0.002061048761296
     0.194294019329944     0.026822098949151     0.084063260843933
385 117
     0.003392391598446     0.016779849412967    -0.009250972136142
     0.011696026751622    -0.003440883536332    -0.006535161693399
    -0.015028979190897    -0.001232364243739    -0.004583554776036
385 118
    -0.009196396405199    -0.009979880932608     0.001766016598250
     0.001461695999013     0.000022097520007    -0.003660855683363
     0.006068851450237    -0.001162217001885     0.000033879827297
385 119
    -0.007756070072573     0.004731620306396     0.004086630082598
    -0.002068987774084    -0.003379087156603     0.002258933826897
    -0.003806027829721    -0.004384738779168    -0.000737694282938
385 120
     0.004300358062267    -0.003680658614139     0.004827898155010
     0.013122779137447    -0.022732847834532     0.027208485748003
     0.007440761446978    -0.009695461956155     0.009524862383654
385 121
     0.001418384442460     0.005095991196008    -0.003043396733653
     0.002053908774178     0.005074019888033    -0.004885775323309
    -0.002238874676487    -0.004970544165575     0.003063223388539
385 122
     0.005531077755545     0.000194050311755    -0.002226910168570
     0.004743190046287     0.002821731639257    -0.000475275083446
     0.000555931126115    -0.002510683851132     0.001952027307356
385 123
    -0.001939694602197     0.004042355329948    -0.001390897769498
     0.001119341018641    -0.000367280405824     0.000028570387047
    -0.000484798862115    -0.000368338498083    -0.004210073855014
385 124
    -0.002305887498090     0.001750651011939     0.011061619347644
    -0.007200729200644    -0.016389745531440    -0.007059914685977
     0.004905697823248    -0.033602249315348     0.003191629281256
385 125
    -0.009307963923195    -0.010459903670965    -0.010459903670965
    -0.005622294791849    -0.012936785509650    -0.011668239257899
    -0.005622294791849    -0.011668239257899    -0.012936785509650
385 126
    -0.011034709643338     0.002195220544727     0.002195220544727
    -0.003690057129877     0.001557623680863    -0.002004560872787
    -0.003690057129877    -0.002004560872787     0.001557623680863
385 127
    -0.011877326815174     0.000529800519355     0.000529800519355
     0.000199258213045    -0.000380459584597    -0.000874127441943
     0.000199258213045    -0.000874127441943    -0.000380459584597
385 128
    -0.007466735475005     0.007404397238268     0.007404397238268
    -0.009759402989111    -0.001983050760013    -0.006042551928312
    -0.009759402989111    -0.006042551928312    -0.001983050760013
385 129
     0.075116276221503     0.112790170566675     0.112790170566675
     0.112790170566675     0.075116276221503     0.112790170566675
     0.112790170566675     0.112790170566675     0.075116276221503
385 130
    -0.020046276796767     0.026507438464264     0.026507438464264
    -0.005601747875174    -0.007861488319368    -0.004884105150884
    -0.005601747875174    -0.004884105150884    -0.007861488319368
385 131
    -0.005997196308324     0.000043389371473     0.000043389371473
    -0.001333774076713     0.003016542069257    -0.003546388138701
    -0.001333774076713    -0.003546388138701     0.003016542069257
385 132
     0.034545616791917    -0.011546559605039    -0.011546559605039
    -0.066029831252551     0.055395624211942     0.035184424530791
    -0.066029831252551     0.035184424530791     0.055395624211942
385 133
    -0.007861488319368    -0.005601747875174    -0.004884105150884
     0.026507438464264    -0.020046276796767     0.026507438464264
    -0.004884105150884    -0.005601747875174    -0.007861488319368
385 134
    -0.001094420337858    -0.002981232156822     0.001851776156432
    -0.002981232156822    -0.001094420337858     0.001851776156432
     0.009943032753479     0.009943032753479    -0.004070758699683
385 135
     0.006327142666885     0.000427969347428    -0.004367475269647
    -0.000842394165866     0.007282147259551    -0.000907287956274
     0.003289627597192    -0.000020396031780    -0.002427384950323
385 136
     0.003759738431651     0.000563875832674     0.005063760664051
    -0.017350363232069    -0.012403157828142     0.014791330736116
     0.001185650659763     0.001984752248240    -0.013395088414789
385 137
     0.003016542069257    -0.001333774076713    -0.003546388138701
     0.000043389371473    -0.005997196308324     0.000043389371473
    -0.003546388138701    -0.001333774076713     0.003016542069257
385 138
     0.007282147259551    -0.000842394165866    -0.000907287956274
     0.000427969347428     0.006327142666885    -0.004367475269647
    -0.000020396031780     0.003289627597192    -0.002427384950323
385 139
     0.012910522048403     0.010016414056484    -0.005041465760099
     0.010016414056484     0.012910522048403    -0.005041465760099
    -0.000200364702276    -0.000200364702276    -0.006405325715472
385 140
    -0.024937209726400     0.007736826080250     0.001528612975563
     0.001996139787502    -0.006184179703006    -0.004262163306552
     0.009682121453909     0.012816351843447    -0.021809189341606
385 141
     0.055395624211942    -0.066029831252551     0.035184424530791
    -0.011546559605039     0.034545616791917    -0.011546559605039
     0.035184424530791    -0.066029831252551     0.055395624211942
385 142
    -0.012403157828142    -0.017350363232069     0.014791330736116
     0.000563875832674     0.003759738431651     0.005063760664051
     0.001984752248240     0.001185650659763    -0.013395088414789
385 143
    -0.006184179703006     0.001996139787502    -0.004262163306552
     0.007736826080250    -0.024937209726400     0.001528612975563
     0.012816351843447     0.009682121453909    -0.021809189341606
385 144
    -0.004890631159774    -0.015867280485360     0.086074927541150
    -0.015867280485360    -0.004890631159774     0.086074927541150
    -0.014398333470723    -0.014398333470723     0.042095783073395
385 145
    -0.007861488319368    -0.004884105150884    -0.005601747875174
    -0.004884105150884    -0.007861488319368    -0.005601747875174
     0.026507438464264     0.026507438464264    -0.020046276796767
385 146
    -0.001094420337858     0.001851776156432    -0.002981232156822
     0.009943032753479    -0.004070758699683     0.009943032753479
    -0.002981232156822     0.001851776156432    -0.001094420337858
385 147
     0.006327142666885    -0.004367475269647     0.000427969347428
     0.003289627597192    -0.002427384950323    -0.000020396031780
    -0.000842394165866    -0.000907287956274     0.007282147259551
385 148
     0.003759738431651     0.005063760664051     0.000563875832674
     0.001185650659763    -0.013395088414789     0.001984752248240
    -0.017350363232069     0.014791330736116    -0.012403157828142
385 149
    -0.004070758699683     0.009943032753479     0.009943032753479
     0.001851776156432    -0.001094420337858    -0.002981232156822
     0.001851776156432    -0.002981232156822    -0.001094420337858
385 150
    -0.000346532309288    -0.000867644136257    -0.000867644136257
    -0.000867644136257    -0.000346532309288    -0.000867644136257
    -0.000867644136257    -0.000867644136257    -0.000346532309288
385 151
     0.000058211202855     0.000801662835849     0.000801662835849
     0.002393944492387    -0.004621794132877    -0.003963566843717
     0.002393944492387    -0.003963566843717    -0.004621794132877
385 152
     0.002718659225551     0.005620155832391     0.005620155832391
    -0.005420959301851    -0.007435199582941    -0.022418486272618
    -0.005420959301851    -0.022418486272618    -0.007435199582941
385 153
    -0.002427384950323     0.003289627597192    -0.000020396031780
    -0.004367475269647     0.006327142666885     0.000427969347428
    -0.000907287956274    -0.000842394165866     0.007282147259551
385 154
    -0.004621794132877     0.002393944492387    -0.003963566843717
     0.000801662835849     0.000058211202855     0.000801662835849
    -0.003963566843717     0.002393944492387    -0.004621794132877
385 155
     0.000574188198506    -0.001063600911877     0.000589338370463
    -0.001063600911877     0.000574188198506     0.000589338370463
     0.004835858044954     0.004835858044954    -0.001286960851701
385 156
    -0.002795627603283    -0.007806284375978    -0.001562739532808
     0.004660884708347     0.020452686685625     0.013608727192067
    -0.001531977993415     0.009526036249092     0.033343684797896
385 157
    -0.013395088414789     0.001185650659763     0.001984752248240
     0.005063760664051     0.003759738431651     0.000563875832674
     0.014791330736116    -0.017350363232069    -0.012403157828142
385 158
    -0.007435199582941    -0.005420959301851    -0.022418486272618
     0.005620155832391     0.002718659225551     0.005620155832391
    -0.022418486272618    -0.005420959301851    -0.007435199582941
385 159
     0.020452686685625     0.004660884708347     0.013608727192067
    -0.007806284375978    -0.002795627603283    -0.001562739532808
     0.009526036249092    -0.001531977993415     0.033343684797896
385 160
     0.004429128356242     0.000744102620727     0.025382577335966
     0.000744102620727     0.004429128356242     0.025382577335966
    -0.023186522653989    -0.023186522653989    -0.024192525392211
385 161
     0.003016542069257    -0.003546388138701    -0.001333774076713
    -0.003546388138701     0.003016542069257    -0.001333774076713
     0.000043389371473     0.000043389371473    -0.005997196308324
385 162
     0.007282147259551    -0.000907287956274    -0.000842394165866
    -0.000020396031780    -0.002427384950323     0.003289627597192
     0.000427969347428    -0.004367475269647     0.006327142666885
385 163
     0.012910522048403    -0.005041465760099     0.010016414056484
    -0.000200364702276    -0.006405325715472    -0.000200364702276
     0.010016414056484    -0.005041465760099     0.012910522048403
385 164
    -0.024937209726400     0.001528612975563     0.007736826080250
     0.009682121453909    -0.021809189341606     0.012816351843447
     0.001996139787502    -0.004262163306552    -0.006184179703006
385 165
    -0.002427384950323    -0.000020396031780     0.003289627597192
    -0.000907287956274     0.007282147259551    -0.000842394165866
    -0.004367475269647     0.000427969347428     0.006327142666885
385 166
    -0.004621794132877    -0.003963566843717     0.002393944492387
    -0.003963566843717    -0.004621794132877     0.002393944492387
     0.000801662835849     0.000801662835849     0.000058211202855
385 167
     0.000574188198506     0.000589338370463    -0.001063600911877
     0.004835858044954    -0.001286960851701     0.004835858044954
    -0.001063600911877     0.000589338370463     0.000574188198506
385 168
    -0.002795627603283    -0.001562739532808    -0.007806284375978
    -0.001531977993415     0.033343684797896     0.009526036249092
     0.004660884708347     0.013608727192067     0.020452686685625
385 169
    -0.006405325715472    -0.000200364702276    -0.000200364702276
    -0.005041465760099     0.012910522048403     0.010016414056484
    -0.005041465760099     0.010016414056484     0.012910522048403
385 170
    -0.001286960851701     0.004835858044954     0.004835858044954
     0.000589338370463     0.000574188198506    -0.001063600911877
     0.000589338370463    -0.001063600911877     0.000574188198506
385 171
    -0.003685009603033    -0.001495993369347    -0.001495993369347
    -0.001495993369347    -0.003685009603033    -0.001495993369347
    -0.001495993369347    -0.001495993369347    -0.003685009603033
385 172
    -0.005408005026909    -0.002722613548490    -0.002722613548490
     0.009368280871849     0.004851074644363     0.018180065036466
     0.009368280871849     0.018180065036466     0.004851074644363
385 173
    -0.021809189341606     0.009682121453909     0.012816351843447
     0.001528612975563    -0.024937209726400     0.007736826080250
    -0.004262163306552     0.001996139787502    -0.006184179703006
385 174
     0.033343684797896    -0.001531977993415     0.009526036249092
    -0.001562739532808    -0.002795627603283    -0.007806284375978
     0.013608727192067     0.004660884708347     0.020452686685625
385 175
     0.004851074644363     0.009368280871849     0.018180065036466
    -0.002722613548490    -0.005408005026909    -0.002722613548490
     0.018180065036466     0.009368280871849     0.004851074644363
385 176
    -0.024980467192210     0.000107858027081     0.000546673056695
     0.000107858027081    -0.024980467192210     0.000546673056695
    -0.014349017834025    -0.014349017834025    -0.002481483353511
385 177
     0.055395624211942     0.035184424530791    -0.066029831252551
     0.035184424530791     0.055395624211942    -0.066029831252551
    -0.011546559605039    -0.011546559605039     0.034545616791917
385 178
    -0.012403157828142     0.014791330736116    -0.017350363232069
     0.001984752248240    -0.013395088414789     0.001185650659763
     0.000563875832674     0.005063760664051     0.003759738431651
385 179
    -0.006184179703006    -0.004262163306552     0.001996139787502
     0.012816351843447    -0.021809189341606     0.009682121453909
     0.007736826080250     0.001528612975563    -0.024937209726400
385 180
    -0.004890631159774     0.086074927541150    -0.015867280485360
    -0.014398333470723     0.042095783073395    -0.014398333470723
    -0.015867280485360     0.086074927541150    -0.004890631159774
385 181
    -0.013395088414789     0.001984752248240     0.001185650659763
     0.014791330736116    -0.012403157828142    -0.017350363232069
     0.005063760664051     0.000563875832674     0.003759738431651
385 182
    -0.007435199582941    -0.022418486272618    -0.005420959301851
    -0.022418486272618    -0.007435199582941    -0.005420959301851
     0.005620155832391     0.005620155832391     0.002718659225551
385 183
     0.020452686685625     0.013608727192067     0.004660884708347
     0.009526036249092     0.033343684797896    -0.001531977993415
    -0.007806284375978    -0.001562739532808    -0.002795627603283
385 184
     0.004429128356242     0.025382577335966     0.000744102620727
    -0.023186522653989    -0.024192525392211    -0.023186522653989
     0.000744102620727     0.025382577335966     0.004429128356242
385 185
    -0.021809189341606     0.012816351843447     0.009682121453909
    -0.004262163306552    -0.006184179703006     0.001996139787502
     0.001528612975563     0.007736826080250    -0.024937209726400
385 186
     0.033343684797896     0.009526036249092    -0.001531977993415
     0.013608727192067     0.020452686685625     0.004660884708347
    -0.001562739532808    -0.007806284375978    -0.002795627603283
385 187
     0.004851074644363     0.018180065036466     0.009368280871849
     0.018180065036466     0.004851074644363     0.009368280871849
    -0.002722613548490    -0.002722613548490    -0.005408005026909
385 188
    -0.024980467192210     0.000546673056695     0.000107858027081
    -0.014349017834025    -0.002481483353511    -0.014349017834025
     0.000107858027081     0.000546673056695    -0.024980467192210
385 189
     0.042095783073395    -0.014398333470723    -0.014398333470723
     0.086074927541150    -0.004890631159774    -0.015867280485360
     0.086074927541150    -0.015867280485360    -0.004890631159774
385 190
    -0.024192525392211    -0.023186522653989    -0.023186522653989
     0.025382577335966     0.004429128356242     0.000744102620727
     0.025382577335966     0.000744102620727     0.004429128356242
385 191
    -0.002481483353511    -0.014349017834025    -0.014349017834025
     0.000546673056695    -0.024980467192210     0.000107858027081
     0.000546673056695     0.000107858027081    -0.024980467192210
385 192
     0.142596571563510     0.136078568993786     0.136078568993786
     0.136078568993786     0.142596571563510     0.136078568993786
     0.136078568993786     0.136078568993786     0.142596571563510
385 193
    -0.097716681280581    -0.128132930555051     0.776333288385880
    -0.128132930555051    -0.097716681280581     0.776333288385880
     0.391914210768494     0.391914210768494    -3.227295678573933
385 194
     0.038486548054468     0.005192728342039     0.129889194674885
     0.001141603657898    -0.018548625591496    -0.064693803392025
    -0.041828839224832     0.008611066448624    -0.149260472235013
385 195
     0.026658842441552     0.001671686018850    -0.020655623073782
    -0.005035574606454     0.000351440338849    -0.000370103566669
     0.000577719284571     0.005750121817988     0.014139526019100
385 196
     0.067157213771902    -0.008371015223058    -0.016552100525650
    -0.010529895283115    -0.038761507781503    -0.028853573322022
    -0.042901120288512    -0.001701337273165    -0.022148841679327
385 197
    -0.018548625591496     0.001141603657898    -0.064693803392025
     0.005192728342039     0.038486548054468     0.129889194674885
     0.008611066448624    -0.041828839224832    -0.149260472235013
385 198
    -0.010012920928746    -0.015828760235884    -0.001919613625739
    -0.015828760235884    -0.010012920928746    -0.001919613625739
     0.007148876040615     0.007148876040615     0.009753865798217
385 199
     0.011183540985783     0.001612744115630     0.000642673808520
     0.002274906748635     0.012355091025055     0.005825659161759
     0.007782509091922     0.004321547425880     0.001696635168480
385 200
    -0.004583554776036    -0.001232364243739    -0.015028979190897
    -0.006535161693399    -0.003440883536332     0.011696026751622
    -0.009250972136142     0.016779849412967     0.003392391598446
385 201
     0.000351440338849    -0.005035574606454    -0.000370103566669
     0.001671686018850     0.026658842441552    -0.020655623073782
     0.005750121817988     0.000577719284571     0.014139526019100
385 202
     0.012355091025055     0.002274906748635     0.005825659161759
     0.001612744115630     0.011183540985783     0.000642673808520
     0.004321547425880     0.007782509091922     0.001696635168480
385 203
    -0.004727068137508     0.004330114651251     0.004266052151210
     0.004330114651251    -0.004727068137508     0.004266052151210
    -0.004547948787717    -0.004547948787717    -0.004093867812691
385 204
     0.003063223388539    -0.004970544165575    -0.002238874676487
    -0.004885775323309     0.005074019888033     0.002053908774178
    -0.003043396733653     0.005095991196008     0.001418384442460
385 205
    -0.038761507781503    -0.010529895283115    -0.028853573322022
    -0.008371015223058     0.067157213771902    -0.016552100525650
    -0.001701337273165    -0.042901120288512    -0.022148841679327
385 206
    -0.003440883536332    -0.006535161693399     0.011696026751622
    -0.001232364243739    -0.004583554776036    -0.015028979190897
     0.016779849412967    -0.009250972136142     0.003392391598446
385 207
     0.005074019888033    -0.004885775323309     0.002053908774178
    -0.004970544165575     0.003063223388539    -0.002238874676487
     0.005095991196008    -0.003043396733653     0.001418384442460
385 208
    -0.012936785509650    -0.011668239257899    -0.005622294791849
    -0.011668239257899    -0.012936785509650    -0.005622294791849
    -0.010459903670965    -0.010459903670965    -0.009307963923195
385 209
     0.027190185023516     0.009896495676362    -0.027819964341677
     0.009896495676362     0.027190185023516    -0.027819964341677
    -0.079911852744174    -0.079911852744174     0.566268739951908
385 210
     0.018898781036400    -0.001772255071842     0.051131090399231
     0.000960071098676    -0.005521781727522     0.009927223053137
     0.007398749018794    -0.001623127653514     0.005144842790550
385 211
     0.001783643560135    -0.003219095076926     0.009105725970778
    -0.009629277577964    -0.001621655813995     0.005919765786220
    -0.011530286811433     0.008917239420914    -0.007527256450335
385 212
    -0.003891875641262     0.004258008752644    -0.030046364917864
     0.001047254099266    -0.001043867255229    -0.003206769963598
    -0.012008988595235    -0.007311734933370    -0.002327447905760
385 213
    -0.005521781727522     0.000960071098676     0.009927223053137
    -0.001772255071842     0.018898781036400     0.051131090399231
    -0.001623127653514     0.007398749018794     0.005144842790550
385 214
    -0.000827321808622    -0.001204092779598     0.000553182933307
    -0.001204092779598    -0.000827321808622     0.000553182933307
    -0.001932990188525    -0.001932990188525    -0.006289233548545
385 215
     0.001387903795702     0.003184072699926     0.004483068282772
     0.000795376914177    -0.003867308923228    -0.006840594475638
     0.003300024420538    -0.000463238454446     0.004855842227466
385 216
     0.000033879827297    -0.001162217001885     0.006068851450237
    -0.003660855683363     0.000022097520007     0.001461695999013
     0.001766016598250    -0.009979880932608    -0.009196396405199
385 217
    -0.001621655813995    -0.009629277577964     0.005919765786220
    -0.003219095076926     0.001783643560135     0.009105725970778
     0.008917239420914    -0.011530286811433    -0.007527256450335
385 218
    -0.003867308923228     0.000795376914177    -0.006840594475638
     0.003184072699926     0.001387903795702     0.004483068282772
    -0.000463238454446     0.003300024420538     0.004855842227466
385 219
     0.001650363800611     0.001168964118898     0.002611488246602
     0.001168964118898     0.001650363800611     0.002611488246602
    -0.002798655739835    -0.002798655739835     0.012922456189551
385 220
     0.001952027307356    -0.002510683851132     0.000555931126115
    -0.000475275083446     0.002821731639257     0.004743190046287
    -0.002226910168570     0.000194050311755     0.005531077755545
385 221
    -0.001043867255229     0.001047254099266    -0.003206769963598
     0.004258008752644    -0.003891875641262    -0.030046364917864
    -0.007311734933370    -0.012008988595235    -0.002327447905760
385 222
     0.000022097520007    -0.003660855683363     0.001461695999013
    -0.001162217001885     0.000033879827297     0.006068851450237
    -0.009979880932608     0.001766016598250    -0.009196396405199
385 223
     0.002821731639257    -0.000475275083446     0.004743190046287
    -0.002510683851132     0.001952027307356     0.000555931126115
     0.000194050311755    -0.002226910168570     0.005531077755545
385 224
     0.001557623680863    -0.002004560872787    -0.003690057129877
    -0.002004560872787     0.001557623680863    -0.003690057129877
     0.002195220544727     0.002195220544727    -0.011034709643338
385 225
     0.061986845812167     0.002582506959180    -0.018111525335572
     0.002582506959180     0.061986845812167    -0.018111525335572
     0.086578632565325     0.086578632565325     0.371412850893318
385 226
    -0.000492027102593     0.001082342903579    -0.008444111837581
     0.011259174174607    -0.003896111805869    -0.012621046055488
     0.005586444920329     0.003956538834069     0.033093325951375
385 227
    -0.000024439557110    -0.000747179154251     0.001832459093997
     0.000772890319981     0.002159903040735    -0.000601407264158
     0.007386496026548    -0.005620351318481    -0.009319989164655
385 228
    -0.010233383688858    -0.003356064399169    -0.008553705515438
    -0.001211760389368     0.001323541423794     0.004829856811763
    -0.019992488704093    -0.004634554819651    -0.006854981682465
385 229
    -0.003896111805869     0.011259174174607    -0.012621046055488
     0.001082342903579    -0.000492027102593    -0.008444111837581
     0.003956538834069     0.005586444920329     0.033093325951375
385 230
    -0.002822160569764     0.000953739626847     0.001787440355448
     0.000953739626847    -0.002822160569764     0.001787440355448
     0.002154179853226     0.002154179853226    -0.008007871340733
385 231
     0.001454209640978    -0.005060444992202    -0.001528125209298
    -0.001904471994367    -0.000206640185303     0.000429271322751
     0.001319458041938     0.001948202043056     0.001720989319115
385 232
    -0.000737694282938    -0.004384738779168    -0.003806027829721
     0.002258933826897    -0.003379087156603    -0.002068987774084
     0.004086630082598     0.004731620306396    -0.007756070072573
385 233
     0.002159903040735     0.000772890319981    -0.000601407264158
    -0.000747179154251    -0.000024439557110     0.001832459093997
    -0.005620351318481     0.007386496026548    -0.009319989164655
385 234
    -0.000206640185303    -0.001904471994367     0.000429271322751
    -0.005060444992202     0.001454209640978    -0.001528125209298
     0.001948202043056     0.001319458041938     0.001720989319115
385 235
     0.005191448192901     0.001179228087619    -0.001165561142582
     0.001179228087619     0.005191448192901    -0.001165561142582
    -0.001323969405409    -0.001323969405409     0.007308520800475
385 236
    -0.004210073855014    -0.000368338498083    -0.000484798862115
     0.000028570387047    -0.000367280405824     0.001119341018641
    -0.001390897769498     0.004042355329948    -0.001939694602197
385 237
     0.001323541423794    -0.001211760389368     0.004829856811763
    -0.003356064399169    -0.010233383688858    -0.008553705515438
    -0.004634554819651    -0.019992488704093    -0.006854981682465
385 238
    -0.003379087156603     0.002258933826897    -0.002068987774084
    -0.004384738779168    -0.000737694282938    -0.003806027829721
     0.004731620306396     0.004086630082598    -0.007756070072573
385 239
    -0.000367280405824     0.000028570387047     0.001119341018641
    -0.000368338498083    -0.004210073855014    -0.000484798862115
     0.004042355329948    -0.001390897769498    -0.001939694602197
385 240
    -0.000380459584597    -0.000874127441943     0.000199258213045
    -0.000874127441943    -0.000380459584597     0.000199258213045
     0.000529800519355     0.000529800519355    -0.011877326815174
385 241
    -0.268589638299972    -0.386130447312640    -0.783838787044601
    -0.386130447312640    -0.268589638299972    -0.783838787044601
    -1.024672609858512    -1.024672609858512    -5.141374436415793
385 242
    -0.188657585010108     0.018851094766710    -0.224543106170711
    -0.065231261082573     0.008273174434750     0.066476528357257
     0.055926337632293    -0.048256467436019     0.089980218652763
385 243
    -0.014428143201557     0.006986539076742    -0.014341763971516
    -0.000872927954474    -0.020337243608297    -0.005290887032554
     0.013580451932079    -0.008705296438094     0.012756046282469
385 244
     0.084063260843933     0.026822098949151     0.194294019329945
     0.002061048761296     0.029738503742947     0.004535724264319
     0.049735008452484    -0.011151673906051     0.055771686308530
385 245
     0.008273174434750    -0.065231261082573     0.066476528357257
     0.018851094766710    -0.188657585010108    -0.224543106170711
    -0.048256467436019     0.055926337632293     0.089980218652763
385 246
    -0.019873694843405    -0.049790015960890     0.003106481803241
    -0.049790015960890    -0.019873694843405     0.003106481803241
     0.024011954131163     0.024011954131163     0.004314600078034
385 247
    -0.007233951397410     0.008704903567989    -0.003877207541801
     0.000501730235075     0.018452237663474    -0.006092751997225
    -0.001901135445363    -0.008010990577598    -0.001907961326120
385 248
     0.009524862383654    -0.009695461956155     0.007440761446978
     0.027208485748003    -0.022732847834532     0.013122779137447
     0.004827898155010    -0.003680658614139     0.004300358062267
385 249
    -0.020337243608297    -0.000872927954474    -0.005290887032554
     0.006986539076742    -0.014428143201557    -0.014341763971516
    -0.008705296438094     0.013580451932079     0.012756046282469
385 250
     0.018452237663474     0.000501730235075    -0.006092751997225
     0.008704903567989    -0.007233951397410    -0.003877207541801
    -0.008010990577598    -0.001901135445363    -0.001907961326120
385 251
     0.014295269597740     0.012678000833107    -0.001796461184467
     0.012678000833107     0.014295269597740    -0.001796461184467
    -0.004568583008860    -0.004568583008860    -0.002943392312747
385 252
     0.003191629281256    -0.033602249315348     0.004905697823248
    -0.007059914685977    -0.016389745531440    -0.007200729200644
     0.011061619347644     0.001750651011939    -0.002305887498090
385 253
     0.029738503742947     0.002061048761296     0.004535724264319
     0.026822098949151     0.084063260843933     0.194294019329945
    -0.011151673906051     0.049735008452484     0.055771686308530
385 254
    -0.022732847834532     0.027208485748003     0.013122779137447
    -0.009695461956155     0.009524862383654     0.007440761446978
    -0.003680658614139     0.004827898155010     0.004300358062267
385 255
    -0.016389745531440    -0.007059914685977    -0.007200729200644
    -0.033602249315348     0.003191629281256     0.004905697823248
     0.001750651011939     0.011061619347644    -0.002305887498090
385 256
    -0.001983050760013    -0.006042551928312    -0.009759402989111
    -0.006042551928312    -0.001983050760013    -0.009759402989111
     0.007404397238268     0.007404397238268    -0.007466735475005
385 257
    -0.461605316196401     0.081021886347391    -0.393863642665790
    -0.081021886347391    -0.025684285443830    -0.081021886347391
    -0.393863642665790     0.081021886347391    -0.461605316196401
385 258
    -0.120982972698132     0.010452743755654    -0.024023530513784
    -0.010452743755654     0.009395150719772     0.006606761795471
    -0.024023530513784    -0.006606761795471     0.001615032062133
385 259
    -0.082395278622087    -0.022535423964338     0.000549974494120
     0.022535423964338     0.026263694829166     0.001865916633310
     0.000549974494120    -0.001865916633310    -0.013946389557228
385 260
    -0.224829496140344    -0.012343470041169     0.070937037924751
     0.012343470041169    -0.046625135060392    -0.037283547529609
     0.070937037924751     0.037283547529609     0.013784576420308
385 261
    -0.007419887138475    -0.000559948080590     0.001308855293923
    -0.016688863923225     0.003563789247729    -0.016688863923225
     0.001308855293923    -0.000559948080590    -0.007419887138475
385 262
    -0.000934334310910    -0.003020096879362     0.002580175360516
    -0.003892169819429    -0.000621161797820    -0.000519059222947
     0.003247302960640    -0.000433242727068     0.000773007042331
385 263
    -0.004287190270892     0.002452678573016    -0.001940389242161
    -0.003596230449089     0.002291816295551    -0.001646744460982
     0.001279703193413    -0.001477510444163     0.001645444383656
385 264
    -0.013187751691595     0.002239792322360     0.014789196521466
     0.005276590925972    -0.011539747009601    -0.015516478797741
    -0.003025075131942     0.007956367398643    -0.004187769461442
385 265
     0.000477553540334    -0.004484291494281     0.001279566542941
     0.004484291494281    -0.033285088316558     0.004484291494281
     0.001279566542941    -0.004484291494281     0.000477553540334
385 266
    -0.004457441574550    -0.002487235958830    -0.000952254501935
     0.002487235958830    -0.000589565172214    -0.000727572658526
    -0.000952254501935     0.000727572658526     0.001677617977918
385 267
    -0.004388053501982     0.002205994105830    -0.000089762278233
    -0.002205994105830     0.003453390850431    -0.000065986994177
    -0.000089762278233     0.000065986994177    -0.001707517860025
385 268
     0.002223430326439     0.006683589727025     0.000264147258644
    -0.006683589727025    -0.030266555325922    -0.004984022267253
     0.000264147258644     0.004984022267253    -0.000643375091072
385 269
    -0.007419887138475     0.016688863923225     0.001308855293923
     0.000559948080590     0.003563789247729     0.000559948080590
     0.001308855293923     0.016688863923225    -0.007419887138475
385 270
    -0.000934334310910     0.003892169819429     0.003247302960640
     0.003020096879362    -0.000621161797820     0.000433242727068
     0.002580175360516     0.000519059222947     0.000773007042331
385 271
    -0.004287190270892     0.003596230449089     0.001279703193413
    -0.002452678573016     0.002291816295551     0.001477510444163
    -0.001940389242161     0.001646744460982     0.001645444383656
385 272
    -0.013187751691595    -0.005276590925972    -0.003025075131942
    -0.002239792322360    -0.011539747009601    -0.007956367398643
     0.014789196521466     0.015516478797741    -0.004187769461442
385 273
     0.001615032062133    -0.006606761795471    -0.024023530513784
     0.006606761795471     0.009395150719772    -0.010452743755654
    -0.024023530513784     0.010452743755654    -0.120982972698132
385 274
    -0.001607186047434     0.002233506400687    -0.015446633325677
    -0.002233506400687     0.003221510184286    -0.002233506400687
    -0.015446633325677     0.002233506400687    -0.001607186047434
385 275
    -0.001565553203893    -0.001969695074451    -0.001802463366620
     0.001969695074451     0.007032980308810    -0.001371803713040
    -0.001802463366620     0.001371803713040     0.008800690803526
385 276
    -0.016123929998288    -0.001344428068655     0.046798870951140
     0.001344428068655    -0.010362153982829    -0.010363723565396
     0.046798870951140     0.010363723565396    -0.112947712427483
385 277
     0.000773007042331    -0.000433242727068     0.003247302960640
    -0.000519059222947    -0.000621161797820    -0.003892169819429
     0.002580175360516    -0.003020096879362    -0.000934334310910
385 278
     0.002006049793618    -0.002391945030285    -0.000113858311311
     0.000925351440428     0.002315684577844     0.000925351440428
    -0.000113858311311    -0.002391945030285     0.002006049793618
385 279
     0.000351668089638     0.000863296943143     0.000984219324643
    -0.001876939771316     0.002052571687349    -0.002184160397218
     0.003659926649951    -0.000581523671645     0.001317452886139
385 280
    -0.002612037695298    -0.001033274945860     0.000060052188298
     0.001898727929771    -0.000682123091334    -0.007969318826630
     0.002349220880897     0.009489054266377    -0.005955054821357
385 281
     0.001677617977918     0.000727572658526    -0.000952254501935
    -0.000727572658526    -0.000589565172214     0.002487235958830
    -0.000952254501935    -0.002487235958830    -0.004457441574550
385 282
    -0.002287614293417     0.000089824909698    -0.001228576937973
    -0.000089824909698     0.000352579092779    -0.000089824909698
    -0.001228576937973     0.000089824909698    -0.002287614293417
385 283
    -0.002192414465186    -0.000100772130776    -0.000526998235735
     0.000100772130776    -0.001007776347456     0.000268153774541
    -0.000526998235735    -0.000268153774541     0.000488667778654
385 284
     0.000589485459586     0.001305467500993    -0.001484751021210
    -0.001305467500993     0.007883902792624     0.006110826868919
    -0.001484751021210    -0.006110826868919     0.008715815677560
385 285
     0.000773007042331     0.000519059222947     0.002580175360516
     0.000433242727068    -0.000621161797820     0.003020096879362
     0.003247302960640     0.003892169819429    -0.000934334310910
385 286
     0.002006049793618    -0.000925351440428    -0.000113858311311
     0.002391945030285     0.002315684577844     0.002391945030285
    -0.000113858311311    -0.000925351440428     0.002006049793618
385 287
     0.000351668089638     0.001876939771316     0.003659926649951
    -0.000863296943143     0.002052571687349     0.000581523671645
     0.000984219324643     0.002184160397218     0.001317452886139
385 288
    -0.002612037695298    -0.001898727929771     0.002349220880897
     0.001033274945860    -0.000682123091334    -0.009489054266377
     0.000060052188298     0.007969318826630    -0.005955054821357
385 289
    -0.013946389557228    -0.001865916633310     0.000549974494120
     0.001865916633310     0.026263694829166     0.022535423964338
     0.000549974494120    -0.022535423964338    -0.082395278622087
385 290
     0.008800690803526     0.001371803713040    -0.001802463366620
    -0.001371803713040     0.007032980308810     0.001969695074451
    -0.001802463366620    -0.001969695074451    -0.001565553203893
385 291
    -0.000694269799881     0.002022730640641     0.002568605620626
    -0.002022730640641     0.005859259045385    -0.002022730640641
     0.002568605620626     0.002022730640641    -0.000694269799881
385 292
     0.013837748636970     0.004326186899168     0.003575765143112
    -0.004326186899168    -0.001148587066277     0.004209851798067
     0.003575765143112    -0.004209851798067    -0.057885589384206
385 293
     0.001645444383656    -0.001477510444163     0.001279703193413
    -0.001646744460982     0.002291816295551    -0.003596230449089
    -0.001940389242161     0.002452678573016    -0.004287190270892
385 294
     0.001317452886139    -0.000581523671645     0.003659926649951
    -0.002184160397218     0.002052571687349    -0.001876939771316
     0.000984219324643     0.000863296943143     0.000351668089638
385 295
    -0.000961239270339     0.001401380948350     0.001337035657750
     0.001988461739155     0.001551686977066     0.001988461739155
     0.001337035657750     0.001401380948350    -0.000961239270339
385 296
     0.000851201478598     0.000198659418272    -0.002283275641032
     0.003043479293313     0.002229761798266     0.010014930829495
     0.000403242254883     0.012919391043497    -0.000185155694557
385 297
    -0.001707517860025     0.000065986994177    -0.000089762278233
    -0.000065986994177     0.003453390850431    -0.002205994105830
    -0.000089762278233     0.002205994105830    -0.004388053501982
385 298
     0.000488667778654    -0.000268153774541    -0.000526998235735
     0.000268153774541    -0.001007776347456     0.000100772130776
    -0.000526998235735    -0.000100772130776    -0.002192414465186
385 299
    -0.001158061498943    -0.001330459353827     0.000017644992086
     0.001330459353827    -0.004940258055875     0.001330459353827
     0.000017644992086    -0.001330459353827    -0.001158061498943
385 300
    -0.003377447350944     0.000356915847242     0.002992055063929
    -0.000356915847242     0.009637325721410    -0.007946361547478
     0.002992055063929     0.007946361547478     0.001487187954687
385 301
     0.001645444383656     0.001646744460982    -0.001940389242161
     0.001477510444163     0.002291816295551    -0.002452678573016
     0.001279703193413     0.003596230449089    -0.004287190270892
385 302
     0.001317452886139     0.002184160397218     0.000984219324643
     0.000581523671645     0.002052571687349    -0.000863296943143
     0.003659926649951     0.001876939771316     0.000351668089638
385 303
    -0.000961239270339    -0.001988461739155     0.001337035657750
    -0.001401380948350     0.001551686977066    -0.001401380948350
     0.001337035657750    -0.001988461739155    -0.000961239270339
385 304
     0.000851201478598    -0.003043479293313     0.000403242254883
    -0.000198659418272     0.002229761798266    -0.012919391043497
    -0.002283275641032    -0.010014930829495    -0.000185155694557
385 305
     0.013784576420308     0.037283547529609     0.070937037924751
    -0.037283547529609    -0.046625135060392     0.012343470041169
     0.070937037924751    -0.012343470041169    -0.224829496140344
385 306
    -0.112947712427483     0.010363723565396     0.046798870951140
    -0.010363723565396    -0.010362153982829     0.001344428068655
     0.046798870951140    -0.001344428068655    -0.016123929998288
385 307
    -0.057885589384206    -0.004209851798067     0.003575765143112
     0.004209851798067    -0.001148587066277    -0.004326186899168
     0.003575765143112     0.004326186899168     0.013837748636970
385 308
    -0.051288620872500     0.090991570687552     0.082415571217124
    -0.090991570687552     0.144884016941838    -0.090991570687552
     0.082415571217124     0.090991570687552    -0.051288620872500
385 309
    -0.004187769461442     0.007956367398643    -0.003025075131942
    -0.015516478797741    -0.011539747009601     0.005276590925972
     0.014789196521466     0.002239792322360    -0.013187751691595
385 310
    -0.005955054821357     0.009489054266377     0.002349220880897
    -0.007969318826630    -0.000682123091334     0.001898727929771
     0.000060052188298    -0.001033274945860    -0.002612037695298
385 311
    -0.000185155694557     0.012919391043497     0.000403242254883
     0.010014930829495     0.002229761798266     0.003043479293313
    -0.002283275641032     0.000198659418272     0.000851201478598
385 312
     0.002756959315939     0.004179181358988     0.011310667678188
    -0.019555517506878    -0.017651621532133    -0.019555517506878
     0.011310667678188     0.004179181358988     0.002756959315939
385 313
    -0.000643375091072     0.004984022267253     0.000264147258644
    -0.004984022267253    -0.030266555325922    -0.006683589727025
     0.000264147258644     0.006683589727025     0.002223430326439
385 314
     0.008715815677560    -0.006110826868919    -0.001484751021210
     0.006110826868919     0.007883902792624    -0.001305467500993
    -0.001484751021210     0.001305467500993     0.000589485459586
385 315
     0.001487187954687     0.007946361547478     0.002992055063929
    -0.007946361547478     0.009637325721410    -0.000356915847242
     0.002992055063929     0.000356915847242    -0.003377447350944
385 316
    -0.016948995176283     0.004309287790903     0.000041057772809
    -0.004309287790903    -0.015897226866661    -0.004309287790903
     0.000041057772809     0.004309287790903    -0.016948995176283
385 317
    -0.004187769461442     0.015516478797741     0.014789196521466
    -0.007956367398643    -0.011539747009601    -0.002239792322360
    -0.003025075131942    -0.005276590925972    -0.013187751691595
385 318
    -0.005955054821357     0.007969318826630     0.000060052188298
    -0.009489054266377    -0.000682123091334     0.001033274945860
     0.002349220880897    -0.001898727929771    -0.002612037695298
385 319
    -0.000185155694557    -0.010014930829495    -0.002283275641032
    -0.012919391043497     0.002229761798266    -0.000198659418272
     0.000403242254883    -0.003043479293313     0.000851201478598
385 320
     0.002756959315939     0.019555517506878     0.011310667678188
    -0.004179181358988    -0.017651621532133    -0.004179181358988
     0.011310667678188     0.019555517506878     0.002756959315939
385 321
    -0.025684285443830    -0.081021886347391    -0.081021886347391
     0.081021886347391    -0.461605316196401    -0.393863642665790
     0.081021886347391    -0.393863642665790    -0.461605316196401
385 322
     0.003563789247729    -0.016688863923225    -0.016688863923225
    -0.000559948080590    -0.007419887138475     0.001308855293923
    -0.000559948080590     0.001308855293923    -0.007419887138475
385 323
    -0.033285088316558     0.004484291494281     0.004484291494281
    -0.004484291494281     0.000477553540334     0.001279566542941
    -0.004484291494281     0.001279566542941     0.000477553540334
385 324
     0.003563789247729     0.000559948080590     0.000559948080590
     0.016688863923225    -0.007419887138475     0.001308855293923
     0.016688863923225     0.001308855293923    -0.007419887138475
385 325
     0.009395150719772    -0.010452743755654     0.006606761795471
     0.010452743755654    -0.120982972698132    -0.024023530513784
    -0.006606761795471    -0.024023530513784     0.001615032062133
385 326
    -0.000621161797820    -0.003892169819429    -0.000519059222947
    -0.003020096879362    -0.000934334310910     0.002580175360516
    -0.000433242727068     0.003247302960640     0.000773007042331
385 327
    -0.000589565172214     0.002487235958830    -0.000727572658526
    -0.002487235958830    -0.004457441574550    -0.000952254501935
     0.000727572658526    -0.000952254501935     0.001677617977918
385 328
    -0.000621161797820     0.003020096879362     0.000433242727068
     0.003892169819429    -0.000934334310910     0.003247302960640
     0.000519059222947     0.002580175360516     0.000773007042331
385 329
     0.026263694829166     0.022535423964338     0.001865916633310
    -0.022535423964338    -0.082395278622087     0.000549974494120
    -0.001865916633310     0.000549974494120    -0.013946389557228
385 330
     0.002291816295551    -0.003596230449089    -0.001646744460982
     0.002452678573016    -0.004287190270892    -0.001940389242161
    -0.001477510444163     0.001279703193413     0.001645444383656
385 331
     0.003453390850431    -0.002205994105830    -0.000065986994177
     0.002205994105830    -0.004388053501982    -0.000089762278233
     0.000065986994177    -0.000089762278233    -0.001707517860025
385 332
     0.002291816295551    -0.002452678573016     0.001477510444163
     0.003596230449089    -0.004287190270892     0.001279703193413
     0.001646744460982    -0.001940389242161     0.001645444383656
385 333
    -0.046625135060392     0.012343470041169    -0.037283547529609
    -0.012343470041169    -0.224829496140344     0.070937037924751
     0.037283547529609     0.070937037924751     0.013784576420308
385 334
    -0.011539747009601     0.005276590925972    -0.015516478797741
     0.002239792322360    -0.013187751691595     0.014789196521466
     0.007956367398643    -0.003025075131942    -0.004187769461442
385 335
    -0.030266555325922    -0.006683589727025    -0.004984022267253
     0.006683589727025     0.002223430326439     0.000264147258644
     0.004984022267253     0.000264147258644    -0.000643375091072
385 336
    -0.011539747009601    -0.002239792322360    -0.007956367398643
    -0.005276590925972    -0.013187751691595    -0.003025075131942
     0.015516478797741     0.014789196521466    -0.004187769461442
385 337
     0.009395150719772     0.006606761795471    -0.010452743755654
    -0.006606761795471     0.001615032062133    -0.024023530513784
     0.010452743755654    -0.024023530513784    -0.120982972698132
385 338
    -0.000621161797820    -0.000519059222947    -0.003892169819429
    -0.000433242727068     0.000773007042331     0.003247302960640
    -0.003020096879362     0.002580175360516    -0.000934334310910
385 339
    -0.000589565172214    -0.000727572658526     0.002487235958830
     0.000727572658526     0.001677617977918    -0.000952254501935
    -0.002487235958830    -0.000952254501935    -0.004457441574550
385 340
    -0.000621161797820     0.000433242727068     0.003020096879362
     0.000519059222947     0.000773007042331     0.002580175360516
     0.003892169819429     0.003247302960640    -0.000934334310910
385 341
     0.003221510184286    -0.002233506400687    -0.002233506400687
     0.002233506400687    -0.001607186047434    -0.015446633325677
     0.002233506400687    -0.015446633325677    -0.001607186047434
385 342
     0.002315684577844     0.000925351440428     0.000925351440428
    -0.002391945030285     0.002006049793618    -0.000113858311311
    -0.002391945030285    -0.000113858311311     0.002006049793618
385 343
     0.000352579092779    -0.000089824909698    -0.000089824909698
     0.000089824909698    -0.002287614293417    -0.001228576937973
     0.000089824909698    -0.001228576937973    -0.002287614293417
385 344
     0.002315684577844     0.002391945030285     0.002391945030285
    -0.000925351440428     0.002006049793618    -0.000113858311311
    -0.000925351440428    -0.000113858311311     0.002006049793618
385 345
     0.007032980308810     0.001969695074451    -0.001371803713040
    -0.001969695074451    -0.001565553203893    -0.001802463366620
     0.001371803713040    -0.001802463366620     0.008800690803526
385 346
     0.002052571687349    -0.001876939771316    -0.002184160397218
     0.000863296943143     0.000351668089638     0.000984219324643
    -0.000581523671645     0.003659926649951     0.001317452886139
385 347
    -0.001007776347456     0.000100772130776     0.000268153774541
    -0.000100772130776    -0.002192414465186    -0.000526998235735
    -0.000268153774541    -0.000526998235735     0.000488667778654
385 348
     0.002052571687349    -0.000863296943143     0.000581523671645
     0.001876939771316     0.000351668089638     0.003659926649951
     0.002184160397218     0.000984219324643     0.001317452886139
385 349
    -0.010362153982829     0.001344428068655    -0.010363723565396
    -0.001344428068655    -0.016123929998288     0.046798870951140
     0.010363723565396     0.046798870951140    -0.112947712427483
385 350
    -0.000682123091334     0.001898727929771    -0.007969318826630
    -0.001033274945860    -0.002612037695298     0.000060052188298
     0.009489054266377     0.002349220880897    -0.005955054821357
385 351
     0.007883902792624    -0.001305467500993     0.006110826868919
     0.001305467500993     0.000589485459586    -0.001484751021210
    -0.006110826868919    -0.001484751021210     0.008715815677560
385 352
    -0.000682123091334     0.001033274945860    -0.009489054266377
    -0.001898727929771    -0.002612037695298     0.002349220880897
     0.007969318826630     0.000060052188298    -0.005955054821357
385 353
     0.026263694829166     0.001865916633310     0.022535423964338
    -0.001865916633310    -0.013946389557228     0.000549974494120
    -0.022535423964338     0.000549974494120    -0.082395278622087
385 354
     0.002291816295551    -0.001646744460982    -0.003596230449089
    -0.001477510444163     0.001645444383656     0.001279703193413
     0.002452678573016    -0.001940389242161    -0.004287190270892
385 355
     0.003453390850431    -0.000065986994177    -0.002205994105830
     0.000065986994177    -0.001707517860025    -0.000089762278233
     0.002205994105830    -0.000089762278233    -0.004388053501982
385 356
     0.002291816295551     0.001477510444163    -0.002452678573016
     0.001646744460982     0.001645444383656    -0.001940389242161
     0.003596230449089     0.001279703193413    -0.004287190270892
385 357
     0.007032980308810    -0.001371803713040     0.001969695074451
     0.001371803713040     0.008800690803526    -0.001802463366620
    -0.001969695074451    -0.001802463366620    -0.001565553203893
385 358
     0.002052571687349    -0.002184160397218    -0.001876939771316
    -0.000581523671645     0.001317452886139     0.003659926649951
     0.000863296943143     0.000984219324643     0.000351668089638
385 359
    -0.001007776347456     0.000268153774541     0.000100772130776
    -0.000268153774541     0.000488667778654    -0.000526998235735
    -0.000100772130776    -0.000526998235735    -0.002192414465186
385 360
     0.002052571687349     0.000581523671645    -0.000863296943143
     0.002184160397218     0.001317452886139     0.000984219324643
     0.001876939771316     0.003659926649951     0.000351668089638
385 361
     0.005859259045385    -0.002022730640641    -0.002022730640641
     0.002022730640641    -0.000694269799881     0.002568605620626
     0.002022730640641     0.002568605620626    -0.000694269799881
385 362
     0.001551686977066     0.001988461739155     0.001988461739155
     0.001401380948350    -0.000961239270339     0.001337035657750
     0.001401380948350     0.001337035657750    -0.000961239270339
385 363
    -0.004940258055875     0.001330459353827     0.001330459353827
    -0.001330459353827    -0.001158061498943     0.000017644992086
    -0.001330459353827     0.000017644992086    -0.001158061498943
385 364
     0.001551686977066    -0.001401380948350    -0.001401380948350
    -0.001988461739155    -0.000961239270339     0.001337035657750
    -0.001988461739155     0.001337035657750    -0.000961239270339
385 365
    -0.001148587066277    -0.004326186899168     0.004209851798067
     0.004326186899168     0.013837748636970     0.003575765143112
    -0.004209851798067     0.003575765143112    -0.057885589384206
385 366
     0.002229761798266     0.003043479293313     0.010014930829495
     0.000198659418272     0.000851201478598    -0.002283275641032
     0.012919391043497     0.000403242254883    -0.000185155694557
385 367
     0.009637325721410    -0.000356915847242    -0.007946361547478
     0.000356915847242    -0.003377447350944     0.002992055063929
     0.007946361547478     0.002992055063929     0.001487187954687
385 368
     0.002229761798266    -0.000198659418272    -0.012919391043497
    -0.003043479293313     0.000851201478598     0.000403242254883
    -0.010014930829495    -0.002283275641032    -0.000185155694557
385 369
    -0.046625135060392    -0.037283547529609     0.012343470041169
     0.037283547529609     0.013784576420308     0.070937037924751
    -0.012343470041169     0.070937037924751    -0.224829496140344
385 370
    -0.011539747009601    -0.015516478797741     0.005276590925972
     0.007956367398643    -0.004187769461442    -0.003025075131942
     0.002239792322360     0.014789196521466    -0.013187751691595
385 371
    -0.030266555325922    -0.004984022267253    -0.006683589727025
     0.004984022267253    -0.000643375091072     0.000264147258644
     0.006683589727025     0.000264147258644     0.002223430326439
385 372
    -0.011539747009601    -0.007956367398643    -0.002239792322360
     0.015516478797741    -0.004187769461442     0.014789196521466
    -0.005276590925972    -0.003025075131942    -0.013187751691595
385 373
    -0.010362153982829    -0.010363723565396     0.001344428068655
     0.010363723565396    -0.112947712427483     0.046798870951140
    -0.001344428068655     0.046798870951140    -0.016123929998288
385 374
    -0.000682123091334    -0.007969318826630     0.001898727929771
     0.009489054266377    -0.005955054821357     0.002349220880897
    -0.001033274945860     0.000060052188298    -0.002612037695298
385 375
     0.007883902792624     0.006110826868919    -0.001305467500993
    -0.006110826868919     0.008715815677560    -0.001484751021210
     0.001305467500993    -0.001484751021210     0.000589485459586
385 376
    -0.000682123091334    -0.009489054266377     0.001033274945860
     0.007969318826630    -0.005955054821357     0.000060052188298
    -0.001898727929771     0.002349220880897    -0.002612037695298
385 377
    -0.001148587066277     0.004209851798067    -0.004326186899168
    -0.004209851798067    -0.057885589384206     0.003575765143112
     0.004326186899168     0.003575765143112     0.013837748636970
385 378
     0.002229761798266     0.010014930829495     0.003043479293313
     0.012919391043497    -0.000185155694557     0.000403242254883
     0.000198659418272    -0.002283275641032     0.000851201478598
385 379
     0.009637325721410    -0.007946361547478    -0.000356915847242
     0.007946361547478     0.001487187954687     0.002992055063929
     0.000356915847242     0.002992055063929    -0.003377447350944
385 380
     0.002229761798266    -0.012919391043497    -0.000198659418272
    -0.010014930829495    -0.000185155694557    -0.002283275641032
    -0.003043479293313     0.000403242254883     0.000851201478598
385 381
     0.144884016941838    -0.090991570687552    -0.090991570687552
     0.090991570687552    -0.051288620872500     0.082415571217124
     0.090991570687552     0.082415571217124    -0.051288620872500
385 382
    -0.017651621532133    -0.019555517506878    -0.019555517506878
     0.004179181358988     0.002756959315939     0.011310667678188
     0.004179181358988     0.011310667678188     0.002756959315939
385 383
    -0.015897226866661    -0.004309287790903    -0.004309287790903
     0.004309287790903    -0.016948995176283     0.000041057772809
     0.004309287790903     0.000041057772809    -0.016948995176283
385 384
    -0.017651621532133    -0.004179181358988    -0.004179181358988
     0.019555517506878     0.002756959315939     0.011310667678188
     0.019555517506878     0.011310667678188     0.002756959315939
385 385
    12.675571102299154     0.834521559512705     0.834521559512705
     0.834521559512705    12.675571102299154     0.834521559512705
     0.834521559512705     0.834521559512705    12.675571102299150
385 386
    -1.434637317292716    -0.038594342501054    -0.038594342501054
     0.110341370399739     0.188519465546543     0.033589158390005
     0.110341370399739     0.033589158390005     0.188519465546543
385 387
    -0.083500150823135     0.007995800549184     0.007995800549184
     0.007995800549184    -0.027866221475046     0.003860210690491
     0.007995800549184     0.003860210690491    -0.027866221475046
385 388
    -1.434637317292716     0.110341370399739     0.110341370399739
    -0.038594342501054     0.188519465546543     0.033589158390005
    -0.038594342501054     0.033589158390005     0.188519465546543
385 389
     0.188519465546543     0.110341370399739     0.033589158390005
    -0.038594342501054    -1.434637317292716    -0.038594342501054
     0.033589158390005     0.110341370399739     0.188519465546543
385 390
    -0.029105717165249    -0.036175492511339    -0.002742724891788
    -0.036175492511339    -0.029105717165249    -0.002742724891788
    -0.012259002968694    -0.012259002968694     0.001979122059112
385 391
    -0.003188452157660    -0.008785165791592    -0.000753929118148
     0.007129451745519     0.008877040458431    -0.002860031729572
    -0.000559885449124     0.002684454853384     0.002569360994137
385 392
    -0.011204869846680    -0.014964181245612    -0.000257660157111
     0.086912631938763    -0.011204869846680    -0.002951800112638
    -0.002951800112638    -0.000257660157111     0.002904610150008
385 393
    -0.027866221475046     0.007995800549184     0.003860210690491
     0.007995800549184    -0.083500150823135     0.007995800549184
     0.003860210690491     0.007995800549184    -0.027866221475046
385 394
     0.008877040458431     0.007129451745519    -0.002860031729572
    -0.008785165791592    -0.003188452157660    -0.000753929118148
     0.002684454853384    -0.000559885449124     0.002569360994137
385 395
    -0.006596970409555     0.003536257973566     0.001849626758396
     0.003536257973566    -0.006596970409555     0.001849626758396
     0.001849626758396     0.001849626758396    -0.010663566963710
385 396
     0.008877040458431    -0.008785165791592     0.002684454853384
     0.007129451745519    -0.003188452157660    -0.000559885449124
    -0.002860031729572    -0.000753929118148     0.002569360994137
385 397
     0.188519465546543    -0.038594342501054     0.033589158390005
     0.110341370399739    -1.434637317292716     0.110341370399739
     0.033589158390005    -0.038594342501054     0.188519465546543
385 398
    -0.011204869846680     0.086912631938763    -0.002951800112638
    -0.014964181245612    -0.011204869846680    -0.000257660157111
    -0.000257660157111    -0.002951800112638     0.002904610150008
385 399
    -0.003188452157660     0.007129451745519    -0.000559885449124
    -0.008785165791592     0.008877040458431     0.002684454853384
    -0.000753929118148    -0.002860031729572     0.002569360994137
385 400
    -0.029105717165249    -0.036175492511339    -0.012259002968694
    -0.036175492511339    -0.029105717165249    -0.012259002968694
    -0.002742724891788    -0.002742724891788     0.001979122059112
385 401
     0.188519465546543     0.033589158390005     0.110341370399739
     0.033589158390005     0.188519465546543     0.110341370399739
    -0.038594342501054    -0.038594342501054    -1.434637317292716
385 402
    -0.029105717165249    -0.002742724891788    -0.036175492511339
    -0.012259002968694     0.001979122059112    -0.012259002968694
    -0.036175492511339    -0.002742724891788    -0.029105717165249
385 403
    -0.003188452157660    -0.000753929118148    -0.008785165791592
    -0.000559885449124     0.002569360994137     0.002684454853384
     0.007129451745519    -0.002860031729572     0.008877040458431
385 404
    -0.011204869846680    -0.000257660157111    -0.014964181245612
    -0.002951800112638     0.002904610150008    -0.000257660157111
     0.086912631938763    -0.002951800112638    -0.011204869846680
385 405
     0.001979122059112    -0.012259002968694    -0.012259002968694
    -0.002742724891788    -0.029105717165249    -0.036175492511339
    -0.002742724891788    -0.036175492511339    -0.029105717165249
385 406
     0.000464898188368    -0.005120245705675    -0.005120245705675
    -0.005120245705675     0.000464898188368    -0.005120245705675
    -0.005120245705675    -0.005120245705675     0.000464898188368
385 407
    -0.006397855489712    -0.003307577205954    -0.003307577205954
    -0.000688078774443    -0.000564747928316    -0.001143109659964
    -0.000688078774443    -0.001143109659964    -0.000564747928316
385 408
    -0.003371093104036     0.000162084540085     0.000162084540085
     0.000991947667955    -0.003363713978595    -0.003336744489850
     0.000991947667955    -0.003336744489850    -0.003363713978595
385 409
     0.002569360994137    -0.000559885449124     0.002684454853384
    -0.000753929118148    -0.003188452157660    -0.008785165791592
    -0.002860031729572     0.007129451745519     0.008877040458431
385 410
    -0.000564747928316    -0.000688078774443    -0.001143109659964
    -0.003307577205954    -0.006397855489712    -0.003307577205954
    -0.001143109659964    -0.000688078774443    -0.000564747928316
385 411
     0.001397810954865    -0.001184499569336     0.000939823104907
    -0.001184499569336     0.001397810954865     0.000939823104907
    -0.001772476179896    -0.001772476179896    -0.002455595680917
385 412
     0.000674155609845    -0.000347211765868     0.000854720228157
    -0.000466978312132    -0.005600818841687    -0.000347211765868
     0.001592329104619    -0.000466978312132     0.000674155609845
385 413
     0.002904610150008    -0.002951800112638    -0.000257660157111
    -0.000257660157111    -0.011204869846680    -0.014964181245612
    -0.002951800112638     0.086912631938763    -0.011204869846680
385 414
    -0.003363713978595     0.000991947667955    -0.003336744489850
     0.000162084540085    -0.003371093104036     0.000162084540085
    -0.003336744489850     0.000991947667955    -0.003363713978595
385 415
    -0.005600818841687    -0.000466978312132    -0.000347211765868
    -0.000347211765868     0.000674155609845     0.000854720228157
    -0.000466978312132     0.001592329104619     0.000674155609845
385 416
    -0.003363713978595    -0.003336744489850     0.000162084540085
    -0.003336744489850    -0.003363713978595     0.000162084540085
     0.000991947667955     0.000991947667955    -0.003371093104036
385 417
    -0.027866221475046     0.003860210690491     0.007995800549184
     0.003860210690491    -0.027866221475046     0.007995800549184
     0.007995800549184     0.007995800549184    -0.083500150823135
385 418
     0.008877040458431    -0.002860031729572     0.007129451745519
     0.002684454853384     0.002569360994137    -0.000559885449124
    -0.008785165791592    -0.000753929118148    -0.003188452157660
385 419
    -0.006596970409555     0.001849626758396     0.003536257973566
     0.001849626758396    -0.010663566963710     0.001849626758396
     0.003536257973566     0.001849626758396    -0.006596970409555
385 420
     0.008877040458431     0.002684454853384    -0.008785165791592
    -0.002860031729572     0.002569360994137    -0.000753929118148
     0.007129451745519    -0.000559885449124    -0.003188452157660
385 421
     0.002569360994137     0.002684454853384    -0.000559885449124
    -0.002860031729572     0.008877040458431     0.007129451745519
    -0.000753929118148    -0.008785165791592    -0.003188452157660
385 422
    -0.000564747928316    -0.001143109659964    -0.000688078774443
    -0.001143109659964    -0.000564747928316    -0.000688078774443
    -0.003307577205954    -0.003307577205954    -0.006397855489712
385 423
     0.001397810954865     0.000939823104907    -0.001184499569336
    -0.001772476179896    -0.002455595680917    -0.001772476179896
    -0.001184499569336     0.000939823104907     0.001397810954865
385 424
     0.000674155609845     0.000854720228157    -0.000347211765868
     0.001592329104619     0.000674155609845    -0.000466978312132
    -0.000466978312132    -0.000347211765868    -0.005600818841687
385 425
    -0.010663566963710     0.001849626758396     0.001849626758396
     0.001849626758396    -0.006596970409555     0.003536257973566
     0.001849626758396     0.003536257973566    -0.006596970409555
385 426
    -0.002455595680917    -0.001772476179896    -0.001772476179896
     0.000939823104907     0.001397810954865    -0.001184499569336
     0.000939823104907    -0.001184499569336     0.001397810954865
385 427
     0.005125089205779     0.001498101013072     0.001498101013072
     0.001498101013072     0.005125089205779     0.001498101013072
     0.001498101013072     0.001498101013072     0.005125089205779
385 428
    -0.002455595680917     0.000939823104907     0.000939823104907
    -0.001772476179896     0.001397810954865    -0.001184499569336
    -0.001772476179896    -0.001184499569336     0.001397810954865
385 429
     0.002569360994137    -0.002860031729572    -0.000753929118148
     0.002684454853384     0.008877040458431    -0.008785165791592
    -0.000559885449124     0.007129451745519    -0.003188452157660
385 430
     0.000674155609845     0.001592329104619    -0.000466978312132
     0.000854720228157     0.000674155609845    -0.000347211765868
    -0.000347211765868    -0.000466978312132    -0.005600818841687
385 431
     0.001397810954865    -0.001772476179896    -0.001184499569336
     0.000939823104907    -0.002455595680917     0.000939823104907
    -0.001184499569336    -0.001772476179896     0.001397810954865
385 432
    -0.000564747928316    -0.001143109659964    -0.003307577205954
    -0.001143109659964    -0.000564747928316    -0.003307577205954
    -0.000688078774443    -0.000688078774443    -0.006397855489712
385 433
     0.188519465546543     0.033589158390005    -0.038594342501054
     0.033589158390005     0.188519465546543    -0.038594342501054
     0.110341370399739     0.110341370399739    -1.434637317292716
385 434
    -0.011204869846680    -0.002951800112638     0.086912631938763
    -0.000257660157111     0.002904610150008    -0.002951800112638
    -0.014964181245612    -0.000257660157111    -0.011204869846680
385 435
    -0.003188452157660    -0.000559885449124     0.007129451745519
    -0.000753929118148     0.002569360994137    -0.002860031729572
    -0.008785165791592     0.002684454853384     0.008877040458431
385 436
    -0.029105717165249    -0.012259002968694    -0.036175492511339
    -0.002742724891788     0.001979122059112    -0.002742724891788
    -0.036175492511339    -0.012259002968694    -0.029105717165249
385 437
     0.002904610150008    -0.000257660157111    -0.002951800112638
    -0.002951800112638    -0.011204869846680     0.086912631938763
    -0.000257660157111    -0.014964181245612    -0.011204869846680
385 438
    -0.003363713978595    -0.003336744489850     0.000991947667955
    -0.003336744489850    -0.003363713978595     0.000991947667955
     0.000162084540085     0.000162084540085    -0.003371093104036
385 439
    -0.005600818841687    -0.000347211765868    -0.000466978312132
    -0.000466978312132     0.000674155609845     0.001592329104619
    -0.000347211765868     0.000854720228157     0.000674155609845
385 440
    -0.003363713978595     0.000162084540085    -0.003336744489850
     0.000991947667955    -0.003371093104036     0.000991947667955
    -0.003336744489850     0.000162084540085    -0.003363713978595
385 441
     0.002569360994137    -0.000753929118148    -0.002860031729572
    -0.000559885449124    -0.003188452157660     0.007129451745519
     0.002684454853384    -0.008785165791592     0.008877040458431
385 442
     0.000674155609845    -0.000466978312132     0.001592329104619
    -0.000347211765868    -0.005600818841687    -0.000466978312132
     0.000854720228157    -0.000347211765868     0.000674155609845
385 443
     0.001397810954865    -0.001184499569336    -0.001772476179896
    -0.001184499569336     0.001397810954865    -0.001772476179896
     0.000939823104907     0.000939823104907    -0.002455595680917
385 444
    -0.000564747928316    -0.003307577205954    -0.001143109659964
    -0.000688078774443    -0.006397855489712    -0.000688078774443
    -0.001143109659964    -0.003307577205954    -0.000564747928316
385 445
     0.001979122059112    -0.002742724891788    -0.002742724891788
    -0.012259002968694    -0.029105717165249    -0.036175492511339
    -0.012259002968694    -0.036175492511339    -0.029105717165249
385 446
    -0.003371093104036     0.000991947667955     0.000991947667955
     0.000162084540085    -0.003363713978595    -0.003336744489850
     0.000162084540085    -0.003336744489850    -0.003363713978595
385 447
    -0.006397855489712    -0.000688078774443    -0.000688078774443
    -0.003307577205954    -0.000564747928316    -0.001143109659964
    -0.003307577205954    -0.001143109659964    -0.000564747928316
385 448
     0.000464898188368    -0.005120245705675    -0.005120245705675
    -0.005120245705675     0.000464898188368    -0.005120245705675
    -0.005120245705675    -0.005120245705675     0.000464898188368
385 449
    -0.461605316196401    -0.393863642665790     0.081021886347391
    -0.393863642665790    -0.461605316196401     0.081021886347391
    -0.081021886347391    -0.081021886347391    -0.025684285443830
385 450
    -0.120982972698132    -0.024023530513784     0.010452743755654
    -0.024023530513784     0.001615032062133    -0.006606761795471
    -0.010452743755654     0.006606761795471     0.009395150719772
385 451
    -0.082395278622087     0.000549974494120    -0.022535423964338
     0.000549974494120    -0.013946389557228    -0.001865916633310
     0.022535423964338     0.001865916633310     0.026263694829166
385 452
    -0.224829496140344     0.070937037924751    -0.012343470041169
     0.070937037924751     0.013784576420308     0.037283547529609
     0.012343470041169    -0.037283547529609    -0.046625135060392
385 453
     0.001615032062133    -0.024023530513784    -0.006606761795471
    -0.024023530513784    -0.120982972698132     0.010452743755654
     0.006606761795471    -0.010452743755654     0.009395150719772
385 454
    -0.001607186047434    -0.015446633325677     0.002233506400687
    -0.015446633325677    -0.001607186047434     0.002233506400687
    -0.002233506400687    -0.002233506400687     0.003221510184286
385 455
    -0.001565553203893    -0.001802463366620    -0.001969695074451
    -0.001802463366620     0.008800690803526     0.001371803713040
     0.001969695074451    -0.001371803713040     0.007032980308810
385 456
    -0.016123929998288     0.046798870951140    -0.001344428068655
     0.046798870951140    -0.112947712427483     0.010363723565396
     0.001344428068655    -0.010363723565396    -0.010362153982829
385 457
    -0.013946389557228     0.000549974494120    -0.001865916633310
     0.000549974494120    -0.082395278622087    -0.022535423964338
     0.001865916633310     0.022535423964338     0.026263694829166
385 458
     0.008800690803526    -0.001802463366620     0.001371803713040
    -0.001802463366620    -0.001565553203893    -0.001969695074451
    -0.001371803713040     0.001969695074451     0.007032980308810
385 459
    -0.000694269799881     0.002568605620626     0.002022730640641
     0.002568605620626    -0.000694269799881     0.002022730640641
    -0.002022730640641    -0.002022730640641     0.005859259045385
385 460
     0.013837748636970     0.003575765143112     0.004326186899168
     0.003575765143112    -0.057885589384206    -0.004209851798067
    -0.004326186899168     0.004209851798067    -0.001148587066277
385 461
     0.013784576420308     0.070937037924751     0.037283547529609
     0.070937037924751    -0.224829496140344    -0.012343470041169
    -0.037283547529609     0.012343470041169    -0.046625135060392
385 462
    -0.112947712427483     0.046798870951140     0.010363723565396
     0.046798870951140    -0.016123929998288    -0.001344428068655
    -0.010363723565396     0.001344428068655    -0.010362153982829
385 463
    -0.057885589384206     0.003575765143112    -0.004209851798067
     0.003575765143112     0.013837748636970     0.004326186899168
     0.004209851798067    -0.004326186899168    -0.001148587066277
385 464
    -0.051288620872500     0.082415571217123     0.090991570687552
     0.082415571217123    -0.051288620872500     0.090991570687552
    -0.090991570687552    -0.090991570687552     0.144884016941838
385 465
    -0.007419887138475     0.001308855293923    -0.000559948080590
     0.001308855293923    -0.007419887138475    -0.000559948080590
    -0.016688863923225    -0.016688863923225     0.003563789247729
385 466
    -0.000934334310910     0.002580175360516    -0.003020096879362
     0.003247302960640     0.000773007042331    -0.000433242727068
    -0.003892169819429    -0.000519059222947    -0.000621161797820
385 467
    -0.004287190270892    -0.001940389242161     0.002452678573016
     0.001279703193413     0.001645444383656    -0.001477510444163
    -0.003596230449089    -0.001646744460982     0.002291816295551
385 468
    -0.013187751691595     0.014789196521466     0.002239792322360
    -0.003025075131942    -0.004187769461442     0.007956367398643
     0.005276590925972    -0.015516478797741    -0.011539747009601
385 469
     0.000773007042331     0.003247302960640    -0.000433242727068
     0.002580175360516    -0.000934334310910    -0.003020096879362
    -0.000519059222947    -0.003892169819429    -0.000621161797820
385 470
     0.002006049793618    -0.000113858311311    -0.002391945030285
    -0.000113858311311     0.002006049793618    -0.002391945030285
     0.000925351440428     0.000925351440428     0.002315684577844
385 471
     0.000351668089638     0.000984219324643     0.000863296943143
     0.003659926649951     0.001317452886139    -0.000581523671645
    -0.001876939771316    -0.002184160397218     0.002052571687349
385 472
    -0.002612037695298     0.000060052188298    -0.001033274945860
     0.002349220880897    -0.005955054821357     0.009489054266377
     0.001898727929771    -0.007969318826630    -0.000682123091334
385 473
     0.001645444383656     0.001279703193413    -0.001477510444163
    -0.001940389242161    -0.004287190270892     0.002452678573016
    -0.001646744460982    -0.003596230449089     0.002291816295551
385 474
     0.001317452886139     0.003659926649951    -0.000581523671645
     0.000984219324643     0.000351668089638     0.000863296943143
    -0.002184160397218    -0.001876939771316     0.002052571687349
385 475
    -0.000961239270339     0.001337035657750     0.001401380948350
     0.001337035657750    -0.000961239270339     0.001401380948350
     0.001988461739155     0.001988461739155     0.001551686977066
385 476
     0.000851201478598    -0.002283275641032     0.000198659418272
     0.000403242254883    -0.000185155694557     0.012919391043497
     0.003043479293313     0.010014930829495     0.002229761798266
385 477
    -0.004187769461442    -0.003025075131942     0.007956367398643
     0.014789196521466    -0.013187751691595     0.002239792322360
    -0.015516478797741     0.005276590925972    -0.011539747009601
385 478
    -0.005955054821357     0.002349220880897     0.009489054266377
     0.000060052188298    -0.002612037695298    -0.001033274945860
    -0.007969318826630     0.001898727929771    -0.000682123091334
385 479
    -0.000185155694557     0.000403242254883     0.012919391043497
    -0.002283275641032     0.000851201478598     0.000198659418272
     0.010014930829495     0.003043479293313     0.002229761798266
385 480
     0.002756959315939     0.011310667678188     0.004179181358988
     0.011310667678188     0.002756959315939     0.004179181358988
    -0.019555517506878    -0.019555517506878    -0.017651621532133
385 481
     0.000477553540334     0.001279566542941    -0.004484291494281
     0.001279566542941     0.000477553540334    -0.004484291494281
     0.004484291494281     0.004484291494281    -0.033285088316558
385 482
    -0.004457441574550    -0.000952254501935    -0.002487235958830
    -0.000952254501935     0.001677617977918     0.000727572658526
     0.002487235958830    -0.000727572658526    -0.000589565172214
385 483
    -0.004388053501982    -0.000089762278233     0.002205994105830
    -0.000089762278233    -0.001707517860025     0.000065986994177
    -0.002205994105830    -0.000065986994177     0.003453390850431
385 484
     0.002223430326439     0.000264147258644     0.006683589727025
     0.000264147258644    -0.000643375091072     0.004984022267253
    -0.006683589727025    -0.004984022267253    -0.030266555325922
385 485
     0.001677617977918    -0.000952254501935     0.000727572658526
    -0.000952254501935    -0.004457441574550    -0.002487235958830
    -0.000727572658526     0.002487235958830    -0.000589565172214
385 486
    -0.002287614293417    -0.001228576937973     0.000089824909698
    -0.001228576937973    -0.002287614293417     0.000089824909698
    -0.000089824909698    -0.000089824909698     0.000352579092779
385 487
    -0.002192414465186    -0.000526998235735    -0.000100772130776
    -0.000526998235735     0.000488667778654    -0.000268153774541
     0.000100772130776     0.000268153774541    -0.001007776347456
385 488
     0.000589485459586    -0.001484751021210     0.001305467500993
    -0.001484751021210     0.008715815677560    -0.006110826868919
    -0.001305467500993     0.006110826868919     0.007883902792624
385 489
    -0.001707517860025    -0.000089762278233     0.000065986994177
    -0.000089762278233    -0.004388053501982     0.002205994105830
    -0.000065986994177    -0.002205994105830     0.003453390850431
385 490
     0.000488667778654    -0.000526998235735    -0.000268153774541
    -0.000526998235735    -0.002192414465186    -0.000100772130776
     0.000268153774541     0.000100772130776    -0.001007776347456
385 491
    -0.001158061498943     0.000017644992086    -0.001330459353827
     0.000017644992086    -0.001158061498943    -0.001330459353827
     0.001330459353827     0.001330459353827    -0.004940258055875
385 492
    -0.003377447350944     0.002992055063929     0.000356915847242
     0.002992055063929     0.001487187954687     0.007946361547478
    -0.000356915847242    -0.007946361547478     0.009637325721410
385 493
    -0.000643375091072     0.000264147258644     0.004984022267253
     0.000264147258644     0.002223430326439     0.006683589727025
    -0.004984022267253    -0.006683589727025    -0.030266555325922
385 494
     0.008715815677560    -0.001484751021210    -0.006110826868919
    -0.001484751021210     0.000589485459586     0.001305467500993
     0.006110826868919    -0.001305467500993     0.007883902792624
385 495
     0.001487187954687     0.002992055063929     0.007946361547478
     0.002992055063929    -0.003377447350944     0.000356915847242
    -0.007946361547478    -0.000356915847242     0.009637325721410
385 496
    -0.016948995176283     0.000041057772809     0.004309287790903
     0.000041057772809    -0.016948995176283     0.004309287790903
    -0.004309287790903    -0.004309287790903    -0.015897226866661
385 497
    -0.007419887138475     0.001308855293923     0.016688863923225
     0.001308855293923    -0.007419887138475     0.016688863923225
     0.000559948080590     0.000559948080590     0.003563789247729
385 498
    -0.000934334310910     0.003247302960640     0.003892169819429
     0.002580175360516     0.000773007042331     0.000519059222947
     0.003020096879362     0.000433242727068    -0.000621161797820
385 499
    -0.004287190270892     0.001279703193413     0.003596230449089
    -0.001940389242161     0.001645444383656     0.001646744460982
    -0.002452678573016     0.001477510444163     0.002291816295551
385 500
    -0.013187751691595    -0.003025075131942    -0.005276590925972
     0.014789196521466    -0.004187769461442     0.015516478797741
    -0.002239792322360    -0.007956367398643    -0.011539747009601
385 501
     0.000773007042331     0.002580175360516     0.000519059222947
     0.003247302960640    -0.000934334310910     0.003892169819429
     0.000433242727068     0.003020096879362    -0.000621161797820
385 502
     0.002006049793618    -0.000113858311311    -0.000925351440428
    -0.000113858311311     0.002006049793618    -0.000925351440428
     0.002391945030285     0.002391945030285     0.002315684577844
385 503
     0.000351668089638     0.003659926649951     0.001876939771316
     0.000984219324643     0.001317452886139     0.002184160397218
    -0.000863296943143     0.000581523671645     0.002052571687349
385 504
    -0.002612037695298     0.002349220880897    -0.001898727929771
     0.000060052188298    -0.005955054821357     0.007969318826630
     0.001033274945860    -0.009489054266377    -0.000682123091334
385 505
     0.001645444383656    -0.001940389242161     0.001646744460982
     0.001279703193413    -0.004287190270892     0.003596230449089
     0.001477510444163    -0.002452678573016     0.002291816295551
385 506
     0.001317452886139     0.000984219324643     0.002184160397218
     0.003659926649951     0.000351668089638     0.001876939771316
     0.000581523671645    -0.000863296943143     0.002052571687349
385 507
    -0.000961239270339     0.001337035657750    -0.001988461739155
     0.001337035657750    -0.000961239270339    -0.001988461739155
    -0.001401380948350    -0.001401380948350     0.001551686977066
385 508
     0.000851201478598     0.000403242254883    -0.003043479293313
    -0.002283275641032    -0.000185155694557    -0.010014930829495
    -0.000198659418272    -0.012919391043497     0.002229761798266
385 509
    -0.004187769461442     0.014789196521466     0.015516478797741
    -0.003025075131942    -0.013187751691595    -0.005276590925972
    -0.007956367398643    -0.002239792322360    -0.011539747009601
385 510
    -0.005955054821357     0.000060052188298     0.007969318826630
     0.002349220880897    -0.002612037695298    -0.001898727929771
    -0.009489054266377     0.001033274945860    -0.000682123091334
385 511
    -0.000185155694557    -0.002283275641032    -0.010014930829495
     0.000403242254883     0.000851201478598    -0.003043479293313
    -0.012919391043497    -0.000198659418272     0.002229761798266
385 512
     0.002756959315939     0.011310667678188     0.019555517506878
     0.011310667678188     0.002756959315939     0.019555517506878
    -0.004179181358988    -0.004179181358988    -0.017651621532133
449 1
    -3.227295678573934     0.391914210768494    -0.391914210768494
     0.776333288385880    -0.097716681280580     0.128132930555051
    -0.776333288385880     0.128132930555051    -0.097716681280580
449 2
    -5.141374436415796    -1.024672609858512     1.024672609858512
    -0.783838787044600    -0.268589638299972     0.386130447312640
     0.783838787044600     0.386130447312640    -0.268589638299972
449 3
     0.371412850893318     0.086578632565325    -0.086578632565325
    -0.018111525335572     0.061986845812167    -0.002582506959180
     0.018111525335572    -0.002582506959180     0.061986845812167
449 4
     0.566268739951909    -0.079911852744174     0.079911852744174
    -0.027819964341677     0.027190185023516    -0.009896495676362
     0.027819964341677    -0.009896495676362     0.027190185023516
449 5
    -0.022148841679327    -0.042901120288512     0.001701337273165
    -0.016552100525650     0.067157213771902     0.008371015223058
     0.028853573322022     0.010529895283115    -0.038761507781503
449 6
     0.055771686308530     0.049735008452483     0.011151673906051
     0.194294019329944     0.084063260843933    -0.026822098949151
    -0.004535724264319    -0.002061048761296     0.029738503742947
449 7
    -0.006854981682465    -0.019992488704093     0.004634554819651
    -0.008553705515438    -0.010233383688858     0.003356064399169
    -0.004829856811763     0.001211760389368     0.001323541423794
449 8
    -0.002327447905760    -0.012008988595235     0.007311734933370
    -0.030046364917864    -0.003891875641262    -0.004258008752644
     0.003206769963598    -0.001047254099266    -0.001043867255229
449 9
     0.014139526019100     0.000577719284571    -0.005750121817988
    -0.020655623073782     0.026658842441552    -0.001671686018850
     0.000370103566669     0.005035574606454     0.000351440338849
449 10
     0.012756046282469     0.013580451932079     0.008705296438094
    -0.014341763971516    -0.014428143201557    -0.006986539076742
     0.005290887032554     0.000872927954474    -0.020337243608297
449 11
    -0.009319989164655     0.007386496026548     0.005620351318481
     0.001832459093997    -0.000024439557110     0.000747179154251
     0.000601407264158    -0.000772890319981     0.002159903040735
449 12
    -0.007527256450335    -0.011530286811433    -0.008917239420914
     0.009105725970778     0.001783643560135     0.003219095076926
    -0.005919765786220     0.009629277577964    -0.001621655813995
449 13
    -0.149260472235013    -0.041828839224832    -0.008611066448624
     0.129889194674885     0.038486548054468    -0.005192728342039
     0.064693803392025    -0.001141603657898    -0.018548625591496
449 14
     0.089980218652763     0.055926337632293     0.048256467436019
    -0.224543106170711    -0.188657585010108    -0.018851094766710
    -0.066476528357257     0.065231261082573     0.008273174434750
449 15
     0.033093325951375     0.005586444920329    -0.003956538834069
    -0.008444111837581    -0.000492027102593    -0.001082342903579
     0.012621046055488    -0.011259174174607    -0.003896111805869
449 16
     0.005144842790550     0.007398749018794     0.001623127653514
     0.051131090399231     0.018898781036400     0.001772255071842
    -0.009927223053137    -0.000960071098676    -0.005521781727522
449 17
    -0.149260472235013     0.008611066448624     0.041828839224832
    -0.064693803392025    -0.018548625591496    -0.001141603657898
    -0.129889194674885    -0.005192728342039     0.038486548054468
449 18
     0.089980218652763    -0.048256467436019    -0.055926337632293
     0.066476528357257     0.008273174434750     0.065231261082573
     0.224543106170711    -0.018851094766710    -0.188657585010108
449 19
     0.033093325951375     0.003956538834069    -0.005586444920329
    -0.012621046055488    -0.003896111805869    -0.011259174174607
     0.008444111837581    -0.001082342903579    -0.000492027102593
449 20
     0.005144842790550    -0.001623127653514    -0.007398749018794
     0.009927223053137    -0.005521781727522    -0.000960071098676
    -0.051131090399231     0.001772255071842     0.018898781036400
449 21
     0.003392391598446    -0.009250972136142    -0.016779849412967
    -0.015028979190897    -0.004583554776036     0.001232364243739
    -0.011696026751622     0.006535161693399    -0.003440883536332
449 22
     0.004300358062267     0.004827898155010     0.003680658614139
     0.007440761446978     0.009524862383654     0.009695461956155
    -0.013122779137447    -0.027208485748003    -0.022732847834532
449 23
    -0.007756070072573     0.004086630082598    -0.004731620306396
    -0.003806027829721    -0.000737694282938     0.004384738779168
     0.002068987774084    -0.002258933826897    -0.003379087156603
449 24
    -0.009196396405199     0.001766016598250     0.009979880932608
     0.006068851450237     0.000033879827297     0.001162217001885
    -0.001461695999013     0.003660855683363     0.000022097520007
449 25
     0.001696635168480     0.007782509091922    -0.004321547425880
     0.000642673808520     0.011183540985783    -0.001612744115630
    -0.005825659161759    -0.002274906748635     0.012355091025055
449 26
    -0.001907961326120    -0.001901135445363     0.008010990577598
    -0.003877207541801    -0.007233951397410    -0.008704903567989
     0.006092751997225    -0.000501730235075     0.018452237663474
449 27
     0.001720989319115     0.001319458041938    -0.001948202043056
    -0.001528125209298     0.001454209640978     0.005060444992202
    -0.000429271322751     0.001904471994367    -0.000206640185303
449 28
     0.004855842227466     0.003300024420538     0.000463238454446
     0.004483068282772     0.001387903795702    -0.003184072699926
     0.006840594475638    -0.000795376914177    -0.003867308923228
449 29
     0.009753865798217     0.007148876040615    -0.007148876040615
    -0.001919613625739    -0.010012920928746     0.015828760235884
     0.001919613625739     0.015828760235884    -0.010012920928746
449 30
     0.004314600078034     0.024011954131163    -0.024011954131163
     0.003106481803241    -0.019873694843405     0.049790015960890
    -0.003106481803241     0.049790015960890    -0.019873694843405
449 31
    -0.008007871340733     0.002154179853226    -0.002154179853226
     0.001787440355448    -0.002822160569764    -0.000953739626847
    -0.001787440355448    -0.000953739626847    -0.002822160569764
449 32
    -0.006289233548545    -0.001932990188525     0.001932990188525
     0.000553182933307    -0.000827321808622     0.001204092779598
    -0.000553182933307     0.001204092779598    -0.000827321808622
449 33
     0.014139526019100     0.005750121817988    -0.000577719284571
    -0.000370103566669     0.000351440338849     0.005035574606454
     0.020655623073782    -0.001671686018850     0.026658842441552
449 34
     0.012756046282469    -0.008705296438094    -0.013580451932079
    -0.005290887032554    -0.020337243608297     0.000872927954474
     0.014341763971516    -0.006986539076742    -0.014428143201557
449 35
    -0.009319989164655    -0.005620351318481    -0.007386496026548
    -0.000601407264158     0.002159903040735    -0.000772890319981
    -0.001832459093997     0.000747179154251    -0.000024439557110
449 36
    -0.007527256450335     0.008917239420914     0.011530286811433
     0.005919765786220    -0.001621655813995     0.009629277577964
    -0.009105725970778     0.003219095076926     0.001783643560135
449 37
     0.001418384442460    -0.003043396733653    -0.005095991196008
    -0.002238874676487     0.003063223388539     0.004970544165575
    -0.002053908774178     0.004885775323309     0.005074019888033
449 38
    -0.002305887498090     0.011061619347644    -0.001750651011939
     0.004905697823248     0.003191629281256     0.033602249315348
     0.007200729200644     0.007059914685977    -0.016389745531440
449 39
    -0.001939694602197    -0.001390897769498    -0.004042355329948
    -0.000484798862115    -0.004210073855014     0.000368338498083
    -0.001119341018641    -0.000028570387047    -0.000367280405824
449 40
     0.005531077755545    -0.002226910168570    -0.000194050311755
     0.000555931126115     0.001952027307356     0.002510683851132
    -0.004743190046287     0.000475275083446     0.002821731639257
449 41
    -0.004093867812691    -0.004547948787717     0.004547948787717
     0.004266052151210    -0.004727068137508    -0.004330114651251
    -0.004266052151210    -0.004330114651251    -0.004727068137508
449 42
    -0.002943392312747    -0.004568583008860     0.004568583008860
    -0.001796461184467     0.014295269597740    -0.012678000833107
     0.001796461184467    -0.012678000833107     0.014295269597740
449 43
     0.007308520800475    -0.001323969405409     0.001323969405409
    -0.001165561142582     0.005191448192901    -0.001179228087619
     0.001165561142582    -0.001179228087619     0.005191448192901
449 44
     0.012922456189551    -0.002798655739835     0.002798655739835
     0.002611488246602     0.001650363800611    -0.001168964118898
    -0.002611488246602    -0.001168964118898     0.001650363800611
449 45
     0.001696635168480     0.004321547425880    -0.007782509091922
     0.005825659161759     0.012355091025055    -0.002274906748635
    -0.000642673808520    -0.001612744115630     0.011183540985783
449 46
    -0.001907961326120    -0.008010990577598     0.001901135445363
    -0.006092751997225     0.018452237663474    -0.000501730235075
     0.003877207541801    -0.008704903567989    -0.007233951397410
449 47
     0.001720989319115     0.001948202043056    -0.001319458041938
     0.000429271322751    -0.000206640185303     0.001904471994367
     0.001528125209298     0.005060444992202     0.001454209640978
449 48
     0.004855842227466    -0.000463238454446    -0.003300024420538
    -0.006840594475638    -0.003867308923228    -0.000795376914177
    -0.004483068282772    -0.003184072699926     0.001387903795702
449 49
    -0.022148841679327    -0.001701337273165     0.042901120288512
    -0.028853573322022    -0.038761507781503     0.010529895283115
     0.016552100525650     0.008371015223058     0.067157213771902
449 50
     0.055771686308530    -0.011151673906051    -0.049735008452483
     0.004535724264319     0.029738503742947    -0.002061048761296
    -0.194294019329944    -0.026822098949151     0.084063260843933
449 51
    -0.006854981682465    -0.004634554819651     0.019992488704093
     0.004829856811763     0.001323541423794     0.001211760389368
     0.008553705515438     0.003356064399169    -0.010233383688858
449 52
    -0.002327447905760    -0.007311734933370     0.012008988595235
    -0.003206769963598    -0.001043867255229    -0.001047254099266
     0.030046364917864    -0.004258008752644    -0.003891875641262
449 53
    -0.009307963923195    -0.010459903670965     0.010459903670965
    -0.005622294791849    -0.012936785509650     0.011668239257899
     0.005622294791849     0.011668239257899    -0.012936785509650
449 54
    -0.007466735475005     0.007404397238268    -0.007404397238268
    -0.009759402989111    -0.001983050760013     0.006042551928312
     0.009759402989111     0.006042551928312    -0.001983050760013
449 55
    -0.011877326815174     0.000529800519355    -0.000529800519355
     0.000199258213045    -0.000380459584597     0.000874127441943
    -0.000199258213045     0.000874127441943    -0.000380459584597
449 56
    -0.011034709643338     0.002195220544727    -0.002195220544727
    -0.003690057129877     0.001557623680863     0.002004560872787
     0.003690057129877     0.002004560872787     0.001557623680863
449 57
     0.001418384442460     0.005095991196008     0.003043396733653
     0.002053908774178     0.005074019888033     0.004885775323309
     0.002238874676487     0.004970544165575     0.003063223388539
449 58
    -0.002305887498090     0.001750651011939    -0.011061619347644
    -0.007200729200644    -0.016389745531440     0.007059914685977
    -0.004905697823248     0.033602249315348     0.003191629281256
449 59
    -0.001939694602197     0.004042355329948     0.001390897769498
     0.001119341018641    -0.000367280405824    -0.000028570387047
     0.000484798862115     0.000368338498083    -0.004210073855014
449 60
     0.005531077755545     0.000194050311755     0.002226910168570
     0.004743190046287     0.002821731639257     0.000475275083446
    -0.000555931126115     0.002510683851132     0.001952027307356
449 61
     0.003392391598446     0.016779849412967     0.009250972136142
     0.011696026751622    -0.003440883536332     0.006535161693399
     0.015028979190897     0.001232364243739    -0.004583554776036
449 62
     0.004300358062267    -0.003680658614139    -0.004827898155010
     0.013122779137447    -0.022732847834532    -0.027208485748003
    -0.007440761446978     0.009695461956155     0.009524862383654
449 63
    -0.007756070072573     0.004731620306396    -0.004086630082598
    -0.002068987774084    -0.003379087156603    -0.002258933826897
     0.003806027829721     0.004384738779168    -0.000737694282938
449 64
    -0.009196396405199    -0.009979880932608    -0.001766016598250
     0.001461695999013     0.000022097520007     0.003660855683363
    -0.006068851450237     0.001162217001885     0.000033879827297
449 65
    -0.097716681280580     0.776333288385880     0.128132930555051
     0.391914210768494    -3.227295678573934    -0.391914210768494
     0.128132930555051    -0.776333288385880    -0.097716681280580
449 66
     0.067157213771902    -0.016552100525650     0.008371015223058
    -0.042901120288512    -0.022148841679327     0.001701337273165
     0.010529895283115     0.028853573322022    -0.038761507781503
449 67
     0.026658842441552    -0.020655623073782    -0.001671686018850
     0.000577719284571     0.014139526019100    -0.005750121817988
     0.005035574606454     0.000370103566669     0.000351440338849
449 68
     0.038486548054468     0.129889194674885    -0.005192728342039
    -0.041828839224832    -0.149260472235013    -0.008611066448624
    -0.001141603657898     0.064693803392025    -0.018548625591496
449 69
    -0.268589638299972    -0.783838787044600     0.386130447312640
    -1.024672609858512    -5.141374436415796     1.024672609858512
     0.386130447312640     0.783838787044600    -0.268589638299972
449 70
     0.084063260843933     0.194294019329944    -0.026822098949151
     0.049735008452483     0.055771686308530     0.011151673906051
    -0.002061048761296    -0.004535724264319     0.029738503742947
449 71
    -0.014428143201557    -0.014341763971516    -0.006986539076742
     0.013580451932079     0.012756046282469     0.008705296438094
     0.000872927954474     0.005290887032554    -0.020337243608297
449 72
    -0.188657585010108    -0.224543106170711    -0.018851094766710
     0.055926337632293     0.089980218652763     0.048256467436019
     0.065231261082573    -0.066476528357257     0.008273174434750
449 73
     0.061986845812167    -0.018111525335572    -0.002582506959180
     0.086578632565325     0.371412850893318    -0.086578632565325
    -0.002582506959180     0.018111525335572     0.061986845812167
449 74
    -0.010233383688858    -0.008553705515438     0.003356064399169
    -0.019992488704093    -0.006854981682465     0.004634554819651
     0.001211760389368    -0.004829856811763     0.001323541423794
449 75
    -0.000024439557110     0.001832459093997     0.000747179154251
     0.007386496026548    -0.009319989164655     0.005620351318481
    -0.000772890319981     0.000601407264158     0.002159903040735
449 76
    -0.000492027102593    -0.008444111837581    -0.001082342903579
     0.005586444920329     0.033093325951375    -0.003956538834069
    -0.011259174174607     0.012621046055488    -0.003896111805869
449 77
     0.027190185023516    -0.027819964341677    -0.009896495676362
    -0.079911852744174     0.566268739951909     0.079911852744174
    -0.009896495676362     0.027819964341677     0.027190185023516
449 78
    -0.003891875641262    -0.030046364917864    -0.004258008752644
    -0.012008988595235    -0.002327447905760     0.007311734933370
    -0.001047254099266     0.003206769963598    -0.001043867255229
449 79
     0.001783643560135     0.009105725970778     0.003219095076926
    -0.011530286811433    -0.007527256450335    -0.008917239420914
     0.009629277577964    -0.005919765786220    -0.001621655813995
449 80
     0.018898781036400     0.051131090399231     0.001772255071842
     0.007398749018794     0.005144842790550     0.001623127653514
    -0.000960071098676    -0.009927223053137    -0.005521781727522
449 81
    -0.018548625591496    -0.064693803392025    -0.001141603657898
     0.008611066448624    -0.149260472235013     0.041828839224832
    -0.005192728342039    -0.129889194674885     0.038486548054468
449 82
    -0.004583554776036    -0.015028979190897     0.001232364243739
    -0.009250972136142     0.003392391598446    -0.016779849412967
     0.006535161693399    -0.011696026751622    -0.003440883536332
449 83
     0.011183540985783     0.000642673808520    -0.001612744115630
     0.007782509091922     0.001696635168480    -0.004321547425880
    -0.002274906748635    -0.005825659161759     0.012355091025055
449 84
    -0.010012920928746    -0.001919613625739     0.015828760235884
     0.007148876040615     0.009753865798217    -0.007148876040615
     0.015828760235884     0.001919613625739    -0.010012920928746
449 85
     0.008273174434750     0.066476528357257     0.065231261082573
    -0.048256467436019     0.089980218652763    -0.055926337632293
    -0.018851094766710     0.224543106170711    -0.188657585010108
449 86
     0.009524862383654     0.007440761446978     0.009695461956155
     0.004827898155010     0.004300358062267     0.003680658614139
    -0.027208485748003    -0.013122779137447    -0.022732847834532
449 87
    -0.007233951397410    -0.003877207541801    -0.008704903567989
    -0.001901135445363    -0.001907961326120     0.008010990577598
    -0.000501730235075     0.006092751997225     0.018452237663474
449 88
    -0.019873694843405     0.003106481803241     0.049790015960890
     0.024011954131163     0.004314600078034    -0.024011954131163
     0.049790015960890    -0.003106481803241    -0.019873694843405
449 89
    -0.003896111805869    -0.012621046055488    -0.011259174174607
     0.003956538834069     0.033093325951375    -0.005586444920329
    -0.001082342903579     0.008444111837581    -0.000492027102593
449 90
    -0.000737694282938    -0.003806027829721     0.004384738779168
     0.004086630082598    -0.007756070072573    -0.004731620306396
    -0.002258933826897     0.002068987774084    -0.003379087156603
449 91
     0.001454209640978    -0.001528125209298     0.005060444992202
     0.001319458041938     0.001720989319115    -0.001948202043056
     0.001904471994367    -0.000429271322751    -0.000206640185303
449 92
    -0.002822160569764     0.001787440355448    -0.000953739626847
     0.002154179853226    -0.008007871340733    -0.002154179853226
    -0.000953739626847    -0.001787440355448    -0.002822160569764
449 93
    -0.005521781727522     0.009927223053137    -0.000960071098676
    -0.001623127653514     0.005144842790550    -0.007398749018794
     0.001772255071842    -0.051131090399231     0.018898781036400
449 94
     0.000033879827297     0.006068851450237     0.001162217001885
     0.001766016598250    -0.009196396405199     0.009979880932608
     0.003660855683363    -0.001461695999013     0.000022097520007
449 95
     0.001387903795702     0.004483068282772    -0.003184072699926
     0.003300024420538     0.004855842227466     0.000463238454446
    -0.000795376914177     0.006840594475638    -0.003867308923228
449 96
    -0.000827321808622     0.000553182933307     0.001204092779598
    -0.001932990188525    -0.006289233548545     0.001932990188525
     0.001204092779598    -0.000553182933307    -0.000827321808622
449 97
     0.000351440338849    -0.000370103566669     0.005035574606454
     0.005750121817988     0.014139526019100    -0.000577719284571
    -0.001671686018850     0.020655623073782     0.026658842441552
449 98
     0.003063223388539    -0.002238874676487     0.004970544165575
    -0.003043396733653     0.001418384442460    -0.005095991196008
     0.004885775323309    -0.002053908774178     0.005074019888033
449 99
    -0.004727068137508     0.004266052151210    -0.004330114651251
    -0.004547948787717    -0.004093867812691     0.004547948787717
    -0.004330114651251    -0.004266052151210    -0.004727068137508
449 100
     0.012355091025055     0.005825659161759    -0.002274906748635
     0.004321547425880     0.001696635168480    -0.007782509091922
    -0.001612744115630    -0.000642673808520     0.011183540985783
449 101
    -0.020337243608297    -0.005290887032554     0.000872927954474
    -0.008705296438094     0.012756046282469    -0.013580451932079
    -0.006986539076742     0.014341763971516    -0.014428143201557
449 102
     0.003191629281256     0.004905697823248     0.033602249315348
     0.011061619347644    -0.002305887498090    -0.001750651011939
     0.007059914685977     0.007200729200644    -0.016389745531440
449 103
     0.014295269597740    -0.001796461184467    -0.012678000833107
    -0.004568583008860    -0.002943392312747     0.004568583008860
    -0.012678000833107     0.001796461184467     0.014295269597740
449 104
     0.018452237663474    -0.006092751997225    -0.000501730235075
    -0.008010990577598    -0.001907961326120     0.001901135445363
    -0.008704903567989     0.003877207541801    -0.007233951397410
449 105
     0.002159903040735    -0.000601407264158    -0.000772890319981
    -0.005620351318481    -0.009319989164655    -0.007386496026548
     0.000747179154251    -0.001832459093997    -0.000024439557110
449 106
    -0.004210073855014    -0.000484798862115     0.000368338498083
    -0.001390897769498    -0.001939694602197    -0.004042355329948
    -0.000028570387047    -0.001119341018641    -0.000367280405824
449 107
     0.005191448192901    -0.001165561142582    -0.001179228087619
    -0.001323969405409     0.007308520800475     0.001323969405409
    -0.001179228087619     0.001165561142582     0.005191448192901
449 108
    -0.000206640185303     0.000429271322751     0.001904471994367
     0.001948202043056     0.001720989319115    -0.001319458041938
     0.005060444992202     0.001528125209298     0.001454209640978
449 109
    -0.001621655813995     0.005919765786220     0.009629277577964
     0.008917239420914    -0.007527256450335     0.011530286811433
     0.003219095076926    -0.009105725970778     0.001783643560135
449 110
     0.001952027307356     0.000555931126115     0.002510683851132
    -0.002226910168570     0.005531077755545    -0.000194050311755
     0.000475275083446    -0.004743190046287     0.002821731639257
449 111
     0.001650363800611     0.002611488246602    -0.001168964118898
    -0.002798655739835     0.012922456189551     0.002798655739835
    -0.001168964118898    -0.002611488246602     0.001650363800611
449 112
    -0.003867308923228    -0.006840594475638    -0.000795376914177
    -0.000463238454446     0.004855842227466    -0.003300024420538
    -0.003184072699926    -0.004483068282772     0.001387903795702
449 113
    -0.038761507781503    -0.028853573322022     0.010529895283115
    -0.001701337273165    -0.022148841679327     0.042901120288512
     0.008371015223058     0.016552100525650     0.067157213771902
449 114
    -0.012936785509650    -0.005622294791849     0.011668239257899
    -0.010459903670965    -0.009307963923195     0.010459903670965
     0.011668239257899     0.005622294791849    -0.012936785509650
449 115
     0.005074019888033     0.002053908774178     0.004885775323309
     0.005095991196008     0.001418384442460     0.003043396733653
     0.004970544165575     0.002238874676487     0.003063223388539
449 116
    -0.003440883536332     0.011696026751622     0.006535161693399
     0.016779849412967     0.003392391598446     0.009250972136142
     0.001232364243739     0.015028979190897    -0.004583554776036
449 117
     0.029738503742947     0.004535724264319    -0.002061048761296
    -0.011151673906051     0.055771686308530    -0.049735008452483
    -0.026822098949151    -0.194294019329944     0.084063260843933
449 118
    -0.001983050760013    -0.009759402989111     0.006042551928312
     0.007404397238268    -0.007466735475005    -0.007404397238268
     0.006042551928312     0.009759402989111    -0.001983050760013
449 119
    -0.016389745531440    -0.007200729200644     0.007059914685977
     0.001750651011939    -0.002305887498090    -0.011061619347644
     0.033602249315348    -0.004905697823248     0.003191629281256
449 120
    -0.022732847834532     0.013122779137447    -0.027208485748003
    -0.003680658614139     0.004300358062267    -0.004827898155010
     0.009695461956155    -0.007440761446978     0.009524862383654
449 121
     0.001323541423794     0.004829856811763     0.001211760389368
    -0.004634554819651    -0.006854981682465     0.019992488704093
     0.003356064399169     0.008553705515438    -0.010233383688858
449 122
    -0.000380459584597     0.000199258213045     0.000874127441943
     0.000529800519355    -0.011877326815174    -0.000529800519355
     0.000874127441943    -0.000199258213045    -0.000380459584597
449 123
    -0.000367280405824     0.001119341018641    -0.000028570387047
     0.004042355329948    -0.001939694602197     0.001390897769498
     0.000368338498083     0.000484798862115    -0.004210073855014
449 124
    -0.003379087156603    -0.002068987774084    -0.002258933826897
     0.004731620306396    -0.007756070072573    -0.004086630082598
     0.004384738779168     0.003806027829721    -0.000737694282938
449 125
    -0.001043867255229    -0.003206769963598    -0.001047254099266
    -0.007311734933370    -0.002327447905760     0.012008988595235
    -0.004258008752644     0.030046364917864    -0.003891875641262
449 126
     0.001557623680863    -0.003690057129877     0.002004560872787
     0.002195220544727    -0.011034709643338    -0.002195220544727
     0.002004560872787     0.003690057129877     0.001557623680863
449 127
     0.002821731639257     0.004743190046287     0.000475275083446
     0.000194050311755     0.005531077755545     0.002226910168570
     0.002510683851132    -0.000555931126115     0.001952027307356
449 128
     0.000022097520007     0.001461695999013     0.003660855683363
    -0.009979880932608    -0.009196396405199    -0.001766016598250
     0.001162217001885    -0.006068851450237     0.000033879827297
449 129
    -0.097716681280580    -0.128132930555051    -0.776333288385880
    -0.128132930555051    -0.097716681280581    -0.776333288385880
    -0.391914210768494    -0.391914210768494    -3.227295678573934
449 130
     0.067157213771902    -0.008371015223058     0.016552100525650
    -0.010529895283115    -0.038761507781503     0.028853573322022
     0.042901120288512     0.001701337273165    -0.022148841679327
449 131
     0.026658842441552     0.001671686018850     0.020655623073782
    -0.005035574606454     0.000351440338849     0.000370103566669
    -0.000577719284571    -0.005750121817988     0.014139526019100
449 132
     0.038486548054468     0.005192728342039    -0.129889194674885
     0.001141603657898    -0.018548625591496     0.064693803392025
     0.041828839224832    -0.008611066448624    -0.149260472235013
449 133
    -0.038761507781503    -0.010529895283115     0.028853573322022
    -0.008371015223058     0.067157213771902     0.016552100525650
     0.001701337273165     0.042901120288512    -0.022148841679327
449 134
    -0.012936785509650    -0.011668239257899     0.005622294791849
    -0.011668239257899    -0.012936785509650     0.005622294791849
     0.010459903670965     0.010459903670965    -0.009307963923195
449 135
     0.005074019888033    -0.004885775323309    -0.002053908774178
    -0.004970544165575     0.003063223388539     0.002238874676487
    -0.005095991196008     0.003043396733653     0.001418384442460
449 136
    -0.003440883536332    -0.006535161693399    -0.011696026751622
    -0.001232364243739    -0.004583554776036     0.015028979190897
    -0.016779849412967     0.009250972136142     0.003392391598446
449 137
     0.000351440338849    -0.005035574606454     0.000370103566669
     0.001671686018850     0.026658842441552     0.020655623073782
    -0.005750121817988    -0.000577719284571     0.014139526019100
449 138
     0.003063223388539    -0.004970544165575     0.002238874676487
    -0.004885775323309     0.005074019888033    -0.002053908774178
     0.003043396733653    -0.005095991196008     0.001418384442460
449 139
    -0.004727068137508     0.004330114651251    -0.004266052151210
     0.004330114651251    -0.004727068137508    -0.004266052151210
     0.004547948787717     0.004547948787717    -0.004093867812691
449 140
     0.012355091025055     0.002274906748635    -0.005825659161759
     0.001612744115630     0.011183540985783    -0.000642673808520
    -0.004321547425880    -0.007782509091922     0.001696635168480
449 141
    -0.018548625591496     0.001141603657898     0.064693803392025
     0.005192728342039     0.038486548054468    -0.129889194674885
    -0.008611066448624     0.041828839224832    -0.149260472235013
449 142
    -0.004583554776036    -0.001232364243739     0.015028979190897
    -0.006535161693399    -0.003440883536332    -0.011696026751622
     0.009250972136142    -0.016779849412967     0.003392391598446
449 143
     0.011183540985783     0.001612744115630    -0.000642673808520
     0.002274906748635     0.012355091025055    -0.005825659161759
    -0.007782509091922    -0.004321547425880     0.001696635168480
449 144
    -0.010012920928746    -0.015828760235884     0.001919613625739
    -0.015828760235884    -0.010012920928746     0.001919613625739
    -0.007148876040615    -0.007148876040615     0.009753865798217
449 145
     0.027190185023516     0.009896495676362     0.027819964341677
     0.009896495676362     0.027190185023516     0.027819964341677
     0.079911852744174     0.079911852744174     0.566268739951908
449 146
    -0.003891875641262     0.004258008752644     0.030046364917864
     0.001047254099266    -0.001043867255229     0.003206769963598
     0.012008988595235     0.007311734933370    -0.002327447905760
449 147
     0.001783643560135    -0.003219095076926    -0.009105725970778
    -0.009629277577964    -0.001621655813995    -0.005919765786220
     0.011530286811433    -0.008917239420914    -0.007527256450335
449 148
     0.018898781036400    -0.001772255071842    -0.051131090399231
     0.000960071098676    -0.005521781727522    -0.009927223053137
    -0.007398749018794     0.001623127653514     0.005144842790550
449 149
    -0.001043867255229     0.001047254099266     0.003206769963598
     0.004258008752644    -0.003891875641262     0.030046364917864
     0.007311734933370     0.012008988595235    -0.002327447905760
449 150
     0.001557623680863    -0.002004560872787     0.003690057129877
    -0.002004560872787     0.001557623680863     0.003690057129877
    -0.002195220544727    -0.002195220544727    -0.011034709643338
449 151
     0.002821731639257    -0.000475275083446    -0.004743190046287
    -0.002510683851132     0.001952027307356    -0.000555931126115
    -0.000194050311755     0.002226910168570     0.005531077755545
449 152
     0.000022097520007    -0.003660855683363    -0.001461695999013
    -0.001162217001885     0.000033879827297    -0.006068851450237
     0.009979880932608    -0.001766016598250    -0.009196396405199
449 153
    -0.001621655813995    -0.009629277577964    -0.005919765786220
    -0.003219095076926     0.001783643560135    -0.009105725970778
    -0.008917239420914     0.011530286811433    -0.007527256450335
449 154
     0.001952027307356    -0.002510683851132    -0.000555931126115
    -0.000475275083446     0.002821731639257    -0.004743190046287
     0.002226910168570    -0.000194050311755     0.005531077755545
449 155
     0.001650363800611     0.001168964118898    -0.002611488246602
     0.001168964118898     0.001650363800611    -0.002611488246602
     0.002798655739835     0.002798655739835     0.012922456189551
449 156
    -0.003867308923228     0.000795376914177     0.006840594475638
     0.003184072699926     0.001387903795702    -0.004483068282772
     0.000463238454446    -0.003300024420538     0.004855842227466
449 157
    -0.005521781727522     0.000960071098676    -0.009927223053137
    -0.001772255071842     0.018898781036400    -0.051131090399231
     0.001623127653514    -0.007398749018794     0.005144842790550
449 158
     0.000033879827297    -0.001162217001885    -0.006068851450237
    -0.003660855683363     0.000022097520007    -0.001461695999013
    -0.001766016598250     0.009979880932608    -0.009196396405199
449 159
     0.001387903795702     0.003184072699926    -0.004483068282772
     0.000795376914177    -0.003867308923228     0.006840594475638
    -0.003300024420538     0.000463238454446     0.004855842227466
449 160
    -0.000827321808622    -0.001204092779598    -0.000553182933307
    -0.001204092779598    -0.000827321808622    -0.000553182933307
     0.001932990188525     0.001932990188525    -0.006289233548545
449 161
     0.061986845812167     0.002582506959180     0.018111525335572
     0.002582506959180     0.061986845812167     0.018111525335572
    -0.086578632565325    -0.086578632565325     0.371412850893318
449 162
    -0.010233383688858    -0.003356064399169     0.008553705515438
    -0.001211760389368     0.001323541423794    -0.004829856811763
     0.019992488704093     0.004634554819651    -0.006854981682465
449 163
    -0.000024439557110    -0.000747179154251    -0.001832459093997
     0.000772890319981     0.002159903040735     0.000601407264158
    -0.007386496026548     0.005620351318481    -0.009319989164655
449 164
    -0.000492027102593     0.001082342903579     0.008444111837581
     0.011259174174607    -0.003896111805869     0.012621046055488
    -0.005586444920329    -0.003956538834069     0.033093325951375
449 165
     0.001323541423794    -0.001211760389368    -0.004829856811763
    -0.003356064399169    -0.010233383688858     0.008553705515438
     0.004634554819651     0.019992488704093    -0.006854981682465
449 166
    -0.000380459584597    -0.000874127441943    -0.000199258213045
    -0.000874127441943    -0.000380459584597    -0.000199258213045
    -0.000529800519355    -0.000529800519355    -0.011877326815174
449 167
    -0.000367280405824     0.000028570387047    -0.001119341018641
    -0.000368338498083    -0.004210073855014     0.000484798862115
    -0.004042355329948     0.001390897769498    -0.001939694602197
449 168
    -0.003379087156603     0.002258933826897     0.002068987774084
    -0.004384738779168    -0.000737694282938     0.003806027829721
    -0.004731620306396    -0.004086630082598    -0.007756070072573
449 169
     0.002159903040735     0.000772890319981     0.000601407264158
    -0.000747179154251    -0.000024439557110    -0.001832459093997
     0.005620351318481    -0.007386496026548    -0.009319989164655
449 170
    -0.004210073855014    -0.000368338498083     0.000484798862115
     0.000028570387047    -0.000367280405824    -0.001119341018641
     0.001390897769498    -0.004042355329948    -0.001939694602197
449 171
     0.005191448192901     0.001179228087619     0.001165561142582
     0.001179228087619     0.005191448192901     0.001165561142582
     0.001323969405409     0.001323969405409     0.007308520800475
449 172
    -0.000206640185303    -0.001904471994367    -0.000429271322751
    -0.005060444992202     0.001454209640978     0.001528125209298
    -0.001948202043056    -0.001319458041938     0.001720989319115
449 173
    -0.003896111805869     0.011259174174607     0.012621046055488
     0.001082342903579    -0.000492027102593     0.008444111837581
    -0.003956538834069    -0.005586444920329     0.033093325951375
449 174
    -0.000737694282938    -0.004384738779168     0.003806027829721
     0.002258933826897    -0.003379087156603     0.002068987774084
    -0.004086630082598    -0.004731620306396    -0.007756070072573
449 175
     0.001454209640978    -0.005060444992202     0.001528125209298
    -0.001904471994367    -0.000206640185303    -0.000429271322751
    -0.001319458041938    -0.001948202043056     0.001720989319115
449 176
    -0.002822160569764     0.000953739626847    -0.001787440355448
     0.000953739626847    -0.002822160569764    -0.001787440355448
    -0.002154179853226    -0.002154179853226    -0.008007871340733
449 177
    -0.268589638299972    -0.386130447312640     0.783838787044600
    -0.386130447312640    -0.268589638299972     0.783838787044601
     1.024672609858512     1.024672609858512    -5.141374436415795
449 178
     0.084063260843933     0.026822098949151    -0.194294019329944
     0.002061048761296     0.029738503742947    -0.004535724264319
    -0.049735008452484     0.011151673906051     0.055771686308530
449 179
    -0.014428143201557     0.006986539076742     0.014341763971516
    -0.000872927954474    -0.020337243608297     0.005290887032554
    -0.013580451932079     0.008705296438094     0.012756046282469
449 180
    -0.188657585010108     0.018851094766710     0.224543106170711
    -0.065231261082573     0.008273174434750    -0.066476528357257
    -0.055926337632293     0.048256467436019     0.089980218652763
449 181
     0.029738503742947     0.002061048761296    -0.004535724264319
     0.026822098949151     0.084063260843933    -0.194294019329944
     0.011151673906051    -0.049735008452484     0.055771686308530
449 182
    -0.001983050760013    -0.006042551928312     0.009759402989111
    -0.006042551928312    -0.001983050760013     0.009759402989111
    -0.007404397238268    -0.007404397238268    -0.007466735475005
449 183
    -0.016389745531440    -0.007059914685977     0.007200729200644
    -0.033602249315348     0.003191629281256    -0.004905697823248
    -0.001750651011939    -0.011061619347644    -0.002305887498090
449 184
    -0.022732847834532     0.027208485748003    -0.013122779137447
    -0.009695461956155     0.009524862383654    -0.007440761446978
     0.003680658614139    -0.004827898155010     0.004300358062267
449 185
    -0.020337243608297    -0.000872927954474     0.005290887032554
     0.006986539076742    -0.014428143201557     0.014341763971516
     0.008705296438094    -0.013580451932079     0.012756046282469
449 186
     0.003191629281256    -0.033602249315348    -0.004905697823248
    -0.007059914685977    -0.016389745531440     0.007200729200644
    -0.011061619347644    -0.001750651011939    -0.002305887498090
449 187
     0.014295269597740     0.012678000833107     0.001796461184467
     0.012678000833107     0.014295269597740     0.001796461184467
     0.004568583008860     0.004568583008860    -0.002943392312747
449 188
     0.018452237663474     0.000501730235075     0.006092751997225
     0.008704903567989    -0.007233951397410     0.003877207541801
     0.008010990577598     0.001901135445363    -0.001907961326120
449 189
     0.008273174434750    -0.065231261082573    -0.066476528357257
     0.018851094766710    -0.188657585010108     0.224543106170711
     0.048256467436019    -0.055926337632293     0.089980218652763
449 190
     0.009524862383654    -0.009695461956155    -0.007440761446978
     0.027208485748003    -0.022732847834532    -0.013122779137447
    -0.004827898155010     0.003680658614139     0.004300358062267
449 191
    -0.007233951397410     0.008704903567989     0.003877207541801
     0.000501730235075     0.018452237663474     0.006092751997225
     0.001901135445363     0.008010990577598    -0.001907961326120
449 192
    -0.019873694843405    -0.049790015960890    -0.003106481803241
    -0.049790015960890    -0.019873694843405    -0.003106481803241
    -0.024011954131163    -0.024011954131163     0.004314600078034
449 193
     0.075116276221503     0.112790170566675    -0.112790170566675
     0.112790170566675     0.075116276221503    -0.112790170566675
    -0.112790170566675    -0.112790170566675     0.075116276221503
449 194
     0.034545616791917    -0.011546559605039     0.011546559605039
    -0.066029831252551     0.055395624211942    -0.035184424530791
     0.066029831252551    -0.035184424530791     0.055395624211942
449 195
    -0.005997196308324     0.000043389371473    -0.000043389371473
    -0.001333774076713     0.003016542069257     0.003546388138701
     0.001333774076713     0.003546388138701     0.003016542069257
449 196
    -0.020046276796767     0.026507438464264    -0.026507438464264
    -0.005601747875174    -0.007861488319368     0.004884105150884
     0.005601747875174     0.004884105150884    -0.007861488319368
449 197
     0.055395624211942    -0.066029831252551    -0.035184424530791
    -0.011546559605039     0.034545616791917     0.011546559605039
    -0.035184424530791     0.066029831252551     0.055395624211942
449 198
    -0.004890631159774    -0.015867280485360    -0.086074927541150
    -0.015867280485360    -0.004890631159774    -0.086074927541150
     0.014398333470723     0.014398333470723     0.042095783073395
449 199
    -0.006184179703006     0.001996139787502     0.004262163306552
     0.007736826080250    -0.024937209726400    -0.001528612975563
    -0.012816351843447    -0.009682121453909    -0.021809189341606
449 200
    -0.012403157828142    -0.017350363232069    -0.014791330736116
     0.000563875832674     0.003759738431651    -0.005063760664051
    -0.001984752248240    -0.001185650659763    -0.013395088414789
449 201
     0.003016542069257    -0.001333774076713     0.003546388138701
     0.000043389371473    -0.005997196308324    -0.000043389371473
     0.003546388138701     0.001333774076713     0.003016542069257
449 202
    -0.024937209726400     0.007736826080250    -0.001528612975563
     0.001996139787502    -0.006184179703006     0.004262163306552
    -0.009682121453909    -0.012816351843447    -0.021809189341606
449 203
     0.012910522048403     0.010016414056484     0.005041465760099
     0.010016414056484     0.012910522048403     0.005041465760099
     0.000200364702276     0.000200364702276    -0.006405325715472
449 204
     0.007282147259551    -0.000842394165866     0.000907287956274
     0.000427969347428     0.006327142666885     0.004367475269647
     0.000020396031780    -0.003289627597192    -0.002427384950323
449 205
    -0.007861488319368    -0.005601747875174     0.004884105150884
     0.026507438464264    -0.020046276796767    -0.026507438464264
     0.004884105150884     0.005601747875174    -0.007861488319368
449 206
     0.003759738431651     0.000563875832674    -0.005063760664051
    -0.017350363232069    -0.012403157828142    -0.014791330736116
    -0.001185650659763    -0.001984752248240    -0.013395088414789
449 207
     0.006327142666885     0.000427969347428     0.004367475269647
    -0.000842394165866     0.007282147259551     0.000907287956274
    -0.003289627597192     0.000020396031780    -0.002427384950323
449 208
    -0.001094420337858    -0.002981232156822    -0.001851776156432
    -0.002981232156822    -0.001094420337858    -0.001851776156432
    -0.009943032753479    -0.009943032753479    -0.004070758699683
449 209
    -0.007861488319368    -0.004884105150884     0.005601747875174
    -0.004884105150884    -0.007861488319368     0.005601747875174
    -0.026507438464264    -0.026507438464264    -0.020046276796767
449 210
     0.003759738431651     0.005063760664051    -0.000563875832674
     0.001185650659763    -0.013395088414789    -0.001984752248240
     0.017350363232069    -0.014791330736116    -0.012403157828142
449 211
     0.006327142666885    -0.004367475269647    -0.000427969347428
     0.003289627597192    -0.002427384950323     0.000020396031780
     0.000842394165866     0.000907287956274     0.007282147259551
449 212
    -0.001094420337858     0.001851776156432     0.002981232156822
     0.009943032753479    -0.004070758699683    -0.009943032753479
     0.002981232156822    -0.001851776156432    -0.001094420337858
449 213
    -0.013395088414789     0.001185650659763    -0.001984752248240
     0.005063760664051     0.003759738431651    -0.000563875832674
    -0.014791330736116     0.017350363232069    -0.012403157828142
449 214
     0.004429128356242     0.000744102620727    -0.025382577335966
     0.000744102620727     0.004429128356242    -0.025382577335966
     0.023186522653989     0.023186522653989    -0.024192525392211
449 215
     0.020452686685625     0.004660884708347    -0.013608727192067
    -0.007806284375978    -0.002795627603283     0.001562739532808
    -0.009526036249092     0.001531977993415     0.033343684797896
449 216
    -0.007435199582941    -0.005420959301851     0.022418486272618
     0.005620155832391     0.002718659225551    -0.005620155832391
     0.022418486272618     0.005420959301851    -0.007435199582941
449 217
    -0.002427384950323     0.003289627597192     0.000020396031780
    -0.004367475269647     0.006327142666885    -0.000427969347428
     0.000907287956274     0.000842394165866     0.007282147259551
449 218
    -0.002795627603283    -0.007806284375978     0.001562739532808
     0.004660884708347     0.020452686685625    -0.013608727192067
     0.001531977993415    -0.009526036249092     0.033343684797896
449 219
     0.000574188198506    -0.001063600911877    -0.000589338370463
    -0.001063600911877     0.000574188198506    -0.000589338370463
    -0.004835858044954    -0.004835858044954    -0.001286960851701
449 220
    -0.004621794132877     0.002393944492387     0.003963566843717
     0.000801662835849     0.000058211202855    -0.000801662835849
     0.003963566843717    -0.002393944492387    -0.004621794132877
449 221
    -0.004070758699683     0.009943032753479    -0.009943032753479
     0.001851776156432    -0.001094420337858     0.002981232156822
    -0.001851776156432     0.002981232156822    -0.001094420337858
449 222
     0.002718659225551     0.005620155832391    -0.005620155832391
    -0.005420959301851    -0.007435199582941     0.022418486272618
     0.005420959301851     0.022418486272618    -0.007435199582941
449 223
     0.000058211202855     0.000801662835849    -0.000801662835849
     0.002393944492387    -0.004621794132877     0.003963566843717
    -0.002393944492387     0.003963566843717    -0.004621794132877
449 224
    -0.000346532309288    -0.000867644136257     0.000867644136257
    -0.000867644136257    -0.000346532309288     0.000867644136257
     0.000867644136257     0.000867644136257    -0.000346532309288
449 225
     0.003016542069257    -0.003546388138701     0.001333774076713
    -0.003546388138701     0.003016542069257     0.001333774076713
    -0.000043389371473    -0.000043389371473    -0.005997196308324
449 226
    -0.024937209726400     0.001528612975563    -0.007736826080250
     0.009682121453909    -0.021809189341606    -0.012816351843447
    -0.001996139787502     0.004262163306552    -0.006184179703006
449 227
     0.012910522048403    -0.005041465760099    -0.010016414056484
    -0.000200364702276    -0.006405325715472     0.000200364702276
    -0.010016414056484     0.005041465760099     0.012910522048403
449 228
     0.007282147259551    -0.000907287956274     0.000842394165866
    -0.000020396031780    -0.002427384950323    -0.003289627597192
    -0.000427969347428     0.004367475269647     0.006327142666885
449 229
    -0.021809189341606     0.009682121453909    -0.012816351843447
     0.001528612975563    -0.024937209726400    -0.007736826080250
     0.004262163306552    -0.001996139787502    -0.006184179703006
449 230
    -0.024980467192210     0.000107858027081    -0.000546673056695
     0.000107858027081    -0.024980467192210    -0.000546673056695
     0.014349017834025     0.014349017834025    -0.002481483353511
449 231
     0.004851074644363     0.009368280871849    -0.018180065036466
    -0.002722613548490    -0.005408005026909     0.002722613548490
    -0.018180065036466    -0.009368280871849     0.004851074644363
449 232
     0.033343684797896    -0.001531977993415    -0.009526036249092
    -0.001562739532808    -0.002795627603283     0.007806284375978
    -0.013608727192067    -0.004660884708347     0.020452686685625
449 233
    -0.006405325715472    -0.000200364702276     0.000200364702276
    -0.005041465760099     0.012910522048403    -0.010016414056484
     0.005041465760099    -0.010016414056484     0.012910522048403
449 234
    -0.005408005026909    -0.002722613548490     0.002722613548490
     0.009368280871849     0.004851074644363    -0.018180065036466
    -0.009368280871849    -0.018180065036466     0.004851074644363
449 235
    -0.003685009603033    -0.001495993369347     0.001495993369347
    -0.001495993369347    -0.003685009603033     0.001495993369347
     0.001495993369347     0.001495993369347    -0.003685009603033
449 236
    -0.001286960851701     0.004835858044954    -0.004835858044954
     0.000589338370463     0.000574188198506     0.001063600911877
    -0.000589338370463     0.001063600911877     0.000574188198506
449 237
    -0.002427384950323    -0.000020396031780    -0.003289627597192
    -0.000907287956274     0.007282147259551     0.000842394165866
     0.004367475269647    -0.000427969347428     0.006327142666885
449 238
    -0.002795627603283    -0.001562739532808     0.007806284375978
    -0.001531977993415     0.033343684797896    -0.009526036249092
    -0.004660884708347    -0.013608727192067     0.020452686685625
449 239
     0.000574188198506     0.000589338370463     0.001063600911877
     0.004835858044954    -0.001286960851701    -0.004835858044954
     0.001063600911877    -0.000589338370463     0.000574188198506
449 240
    -0.004621794132877    -0.003963566843717    -0.002393944492387
    -0.003963566843717    -0.004621794132877    -0.002393944492387
    -0.000801662835849    -0.000801662835849     0.000058211202855
449 241
     0.055395624211942     0.035184424530791     0.066029831252551
     0.035184424530791     0.055395624211942     0.066029831252551
     0.011546559605039     0.011546559605039     0.034545616791917
449 242
    -0.004890631159774     0.086074927541150     0.015867280485360
    -0.014398333470723     0.042095783073395     0.014398333470723
     0.015867280485360    -0.086074927541150    -0.004890631159774
449 243
    -0.006184179703006    -0.004262163306552    -0.001996139787502
     0.012816351843447    -0.021809189341606    -0.009682121453909
    -0.007736826080250    -0.001528612975563    -0.024937209726400
449 244
    -0.012403157828142     0.014791330736116     0.017350363232069
     0.001984752248240    -0.013395088414789    -0.001185650659763
    -0.000563875832674    -0.005063760664051     0.003759738431651
449 245
     0.042095783073395    -0.014398333470723     0.014398333470723
     0.086074927541150    -0.004890631159774     0.015867280485360
    -0.086074927541150     0.015867280485360    -0.004890631159774
449 246
     0.142596571563510     0.136078568993786    -0.136078568993786
     0.136078568993786     0.142596571563510    -0.136078568993786
    -0.136078568993786    -0.136078568993786     0.142596571563510
449 247
    -0.002481483353511    -0.014349017834025     0.014349017834025
     0.000546673056695    -0.024980467192210    -0.000107858027081
    -0.000546673056695    -0.000107858027081    -0.024980467192210
449 248
    -0.024192525392211    -0.023186522653989     0.023186522653989
     0.025382577335966     0.004429128356242    -0.000744102620727
    -0.025382577335966    -0.000744102620727     0.004429128356242
449 249
    -0.021809189341606     0.012816351843447    -0.009682121453909
    -0.004262163306552    -0.006184179703006    -0.001996139787502
    -0.001528612975563    -0.007736826080250    -0.024937209726400
449 250
    -0.024980467192210     0.000546673056695    -0.000107858027081
    -0.014349017834025    -0.002481483353511     0.014349017834025
    -0.000107858027081    -0.000546673056695    -0.024980467192210
449 251
     0.004851074644363     0.018180065036466    -0.009368280871849
     0.018180065036466     0.004851074644363    -0.009368280871849
     0.002722613548490     0.002722613548490    -0.005408005026909
449 252
     0.033343684797896     0.009526036249092     0.001531977993415
     0.013608727192067     0.020452686685625    -0.004660884708347
     0.001562739532808     0.007806284375978    -0.002795627603283
449 253
    -0.013395088414789     0.001984752248240    -0.001185650659763
     0.014791330736116    -0.012403157828142     0.017350363232069
    -0.005063760664051    -0.000563875832674     0.003759738431651
449 254
     0.004429128356242     0.025382577335966    -0.000744102620727
    -0.023186522653989    -0.024192525392211     0.023186522653989
    -0.000744102620727    -0.025382577335966     0.004429128356242
449 255
     0.020452686685625     0.013608727192067    -0.004660884708347
     0.009526036249092     0.033343684797896     0.001531977993415
     0.007806284375978     0.001562739532808    -0.002795627603283
449 256
    -0.007435199582941    -0.022418486272618     0.005420959301851
    -0.022418486272618    -0.007435199582941     0.005420959301851
    -0.005620155832391    -0.005620155832391     0.002718659225551
449 257
    -0.025684285443830    -0.081021886347391     0.081021886347391
     0.081021886347391    -0.461605316196401     0.393863642665790
    -0.081021886347391     0.393863642665790    -0.461605316196401
449 258
     0.003563789247729     0.000559948080590    -0.000559948080590
     0.016688863923225    -0.007419887138475    -0.001308855293923
    -0.016688863923225    -0.001308855293923    -0.007419887138475
449 259
    -0.033285088316558     0.004484291494281    -0.004484291494281
    -0.004484291494281     0.000477553540334    -0.001279566542941
     0.004484291494281    -0.001279566542941     0.000477553540334
449 260
     0.003563789247729    -0.016688863923225     0.016688863923225
    -0.000559948080590    -0.007419887138475    -0.001308855293923
     0.000559948080590    -0.001308855293923    -0.007419887138475
449 261
    -0.046625135060392     0.012343470041169     0.037283547529609
    -0.012343470041169    -0.224829496140344    -0.070937037924751
    -0.037283547529609    -0.070937037924751     0.013784576420308
449 262
    -0.011539747009601    -0.002239792322360     0.007956367398643
    -0.005276590925972    -0.013187751691595     0.003025075131942
    -0.015516478797741    -0.014789196521466    -0.004187769461442
449 263
    -0.030266555325922    -0.006683589727025     0.004984022267253
     0.006683589727025     0.002223430326439    -0.000264147258644
    -0.004984022267253    -0.000264147258644    -0.000643375091072
449 264
    -0.011539747009601     0.005276590925972     0.015516478797741
     0.002239792322360    -0.013187751691595    -0.014789196521466
    -0.007956367398643     0.003025075131942    -0.004187769461442
449 265
     0.026263694829166     0.022535423964338    -0.001865916633310
    -0.022535423964338    -0.082395278622087    -0.000549974494120
     0.001865916633310    -0.000549974494120    -0.013946389557228
449 266
     0.002291816295551    -0.002452678573016    -0.001477510444163
     0.003596230449089    -0.004287190270892    -0.001279703193413
    -0.001646744460982     0.001940389242161     0.001645444383656
449 267
     0.003453390850431    -0.002205994105830     0.000065986994177
     0.002205994105830    -0.004388053501982     0.000089762278233
    -0.000065986994177     0.000089762278233    -0.001707517860025
449 268
     0.002291816295551    -0.003596230449089     0.001646744460982
     0.002452678573016    -0.004287190270892     0.001940389242161
     0.001477510444163    -0.001279703193413     0.001645444383656
449 269
     0.009395150719772    -0.010452743755654    -0.006606761795471
     0.010452743755654    -0.120982972698132     0.024023530513784
     0.006606761795471     0.024023530513784     0.001615032062133
449 270
    -0.000621161797820     0.003020096879362    -0.000433242727068
     0.003892169819429    -0.000934334310910    -0.003247302960640
    -0.000519059222947    -0.002580175360516     0.000773007042331
449 271
    -0.000589565172214     0.002487235958830     0.000727572658526
    -0.002487235958830    -0.004457441574550     0.000952254501935
    -0.000727572658526     0.000952254501935     0.001677617977918
449 272
    -0.000621161797820    -0.003892169819429     0.000519059222947
    -0.003020096879362    -0.000934334310910    -0.002580175360516
     0.000433242727068    -0.003247302960640     0.000773007042331
449 273
     0.009395150719772     0.006606761795471     0.010452743755654
    -0.006606761795471     0.001615032062133     0.024023530513784
    -0.010452743755654     0.024023530513784    -0.120982972698132
449 274
    -0.000621161797820     0.000433242727068    -0.003020096879362
     0.000519059222947     0.000773007042331    -0.002580175360516
    -0.003892169819429    -0.003247302960640    -0.000934334310910
449 275
    -0.000589565172214    -0.000727572658526    -0.002487235958830
     0.000727572658526     0.001677617977918     0.000952254501935
     0.002487235958830     0.000952254501935    -0.004457441574550
449 276
    -0.000621161797820    -0.000519059222947     0.003892169819429
    -0.000433242727068     0.000773007042331    -0.003247302960640
     0.003020096879362    -0.002580175360516    -0.000934334310910
449 277
    -0.010362153982829     0.001344428068655     0.010363723565396
    -0.001344428068655    -0.016123929998288    -0.046798870951140
    -0.010363723565396    -0.046798870951140    -0.112947712427483
449 278
    -0.000682123091334     0.001033274945860     0.009489054266377
    -0.001898727929771    -0.002612037695298    -0.002349220880897
    -0.007969318826630    -0.000060052188298    -0.005955054821357
449 279
     0.007883902792624    -0.001305467500993    -0.006110826868919
     0.001305467500993     0.000589485459586     0.001484751021210
     0.006110826868919     0.001484751021210     0.008715815677560
449 280
    -0.000682123091334     0.001898727929771     0.007969318826630
    -0.001033274945860    -0.002612037695298    -0.000060052188298
    -0.009489054266377    -0.002349220880897    -0.005955054821357
449 281
     0.007032980308810     0.001969695074451     0.001371803713040
    -0.001969695074451    -0.001565553203893     0.001802463366620
    -0.001371803713040     0.001802463366620     0.008800690803526
449 282
     0.002052571687349    -0.000863296943143    -0.000581523671645
     0.001876939771316     0.000351668089638    -0.003659926649951
    -0.002184160397218    -0.000984219324643     0.001317452886139
449 283
    -0.001007776347456     0.000100772130776    -0.000268153774541
    -0.000100772130776    -0.002192414465186     0.000526998235735
     0.000268153774541     0.000526998235735     0.000488667778654
449 284
     0.002052571687349    -0.001876939771316     0.002184160397218
     0.000863296943143     0.000351668089638    -0.000984219324643
     0.000581523671645    -0.003659926649951     0.001317452886139
449 285
     0.003221510184286    -0.002233506400687     0.002233506400687
     0.002233506400687    -0.001607186047434     0.015446633325677
    -0.002233506400687     0.015446633325677    -0.001607186047434
449 286
     0.002315684577844     0.002391945030285    -0.002391945030285
    -0.000925351440428     0.002006049793618     0.000113858311311
     0.000925351440428     0.000113858311311     0.002006049793618
449 287
     0.000352579092779    -0.000089824909698     0.000089824909698
     0.000089824909698    -0.002287614293417     0.001228576937973
    -0.000089824909698     0.001228576937973    -0.002287614293417
449 288
     0.002315684577844     0.000925351440428    -0.000925351440428
    -0.002391945030285     0.002006049793618     0.000113858311311
     0.002391945030285     0.000113858311311     0.002006049793618
449 289
     0.026263694829166     0.001865916633310    -0.022535423964338
    -0.001865916633310    -0.013946389557228    -0.000549974494120
     0.022535423964338    -0.000549974494120    -0.082395278622087
449 290
     0.002291816295551     0.001477510444163     0.002452678573016
     0.001646744460982     0.001645444383656     0.001940389242161
    -0.003596230449089    -0.001279703193413    -0.004287190270892
449 291
     0.003453390850431    -0.000065986994177     0.002205994105830
     0.000065986994177    -0.001707517860025     0.000089762278233
    -0.002205994105830     0.000089762278233    -0.004388053501982
449 292
     0.002291816295551    -0.001646744460982     0.003596230449089
    -0.001477510444163     0.001645444383656    -0.001279703193413
    -0.002452678573016     0.001940389242161    -0.004287190270892
449 293
    -0.001148587066277    -0.004326186899168    -0.004209851798067
     0.004326186899168     0.013837748636970    -0.003575765143112
     0.004209851798067    -0.003575765143112    -0.057885589384206
449 294
     0.002229761798266    -0.000198659418272     0.012919391043497
    -0.003043479293313     0.000851201478598    -0.000403242254883
     0.010014930829495     0.002283275641032    -0.000185155694557
449 295
     0.009637325721410    -0.000356915847242     0.007946361547478
     0.000356915847242    -0.003377447350944    -0.002992055063929
    -0.007946361547478    -0.002992055063929     0.001487187954687
449 296
     0.002229761798266     0.003043479293313    -0.010014930829495
     0.000198659418272     0.000851201478598     0.002283275641032
    -0.012919391043497    -0.000403242254883    -0.000185155694557
449 297
     0.005859259045385    -0.002022730640641     0.002022730640641
     0.002022730640641    -0.000694269799881    -0.002568605620626
    -0.002022730640641    -0.002568605620626    -0.000694269799881
449 298
     0.001551686977066    -0.001401380948350     0.001401380948350
    -0.001988461739155    -0.000961239270339    -0.001337035657750
     0.001988461739155    -0.001337035657750    -0.000961239270339
449 299
    -0.004940258055875     0.001330459353827    -0.001330459353827
    -0.001330459353827    -0.001158061498943    -0.000017644992086
     0.001330459353827    -0.000017644992086    -0.001158061498943
449 300
     0.001551686977066     0.001988461739155    -0.001988461739155
     0.001401380948350    -0.000961239270339    -0.001337035657750
    -0.001401380948350    -0.001337035657750    -0.000961239270339
449 301
     0.007032980308810    -0.001371803713040    -0.001969695074451
     0.001371803713040     0.008800690803526     0.001802463366620
     0.001969695074451     0.001802463366620    -0.001565553203893
449 302
     0.002052571687349     0.000581523671645     0.000863296943143
     0.002184160397218     0.001317452886139    -0.000984219324643
    -0.001876939771316    -0.003659926649951     0.000351668089638
449 303
    -0.001007776347456     0.000268153774541    -0.000100772130776
    -0.000268153774541     0.000488667778654     0.000526998235735
     0.000100772130776     0.000526998235735    -0.002192414465186
449 304
     0.002052571687349    -0.002184160397218     0.001876939771316
    -0.000581523671645     0.001317452886139    -0.003659926649951
    -0.000863296943143    -0.000984219324643     0.000351668089638
449 305
    -0.046625135060392    -0.037283547529609    -0.012343470041169
     0.037283547529609     0.013784576420308    -0.070937037924751
     0.012343470041169    -0.070937037924751    -0.224829496140344
449 306
    -0.011539747009601    -0.007956367398643     0.002239792322360
     0.015516478797741    -0.004187769461442    -0.014789196521466
     0.005276590925972     0.003025075131942    -0.013187751691595
449 307
    -0.030266555325922    -0.004984022267253     0.006683589727025
     0.004984022267253    -0.000643375091072    -0.000264147258644
    -0.006683589727025    -0.000264147258644     0.002223430326439
449 308
    -0.011539747009601    -0.015516478797741    -0.005276590925972
     0.007956367398643    -0.004187769461442     0.003025075131942
    -0.002239792322360    -0.014789196521466    -0.013187751691595
449 309
     0.144884016941838    -0.090991570687552     0.090991570687552
     0.090991570687552    -0.051288620872500    -0.082415571217124
    -0.090991570687552    -0.082415571217124    -0.051288620872500
449 310
    -0.017651621532133    -0.004179181358988     0.004179181358988
     0.019555517506878     0.002756959315939    -0.011310667678188
    -0.019555517506878    -0.011310667678188     0.002756959315939
449 311
    -0.015897226866661    -0.004309287790903     0.004309287790903
     0.004309287790903    -0.016948995176283    -0.000041057772809
    -0.004309287790903    -0.000041057772809    -0.016948995176283
449 312
    -0.017651621532133    -0.019555517506878     0.019555517506878
     0.004179181358988     0.002756959315939    -0.011310667678188
    -0.004179181358988    -0.011310667678188     0.002756959315939
449 313
    -0.001148587066277     0.004209851798067     0.004326186899168
    -0.004209851798067    -0.057885589384206    -0.003575765143112
    -0.004326186899168    -0.003575765143112     0.013837748636970
449 314
     0.002229761798266    -0.012919391043497     0.000198659418272
    -0.010014930829495    -0.000185155694557     0.002283275641032
     0.003043479293313    -0.000403242254883     0.000851201478598
449 315
     0.009637325721410    -0.007946361547478     0.000356915847242
     0.007946361547478     0.001487187954687    -0.002992055063929
    -0.000356915847242    -0.002992055063929    -0.003377447350944
449 316
     0.002229761798266     0.010014930829495    -0.003043479293313
     0.012919391043497    -0.000185155694557    -0.000403242254883
    -0.000198659418272     0.002283275641032     0.000851201478598
449 317
    -0.010362153982829    -0.010363723565396    -0.001344428068655
     0.010363723565396    -0.112947712427483    -0.046798870951140
     0.001344428068655    -0.046798870951140    -0.016123929998288
449 318
    -0.000682123091334    -0.009489054266377    -0.001033274945860
     0.007969318826630    -0.005955054821357    -0.000060052188298
     0.001898727929771    -0.002349220880897    -0.002612037695298
449 319
     0.007883902792624     0.006110826868919     0.001305467500993
    -0.006110826868919     0.008715815677560     0.001484751021210
    -0.001305467500993     0.001484751021210     0.000589485459586
449 320
    -0.000682123091334    -0.007969318826630    -0.001898727929771
     0.009489054266377    -0.005955054821357    -0.002349220880897
     0.001033274945860    -0.000060052188298    -0.002612037695298
449 321
    -0.461605316196401     0.081021886347391     0.393863642665790
    -0.081021886347391    -0.025684285443830     0.081021886347391
     0.393863642665790    -0.081021886347391    -0.461605316196401
449 322
    -0.224829496140344    -0.012343470041169    -0.070937037924751
     0.012343470041169    -0.046625135060392     0.037283547529609
    -0.070937037924751    -0.037283547529609     0.013784576420308
449 323
    -0.082395278622087    -0.022535423964338    -0.000549974494120
     0.022535423964338     0.026263694829166    -0.001865916633310
    -0.000549974494120     0.001865916633310    -0.013946389557228
449 324
    -0.120982972698132     0.010452743755654     0.024023530513784
    -0.010452743755654     0.009395150719772    -0.006606761795471
     0.024023530513784     0.006606761795471     0.001615032062133
449 325
    -0.007419887138475     0.016688863923225    -0.001308855293923
     0.000559948080590     0.003563789247729    -0.000559948080590
    -0.001308855293923    -0.016688863923225    -0.007419887138475
449 326
    -0.013187751691595    -0.005276590925972     0.003025075131942
    -0.002239792322360    -0.011539747009601     0.007956367398643
    -0.014789196521466    -0.015516478797741    -0.004187769461442
449 327
    -0.004287190270892     0.003596230449089    -0.001279703193413
    -0.002452678573016     0.002291816295551    -0.001477510444163
     0.001940389242161    -0.001646744460982     0.001645444383656
449 328
    -0.000934334310910     0.003892169819429    -0.003247302960640
     0.003020096879362    -0.000621161797820    -0.000433242727068
    -0.002580175360516    -0.000519059222947     0.000773007042331
449 329
     0.000477553540334    -0.004484291494281    -0.001279566542941
     0.004484291494281    -0.033285088316558    -0.004484291494281
    -0.001279566542941     0.004484291494281     0.000477553540334
449 330
     0.002223430326439     0.006683589727025    -0.000264147258644
    -0.006683589727025    -0.030266555325922     0.004984022267253
    -0.000264147258644    -0.004984022267253    -0.000643375091072
449 331
    -0.004388053501982     0.002205994105830     0.000089762278233
    -0.002205994105830     0.003453390850431     0.000065986994177
     0.000089762278233    -0.000065986994177    -0.001707517860025
449 332
    -0.004457441574550    -0.002487235958830     0.000952254501935
     0.002487235958830    -0.000589565172214     0.000727572658526
     0.000952254501935    -0.000727572658526     0.001677617977918
449 333
    -0.007419887138475    -0.000559948080590    -0.001308855293923
    -0.016688863923225     0.003563789247729     0.016688863923225
    -0.001308855293923     0.000559948080590    -0.007419887138475
449 334
    -0.013187751691595     0.002239792322360    -0.014789196521466
     0.005276590925972    -0.011539747009601     0.015516478797741
     0.003025075131942    -0.007956367398643    -0.004187769461442
449 335
    -0.004287190270892     0.002452678573016     0.001940389242161
    -0.003596230449089     0.002291816295551     0.001646744460982
    -0.001279703193413     0.001477510444163     0.001645444383656
449 336
    -0.000934334310910    -0.003020096879362    -0.002580175360516
    -0.003892169819429    -0.000621161797820     0.000519059222947
    -0.003247302960640     0.000433242727068     0.000773007042331
449 337
     0.001615032062133    -0.006606761795471     0.024023530513784
     0.006606761795471     0.009395150719772     0.010452743755654
     0.024023530513784    -0.010452743755654    -0.120982972698132
449 338
    -0.016123929998288    -0.001344428068655    -0.046798870951140
     0.001344428068655    -0.010362153982829     0.010363723565396
    -0.046798870951140    -0.010363723565396    -0.112947712427483
449 339
    -0.001565553203893    -0.001969695074451     0.001802463366620
     0.001969695074451     0.007032980308810     0.001371803713040
     0.001802463366620    -0.001371803713040     0.008800690803526
449 340
    -0.001607186047434     0.002233506400687     0.015446633325677
    -0.002233506400687     0.003221510184286     0.002233506400687
     0.015446633325677    -0.002233506400687    -0.001607186047434
449 341
     0.000773007042331     0.000519059222947    -0.002580175360516
     0.000433242727068    -0.000621161797820    -0.003020096879362
    -0.003247302960640    -0.003892169819429    -0.000934334310910
449 342
    -0.002612037695298    -0.001898727929771    -0.002349220880897
     0.001033274945860    -0.000682123091334     0.009489054266377
    -0.000060052188298    -0.007969318826630    -0.005955054821357
449 343
     0.000351668089638     0.001876939771316    -0.003659926649951
    -0.000863296943143     0.002052571687349    -0.000581523671645
    -0.000984219324643    -0.002184160397218     0.001317452886139
449 344
     0.002006049793618    -0.000925351440428     0.000113858311311
     0.002391945030285     0.002315684577844    -0.002391945030285
     0.000113858311311     0.000925351440428     0.002006049793618
449 345
     0.001677617977918     0.000727572658526     0.000952254501935
    -0.000727572658526    -0.000589565172214    -0.002487235958830
     0.000952254501935     0.002487235958830    -0.004457441574550
449 346
     0.000589485459586     0.001305467500993     0.001484751021210
    -0.001305467500993     0.007883902792624    -0.006110826868919
     0.001484751021210     0.006110826868919     0.008715815677560
449 347
    -0.002192414465186    -0.000100772130776     0.000526998235735
     0.000100772130776    -0.001007776347456    -0.000268153774541
     0.000526998235735     0.000268153774541     0.000488667778654
449 348
    -0.002287614293417     0.000089824909698     0.001228576937973
    -0.000089824909698     0.000352579092779     0.000089824909698
     0.001228576937973    -0.000089824909698    -0.002287614293417
449 349
     0.000773007042331    -0.000433242727068    -0.003247302960640
    -0.000519059222947    -0.000621161797820     0.003892169819429
    -0.002580175360516     0.003020096879362    -0.000934334310910
449 350
    -0.002612037695298    -0.001033274945860    -0.000060052188298
     0.001898727929771    -0.000682123091334     0.007969318826630
    -0.002349220880897    -0.009489054266377    -0.005955054821357
449 351
     0.000351668089638     0.000863296943143    -0.000984219324643
    -0.001876939771316     0.002052571687349     0.002184160397218
    -0.003659926649951     0.000581523671645     0.001317452886139
449 352
     0.002006049793618    -0.002391945030285     0.000113858311311
     0.000925351440428     0.002315684577844    -0.000925351440428
     0.000113858311311     0.002391945030285     0.002006049793618
449 353
    -0.013946389557228    -0.001865916633310    -0.000549974494120
     0.001865916633310     0.026263694829166    -0.022535423964338
    -0.000549974494120     0.022535423964338    -0.082395278622087
449 354
     0.013837748636970     0.004326186899168    -0.003575765143112
    -0.004326186899168    -0.001148587066277    -0.004209851798067
    -0.003575765143112     0.004209851798067    -0.057885589384206
449 355
    -0.000694269799881     0.002022730640641    -0.002568605620626
    -0.002022730640641     0.005859259045385     0.002022730640641
    -0.002568605620626    -0.002022730640641    -0.000694269799881
449 356
     0.008800690803526     0.001371803713040     0.001802463366620
    -0.001371803713040     0.007032980308810    -0.001969695074451
     0.001802463366620     0.001969695074451    -0.001565553203893
449 357
     0.001645444383656     0.001646744460982     0.001940389242161
     0.001477510444163     0.002291816295551     0.002452678573016
    -0.001279703193413    -0.003596230449089    -0.004287190270892
449 358
     0.000851201478598    -0.003043479293313    -0.000403242254883
    -0.000198659418272     0.002229761798266     0.012919391043497
     0.002283275641032     0.010014930829495    -0.000185155694557
449 359
    -0.000961239270339    -0.001988461739155    -0.001337035657750
    -0.001401380948350     0.001551686977066     0.001401380948350
    -0.001337035657750     0.001988461739155    -0.000961239270339
449 360
     0.001317452886139     0.002184160397218    -0.000984219324643
     0.000581523671645     0.002052571687349     0.000863296943143
    -0.003659926649951    -0.001876939771316     0.000351668089638
449 361
    -0.001707517860025     0.000065986994177     0.000089762278233
    -0.000065986994177     0.003453390850431     0.002205994105830
     0.000089762278233    -0.002205994105830    -0.004388053501982
449 362
    -0.003377447350944     0.000356915847242    -0.002992055063929
    -0.000356915847242     0.009637325721410     0.007946361547478
    -0.002992055063929    -0.007946361547478     0.001487187954687
449 363
    -0.001158061498943    -0.001330459353827    -0.000017644992086
     0.001330459353827    -0.004940258055875    -0.001330459353827
    -0.000017644992086     0.001330459353827    -0.001158061498943
449 364
     0.000488667778654    -0.000268153774541     0.000526998235735
     0.000268153774541    -0.001007776347456    -0.000100772130776
     0.000526998235735     0.000100772130776    -0.002192414465186
449 365
     0.001645444383656    -0.001477510444163    -0.001279703193413
    -0.001646744460982     0.002291816295551     0.003596230449089
     0.001940389242161    -0.002452678573016    -0.004287190270892
449 366
     0.000851201478598     0.000198659418272     0.002283275641032
     0.003043479293313     0.002229761798266    -0.010014930829495
    -0.000403242254883    -0.012919391043497    -0.000185155694557
449 367
    -0.000961239270339     0.001401380948350    -0.001337035657750
     0.001988461739155     0.001551686977066    -0.001988461739155
    -0.001337035657750    -0.001401380948350    -0.000961239270339
449 368
     0.001317452886139    -0.000581523671645    -0.003659926649951
    -0.002184160397218     0.002052571687349     0.001876939771316
    -0.000984219324643    -0.000863296943143     0.000351668089638
449 369
     0.013784576420308     0.037283547529609    -0.070937037924751
    -0.037283547529609    -0.046625135060392    -0.012343470041169
    -0.070937037924751     0.012343470041169    -0.224829496140344
449 370
    -0.051288620872500     0.090991570687552    -0.082415571217124
    -0.090991570687552     0.144884016941838     0.090991570687552
    -0.082415571217124    -0.090991570687552    -0.051288620872500
449 371
    -0.057885589384206    -0.004209851798067    -0.003575765143112
     0.004209851798067    -0.001148587066277     0.004326186899168
    -0.003575765143112    -0.004326186899168     0.013837748636970
449 372
    -0.112947712427483     0.010363723565396    -0.046798870951140
    -0.010363723565396    -0.010362153982829    -0.001344428068655
    -0.046798870951140     0.001344428068655    -0.016123929998288
449 373
    -0.004187769461442     0.015516478797741    -0.014789196521466
    -0.007956367398643    -0.011539747009601     0.002239792322360
     0.003025075131942     0.005276590925972    -0.013187751691595
449 374
     0.002756959315939     0.019555517506878    -0.011310667678188
    -0.004179181358988    -0.017651621532133     0.004179181358988
    -0.011310667678188    -0.019555517506878     0.002756959315939
449 375
    -0.000185155694557    -0.010014930829495     0.002283275641032
    -0.012919391043497     0.002229761798266     0.000198659418272
    -0.000403242254883     0.003043479293313     0.000851201478598
449 376
    -0.005955054821357     0.007969318826630    -0.000060052188298
    -0.009489054266377    -0.000682123091334    -0.001033274945860
    -0.002349220880897     0.001898727929771    -0.002612037695298
449 377
    -0.000643375091072     0.004984022267253    -0.000264147258644
    -0.004984022267253    -0.030266555325922     0.006683589727025
    -0.000264147258644    -0.006683589727025     0.002223430326439
449 378
    -0.016948995176283     0.004309287790903    -0.000041057772809
    -0.004309287790903    -0.015897226866661     0.004309287790903
    -0.000041057772809    -0.004309287790903    -0.016948995176283
449 379
     0.001487187954687     0.007946361547478    -0.002992055063929
    -0.007946361547478     0.009637325721410     0.000356915847242
    -0.002992055063929    -0.000356915847242    -0.003377447350944
449 380
     0.008715815677560    -0.006110826868919     0.001484751021210
     0.006110826868919     0.007883902792624     0.001305467500993
     0.001484751021210    -0.001305467500993     0.000589485459586
449 381
    -0.004187769461442     0.007956367398643     0.003025075131942
    -0.015516478797741    -0.011539747009601    -0.005276590925972
    -0.014789196521466    -0.002239792322360    -0.013187751691595
449 382
     0.002756959315939     0.004179181358988    -0.011310667678188
    -0.019555517506878    -0.017651621532133     0.019555517506878
    -0.011310667678188    -0.004179181358988     0.002756959315939
449 383
    -0.000185155694557     0.012919391043497    -0.000403242254883
     0.010014930829495     0.002229761798266    -0.003043479293313
     0.002283275641032    -0.000198659418272     0.000851201478598
449 384
    -0.005955054821357     0.009489054266377    -0.002349220880897
    -0.007969318826630    -0.000682123091334    -0.001898727929771
    -0.000060052188298     0.001033274945860    -0.002612037695298
449 385
    -0.461605316196401    -0.393863642665790    -0.081021886347391
    -0.393863642665790    -0.461605316196401    -0.081021886347391
     0.081021886347391     0.081021886347391    -0.025684285443830
449 386
    -0.224829496140344     0.070937037924751     0.012343470041169
     0.070937037924751     0.013784576420308    -0.037283547529609
    -0.012343470041169     0.037283547529609    -0.046625135060392
449 387
    -0.082395278622087     0.000549974494120     0.022535423964338
     0.000549974494120    -0.013946389557228     0.001865916633310
    -0.022535423964338    -0.001865916633310     0.026263694829166
449 388
    -0.120982972698132    -0.024023530513784    -0.010452743755654
    -0.024023530513784     0.001615032062133     0.006606761795471
     0.010452743755654    -0.006606761795471     0.009395150719772
449 389
     0.013784576420308     0.070937037924751    -0.037283547529609
     0.070937037924751    -0.224829496140344     0.012343470041169
     0.037283547529609    -0.012343470041169    -0.046625135060392
449 390
    -0.051288620872500     0.082415571217123    -0.090991570687552
     0.082415571217123    -0.051288620872500    -0.090991570687552
     0.090991570687552     0.090991570687552     0.144884016941838
449 391
    -0.057885589384206     0.003575765143112     0.004209851798067
     0.003575765143112     0.013837748636970    -0.004326186899168
    -0.004209851798067     0.004326186899168    -0.001148587066277
449 392
    -0.112947712427483     0.046798870951140    -0.010363723565396
     0.046798870951140    -0.016123929998288     0.001344428068655
     0.010363723565396    -0.001344428068655    -0.010362153982829
449 393
    -0.013946389557228     0.000549974494120     0.001865916633310
     0.000549974494120    -0.082395278622087     0.022535423964338
    -0.001865916633310    -0.022535423964338     0.026263694829166
449 394
     0.013837748636970     0.003575765143112    -0.004326186899168
     0.003575765143112    -0.057885589384206     0.004209851798067
     0.004326186899168    -0.004209851798067    -0.001148587066277
449 395
    -0.000694269799881     0.002568605620626    -0.002022730640641
     0.002568605620626    -0.000694269799881    -0.002022730640641
     0.002022730640641     0.002022730640641     0.005859259045385
449 396
     0.008800690803526    -0.001802463366620    -0.001371803713040
    -0.001802463366620    -0.001565553203893     0.001969695074451
     0.001371803713040    -0.001969695074451     0.007032980308810
449 397
     0.001615032062133    -0.024023530513784     0.006606761795471
    -0.024023530513784    -0.120982972698132    -0.010452743755654
    -0.006606761795471     0.010452743755654     0.009395150719772
449 398
    -0.016123929998288     0.046798870951140     0.001344428068655
     0.046798870951140    -0.112947712427483    -0.010363723565396
    -0.001344428068655     0.010363723565396    -0.010362153982829
449 399
    -0.001565553203893    -0.001802463366620     0.001969695074451
    -0.001802463366620     0.008800690803526    -0.001371803713040
    -0.001969695074451     0.001371803713040     0.007032980308810
449 400
    -0.001607186047434    -0.015446633325677    -0.002233506400687
    -0.015446633325677    -0.001607186047434    -0.002233506400687
     0.002233506400687     0.002233506400687     0.003221510184286
449 401
    -0.007419887138475     0.001308855293923     0.000559948080590
     0.001308855293923    -0.007419887138475     0.000559948080590
     0.016688863923225     0.016688863923225     0.003563789247729
449 402
    -0.013187751691595     0.014789196521466    -0.002239792322360
    -0.003025075131942    -0.004187769461442    -0.007956367398643
    -0.005276590925972     0.015516478797741    -0.011539747009601
449 403
    -0.004287190270892    -0.001940389242161    -0.002452678573016
     0.001279703193413     0.001645444383656     0.001477510444163
     0.003596230449089     0.001646744460982     0.002291816295551
449 404
    -0.000934334310910     0.002580175360516     0.003020096879362
     0.003247302960640     0.000773007042331     0.000433242727068
     0.003892169819429     0.000519059222947    -0.000621161797820
449 405
    -0.004187769461442    -0.003025075131942    -0.007956367398643
     0.014789196521466    -0.013187751691595    -0.002239792322360
     0.015516478797741    -0.005276590925972    -0.011539747009601
449 406
     0.002756959315939     0.011310667678188    -0.004179181358988
     0.011310667678188     0.002756959315939    -0.004179181358988
     0.019555517506878     0.019555517506878    -0.017651621532133
449 407
    -0.000185155694557     0.000403242254883    -0.012919391043497
    -0.002283275641032     0.000851201478598    -0.000198659418272
    -0.010014930829495    -0.003043479293313     0.002229761798266
449 408
    -0.005955054821357     0.002349220880897    -0.009489054266377
     0.000060052188298    -0.002612037695298     0.001033274945860
     0.007969318826630    -0.001898727929771    -0.000682123091334
449 409
     0.001645444383656     0.001279703193413     0.001477510444163
    -0.001940389242161    -0.004287190270892    -0.002452678573016
     0.001646744460982     0.003596230449089     0.002291816295551
449 410
     0.000851201478598    -0.002283275641032    -0.000198659418272
     0.000403242254883    -0.000185155694557    -0.012919391043497
    -0.003043479293313    -0.010014930829495     0.002229761798266
449 411
    -0.000961239270339     0.001337035657750    -0.001401380948350
     0.001337035657750    -0.000961239270339    -0.001401380948350
    -0.001988461739155    -0.001988461739155     0.001551686977066
449 412
     0.001317452886139     0.003659926649951     0.000581523671645
     0.000984219324643     0.000351668089638    -0.000863296943143
     0.002184160397218     0.001876939771316     0.002052571687349
449 413
     0.000773007042331     0.003247302960640     0.000433242727068
     0.002580175360516    -0.000934334310910     0.003020096879362
     0.000519059222947     0.003892169819429    -0.000621161797820
449 414
    -0.002612037695298     0.000060052188298     0.001033274945860
     0.002349220880897    -0.005955054821357    -0.009489054266377
    -0.001898727929771     0.007969318826630    -0.000682123091334
449 415
     0.000351668089638     0.000984219324643    -0.000863296943143
     0.003659926649951     0.001317452886139     0.000581523671645
     0.001876939771316     0.002184160397218     0.002052571687349
449 416
     0.002006049793618    -0.000113858311311     0.002391945030285
    -0.000113858311311     0.002006049793618     0.002391945030285
    -0.000925351440428    -0.000925351440428     0.002315684577844
449 417
     0.000477553540334     0.001279566542941     0.004484291494281
     0.001279566542941     0.000477553540334     0.004484291494281
    -0.004484291494281    -0.004484291494281    -0.033285088316558
449 418
     0.002223430326439     0.000264147258644    -0.006683589727025
     0.000264147258644    -0.000643375091072    -0.004984022267253
     0.006683589727025     0.004984022267253    -0.030266555325922
449 419
    -0.004388053501982    -0.000089762278233    -0.002205994105830
    -0.000089762278233    -0.001707517860025    -0.000065986994177
     0.002205994105830     0.000065986994177     0.003453390850431
449 420
    -0.004457441574550    -0.000952254501935     0.002487235958830
    -0.000952254501935     0.001677617977918    -0.000727572658526
    -0.002487235958830     0.000727572658526    -0.000589565172214
449 421
    -0.000643375091072     0.000264147258644    -0.004984022267253
     0.000264147258644     0.002223430326439    -0.006683589727025
     0.004984022267253     0.006683589727025    -0.030266555325922
449 422
    -0.016948995176283     0.000041057772809    -0.004309287790903
     0.000041057772809    -0.016948995176283    -0.004309287790903
     0.004309287790903     0.004309287790903    -0.015897226866661
449 423
     0.001487187954687     0.002992055063929    -0.007946361547478
     0.002992055063929    -0.003377447350944    -0.000356915847242
     0.007946361547478     0.000356915847242     0.009637325721410
449 424
     0.008715815677560    -0.001484751021210     0.006110826868919
    -0.001484751021210     0.000589485459586    -0.001305467500993
    -0.006110826868919     0.001305467500993     0.007883902792624
449 425
    -0.001707517860025    -0.000089762278233    -0.000065986994177
    -0.000089762278233    -0.004388053501982    -0.002205994105830
     0.000065986994177     0.002205994105830     0.003453390850431
449 426
    -0.003377447350944     0.002992055063929    -0.000356915847242
     0.002992055063929     0.001487187954687    -0.007946361547478
     0.000356915847242     0.007946361547478     0.009637325721410
449 427
    -0.001158061498943     0.000017644992086     0.001330459353827
     0.000017644992086    -0.001158061498943     0.001330459353827
    -0.001330459353827    -0.001330459353827    -0.004940258055875
449 428
     0.000488667778654    -0.000526998235735     0.000268153774541
    -0.000526998235735    -0.002192414465186     0.000100772130776
    -0.000268153774541    -0.000100772130776    -0.001007776347456
449 429
     0.001677617977918    -0.000952254501935    -0.000727572658526
    -0.000952254501935    -0.004457441574550     0.002487235958830
     0.000727572658526    -0.002487235958830    -0.000589565172214
449 430
     0.000589485459586    -0.001484751021210    -0.001305467500993
    -0.001484751021210     0.008715815677560     0.006110826868919
     0.001305467500993    -0.006110826868919     0.007883902792624
449 431
    -0.002192414465186    -0.000526998235735     0.000100772130776
    -0.000526998235735     0.000488667778654     0.000268153774541
    -0.000100772130776    -0.000268153774541    -0.001007776347456
449 432
    -0.002287614293417    -0.001228576937973    -0.000089824909698
    -0.001228576937973    -0.002287614293417    -0.000089824909698
     0.000089824909698     0.000089824909698     0.000352579092779
449 433
    -0.007419887138475     0.001308855293923    -0.016688863923225
     0.001308855293923    -0.007419887138475    -0.016688863923225
    -0.000559948080590    -0.000559948080590     0.003563789247729
449 434
    -0.013187751691595    -0.003025075131942     0.005276590925972
     0.014789196521466    -0.004187769461442    -0.015516478797741
     0.002239792322360     0.007956367398643    -0.011539747009601
449 435
    -0.004287190270892     0.001279703193413    -0.003596230449089
    -0.001940389242161     0.001645444383656    -0.001646744460982
     0.002452678573016    -0.001477510444163     0.002291816295551
449 436
    -0.000934334310910     0.003247302960640    -0.003892169819429
     0.002580175360516     0.000773007042331    -0.000519059222947
    -0.003020096879362    -0.000433242727068    -0.000621161797820
449 437
    -0.004187769461442     0.014789196521466    -0.015516478797741
    -0.003025075131942    -0.013187751691595     0.005276590925972
     0.007956367398643     0.002239792322360    -0.011539747009601
449 438
     0.002756959315939     0.011310667678188    -0.019555517506878
     0.011310667678188     0.002756959315939    -0.019555517506878
     0.004179181358988     0.004179181358988    -0.017651621532133
449 439
    -0.000185155694557    -0.002283275641032     0.010014930829495
     0.000403242254883     0.000851201478598     0.003043479293313
     0.012919391043497     0.000198659418272     0.002229761798266
449 440
    -0.005955054821357     0.000060052188298    -0.007969318826630
     0.002349220880897    -0.002612037695298     0.001898727929771
     0.009489054266377    -0.001033274945860    -0.000682123091334
449 441
     0.001645444383656    -0.001940389242161    -0.001646744460982
     0.001279703193413    -0.004287190270892    -0.003596230449089
    -0.001477510444163     0.002452678573016     0.002291816295551
449 442
     0.000851201478598     0.000403242254883     0.003043479293313
    -0.002283275641032    -0.000185155694557     0.010014930829495
     0.000198659418272     0.012919391043497     0.002229761798266
449 443
    -0.000961239270339     0.001337035657750     0.001988461739155
     0.001337035657750    -0.000961239270339     0.001988461739155
     0.001401380948350     0.001401380948350     0.001551686977066
449 444
     0.001317452886139     0.000984219324643    -0.002184160397218
     0.003659926649951     0.000351668089638    -0.001876939771316
    -0.000581523671645     0.000863296943143     0.002052571687349
449 445
     0.000773007042331     0.002580175360516    -0.000519059222947
     0.003247302960640    -0.000934334310910    -0.003892169819429
    -0.000433242727068    -0.003020096879362    -0.000621161797820
449 446
    -0.002612037695298     0.002349220880897     0.001898727929771
     0.000060052188298    -0.005955054821357    -0.007969318826630
    -0.001033274945860     0.009489054266377    -0.000682123091334
449 447
     0.000351668089638     0.003659926649951    -0.001876939771316
     0.000984219324643     0.001317452886139    -0.002184160397218
     0.000863296943143    -0.000581523671645     0.002052571687349
449 448
     0.002006049793618    -0.000113858311311     0.000925351440428
    -0.000113858311311     0.002006049793618     0.000925351440428
    -0.002391945030285    -0.002391945030285     0.002315684577844
449 449
    12.675571102299150     0.834521559512705    -0.834521559512704
     0.834521559512705    12.675571102299148    -0.834521559512704
    -0.834521559512704    -0.834521559512704    12.675571102299148
449 450
    -1.434637317292716     0.110341370399739    -0.110341370399739
    -0.038594342501054     0.188519465546543    -0.033589158390005
     0.038594342501054    -0.033589158390005     0.188519465546543
449 451
    -0.083500150823135     0.007995800549184    -0.007995800549184
     0.007995800549184    -0.027866221475046    -0.003860210690491
    -0.007995800549184    -0.003860210690491    -0.027866221475046
449 452
    -1.434637317292716    -0.038594342501054     0.038594342501054
     0.110341370399739     0.188519465546543    -0.033589158390005
    -0.110341370399739    -0.033589158390005     0.188519465546543
449 453
     0.188519465546543    -0.038594342501054    -0.033589158390005
     0.110341370399739    -1.434637317292715    -0.110341370399739
    -0.033589158390005     0.038594342501054     0.188519465546543
449 454
    -0.029105717165249    -0.036175492511339     0.012259002968694
    -0.036175492511339    -0.029105717165249     0.012259002968694
     0.002742724891788     0.002742724891788     0.001979122059112
449 455
    -0.003188452157660     0.007129451745519     0.000559885449124
    -0.008785165791592     0.008877040458431    -0.002684454853384
     0.000753929118148     0.002860031729572     0.002569360994137
449 456
    -0.011204869846680     0.086912631938763     0.002951800112638
    -0.014964181245612    -0.011204869846680     0.000257660157111
     0.000257660157111     0.002951800112638     0.002904610150008
449 457
    -0.027866221475046     0.007995800549184    -0.003860210690491
     0.007995800549184    -0.083500150823135    -0.007995800549184
    -0.003860210690491    -0.007995800549184    -0.027866221475046
449 458
     0.008877040458431    -0.008785165791592    -0.002684454853384
     0.007129451745519    -0.003188452157660     0.000559885449124
     0.002860031729572     0.000753929118148     0.002569360994137
449 459
    -0.006596970409555     0.003536257973566    -0.001849626758396
     0.003536257973566    -0.006596970409555    -0.001849626758396
    -0.001849626758396    -0.001849626758396    -0.010663566963710
449 460
     0.008877040458431     0.007129451745519     0.002860031729572
    -0.008785165791592    -0.003188452157660     0.000753929118148
    -0.002684454853384     0.000559885449124     0.002569360994137
449 461
     0.188519465546543     0.110341370399739    -0.033589158390005
    -0.038594342501054    -1.434637317292715     0.038594342501054
    -0.033589158390005    -0.110341370399739     0.188519465546543
449 462
    -0.011204869846680    -0.014964181245612     0.000257660157111
     0.086912631938763    -0.011204869846680     0.002951800112638
     0.002951800112638     0.000257660157111     0.002904610150008
449 463
    -0.003188452157660    -0.008785165791592     0.000753929118148
     0.007129451745519     0.008877040458431     0.002860031729572
     0.000559885449124    -0.002684454853384     0.002569360994137
449 464
    -0.029105717165249    -0.036175492511339     0.002742724891788
    -0.036175492511339    -0.029105717165249     0.002742724891788
     0.012259002968694     0.012259002968694     0.001979122059112
449 465
     0.188519465546543     0.033589158390005    -0.110341370399739
     0.033589158390005     0.188519465546543    -0.110341370399739
     0.038594342501054     0.038594342501054    -1.434637317292715
449 466
    -0.011204869846680    -0.000257660157111     0.014964181245612
    -0.002951800112638     0.002904610150008     0.000257660157111
    -0.086912631938763     0.002951800112638    -0.011204869846680
449 467
    -0.003188452157660    -0.000753929118148     0.008785165791592
    -0.000559885449124     0.002569360994137    -0.002684454853384
    -0.007129451745519     0.002860031729572     0.008877040458431
449 468
    -0.029105717165249    -0.002742724891788     0.036175492511339
    -0.012259002968694     0.001979122059112     0.012259002968694
     0.036175492511339     0.002742724891788    -0.029105717165249
449 469
     0.002904610150008    -0.002951800112638     0.000257660157111
    -0.000257660157111    -0.011204869846680     0.014964181245612
     0.002951800112638    -0.086912631938763    -0.011204869846680
449 470
    -0.003363713978595    -0.003336744489850    -0.000162084540085
    -0.003336744489850    -0.003363713978595    -0.000162084540085
    -0.000991947667955    -0.000991947667955    -0.003371093104036
449 471
    -0.005600818841687    -0.000466978312132     0.000347211765868
    -0.000347211765868     0.000674155609845    -0.000854720228157
     0.000466978312132    -0.001592329104619     0.000674155609845
449 472
    -0.003363713978595     0.000991947667955     0.003336744489850
     0.000162084540085    -0.003371093104036    -0.000162084540085
     0.003336744489850    -0.000991947667955    -0.003363713978595
449 473
     0.002569360994137    -0.000559885449124    -0.002684454853384
    -0.000753929118148    -0.003188452157660     0.008785165791592
     0.002860031729572    -0.007129451745519     0.008877040458431
449 474
     0.000674155609845    -0.000347211765868    -0.000854720228157
    -0.000466978312132    -0.005600818841687     0.000347211765868
    -0.001592329104619     0.000466978312132     0.000674155609845
449 475
     0.001397810954865    -0.001184499569336    -0.000939823104907
    -0.001184499569336     0.001397810954865    -0.000939823104907
     0.001772476179896     0.001772476179896    -0.002455595680917
449 476
    -0.000564747928316    -0.000688078774443     0.001143109659964
    -0.003307577205954    -0.006397855489712     0.003307577205954
     0.001143109659964     0.000688078774443    -0.000564747928316
449 477
     0.001979122059112    -0.012259002968694     0.012259002968694
    -0.002742724891788    -0.029105717165249     0.036175492511339
     0.002742724891788     0.036175492511339    -0.029105717165249
449 478
    -0.003371093104036     0.000162084540085    -0.000162084540085
     0.000991947667955    -0.003363713978595     0.003336744489850
    -0.000991947667955     0.003336744489850    -0.003363713978595
449 479
    -0.006397855489712    -0.003307577205954     0.003307577205954
    -0.000688078774443    -0.000564747928316     0.001143109659964
     0.000688078774443     0.001143109659964    -0.000564747928316
449 480
     0.000464898188368    -0.005120245705675     0.005120245705675
    -0.005120245705675     0.000464898188368     0.005120245705675
     0.005120245705675     0.005120245705675     0.000464898188368
449 481
    -0.027866221475046     0.003860210690491    -0.007995800549184
     0.003860210690491    -0.027866221475046    -0.007995800549184
    -0.007995800549184    -0.007995800549184    -0.083500150823135
449 482
     0.008877040458431     0.002684454853384     0.008785165791592
    -0.002860031729572     0.002569360994137     0.000753929118148
    -0.007129451745519     0.000559885449124    -0.003188452157660
449 483
    -0.006596970409555     0.001849626758396    -0.003536257973566
     0.001849626758396    -0.010663566963710    -0.001849626758396
    -0.003536257973566    -0.001849626758396    -0.006596970409555
449 484
     0.008877040458431    -0.002860031729572    -0.007129451745519
     0.002684454853384     0.002569360994137     0.000559885449124
     0.008785165791592     0.000753929118148    -0.003188452157660
449 485
     0.002569360994137    -0.002860031729572     0.000753929118148
     0.002684454853384     0.008877040458431     0.008785165791592
     0.000559885449124    -0.007129451745519    -0.003188452157660
449 486
    -0.000564747928316    -0.001143109659964     0.003307577205954
    -0.001143109659964    -0.000564747928316     0.003307577205954
     0.000688078774443     0.000688078774443    -0.006397855489712
449 487
     0.001397810954865    -0.001772476179896     0.001184499569336
     0.000939823104907    -0.002455595680917    -0.000939823104907
     0.001184499569336     0.001772476179896     0.001397810954865
449 488
     0.000674155609845     0.001592329104619     0.000466978312132
     0.000854720228157     0.000674155609845     0.000347211765868
     0.000347211765868     0.000466978312132    -0.005600818841687
449 489
    -0.010663566963710     0.001849626758396    -0.001849626758396
     0.001849626758396    -0.006596970409555    -0.003536257973566
    -0.001849626758396    -0.003536257973566    -0.006596970409555
449 490
    -0.002455595680917     0.000939823104907    -0.000939823104907
    -0.001772476179896     0.001397810954865     0.001184499569336
     0.001772476179896     0.001184499569336     0.001397810954865
449 491
     0.005125089205779     0.001498101013072    -0.001498101013072
     0.001498101013072     0.005125089205779    -0.001498101013072
    -0.001498101013072    -0.001498101013072     0.005125089205779
449 492
    -0.002455595680917    -0.001772476179896     0.001772476179896
     0.000939823104907     0.001397810954865     0.001184499569336
    -0.000939823104907     0.001184499569336     0.001397810954865
449 493
     0.002569360994137     0.002684454853384     0.000559885449124
    -0.002860031729572     0.008877040458431    -0.007129451745519
     0.000753929118148     0.008785165791592    -0.003188452157660
449 494
     0.000674155609845     0.000854720228157     0.000347211765868
     0.001592329104619     0.000674155609845     0.000466978312132
     0.000466978312132     0.000347211765868    -0.005600818841687
449 495
     0.001397810954865     0.000939823104907     0.001184499569336
    -0.001772476179896    -0.002455595680917     0.001772476179896
     0.001184499569336    -0.000939823104907     0.001397810954865
449 496
    -0.000564747928316    -0.001143109659964     0.000688078774443
    -0.001143109659964    -0.000564747928316     0.000688078774443
     0.003307577205954     0.003307577205954    -0.006397855489712
449 497
     0.188519465546543     0.033589158390005     0.038594342501054
     0.033589158390005     0.188519465546543     0.038594342501054
    -0.110341370399739    -0.110341370399739    -1.434637317292715
449 498
    -0.029105717165249    -0.012259002968694     0.036175492511339
    -0.002742724891788     0.001979122059112     0.002742724891788
     0.036175492511339     0.012259002968694    -0.029105717165249
449 499
    -0.003188452157660    -0.000559885449124    -0.007129451745519
    -0.000753929118148     0.002569360994137     0.002860031729572
     0.008785165791592    -0.002684454853384     0.008877040458431
449 500
    -0.011204869846680    -0.002951800112638    -0.086912631938763
    -0.000257660157111     0.002904610150008     0.002951800112638
     0.014964181245612     0.000257660157111    -0.011204869846680
449 501
     0.001979122059112    -0.002742724891788     0.002742724891788
    -0.012259002968694    -0.029105717165249     0.036175492511339
     0.012259002968694     0.036175492511339    -0.029105717165249
449 502
     0.000464898188368    -0.005120245705675     0.005120245705675
    -0.005120245705675     0.000464898188368     0.005120245705675
     0.005120245705675     0.005120245705675     0.000464898188368
449 503
    -0.006397855489712    -0.000688078774443     0.000688078774443
    -0.003307577205954    -0.000564747928316     0.001143109659964
     0.003307577205954     0.001143109659964    -0.000564747928316
449 504
    -0.003371093104036     0.000991947667955    -0.000991947667955
     0.000162084540085    -0.003363713978595     0.003336744489850
    -0.000162084540085     0.003336744489850    -0.003363713978595
449 505
     0.002569360994137    -0.000753929118148     0.002860031729572
    -0.000559885449124    -0.003188452157660    -0.007129451745519
    -0.002684454853384     0.008785165791592     0.008877040458431
449 506
    -0.000564747928316    -0.003307577205954     0.001143109659964
    -0.000688078774443    -0.006397855489712     0.000688078774443
     0.001143109659964     0.003307577205954    -0.000564747928316
449 507
     0.001397810954865    -0.001184499569336     0.001772476179896
    -0.001184499569336     0.001397810954865     0.001772476179896
    -0.000939823104907    -0.000939823104907    -0.002455595680917
449 508
     0.000674155609845    -0.000466978312132    -0.001592329104619
    -0.000347211765868    -0.005600818841687     0.000466978312132
    -0.000854720228157     0.000347211765868     0.000674155609845
449 509
     0.002904610150008    -0.000257660157111     0.002951800112638
    -0.002951800112638    -0.011204869846680    -0.086912631938763
     0.000257660157111     0.014964181245612    -0.011204869846680
449 510
    -0.003363713978595     0.000162084540085     0.003336744489850
     0.000991947667955    -0.003371093104036    -0.000991947667955
     0.003336744489850    -0.000162084540085    -0.003363713978595
449 511
    -0.005600818841687    -0.000347211765868     0.000466978312132
    -0.000466978312132     0.000674155609845    -0.001592329104619
     0.000347211765868    -0.000854720228157     0.000674155609845
449 512
    -0.003363713978595    -0.003336744489850    -0.000991947667955
    -0.003336744489850    -0.003363713978595    -0.000991947667955
    -0.000162084540085    -0.000162084540085    -0.003371093104036